image_path,image_name,sensor,timestamp,state,district,latitude,longitude,pixel_value,rainfall_mm,rainfall_category
INSAT3D_TIR1_India/3DIMG_07NOV2019_0000_L1C_SGP.tif,3DIMG_07NOV2019_0000_L1C_SGP.tif,INSAT3D_TIR1_India,2019-11-07 00:00:00,Gujarat,Ahmedabad,23.0225,72.5714,702.78,9.94,Moderate Rain
INSAT3D_TIR1_India/3DIMG_07NOV2019_0000_L1C_SGP.tif,3DIMG_07NOV2019_0000_L1C_SGP.tif,INSAT3D_TIR1_India,2019-11-07 00:00:00,Gujarat,Amreli,21.6032,71.2221,870.11,0.73,Light Rain
INSAT3D_TIR1_India/3DIMG_07NOV2019_0000_L1C_SGP.tif,3DIMG_07NOV2019_0000_L1C_SGP.tif,INSAT3D_TIR1_India,2019-11-07 00:00:00,Gujarat,Anand,22.5645,72.9289,713.0,8.11,Moderate Rain
INSAT3D_TIR1_India/3DIMG_07NOV2019_0000_L1C_SGP.tif,3DIMG_07NOV2019_0000_L1C_SGP.tif,INSAT3D_TIR1_India,2019-11-07 00:00:00,Gujarat,Aravalli,23.4619,73.3039,714.67,4.73,Light Rain
INSAT3D_TIR1_India/3DIMG_07NOV2019_0000_L1C_SGP.tif,3DIMG_07NOV2019_0000_L1C_SGP.tif,INSAT3D_TIR1_India,2019-11-07 00:00:00,Gujarat,Banaskantha,24.1724,72.4346,645.0,17.8,Moderate Rain
INSAT3D_TIR1_India/3DIMG_07NOV2019_0000_L1C_SGP.tif,3DIMG_07NOV2019_0000_L1C_SGP.tif,INSAT3D_TIR1_India,2019-11-07 00:00:00,Gujarat,Bharuch,21.7051,72.9959,765.33,2.76,Light Rain
INSAT3D_TIR1_India/3DIMG_07NOV2019_0000_L1C_SGP.tif,3DIMG_07NOV2019_0000_L1C_SGP.tif,INSAT3D_TIR1_India,2019-11-07 00:00:00,Gujarat,Bhavnagar,21.7645,72.1519,830.44,0.06,Light Rain
INSAT3D_TIR1_India/3DIMG_07NOV2019_0000_L1C_SGP.tif,3DIMG_07NOV2019_0000_L1C_SGP.tif,INSAT3D_TIR1_India,2019-11-07 00:00:00,Gujarat,Botad,22.1704,71.6662,851.22,0.3,Light Rain
INSAT3D_TIR1_India/3DIMG_07NOV2019_0000_L1C_SGP.tif,3DIMG_07NOV2019_0000_L1C_SGP.tif,INSAT3D_TIR1_India,2019-11-07 00:00:00,Gujarat,Chhota Udepur,22.3108,74.0125,635.0,18.45,Moderate Rain
INSAT3D_TIR1_India/3DIMG_07NOV2019_0000_L1C_SGP.tif,3DIMG_07NOV2019_0000_L1C_SGP.tif,INSAT3D_TIR1_India,2019-11-07 00:00:00,Gujarat,Dahod,22.8347,74.2552,664.56,16.9,Moderate Rain
INSAT3D_TIR1_India/3DIMG_07NOV2019_0000_L1C_SGP.tif,3DIMG_07NOV2019_0000_L1C_SGP.tif,INSAT3D_TIR1_India,2019-11-07 00:00:00,Gujarat,Dang,20.7554,73.6873,685.89,9.99,Moderate Rain
INSAT3D_TIR1_India/3DIMG_07NOV2019_0000_L1C_SGP.tif,3DIMG_07NOV2019_0000_L1C_SGP.tif,INSAT3D_TIR1_India,2019-11-07 00:00:00,Gujarat,Devbhumi Dwarka,22.2078,69.6582,601.44,21.09,Moderate Rain
INSAT3D_TIR1_India/3DIMG_07NOV2019_0000_L1C_SGP.tif,3DIMG_07NOV2019_0000_L1C_SGP.tif,INSAT3D_TIR1_India,2019-11-07 00:00:00,Gujarat,Gandhinagar,23.2156,72.6369,714.89,7.49,Light Rain
INSAT3D_TIR1_India/3DIMG_07NOV2019_0000_L1C_SGP.tif,3DIMG_07NOV2019_0000_L1C_SGP.tif,INSAT3D_TIR1_India,2019-11-07 00:00:00,Gujarat,Gir Somnath,20.9042,70.3644,882.56,0.37,Light Rain
INSAT3D_TIR1_India/3DIMG_07NOV2019_0000_L1C_SGP.tif,3DIMG_07NOV2019_0000_L1C_SGP.tif,INSAT3D_TIR1_India,2019-11-07 00:00:00,Gujarat,Jamnagar,22.4707,70.0577,622.11,19.67,Moderate Rain
INSAT3D_TIR1_India/3DIMG_07NOV2019_0000_L1C_SGP.tif,3DIMG_07NOV2019_0000_L1C_SGP.tif,INSAT3D_TIR1_India,2019-11-07 00:00:00,Gujarat,Junagadh,21.5222,70.4579,769.22,2.44,Light Rain
INSAT3D_TIR1_India/3DIMG_07NOV2019_0000_L1C_SGP.tif,3DIMG_07NOV2019_0000_L1C_SGP.tif,INSAT3D_TIR1_India,2019-11-07 00:00:00,Gujarat,Kheda,22.6916,72.8634,713.67,8.97,Moderate Rain
INSAT3D_TIR1_India/3DIMG_07NOV2019_0000_L1C_SGP.tif,3DIMG_07NOV2019_0000_L1C_SGP.tif,INSAT3D_TIR1_India,2019-11-07 00:00:00,Gujarat,Kutch (Bhuj),23.242,69.6669,590.22,24.12,Moderate Rain
INSAT3D_TIR1_India/3DIMG_07NOV2019_0000_L1C_SGP.tif,3DIMG_07NOV2019_0000_L1C_SGP.tif,INSAT3D_TIR1_India,2019-11-07 00:00:00,Gujarat,Mahisagar,23.1311,73.6009,714.89,6.23,Light Rain
INSAT3D_TIR1_India/3DIMG_07NOV2019_0000_L1C_SGP.tif,3DIMG_07NOV2019_0000_L1C_SGP.tif,INSAT3D_TIR1_India,2019-11-07 00:00:00,Gujarat,Mehsana,23.588,72.3693,707.33,5.14,Light Rain
INSAT3D_TIR1_India/3DIMG_07NOV2019_0000_L1C_SGP.tif,3DIMG_07NOV2019_0000_L1C_SGP.tif,INSAT3D_TIR1_India,2019-11-07 00:00:00,Gujarat,Morbi,22.8173,70.8368,663.56,14.69,Moderate Rain
INSAT3D_TIR1_India/3DIMG_07NOV2019_0000_L1C_SGP.tif,3DIMG_07NOV2019_0000_L1C_SGP.tif,INSAT3D_TIR1_India,2019-11-07 00:00:00,Gujarat,Narmada,21.8719,73.5028,726.44,4.38,Light Rain
INSAT3D_TIR1_India/3DIMG_07NOV2019_0000_L1C_SGP.tif,3DIMG_07NOV2019_0000_L1C_SGP.tif,INSAT3D_TIR1_India,2019-11-07 00:00:00,Gujarat,Navsari,20.9467,72.952,798.44,0.11,Light Rain
INSAT3D_TIR1_India/3DIMG_07NOV2019_0000_L1C_SGP.tif,3DIMG_07NOV2019_0000_L1C_SGP.tif,INSAT3D_TIR1_India,2019-11-07 00:00:00,Gujarat,Panchmahal,22.778,73.6143,700.78,8.64,Moderate Rain
INSAT3D_TIR1_India/3DIMG_07NOV2019_0000_L1C_SGP.tif,3DIMG_07NOV2019_0000_L1C_SGP.tif,INSAT3D_TIR1_India,2019-11-07 00:00:00,Gujarat,Patan,23.8493,72.1266,694.33,8.46,Moderate Rain
INSAT3D_TIR1_India/3DIMG_07NOV2019_0000_L1C_SGP.tif,3DIMG_07NOV2019_0000_L1C_SGP.tif,INSAT3D_TIR1_India,2019-11-07 00:00:00,Gujarat,Porbandar,21.6417,69.6293,563.67,29.66,Moderate Rain
INSAT3D_TIR1_India/3DIMG_07NOV2019_0000_L1C_SGP.tif,3DIMG_07NOV2019_0000_L1C_SGP.tif,INSAT3D_TIR1_India,2019-11-07 00:00:00,Gujarat,Rajkot,22.3039,70.8022,717.78,4.01,Light Rain
INSAT3D_TIR1_India/3DIMG_07NOV2019_0000_L1C_SGP.tif,3DIMG_07NOV2019_0000_L1C_SGP.tif,INSAT3D_TIR1_India,2019-11-07 00:00:00,Gujarat,Sabarkantha,23.5977,72.9688,721.11,5.73,Light Rain
INSAT3D_TIR1_India/3DIMG_07NOV2019_0000_L1C_SGP.tif,3DIMG_07NOV2019_0000_L1C_SGP.tif,INSAT3D_TIR1_India,2019-11-07 00:00:00,Gujarat,Surat,21.1702,72.8311,716.44,6.75,Light Rain
INSAT3D_TIR1_India/3DIMG_07NOV2019_0000_L1C_SGP.tif,3DIMG_07NOV2019_0000_L1C_SGP.tif,INSAT3D_TIR1_India,2019-11-07 00:00:00,Gujarat,Surendranagar,22.7274,71.637,774.67,2.27,Light Rain
INSAT3D_TIR1_India/3DIMG_07NOV2019_0000_L1C_SGP.tif,3DIMG_07NOV2019_0000_L1C_SGP.tif,INSAT3D_TIR1_India,2019-11-07 00:00:00,Gujarat,Tapi,21.1147,73.3986,755.56,0.0,No Rain
INSAT3D_TIR1_India/3DIMG_07NOV2019_0000_L1C_SGP.tif,3DIMG_07NOV2019_0000_L1C_SGP.tif,INSAT3D_TIR1_India,2019-11-07 00:00:00,Gujarat,Vadodara,22.3072,73.1812,699.22,7.75,Moderate Rain
INSAT3D_TIR1_India/3DIMG_07NOV2019_0000_L1C_SGP.tif,3DIMG_07NOV2019_0000_L1C_SGP.tif,INSAT3D_TIR1_India,2019-11-07 00:00:00,Gujarat,Valsad,20.5992,72.9342,714.56,9.21,Moderate Rain
INSAT3D_TIR1_India/3DIMG_07NOV2019_0030_L1C_SGP.tif,3DIMG_07NOV2019_0030_L1C_SGP.tif,INSAT3D_TIR1_India,2019-11-07 00:30:00,Gujarat,Ahmedabad,23.0225,72.5714,716.56,7.88,Moderate Rain
INSAT3D_TIR1_India/3DIMG_07NOV2019_0030_L1C_SGP.tif,3DIMG_07NOV2019_0030_L1C_SGP.tif,INSAT3D_TIR1_India,2019-11-07 00:30:00,Gujarat,Amreli,21.6032,71.2221,852.44,0.73,Light Rain
INSAT3D_TIR1_India/3DIMG_07NOV2019_0030_L1C_SGP.tif,3DIMG_07NOV2019_0030_L1C_SGP.tif,INSAT3D_TIR1_India,2019-11-07 00:30:00,Gujarat,Anand,22.5645,72.9289,693.56,11.02,Moderate Rain
INSAT3D_TIR1_India/3DIMG_07NOV2019_0030_L1C_SGP.tif,3DIMG_07NOV2019_0030_L1C_SGP.tif,INSAT3D_TIR1_India,2019-11-07 00:30:00,Gujarat,Aravalli,23.4619,73.3039,723.89,3.35,Light Rain
INSAT3D_TIR1_India/3DIMG_07NOV2019_0030_L1C_SGP.tif,3DIMG_07NOV2019_0030_L1C_SGP.tif,INSAT3D_TIR1_India,2019-11-07 00:30:00,Gujarat,Banaskantha,24.1724,72.4346,683.22,12.07,Moderate Rain
INSAT3D_TIR1_India/3DIMG_07NOV2019_0030_L1C_SGP.tif,3DIMG_07NOV2019_0030_L1C_SGP.tif,INSAT3D_TIR1_India,2019-11-07 00:30:00,Gujarat,Bharuch,21.7051,72.9959,742.33,5.41,Light Rain
INSAT3D_TIR1_India/3DIMG_07NOV2019_0030_L1C_SGP.tif,3DIMG_07NOV2019_0030_L1C_SGP.tif,INSAT3D_TIR1_India,2019-11-07 00:30:00,Gujarat,Bhavnagar,21.7645,72.1519,834.89,0.06,Light Rain
INSAT3D_TIR1_India/3DIMG_07NOV2019_0030_L1C_SGP.tif,3DIMG_07NOV2019_0030_L1C_SGP.tif,INSAT3D_TIR1_India,2019-11-07 00:30:00,Gujarat,Botad,22.1704,71.6662,852.67,0.3,Light Rain
INSAT3D_TIR1_India/3DIMG_07NOV2019_0030_L1C_SGP.tif,3DIMG_07NOV2019_0030_L1C_SGP.tif,INSAT3D_TIR1_India,2019-11-07 00:30:00,Gujarat,Chhota Udepur,22.3108,74.0125,625.44,19.88,Moderate Rain
INSAT3D_TIR1_India/3DIMG_07NOV2019_0030_L1C_SGP.tif,3DIMG_07NOV2019_0030_L1C_SGP.tif,INSAT3D_TIR1_India,2019-11-07 00:30:00,Gujarat,Dahod,22.8347,74.2552,669.0,16.23,Moderate Rain
INSAT3D_TIR1_India/3DIMG_07NOV2019_0030_L1C_SGP.tif,3DIMG_07NOV2019_0030_L1C_SGP.tif,INSAT3D_TIR1_India,2019-11-07 00:30:00,Gujarat,Dang,20.7554,73.6873,701.22,7.69,Moderate Rain
INSAT3D_TIR1_India/3DIMG_07NOV2019_0030_L1C_SGP.tif,3DIMG_07NOV2019_0030_L1C_SGP.tif,INSAT3D_TIR1_India,2019-11-07 00:30:00,Gujarat,Devbhumi Dwarka,22.2078,69.6582,640.11,15.29,Moderate Rain
INSAT3D_TIR1_India/3DIMG_07NOV2019_0030_L1C_SGP.tif,3DIMG_07NOV2019_0030_L1C_SGP.tif,INSAT3D_TIR1_India,2019-11-07 00:30:00,Gujarat,Gandhinagar,23.2156,72.6369,716.56,7.24,Light Rain
INSAT3D_TIR1_India/3DIMG_07NOV2019_0030_L1C_SGP.tif,3DIMG_07NOV2019_0030_L1C_SGP.tif,INSAT3D_TIR1_India,2019-11-07 00:30:00,Gujarat,Gir Somnath,20.9042,70.3644,891.44,0.37,Light Rain
INSAT3D_TIR1_India/3DIMG_07NOV2019_0030_L1C_SGP.tif,3DIMG_07NOV2019_0030_L1C_SGP.tif,INSAT3D_TIR1_India,2019-11-07 00:30:00,Gujarat,Jamnagar,22.4707,70.0577,655.33,14.69,Moderate Rain
INSAT3D_TIR1_India/3DIMG_07NOV2019_0030_L1C_SGP.tif,3DIMG_07NOV2019_0030_L1C_SGP.tif,INSAT3D_TIR1_India,2019-11-07 00:30:00,Gujarat,Junagadh,21.5222,70.4579,698.44,11.67,Moderate Rain
INSAT3D_TIR1_India/3DIMG_07NOV2019_0030_L1C_SGP.tif,3DIMG_07NOV2019_0030_L1C_SGP.tif,INSAT3D_TIR1_India,2019-11-07 00:30:00,Gujarat,Kheda,22.6916,72.8634,730.33,6.47,Light Rain
INSAT3D_TIR1_India/3DIMG_07NOV2019_0030_L1C_SGP.tif,3DIMG_07NOV2019_0030_L1C_SGP.tif,INSAT3D_TIR1_India,2019-11-07 00:30:00,Gujarat,Kutch (Bhuj),23.242,69.6669,575.22,26.37,Moderate Rain
INSAT3D_TIR1_India/3DIMG_07NOV2019_0030_L1C_SGP.tif,3DIMG_07NOV2019_0030_L1C_SGP.tif,INSAT3D_TIR1_India,2019-11-07 00:30:00,Gujarat,Mahisagar,23.1311,73.6009,717.89,5.78,Light Rain
INSAT3D_TIR1_India/3DIMG_07NOV2019_0030_L1C_SGP.tif,3DIMG_07NOV2019_0030_L1C_SGP.tif,INSAT3D_TIR1_India,2019-11-07 00:30:00,Gujarat,Mehsana,23.588,72.3693,710.56,4.66,Light Rain
INSAT3D_TIR1_India/3DIMG_07NOV2019_0030_L1C_SGP.tif,3DIMG_07NOV2019_0030_L1C_SGP.tif,INSAT3D_TIR1_India,2019-11-07 00:30:00,Gujarat,Morbi,22.8173,70.8368,626.67,20.23,Moderate Rain
INSAT3D_TIR1_India/3DIMG_07NOV2019_0030_L1C_SGP.tif,3DIMG_07NOV2019_0030_L1C_SGP.tif,INSAT3D_TIR1_India,2019-11-07 00:30:00,Gujarat,Narmada,21.8719,73.5028,846.11,0.0,No Rain
INSAT3D_TIR1_India/3DIMG_07NOV2019_0030_L1C_SGP.tif,3DIMG_07NOV2019_0030_L1C_SGP.tif,INSAT3D_TIR1_India,2019-11-07 00:30:00,Gujarat,Navsari,20.9467,72.952,711.22,7.42,Light Rain
INSAT3D_TIR1_India/3DIMG_07NOV2019_0030_L1C_SGP.tif,3DIMG_07NOV2019_0030_L1C_SGP.tif,INSAT3D_TIR1_India,2019-11-07 00:30:00,Gujarat,Panchmahal,22.778,73.6143,618.56,20.97,Moderate Rain
INSAT3D_TIR1_India/3DIMG_07NOV2019_0030_L1C_SGP.tif,3DIMG_07NOV2019_0030_L1C_SGP.tif,INSAT3D_TIR1_India,2019-11-07 00:30:00,Gujarat,Patan,23.8493,72.1266,664.44,12.94,Moderate Rain
INSAT3D_TIR1_India/3DIMG_07NOV2019_0030_L1C_SGP.tif,3DIMG_07NOV2019_0030_L1C_SGP.tif,INSAT3D_TIR1_India,2019-11-07 00:30:00,Gujarat,Porbandar,21.6417,69.6293,563.56,29.68,Moderate Rain
INSAT3D_TIR1_India/3DIMG_07NOV2019_0030_L1C_SGP.tif,3DIMG_07NOV2019_0030_L1C_SGP.tif,INSAT3D_TIR1_India,2019-11-07 00:30:00,Gujarat,Rajkot,22.3039,70.8022,709.89,5.19,Light Rain
INSAT3D_TIR1_India/3DIMG_07NOV2019_0030_L1C_SGP.tif,3DIMG_07NOV2019_0030_L1C_SGP.tif,INSAT3D_TIR1_India,2019-11-07 00:30:00,Gujarat,Sabarkantha,23.5977,72.9688,738.44,3.13,Light Rain
INSAT3D_TIR1_India/3DIMG_07NOV2019_0030_L1C_SGP.tif,3DIMG_07NOV2019_0030_L1C_SGP.tif,INSAT3D_TIR1_India,2019-11-07 00:30:00,Gujarat,Surat,21.1702,72.8311,706.33,8.26,Moderate Rain
INSAT3D_TIR1_India/3DIMG_07NOV2019_0030_L1C_SGP.tif,3DIMG_07NOV2019_0030_L1C_SGP.tif,INSAT3D_TIR1_India,2019-11-07 00:30:00,Gujarat,Surendranagar,22.7274,71.637,735.33,5.97,Light Rain
INSAT3D_TIR1_India/3DIMG_07NOV2019_0030_L1C_SGP.tif,3DIMG_07NOV2019_0030_L1C_SGP.tif,INSAT3D_TIR1_India,2019-11-07 00:30:00,Gujarat,Tapi,21.1147,73.3986,753.56,0.0,No Rain
INSAT3D_TIR1_India/3DIMG_07NOV2019_0030_L1C_SGP.tif,3DIMG_07NOV2019_0030_L1C_SGP.tif,INSAT3D_TIR1_India,2019-11-07 00:30:00,Gujarat,Vadodara,22.3072,73.1812,666.89,12.6,Moderate Rain
INSAT3D_TIR1_India/3DIMG_07NOV2019_0030_L1C_SGP.tif,3DIMG_07NOV2019_0030_L1C_SGP.tif,INSAT3D_TIR1_India,2019-11-07 00:30:00,Gujarat,Valsad,20.5992,72.9342,665.56,16.56,Moderate Rain
INSAT3D_TIR1_India/3DIMG_07NOV2019_0100_L1C_SGP.tif,3DIMG_07NOV2019_0100_L1C_SGP.tif,INSAT3D_TIR1_India,2019-11-07 01:00:00,Gujarat,Ahmedabad,23.0225,72.5714,738.22,4.63,Light Rain
INSAT3D_TIR1_India/3DIMG_07NOV2019_0100_L1C_SGP.tif,3DIMG_07NOV2019_0100_L1C_SGP.tif,INSAT3D_TIR1_India,2019-11-07 01:00:00,Gujarat,Amreli,21.6032,71.2221,788.89,0.73,Light Rain
INSAT3D_TIR1_India/3DIMG_07NOV2019_0100_L1C_SGP.tif,3DIMG_07NOV2019_0100_L1C_SGP.tif,INSAT3D_TIR1_India,2019-11-07 01:00:00,Gujarat,Anand,22.5645,72.9289,724.89,6.32,Light Rain
INSAT3D_TIR1_India/3DIMG_07NOV2019_0100_L1C_SGP.tif,3DIMG_07NOV2019_0100_L1C_SGP.tif,INSAT3D_TIR1_India,2019-11-07 01:00:00,Gujarat,Aravalli,23.4619,73.3039,725.78,3.07,Light Rain
INSAT3D_TIR1_India/3DIMG_07NOV2019_0100_L1C_SGP.tif,3DIMG_07NOV2019_0100_L1C_SGP.tif,INSAT3D_TIR1_India,2019-11-07 01:00:00,Gujarat,Banaskantha,24.1724,72.4346,670.33,14.0,Moderate Rain
INSAT3D_TIR1_India/3DIMG_07NOV2019_0100_L1C_SGP.tif,3DIMG_07NOV2019_0100_L1C_SGP.tif,INSAT3D_TIR1_India,2019-11-07 01:00:00,Gujarat,Bharuch,21.7051,72.9959,740.11,5.74,Light Rain
INSAT3D_TIR1_India/3DIMG_07NOV2019_0100_L1C_SGP.tif,3DIMG_07NOV2019_0100_L1C_SGP.tif,INSAT3D_TIR1_India,2019-11-07 01:00:00,Gujarat,Bhavnagar,21.7645,72.1519,819.22,0.06,Light Rain
INSAT3D_TIR1_India/3DIMG_07NOV2019_0100_L1C_SGP.tif,3DIMG_07NOV2019_0100_L1C_SGP.tif,INSAT3D_TIR1_India,2019-11-07 01:00:00,Gujarat,Botad,22.1704,71.6662,821.11,0.3,Light Rain
INSAT3D_TIR1_India/3DIMG_07NOV2019_0100_L1C_SGP.tif,3DIMG_07NOV2019_0100_L1C_SGP.tif,INSAT3D_TIR1_India,2019-11-07 01:00:00,Gujarat,Chhota Udepur,22.3108,74.0125,710.56,7.12,Light Rain
INSAT3D_TIR1_India/3DIMG_07NOV2019_0100_L1C_SGP.tif,3DIMG_07NOV2019_0100_L1C_SGP.tif,INSAT3D_TIR1_India,2019-11-07 01:00:00,Gujarat,Dahod,22.8347,74.2552,610.89,24.95,Moderate Rain
INSAT3D_TIR1_India/3DIMG_07NOV2019_0100_L1C_SGP.tif,3DIMG_07NOV2019_0100_L1C_SGP.tif,INSAT3D_TIR1_India,2019-11-07 01:00:00,Gujarat,Dang,20.7554,73.6873,690.11,9.36,Moderate Rain
INSAT3D_TIR1_India/3DIMG_07NOV2019_0100_L1C_SGP.tif,3DIMG_07NOV2019_0100_L1C_SGP.tif,INSAT3D_TIR1_India,2019-11-07 01:00:00,Gujarat,Devbhumi Dwarka,22.2078,69.6582,606.33,20.36,Moderate Rain
INSAT3D_TIR1_India/3DIMG_07NOV2019_0100_L1C_SGP.tif,3DIMG_07NOV2019_0100_L1C_SGP.tif,INSAT3D_TIR1_India,2019-11-07 01:00:00,Gujarat,Gandhinagar,23.2156,72.6369,721.67,6.48,Light Rain
INSAT3D_TIR1_India/3DIMG_07NOV2019_0100_L1C_SGP.tif,3DIMG_07NOV2019_0100_L1C_SGP.tif,INSAT3D_TIR1_India,2019-11-07 01:00:00,Gujarat,Gir Somnath,20.9042,70.3644,890.56,0.37,Light Rain
INSAT3D_TIR1_India/3DIMG_07NOV2019_0100_L1C_SGP.tif,3DIMG_07NOV2019_0100_L1C_SGP.tif,INSAT3D_TIR1_India,2019-11-07 01:00:00,Gujarat,Jamnagar,22.4707,70.0577,621.89,19.7,Moderate Rain
INSAT3D_TIR1_India/3DIMG_07NOV2019_0100_L1C_SGP.tif,3DIMG_07NOV2019_0100_L1C_SGP.tif,INSAT3D_TIR1_India,2019-11-07 01:00:00,Gujarat,Junagadh,21.5222,70.4579,786.33,2.44,Light Rain
INSAT3D_TIR1_India/3DIMG_07NOV2019_0100_L1C_SGP.tif,3DIMG_07NOV2019_0100_L1C_SGP.tif,INSAT3D_TIR1_India,2019-11-07 01:00:00,Gujarat,Kheda,22.6916,72.8634,732.56,6.14,Light Rain
INSAT3D_TIR1_India/3DIMG_07NOV2019_0100_L1C_SGP.tif,3DIMG_07NOV2019_0100_L1C_SGP.tif,INSAT3D_TIR1_India,2019-11-07 01:00:00,Gujarat,Kutch (Bhuj),23.242,69.6669,572.33,26.8,Moderate Rain
INSAT3D_TIR1_India/3DIMG_07NOV2019_0100_L1C_SGP.tif,3DIMG_07NOV2019_0100_L1C_SGP.tif,INSAT3D_TIR1_India,2019-11-07 01:00:00,Gujarat,Mahisagar,23.1311,73.6009,698.33,8.72,Moderate Rain
INSAT3D_TIR1_India/3DIMG_07NOV2019_0100_L1C_SGP.tif,3DIMG_07NOV2019_0100_L1C_SGP.tif,INSAT3D_TIR1_India,2019-11-07 01:00:00,Gujarat,Mehsana,23.588,72.3693,728.56,1.96,Light Rain
INSAT3D_TIR1_India/3DIMG_07NOV2019_0100_L1C_SGP.tif,3DIMG_07NOV2019_0100_L1C_SGP.tif,INSAT3D_TIR1_India,2019-11-07 01:00:00,Gujarat,Morbi,22.8173,70.8368,593.11,25.26,Moderate Rain
INSAT3D_TIR1_India/3DIMG_07NOV2019_0100_L1C_SGP.tif,3DIMG_07NOV2019_0100_L1C_SGP.tif,INSAT3D_TIR1_India,2019-11-07 01:00:00,Gujarat,Narmada,21.8719,73.5028,849.67,0.0,No Rain
INSAT3D_TIR1_India/3DIMG_07NOV2019_0100_L1C_SGP.tif,3DIMG_07NOV2019_0100_L1C_SGP.tif,INSAT3D_TIR1_India,2019-11-07 01:00:00,Gujarat,Navsari,20.9467,72.952,644.44,17.44,Moderate Rain
INSAT3D_TIR1_India/3DIMG_07NOV2019_0100_L1C_SGP.tif,3DIMG_07NOV2019_0100_L1C_SGP.tif,INSAT3D_TIR1_India,2019-11-07 01:00:00,Gujarat,Panchmahal,22.778,73.6143,661.44,14.54,Moderate Rain
INSAT3D_TIR1_India/3DIMG_07NOV2019_0100_L1C_SGP.tif,3DIMG_07NOV2019_0100_L1C_SGP.tif,INSAT3D_TIR1_India,2019-11-07 01:00:00,Gujarat,Patan,23.8493,72.1266,656.67,14.11,Moderate Rain
INSAT3D_TIR1_India/3DIMG_07NOV2019_0100_L1C_SGP.tif,3DIMG_07NOV2019_0100_L1C_SGP.tif,INSAT3D_TIR1_India,2019-11-07 01:00:00,Gujarat,Porbandar,21.6417,69.6293,554.33,31.06,Moderate Rain
INSAT3D_TIR1_India/3DIMG_07NOV2019_0100_L1C_SGP.tif,3DIMG_07NOV2019_0100_L1C_SGP.tif,INSAT3D_TIR1_India,2019-11-07 01:00:00,Gujarat,Rajkot,22.3039,70.8022,664.67,11.98,Moderate Rain
INSAT3D_TIR1_India/3DIMG_07NOV2019_0100_L1C_SGP.tif,3DIMG_07NOV2019_0100_L1C_SGP.tif,INSAT3D_TIR1_India,2019-11-07 01:00:00,Gujarat,Sabarkantha,23.5977,72.9688,710.89,7.26,Light Rain
INSAT3D_TIR1_India/3DIMG_07NOV2019_0100_L1C_SGP.tif,3DIMG_07NOV2019_0100_L1C_SGP.tif,INSAT3D_TIR1_India,2019-11-07 01:00:00,Gujarat,Surat,21.1702,72.8311,716.67,6.71,Light Rain
INSAT3D_TIR1_India/3DIMG_07NOV2019_0100_L1C_SGP.tif,3DIMG_07NOV2019_0100_L1C_SGP.tif,INSAT3D_TIR1_India,2019-11-07 01:00:00,Gujarat,Surendranagar,22.7274,71.637,741.56,5.04,Light Rain
INSAT3D_TIR1_India/3DIMG_07NOV2019_0100_L1C_SGP.tif,3DIMG_07NOV2019_0100_L1C_SGP.tif,INSAT3D_TIR1_India,2019-11-07 01:00:00,Gujarat,Tapi,21.1147,73.3986,715.78,3.95,Light Rain
INSAT3D_TIR1_India/3DIMG_07NOV2019_0100_L1C_SGP.tif,3DIMG_07NOV2019_0100_L1C_SGP.tif,INSAT3D_TIR1_India,2019-11-07 01:00:00,Gujarat,Vadodara,22.3072,73.1812,652.22,14.8,Moderate Rain
INSAT3D_TIR1_India/3DIMG_07NOV2019_0100_L1C_SGP.tif,3DIMG_07NOV2019_0100_L1C_SGP.tif,INSAT3D_TIR1_India,2019-11-07 01:00:00,Gujarat,Valsad,20.5992,72.9342,657.22,17.81,Moderate Rain
INSAT3D_TIR1_India/3DIMG_07NOV2019_0130_L1C_SGP.tif,3DIMG_07NOV2019_0130_L1C_SGP.tif,INSAT3D_TIR1_India,2019-11-07 01:30:00,Gujarat,Ahmedabad,23.0225,72.5714,823.0,1.36,Light Rain
INSAT3D_TIR1_India/3DIMG_07NOV2019_0130_L1C_SGP.tif,3DIMG_07NOV2019_0130_L1C_SGP.tif,INSAT3D_TIR1_India,2019-11-07 01:30:00,Gujarat,Amreli,21.6032,71.2221,852.89,0.73,Light Rain
INSAT3D_TIR1_India/3DIMG_07NOV2019_0130_L1C_SGP.tif,3DIMG_07NOV2019_0130_L1C_SGP.tif,INSAT3D_TIR1_India,2019-11-07 01:30:00,Gujarat,Anand,22.5645,72.9289,721.67,6.81,Light Rain
INSAT3D_TIR1_India/3DIMG_07NOV2019_0130_L1C_SGP.tif,3DIMG_07NOV2019_0130_L1C_SGP.tif,INSAT3D_TIR1_India,2019-11-07 01:30:00,Gujarat,Aravalli,23.4619,73.3039,718.11,4.22,Light Rain
INSAT3D_TIR1_India/3DIMG_07NOV2019_0130_L1C_SGP.tif,3DIMG_07NOV2019_0130_L1C_SGP.tif,INSAT3D_TIR1_India,2019-11-07 01:30:00,Gujarat,Banaskantha,24.1724,72.4346,591.89,25.77,Moderate Rain
INSAT3D_TIR1_India/3DIMG_07NOV2019_0130_L1C_SGP.tif,3DIMG_07NOV2019_0130_L1C_SGP.tif,INSAT3D_TIR1_India,2019-11-07 01:30:00,Gujarat,Bharuch,21.7051,72.9959,755.33,3.46,Light Rain
INSAT3D_TIR1_India/3DIMG_07NOV2019_0130_L1C_SGP.tif,3DIMG_07NOV2019_0130_L1C_SGP.tif,INSAT3D_TIR1_India,2019-11-07 01:30:00,Gujarat,Bhavnagar,21.7645,72.1519,791.89,0.06,Light Rain
INSAT3D_TIR1_India/3DIMG_07NOV2019_0130_L1C_SGP.tif,3DIMG_07NOV2019_0130_L1C_SGP.tif,INSAT3D_TIR1_India,2019-11-07 01:30:00,Gujarat,Botad,22.1704,71.6662,785.0,0.3,Light Rain
INSAT3D_TIR1_India/3DIMG_07NOV2019_0130_L1C_SGP.tif,3DIMG_07NOV2019_0130_L1C_SGP.tif,INSAT3D_TIR1_India,2019-11-07 01:30:00,Gujarat,Chhota Udepur,22.3108,74.0125,869.56,0.0,No Rain
INSAT3D_TIR1_India/3DIMG_07NOV2019_0130_L1C_SGP.tif,3DIMG_07NOV2019_0130_L1C_SGP.tif,INSAT3D_TIR1_India,2019-11-07 01:30:00,Gujarat,Dahod,22.8347,74.2552,602.56,26.2,Moderate Rain
INSAT3D_TIR1_India/3DIMG_07NOV2019_0130_L1C_SGP.tif,3DIMG_07NOV2019_0130_L1C_SGP.tif,INSAT3D_TIR1_India,2019-11-07 01:30:00,Gujarat,Dang,20.7554,73.6873,699.33,7.98,Moderate Rain
INSAT3D_TIR1_India/3DIMG_07NOV2019_0130_L1C_SGP.tif,3DIMG_07NOV2019_0130_L1C_SGP.tif,INSAT3D_TIR1_India,2019-11-07 01:30:00,Gujarat,Devbhumi Dwarka,22.2078,69.6582,576.22,24.88,Moderate Rain
INSAT3D_TIR1_India/3DIMG_07NOV2019_0130_L1C_SGP.tif,3DIMG_07NOV2019_0130_L1C_SGP.tif,INSAT3D_TIR1_India,2019-11-07 01:30:00,Gujarat,Gandhinagar,23.2156,72.6369,806.44,0.73,Light Rain
INSAT3D_TIR1_India/3DIMG_07NOV2019_0130_L1C_SGP.tif,3DIMG_07NOV2019_0130_L1C_SGP.tif,INSAT3D_TIR1_India,2019-11-07 01:30:00,Gujarat,Gir Somnath,20.9042,70.3644,890.33,0.37,Light Rain
INSAT3D_TIR1_India/3DIMG_07NOV2019_0130_L1C_SGP.tif,3DIMG_07NOV2019_0130_L1C_SGP.tif,INSAT3D_TIR1_India,2019-11-07 01:30:00,Gujarat,Jamnagar,22.4707,70.0577,588.78,24.67,Moderate Rain
INSAT3D_TIR1_India/3DIMG_07NOV2019_0130_L1C_SGP.tif,3DIMG_07NOV2019_0130_L1C_SGP.tif,INSAT3D_TIR1_India,2019-11-07 01:30:00,Gujarat,Junagadh,21.5222,70.4579,807.33,2.44,Light Rain
INSAT3D_TIR1_India/3DIMG_07NOV2019_0130_L1C_SGP.tif,3DIMG_07NOV2019_0130_L1C_SGP.tif,INSAT3D_TIR1_India,2019-11-07 01:30:00,Gujarat,Kheda,22.6916,72.8634,736.56,5.54,Light Rain
INSAT3D_TIR1_India/3DIMG_07NOV2019_0130_L1C_SGP.tif,3DIMG_07NOV2019_0130_L1C_SGP.tif,INSAT3D_TIR1_India,2019-11-07 01:30:00,Gujarat,Kutch (Bhuj),23.242,69.6669,568.33,27.4,Moderate Rain
INSAT3D_TIR1_India/3DIMG_07NOV2019_0130_L1C_SGP.tif,3DIMG_07NOV2019_0130_L1C_SGP.tif,INSAT3D_TIR1_India,2019-11-07 01:30:00,Gujarat,Mahisagar,23.1311,73.6009,710.44,6.9,Light Rain
INSAT3D_TIR1_India/3DIMG_07NOV2019_0130_L1C_SGP.tif,3DIMG_07NOV2019_0130_L1C_SGP.tif,INSAT3D_TIR1_India,2019-11-07 01:30:00,Gujarat,Mehsana,23.588,72.3693,716.67,3.74,Light Rain
INSAT3D_TIR1_India/3DIMG_07NOV2019_0130_L1C_SGP.tif,3DIMG_07NOV2019_0130_L1C_SGP.tif,INSAT3D_TIR1_India,2019-11-07 01:30:00,Gujarat,Morbi,22.8173,70.8368,593.67,25.18,Moderate Rain
INSAT3D_TIR1_India/3DIMG_07NOV2019_0130_L1C_SGP.tif,3DIMG_07NOV2019_0130_L1C_SGP.tif,INSAT3D_TIR1_India,2019-11-07 01:30:00,Gujarat,Narmada,21.8719,73.5028,782.0,0.0,No Rain
INSAT3D_TIR1_India/3DIMG_07NOV2019_0130_L1C_SGP.tif,3DIMG_07NOV2019_0130_L1C_SGP.tif,INSAT3D_TIR1_India,2019-11-07 01:30:00,Gujarat,Navsari,20.9467,72.952,707.78,7.94,Moderate Rain
INSAT3D_TIR1_India/3DIMG_07NOV2019_0130_L1C_SGP.tif,3DIMG_07NOV2019_0130_L1C_SGP.tif,INSAT3D_TIR1_India,2019-11-07 01:30:00,Gujarat,Panchmahal,22.778,73.6143,636.56,18.27,Moderate Rain
INSAT3D_TIR1_India/3DIMG_07NOV2019_0130_L1C_SGP.tif,3DIMG_07NOV2019_0130_L1C_SGP.tif,INSAT3D_TIR1_India,2019-11-07 01:30:00,Gujarat,Patan,23.8493,72.1266,664.0,13.01,Moderate Rain
INSAT3D_TIR1_India/3DIMG_07NOV2019_0130_L1C_SGP.tif,3DIMG_07NOV2019_0130_L1C_SGP.tif,INSAT3D_TIR1_India,2019-11-07 01:30:00,Gujarat,Porbandar,21.6417,69.6293,551.89,31.43,Moderate Rain
INSAT3D_TIR1_India/3DIMG_07NOV2019_0130_L1C_SGP.tif,3DIMG_07NOV2019_0130_L1C_SGP.tif,INSAT3D_TIR1_India,2019-11-07 01:30:00,Gujarat,Rajkot,22.3039,70.8022,627.56,17.54,Moderate Rain
INSAT3D_TIR1_India/3DIMG_07NOV2019_0130_L1C_SGP.tif,3DIMG_07NOV2019_0130_L1C_SGP.tif,INSAT3D_TIR1_India,2019-11-07 01:30:00,Gujarat,Sabarkantha,23.5977,72.9688,738.11,3.18,Light Rain
INSAT3D_TIR1_India/3DIMG_07NOV2019_0130_L1C_SGP.tif,3DIMG_07NOV2019_0130_L1C_SGP.tif,INSAT3D_TIR1_India,2019-11-07 01:30:00,Gujarat,Surat,21.1702,72.8311,753.0,1.26,Light Rain
INSAT3D_TIR1_India/3DIMG_07NOV2019_0130_L1C_SGP.tif,3DIMG_07NOV2019_0130_L1C_SGP.tif,INSAT3D_TIR1_India,2019-11-07 01:30:00,Gujarat,Surendranagar,22.7274,71.637,702.78,10.85,Moderate Rain
INSAT3D_TIR1_India/3DIMG_07NOV2019_0130_L1C_SGP.tif,3DIMG_07NOV2019_0130_L1C_SGP.tif,INSAT3D_TIR1_India,2019-11-07 01:30:00,Gujarat,Tapi,21.1147,73.3986,645.33,14.52,Moderate Rain
INSAT3D_TIR1_India/3DIMG_07NOV2019_0130_L1C_SGP.tif,3DIMG_07NOV2019_0130_L1C_SGP.tif,INSAT3D_TIR1_India,2019-11-07 01:30:00,Gujarat,Vadodara,22.3072,73.1812,739.89,1.65,Light Rain
INSAT3D_TIR1_India/3DIMG_07NOV2019_0130_L1C_SGP.tif,3DIMG_07NOV2019_0130_L1C_SGP.tif,INSAT3D_TIR1_India,2019-11-07 01:30:00,Gujarat,Valsad,20.5992,72.9342,656.11,17.98,Moderate Rain
INSAT3D_TIR1_India/3DIMG_07NOV2019_0200_L1C_SGP.tif,3DIMG_07NOV2019_0200_L1C_SGP.tif,INSAT3D_TIR1_India,2019-11-07 02:00:00,Gujarat,Ahmedabad,23.0225,72.5714,757.11,1.79,Light Rain
INSAT3D_TIR1_India/3DIMG_07NOV2019_0200_L1C_SGP.tif,3DIMG_07NOV2019_0200_L1C_SGP.tif,INSAT3D_TIR1_India,2019-11-07 02:00:00,Gujarat,Amreli,21.6032,71.2221,868.33,0.73,Light Rain
INSAT3D_TIR1_India/3DIMG_07NOV2019_0200_L1C_SGP.tif,3DIMG_07NOV2019_0200_L1C_SGP.tif,INSAT3D_TIR1_India,2019-11-07 02:00:00,Gujarat,Anand,22.5645,72.9289,717.11,7.49,Light Rain
INSAT3D_TIR1_India/3DIMG_07NOV2019_0200_L1C_SGP.tif,3DIMG_07NOV2019_0200_L1C_SGP.tif,INSAT3D_TIR1_India,2019-11-07 02:00:00,Gujarat,Aravalli,23.4619,73.3039,764.0,0.0,No Rain
INSAT3D_TIR1_India/3DIMG_07NOV2019_0200_L1C_SGP.tif,3DIMG_07NOV2019_0200_L1C_SGP.tif,INSAT3D_TIR1_India,2019-11-07 02:00:00,Gujarat,Banaskantha,24.1724,72.4346,581.56,27.32,Moderate Rain
INSAT3D_TIR1_India/3DIMG_07NOV2019_0200_L1C_SGP.tif,3DIMG_07NOV2019_0200_L1C_SGP.tif,INSAT3D_TIR1_India,2019-11-07 02:00:00,Gujarat,Bharuch,21.7051,72.9959,751.22,4.08,Light Rain
INSAT3D_TIR1_India/3DIMG_07NOV2019_0200_L1C_SGP.tif,3DIMG_07NOV2019_0200_L1C_SGP.tif,INSAT3D_TIR1_India,2019-11-07 02:00:00,Gujarat,Bhavnagar,21.7645,72.1519,762.44,0.06,Light Rain
INSAT3D_TIR1_India/3DIMG_07NOV2019_0200_L1C_SGP.tif,3DIMG_07NOV2019_0200_L1C_SGP.tif,INSAT3D_TIR1_India,2019-11-07 02:00:00,Gujarat,Botad,22.1704,71.6662,772.56,0.3,Light Rain
INSAT3D_TIR1_India/3DIMG_07NOV2019_0200_L1C_SGP.tif,3DIMG_07NOV2019_0200_L1C_SGP.tif,INSAT3D_TIR1_India,2019-11-07 02:00:00,Gujarat,Chhota Udepur,22.3108,74.0125,776.0,0.0,No Rain
INSAT3D_TIR1_India/3DIMG_07NOV2019_0200_L1C_SGP.tif,3DIMG_07NOV2019_0200_L1C_SGP.tif,INSAT3D_TIR1_India,2019-11-07 02:00:00,Gujarat,Dahod,22.8347,74.2552,595.44,27.27,Moderate Rain
INSAT3D_TIR1_India/3DIMG_07NOV2019_0200_L1C_SGP.tif,3DIMG_07NOV2019_0200_L1C_SGP.tif,INSAT3D_TIR1_India,2019-11-07 02:00:00,Gujarat,Dang,20.7554,73.6873,650.33,15.33,Moderate Rain
INSAT3D_TIR1_India/3DIMG_07NOV2019_0200_L1C_SGP.tif,3DIMG_07NOV2019_0200_L1C_SGP.tif,INSAT3D_TIR1_India,2019-11-07 02:00:00,Gujarat,Devbhumi Dwarka,22.2078,69.6582,564.67,26.61,Moderate Rain
INSAT3D_TIR1_India/3DIMG_07NOV2019_0200_L1C_SGP.tif,3DIMG_07NOV2019_0200_L1C_SGP.tif,INSAT3D_TIR1_India,2019-11-07 02:00:00,Gujarat,Gandhinagar,23.2156,72.6369,742.56,3.34,Light Rain
INSAT3D_TIR1_India/3DIMG_07NOV2019_0200_L1C_SGP.tif,3DIMG_07NOV2019_0200_L1C_SGP.tif,INSAT3D_TIR1_India,2019-11-07 02:00:00,Gujarat,Gir Somnath,20.9042,70.3644,884.44,0.37,Light Rain
INSAT3D_TIR1_India/3DIMG_07NOV2019_0200_L1C_SGP.tif,3DIMG_07NOV2019_0200_L1C_SGP.tif,INSAT3D_TIR1_India,2019-11-07 02:00:00,Gujarat,Jamnagar,22.4707,70.0577,565.0,28.24,Moderate Rain
INSAT3D_TIR1_India/3DIMG_07NOV2019_0200_L1C_SGP.tif,3DIMG_07NOV2019_0200_L1C_SGP.tif,INSAT3D_TIR1_India,2019-11-07 02:00:00,Gujarat,Junagadh,21.5222,70.4579,798.89,2.44,Light Rain
INSAT3D_TIR1_India/3DIMG_07NOV2019_0200_L1C_SGP.tif,3DIMG_07NOV2019_0200_L1C_SGP.tif,INSAT3D_TIR1_India,2019-11-07 02:00:00,Gujarat,Kheda,22.6916,72.8634,774.67,2.02,Light Rain
INSAT3D_TIR1_India/3DIMG_07NOV2019_0200_L1C_SGP.tif,3DIMG_07NOV2019_0200_L1C_SGP.tif,INSAT3D_TIR1_India,2019-11-07 02:00:00,Gujarat,Kutch (Bhuj),23.242,69.6669,563.89,28.07,Moderate Rain
INSAT3D_TIR1_India/3DIMG_07NOV2019_0200_L1C_SGP.tif,3DIMG_07NOV2019_0200_L1C_SGP.tif,INSAT3D_TIR1_India,2019-11-07 02:00:00,Gujarat,Mahisagar,23.1311,73.6009,680.56,11.38,Moderate Rain
INSAT3D_TIR1_India/3DIMG_07NOV2019_0200_L1C_SGP.tif,3DIMG_07NOV2019_0200_L1C_SGP.tif,INSAT3D_TIR1_India,2019-11-07 02:00:00,Gujarat,Mehsana,23.588,72.3693,721.67,2.99,Light Rain
INSAT3D_TIR1_India/3DIMG_07NOV2019_0200_L1C_SGP.tif,3DIMG_07NOV2019_0200_L1C_SGP.tif,INSAT3D_TIR1_India,2019-11-07 02:00:00,Gujarat,Morbi,22.8173,70.8368,579.11,27.36,Moderate Rain
INSAT3D_TIR1_India/3DIMG_07NOV2019_0200_L1C_SGP.tif,3DIMG_07NOV2019_0200_L1C_SGP.tif,INSAT3D_TIR1_India,2019-11-07 02:00:00,Gujarat,Narmada,21.8719,73.5028,732.22,3.51,Light Rain
INSAT3D_TIR1_India/3DIMG_07NOV2019_0200_L1C_SGP.tif,3DIMG_07NOV2019_0200_L1C_SGP.tif,INSAT3D_TIR1_India,2019-11-07 02:00:00,Gujarat,Navsari,20.9467,72.952,790.89,0.11,Light Rain
INSAT3D_TIR1_India/3DIMG_07NOV2019_0200_L1C_SGP.tif,3DIMG_07NOV2019_0200_L1C_SGP.tif,INSAT3D_TIR1_India,2019-11-07 02:00:00,Gujarat,Panchmahal,22.778,73.6143,730.78,4.14,Light Rain
INSAT3D_TIR1_India/3DIMG_07NOV2019_0200_L1C_SGP.tif,3DIMG_07NOV2019_0200_L1C_SGP.tif,INSAT3D_TIR1_India,2019-11-07 02:00:00,Gujarat,Patan,23.8493,72.1266,586.44,24.64,Moderate Rain
INSAT3D_TIR1_India/3DIMG_07NOV2019_0200_L1C_SGP.tif,3DIMG_07NOV2019_0200_L1C_SGP.tif,INSAT3D_TIR1_India,2019-11-07 02:00:00,Gujarat,Porbandar,21.6417,69.6293,550.0,31.71,Moderate Rain
INSAT3D_TIR1_India/3DIMG_07NOV2019_0200_L1C_SGP.tif,3DIMG_07NOV2019_0200_L1C_SGP.tif,INSAT3D_TIR1_India,2019-11-07 02:00:00,Gujarat,Rajkot,22.3039,70.8022,628.56,17.39,Moderate Rain
INSAT3D_TIR1_India/3DIMG_07NOV2019_0200_L1C_SGP.tif,3DIMG_07NOV2019_0200_L1C_SGP.tif,INSAT3D_TIR1_India,2019-11-07 02:00:00,Gujarat,Sabarkantha,23.5977,72.9688,745.0,2.14,Light Rain
INSAT3D_TIR1_India/3DIMG_07NOV2019_0200_L1C_SGP.tif,3DIMG_07NOV2019_0200_L1C_SGP.tif,INSAT3D_TIR1_India,2019-11-07 02:00:00,Gujarat,Surat,21.1702,72.8311,798.11,0.21,Light Rain
INSAT3D_TIR1_India/3DIMG_07NOV2019_0200_L1C_SGP.tif,3DIMG_07NOV2019_0200_L1C_SGP.tif,INSAT3D_TIR1_India,2019-11-07 02:00:00,Gujarat,Surendranagar,22.7274,71.637,651.22,18.59,Moderate Rain
INSAT3D_TIR1_India/3DIMG_07NOV2019_0200_L1C_SGP.tif,3DIMG_07NOV2019_0200_L1C_SGP.tif,INSAT3D_TIR1_India,2019-11-07 02:00:00,Gujarat,Tapi,21.1147,73.3986,714.78,4.1,Light Rain
INSAT3D_TIR1_India/3DIMG_07NOV2019_0200_L1C_SGP.tif,3DIMG_07NOV2019_0200_L1C_SGP.tif,INSAT3D_TIR1_India,2019-11-07 02:00:00,Gujarat,Vadodara,22.3072,73.1812,734.67,2.43,Light Rain
INSAT3D_TIR1_India/3DIMG_07NOV2019_0200_L1C_SGP.tif,3DIMG_07NOV2019_0200_L1C_SGP.tif,INSAT3D_TIR1_India,2019-11-07 02:00:00,Gujarat,Valsad,20.5992,72.9342,763.22,2.39,Light Rain
INSAT3D_TIR1_India/3DIMG_07NOV2019_0230_L1C_SGP.tif,3DIMG_07NOV2019_0230_L1C_SGP.tif,INSAT3D_TIR1_India,2019-11-07 02:30:00,Gujarat,Ahmedabad,23.0225,72.5714,760.78,1.36,Light Rain
INSAT3D_TIR1_India/3DIMG_07NOV2019_0230_L1C_SGP.tif,3DIMG_07NOV2019_0230_L1C_SGP.tif,INSAT3D_TIR1_India,2019-11-07 02:30:00,Gujarat,Amreli,21.6032,71.2221,872.78,0.73,Light Rain
INSAT3D_TIR1_India/3DIMG_07NOV2019_0230_L1C_SGP.tif,3DIMG_07NOV2019_0230_L1C_SGP.tif,INSAT3D_TIR1_India,2019-11-07 02:30:00,Gujarat,Anand,22.5645,72.9289,683.44,12.54,Moderate Rain
INSAT3D_TIR1_India/3DIMG_07NOV2019_0230_L1C_SGP.tif,3DIMG_07NOV2019_0230_L1C_SGP.tif,INSAT3D_TIR1_India,2019-11-07 02:30:00,Gujarat,Aravalli,23.4619,73.3039,806.56,0.0,No Rain
INSAT3D_TIR1_India/3DIMG_07NOV2019_0230_L1C_SGP.tif,3DIMG_07NOV2019_0230_L1C_SGP.tif,INSAT3D_TIR1_India,2019-11-07 02:30:00,Gujarat,Banaskantha,24.1724,72.4346,574.22,28.42,Moderate Rain
INSAT3D_TIR1_India/3DIMG_07NOV2019_0230_L1C_SGP.tif,3DIMG_07NOV2019_0230_L1C_SGP.tif,INSAT3D_TIR1_India,2019-11-07 02:30:00,Gujarat,Bharuch,21.7051,72.9959,723.44,8.24,Moderate Rain
INSAT3D_TIR1_India/3DIMG_07NOV2019_0230_L1C_SGP.tif,3DIMG_07NOV2019_0230_L1C_SGP.tif,INSAT3D_TIR1_India,2019-11-07 02:30:00,Gujarat,Bhavnagar,21.7645,72.1519,800.89,0.06,Light Rain
INSAT3D_TIR1_India/3DIMG_07NOV2019_0230_L1C_SGP.tif,3DIMG_07NOV2019_0230_L1C_SGP.tif,INSAT3D_TIR1_India,2019-11-07 02:30:00,Gujarat,Botad,22.1704,71.6662,805.44,0.3,Light Rain
INSAT3D_TIR1_India/3DIMG_07NOV2019_0230_L1C_SGP.tif,3DIMG_07NOV2019_0230_L1C_SGP.tif,INSAT3D_TIR1_India,2019-11-07 02:30:00,Gujarat,Chhota Udepur,22.3108,74.0125,718.0,6.0,Light Rain
INSAT3D_TIR1_India/3DIMG_07NOV2019_0230_L1C_SGP.tif,3DIMG_07NOV2019_0230_L1C_SGP.tif,INSAT3D_TIR1_India,2019-11-07 02:30:00,Gujarat,Dahod,22.8347,74.2552,611.11,24.92,Moderate Rain
INSAT3D_TIR1_India/3DIMG_07NOV2019_0230_L1C_SGP.tif,3DIMG_07NOV2019_0230_L1C_SGP.tif,INSAT3D_TIR1_India,2019-11-07 02:30:00,Gujarat,Dang,20.7554,73.6873,655.89,14.49,Moderate Rain
INSAT3D_TIR1_India/3DIMG_07NOV2019_0230_L1C_SGP.tif,3DIMG_07NOV2019_0230_L1C_SGP.tif,INSAT3D_TIR1_India,2019-11-07 02:30:00,Gujarat,Devbhumi Dwarka,22.2078,69.6582,555.78,27.94,Moderate Rain
INSAT3D_TIR1_India/3DIMG_07NOV2019_0230_L1C_SGP.tif,3DIMG_07NOV2019_0230_L1C_SGP.tif,INSAT3D_TIR1_India,2019-11-07 02:30:00,Gujarat,Gandhinagar,23.2156,72.6369,732.56,4.84,Light Rain
INSAT3D_TIR1_India/3DIMG_07NOV2019_0230_L1C_SGP.tif,3DIMG_07NOV2019_0230_L1C_SGP.tif,INSAT3D_TIR1_India,2019-11-07 02:30:00,Gujarat,Gir Somnath,20.9042,70.3644,856.44,0.37,Light Rain
INSAT3D_TIR1_India/3DIMG_07NOV2019_0230_L1C_SGP.tif,3DIMG_07NOV2019_0230_L1C_SGP.tif,INSAT3D_TIR1_India,2019-11-07 02:30:00,Gujarat,Jamnagar,22.4707,70.0577,557.56,29.35,Moderate Rain
INSAT3D_TIR1_India/3DIMG_07NOV2019_0230_L1C_SGP.tif,3DIMG_07NOV2019_0230_L1C_SGP.tif,INSAT3D_TIR1_India,2019-11-07 02:30:00,Gujarat,Junagadh,21.5222,70.4579,749.89,3.95,Light Rain
INSAT3D_TIR1_India/3DIMG_07NOV2019_0230_L1C_SGP.tif,3DIMG_07NOV2019_0230_L1C_SGP.tif,INSAT3D_TIR1_India,2019-11-07 02:30:00,Gujarat,Kheda,22.6916,72.8634,696.56,11.54,Moderate Rain
INSAT3D_TIR1_India/3DIMG_07NOV2019_0230_L1C_SGP.tif,3DIMG_07NOV2019_0230_L1C_SGP.tif,INSAT3D_TIR1_India,2019-11-07 02:30:00,Gujarat,Kutch (Bhuj),23.242,69.6669,551.56,29.92,Moderate Rain
INSAT3D_TIR1_India/3DIMG_07NOV2019_0230_L1C_SGP.tif,3DIMG_07NOV2019_0230_L1C_SGP.tif,INSAT3D_TIR1_India,2019-11-07 02:30:00,Gujarat,Mahisagar,23.1311,73.6009,686.11,10.55,Moderate Rain
INSAT3D_TIR1_India/3DIMG_07NOV2019_0230_L1C_SGP.tif,3DIMG_07NOV2019_0230_L1C_SGP.tif,INSAT3D_TIR1_India,2019-11-07 02:30:00,Gujarat,Mehsana,23.588,72.3693,673.78,10.18,Moderate Rain
INSAT3D_TIR1_India/3DIMG_07NOV2019_0230_L1C_SGP.tif,3DIMG_07NOV2019_0230_L1C_SGP.tif,INSAT3D_TIR1_India,2019-11-07 02:30:00,Gujarat,Morbi,22.8173,70.8368,612.0,22.43,Moderate Rain
INSAT3D_TIR1_India/3DIMG_07NOV2019_0230_L1C_SGP.tif,3DIMG_07NOV2019_0230_L1C_SGP.tif,INSAT3D_TIR1_India,2019-11-07 02:30:00,Gujarat,Narmada,21.8719,73.5028,711.0,6.69,Light Rain
INSAT3D_TIR1_India/3DIMG_07NOV2019_0230_L1C_SGP.tif,3DIMG_07NOV2019_0230_L1C_SGP.tif,INSAT3D_TIR1_India,2019-11-07 02:30:00,Gujarat,Navsari,20.9467,72.952,806.56,0.11,Light Rain
INSAT3D_TIR1_India/3DIMG_07NOV2019_0230_L1C_SGP.tif,3DIMG_07NOV2019_0230_L1C_SGP.tif,INSAT3D_TIR1_India,2019-11-07 02:30:00,Gujarat,Panchmahal,22.778,73.6143,673.56,12.72,Moderate Rain
INSAT3D_TIR1_India/3DIMG_07NOV2019_0230_L1C_SGP.tif,3DIMG_07NOV2019_0230_L1C_SGP.tif,INSAT3D_TIR1_India,2019-11-07 02:30:00,Gujarat,Patan,23.8493,72.1266,585.56,24.77,Moderate Rain
INSAT3D_TIR1_India/3DIMG_07NOV2019_0230_L1C_SGP.tif,3DIMG_07NOV2019_0230_L1C_SGP.tif,INSAT3D_TIR1_India,2019-11-07 02:30:00,Gujarat,Porbandar,21.6417,69.6293,545.89,32.33,Moderate Rain
INSAT3D_TIR1_India/3DIMG_07NOV2019_0230_L1C_SGP.tif,3DIMG_07NOV2019_0230_L1C_SGP.tif,INSAT3D_TIR1_India,2019-11-07 02:30:00,Gujarat,Rajkot,22.3039,70.8022,644.11,15.06,Moderate Rain
INSAT3D_TIR1_India/3DIMG_07NOV2019_0230_L1C_SGP.tif,3DIMG_07NOV2019_0230_L1C_SGP.tif,INSAT3D_TIR1_India,2019-11-07 02:30:00,Gujarat,Sabarkantha,23.5977,72.9688,685.56,11.06,Moderate Rain
INSAT3D_TIR1_India/3DIMG_07NOV2019_0230_L1C_SGP.tif,3DIMG_07NOV2019_0230_L1C_SGP.tif,INSAT3D_TIR1_India,2019-11-07 02:30:00,Gujarat,Surat,21.1702,72.8311,838.11,0.21,Light Rain
INSAT3D_TIR1_India/3DIMG_07NOV2019_0230_L1C_SGP.tif,3DIMG_07NOV2019_0230_L1C_SGP.tif,INSAT3D_TIR1_India,2019-11-07 02:30:00,Gujarat,Surendranagar,22.7274,71.637,656.89,17.74,Moderate Rain
INSAT3D_TIR1_India/3DIMG_07NOV2019_0230_L1C_SGP.tif,3DIMG_07NOV2019_0230_L1C_SGP.tif,INSAT3D_TIR1_India,2019-11-07 02:30:00,Gujarat,Tapi,21.1147,73.3986,791.56,0.0,No Rain
INSAT3D_TIR1_India/3DIMG_07NOV2019_0230_L1C_SGP.tif,3DIMG_07NOV2019_0230_L1C_SGP.tif,INSAT3D_TIR1_India,2019-11-07 02:30:00,Gujarat,Vadodara,22.3072,73.1812,716.78,5.12,Light Rain
INSAT3D_TIR1_India/3DIMG_07NOV2019_0230_L1C_SGP.tif,3DIMG_07NOV2019_0230_L1C_SGP.tif,INSAT3D_TIR1_India,2019-11-07 02:30:00,Gujarat,Valsad,20.5992,72.9342,738.11,5.68,Light Rain
INSAT3D_TIR1_India/3DIMG_07NOV2019_0300_L1C_SGP.tif,3DIMG_07NOV2019_0300_L1C_SGP.tif,INSAT3D_TIR1_India,2019-11-07 03:00:00,Gujarat,Ahmedabad,23.0225,72.5714,658.89,16.53,Moderate Rain
INSAT3D_TIR1_India/3DIMG_07NOV2019_0300_L1C_SGP.tif,3DIMG_07NOV2019_0300_L1C_SGP.tif,INSAT3D_TIR1_India,2019-11-07 03:00:00,Gujarat,Amreli,21.6032,71.2221,872.67,0.73,Light Rain
INSAT3D_TIR1_India/3DIMG_07NOV2019_0300_L1C_SGP.tif,3DIMG_07NOV2019_0300_L1C_SGP.tif,INSAT3D_TIR1_India,2019-11-07 03:00:00,Gujarat,Anand,22.5645,72.9289,650.67,17.46,Moderate Rain
INSAT3D_TIR1_India/3DIMG_07NOV2019_0300_L1C_SGP.tif,3DIMG_07NOV2019_0300_L1C_SGP.tif,INSAT3D_TIR1_India,2019-11-07 03:00:00,Gujarat,Aravalli,23.4619,73.3039,707.0,5.88,Light Rain
INSAT3D_TIR1_India/3DIMG_07NOV2019_0300_L1C_SGP.tif,3DIMG_07NOV2019_0300_L1C_SGP.tif,INSAT3D_TIR1_India,2019-11-07 03:00:00,Gujarat,Banaskantha,24.1724,72.4346,586.33,26.6,Moderate Rain
INSAT3D_TIR1_India/3DIMG_07NOV2019_0300_L1C_SGP.tif,3DIMG_07NOV2019_0300_L1C_SGP.tif,INSAT3D_TIR1_India,2019-11-07 03:00:00,Gujarat,Bharuch,21.7051,72.9959,731.11,7.09,Light Rain
INSAT3D_TIR1_India/3DIMG_07NOV2019_0300_L1C_SGP.tif,3DIMG_07NOV2019_0300_L1C_SGP.tif,INSAT3D_TIR1_India,2019-11-07 03:00:00,Gujarat,Bhavnagar,21.7645,72.1519,839.78,0.06,Light Rain
INSAT3D_TIR1_India/3DIMG_07NOV2019_0300_L1C_SGP.tif,3DIMG_07NOV2019_0300_L1C_SGP.tif,INSAT3D_TIR1_India,2019-11-07 03:00:00,Gujarat,Botad,22.1704,71.6662,828.44,0.3,Light Rain
INSAT3D_TIR1_India/3DIMG_07NOV2019_0300_L1C_SGP.tif,3DIMG_07NOV2019_0300_L1C_SGP.tif,INSAT3D_TIR1_India,2019-11-07 03:00:00,Gujarat,Chhota Udepur,22.3108,74.0125,724.78,4.98,Light Rain
INSAT3D_TIR1_India/3DIMG_07NOV2019_0300_L1C_SGP.tif,3DIMG_07NOV2019_0300_L1C_SGP.tif,INSAT3D_TIR1_India,2019-11-07 03:00:00,Gujarat,Dahod,22.8347,74.2552,606.89,25.55,Moderate Rain
INSAT3D_TIR1_India/3DIMG_07NOV2019_0300_L1C_SGP.tif,3DIMG_07NOV2019_0300_L1C_SGP.tif,INSAT3D_TIR1_India,2019-11-07 03:00:00,Gujarat,Dang,20.7554,73.6873,630.89,18.24,Moderate Rain
INSAT3D_TIR1_India/3DIMG_07NOV2019_0300_L1C_SGP.tif,3DIMG_07NOV2019_0300_L1C_SGP.tif,INSAT3D_TIR1_India,2019-11-07 03:00:00,Gujarat,Devbhumi Dwarka,22.2078,69.6582,546.44,29.34,Moderate Rain
INSAT3D_TIR1_India/3DIMG_07NOV2019_0300_L1C_SGP.tif,3DIMG_07NOV2019_0300_L1C_SGP.tif,INSAT3D_TIR1_India,2019-11-07 03:00:00,Gujarat,Gandhinagar,23.2156,72.6369,676.33,13.28,Moderate Rain
INSAT3D_TIR1_India/3DIMG_07NOV2019_0300_L1C_SGP.tif,3DIMG_07NOV2019_0300_L1C_SGP.tif,INSAT3D_TIR1_India,2019-11-07 03:00:00,Gujarat,Gir Somnath,20.9042,70.3644,819.56,0.37,Light Rain
INSAT3D_TIR1_India/3DIMG_07NOV2019_0300_L1C_SGP.tif,3DIMG_07NOV2019_0300_L1C_SGP.tif,INSAT3D_TIR1_India,2019-11-07 03:00:00,Gujarat,Jamnagar,22.4707,70.0577,551.11,30.32,Moderate Rain
INSAT3D_TIR1_India/3DIMG_07NOV2019_0300_L1C_SGP.tif,3DIMG_07NOV2019_0300_L1C_SGP.tif,INSAT3D_TIR1_India,2019-11-07 03:00:00,Gujarat,Junagadh,21.5222,70.4579,746.0,4.54,Light Rain
INSAT3D_TIR1_India/3DIMG_07NOV2019_0300_L1C_SGP.tif,3DIMG_07NOV2019_0300_L1C_SGP.tif,INSAT3D_TIR1_India,2019-11-07 03:00:00,Gujarat,Kheda,22.6916,72.8634,676.56,14.54,Moderate Rain
INSAT3D_TIR1_India/3DIMG_07NOV2019_0300_L1C_SGP.tif,3DIMG_07NOV2019_0300_L1C_SGP.tif,INSAT3D_TIR1_India,2019-11-07 03:00:00,Gujarat,Kutch (Bhuj),23.242,69.6669,546.0,30.75,Moderate Rain
INSAT3D_TIR1_India/3DIMG_07NOV2019_0300_L1C_SGP.tif,3DIMG_07NOV2019_0300_L1C_SGP.tif,INSAT3D_TIR1_India,2019-11-07 03:00:00,Gujarat,Mahisagar,23.1311,73.6009,668.67,13.17,Moderate Rain
INSAT3D_TIR1_India/3DIMG_07NOV2019_0300_L1C_SGP.tif,3DIMG_07NOV2019_0300_L1C_SGP.tif,INSAT3D_TIR1_India,2019-11-07 03:00:00,Gujarat,Mehsana,23.588,72.3693,630.67,16.64,Moderate Rain
INSAT3D_TIR1_India/3DIMG_07NOV2019_0300_L1C_SGP.tif,3DIMG_07NOV2019_0300_L1C_SGP.tif,INSAT3D_TIR1_India,2019-11-07 03:00:00,Gujarat,Morbi,22.8173,70.8368,564.33,29.58,Moderate Rain
INSAT3D_TIR1_India/3DIMG_07NOV2019_0300_L1C_SGP.tif,3DIMG_07NOV2019_0300_L1C_SGP.tif,INSAT3D_TIR1_India,2019-11-07 03:00:00,Gujarat,Narmada,21.8719,73.5028,694.22,9.21,Moderate Rain
INSAT3D_TIR1_India/3DIMG_07NOV2019_0300_L1C_SGP.tif,3DIMG_07NOV2019_0300_L1C_SGP.tif,INSAT3D_TIR1_India,2019-11-07 03:00:00,Gujarat,Navsari,20.9467,72.952,811.0,0.11,Light Rain
INSAT3D_TIR1_India/3DIMG_07NOV2019_0300_L1C_SGP.tif,3DIMG_07NOV2019_0300_L1C_SGP.tif,INSAT3D_TIR1_India,2019-11-07 03:00:00,Gujarat,Panchmahal,22.778,73.6143,610.22,22.22,Moderate Rain
INSAT3D_TIR1_India/3DIMG_07NOV2019_0300_L1C_SGP.tif,3DIMG_07NOV2019_0300_L1C_SGP.tif,INSAT3D_TIR1_India,2019-11-07 03:00:00,Gujarat,Patan,23.8493,72.1266,563.89,28.02,Moderate Rain
INSAT3D_TIR1_India/3DIMG_07NOV2019_0300_L1C_SGP.tif,3DIMG_07NOV2019_0300_L1C_SGP.tif,INSAT3D_TIR1_India,2019-11-07 03:00:00,Gujarat,Porbandar,21.6417,69.6293,542.56,32.83,Moderate Rain
INSAT3D_TIR1_India/3DIMG_07NOV2019_0300_L1C_SGP.tif,3DIMG_07NOV2019_0300_L1C_SGP.tif,INSAT3D_TIR1_India,2019-11-07 03:00:00,Gujarat,Rajkot,22.3039,70.8022,647.33,14.58,Moderate Rain
INSAT3D_TIR1_India/3DIMG_07NOV2019_0300_L1C_SGP.tif,3DIMG_07NOV2019_0300_L1C_SGP.tif,INSAT3D_TIR1_India,2019-11-07 03:00:00,Gujarat,Sabarkantha,23.5977,72.9688,704.44,8.23,Moderate Rain
INSAT3D_TIR1_India/3DIMG_07NOV2019_0300_L1C_SGP.tif,3DIMG_07NOV2019_0300_L1C_SGP.tif,INSAT3D_TIR1_India,2019-11-07 03:00:00,Gujarat,Surat,21.1702,72.8311,819.67,0.21,Light Rain
INSAT3D_TIR1_India/3DIMG_07NOV2019_0300_L1C_SGP.tif,3DIMG_07NOV2019_0300_L1C_SGP.tif,INSAT3D_TIR1_India,2019-11-07 03:00:00,Gujarat,Surendranagar,22.7274,71.637,690.78,12.65,Moderate Rain
INSAT3D_TIR1_India/3DIMG_07NOV2019_0300_L1C_SGP.tif,3DIMG_07NOV2019_0300_L1C_SGP.tif,INSAT3D_TIR1_India,2019-11-07 03:00:00,Gujarat,Tapi,21.1147,73.3986,768.89,0.0,No Rain
INSAT3D_TIR1_India/3DIMG_07NOV2019_0300_L1C_SGP.tif,3DIMG_07NOV2019_0300_L1C_SGP.tif,INSAT3D_TIR1_India,2019-11-07 03:00:00,Gujarat,Vadodara,22.3072,73.1812,742.78,1.22,Light Rain
INSAT3D_TIR1_India/3DIMG_07NOV2019_0300_L1C_SGP.tif,3DIMG_07NOV2019_0300_L1C_SGP.tif,INSAT3D_TIR1_India,2019-11-07 03:00:00,Gujarat,Valsad,20.5992,72.9342,779.89,2.39,Light Rain
INSAT3D_TIR1_India/3DIMG_07NOV2019_0330_L1C_SGP.tif,3DIMG_07NOV2019_0330_L1C_SGP.tif,INSAT3D_TIR1_India,2019-11-07 03:30:00,Gujarat,Ahmedabad,23.0225,72.5714,637.22,19.78,Moderate Rain
INSAT3D_TIR1_India/3DIMG_07NOV2019_0330_L1C_SGP.tif,3DIMG_07NOV2019_0330_L1C_SGP.tif,INSAT3D_TIR1_India,2019-11-07 03:30:00,Gujarat,Amreli,21.6032,71.2221,839.78,0.73,Light Rain
INSAT3D_TIR1_India/3DIMG_07NOV2019_0330_L1C_SGP.tif,3DIMG_07NOV2019_0330_L1C_SGP.tif,INSAT3D_TIR1_India,2019-11-07 03:30:00,Gujarat,Anand,22.5645,72.9289,712.89,8.12,Moderate Rain
INSAT3D_TIR1_India/3DIMG_07NOV2019_0330_L1C_SGP.tif,3DIMG_07NOV2019_0330_L1C_SGP.tif,INSAT3D_TIR1_India,2019-11-07 03:30:00,Gujarat,Aravalli,23.4619,73.3039,730.56,2.35,Light Rain
INSAT3D_TIR1_India/3DIMG_07NOV2019_0330_L1C_SGP.tif,3DIMG_07NOV2019_0330_L1C_SGP.tif,INSAT3D_TIR1_India,2019-11-07 03:30:00,Gujarat,Banaskantha,24.1724,72.4346,563.44,30.03,Moderate Rain
INSAT3D_TIR1_India/3DIMG_07NOV2019_0330_L1C_SGP.tif,3DIMG_07NOV2019_0330_L1C_SGP.tif,INSAT3D_TIR1_India,2019-11-07 03:30:00,Gujarat,Bharuch,21.7051,72.9959,706.44,10.79,Moderate Rain
INSAT3D_TIR1_India/3DIMG_07NOV2019_0330_L1C_SGP.tif,3DIMG_07NOV2019_0330_L1C_SGP.tif,INSAT3D_TIR1_India,2019-11-07 03:30:00,Gujarat,Bhavnagar,21.7645,72.1519,837.78,0.06,Light Rain
INSAT3D_TIR1_India/3DIMG_07NOV2019_0330_L1C_SGP.tif,3DIMG_07NOV2019_0330_L1C_SGP.tif,INSAT3D_TIR1_India,2019-11-07 03:30:00,Gujarat,Botad,22.1704,71.6662,854.67,0.3,Light Rain
INSAT3D_TIR1_India/3DIMG_07NOV2019_0330_L1C_SGP.tif,3DIMG_07NOV2019_0330_L1C_SGP.tif,INSAT3D_TIR1_India,2019-11-07 03:30:00,Gujarat,Chhota Udepur,22.3108,74.0125,721.0,5.55,Light Rain
INSAT3D_TIR1_India/3DIMG_07NOV2019_0330_L1C_SGP.tif,3DIMG_07NOV2019_0330_L1C_SGP.tif,INSAT3D_TIR1_India,2019-11-07 03:30:00,Gujarat,Dahod,22.8347,74.2552,572.67,30.68,Moderate Rain
INSAT3D_TIR1_India/3DIMG_07NOV2019_0330_L1C_SGP.tif,3DIMG_07NOV2019_0330_L1C_SGP.tif,INSAT3D_TIR1_India,2019-11-07 03:30:00,Gujarat,Dang,20.7554,73.6873,662.22,13.54,Moderate Rain
INSAT3D_TIR1_India/3DIMG_07NOV2019_0330_L1C_SGP.tif,3DIMG_07NOV2019_0330_L1C_SGP.tif,INSAT3D_TIR1_India,2019-11-07 03:30:00,Gujarat,Devbhumi Dwarka,22.2078,69.6582,543.44,29.79,Moderate Rain
INSAT3D_TIR1_India/3DIMG_07NOV2019_0330_L1C_SGP.tif,3DIMG_07NOV2019_0330_L1C_SGP.tif,INSAT3D_TIR1_India,2019-11-07 03:30:00,Gujarat,Gandhinagar,23.2156,72.6369,652.33,16.88,Moderate Rain
INSAT3D_TIR1_India/3DIMG_07NOV2019_0330_L1C_SGP.tif,3DIMG_07NOV2019_0330_L1C_SGP.tif,INSAT3D_TIR1_India,2019-11-07 03:30:00,Gujarat,Gir Somnath,20.9042,70.3644,741.33,3.17,Light Rain
INSAT3D_TIR1_India/3DIMG_07NOV2019_0330_L1C_SGP.tif,3DIMG_07NOV2019_0330_L1C_SGP.tif,INSAT3D_TIR1_India,2019-11-07 03:30:00,Gujarat,Jamnagar,22.4707,70.0577,539.78,32.02,Moderate Rain
INSAT3D_TIR1_India/3DIMG_07NOV2019_0330_L1C_SGP.tif,3DIMG_07NOV2019_0330_L1C_SGP.tif,INSAT3D_TIR1_India,2019-11-07 03:30:00,Gujarat,Junagadh,21.5222,70.4579,705.44,10.62,Moderate Rain
INSAT3D_TIR1_India/3DIMG_07NOV2019_0330_L1C_SGP.tif,3DIMG_07NOV2019_0330_L1C_SGP.tif,INSAT3D_TIR1_India,2019-11-07 03:30:00,Gujarat,Kheda,22.6916,72.8634,691.44,12.3,Moderate Rain
INSAT3D_TIR1_India/3DIMG_07NOV2019_0330_L1C_SGP.tif,3DIMG_07NOV2019_0330_L1C_SGP.tif,INSAT3D_TIR1_India,2019-11-07 03:30:00,Gujarat,Kutch (Bhuj),23.242,69.6669,533.89,32.57,Moderate Rain
INSAT3D_TIR1_India/3DIMG_07NOV2019_0330_L1C_SGP.tif,3DIMG_07NOV2019_0330_L1C_SGP.tif,INSAT3D_TIR1_India,2019-11-07 03:30:00,Gujarat,Mahisagar,23.1311,73.6009,675.0,12.22,Moderate Rain
INSAT3D_TIR1_India/3DIMG_07NOV2019_0330_L1C_SGP.tif,3DIMG_07NOV2019_0330_L1C_SGP.tif,INSAT3D_TIR1_India,2019-11-07 03:30:00,Gujarat,Mehsana,23.588,72.3693,609.33,19.84,Moderate Rain
INSAT3D_TIR1_India/3DIMG_07NOV2019_0330_L1C_SGP.tif,3DIMG_07NOV2019_0330_L1C_SGP.tif,INSAT3D_TIR1_India,2019-11-07 03:30:00,Gujarat,Morbi,22.8173,70.8368,552.33,31.38,Moderate Rain
INSAT3D_TIR1_India/3DIMG_07NOV2019_0330_L1C_SGP.tif,3DIMG_07NOV2019_0330_L1C_SGP.tif,INSAT3D_TIR1_India,2019-11-07 03:30:00,Gujarat,Narmada,21.8719,73.5028,732.22,3.51,Light Rain
INSAT3D_TIR1_India/3DIMG_07NOV2019_0330_L1C_SGP.tif,3DIMG_07NOV2019_0330_L1C_SGP.tif,INSAT3D_TIR1_India,2019-11-07 03:30:00,Gujarat,Navsari,20.9467,72.952,716.44,6.64,Light Rain
INSAT3D_TIR1_India/3DIMG_07NOV2019_0330_L1C_SGP.tif,3DIMG_07NOV2019_0330_L1C_SGP.tif,INSAT3D_TIR1_India,2019-11-07 03:30:00,Gujarat,Panchmahal,22.778,73.6143,599.22,23.87,Moderate Rain
INSAT3D_TIR1_India/3DIMG_07NOV2019_0330_L1C_SGP.tif,3DIMG_07NOV2019_0330_L1C_SGP.tif,INSAT3D_TIR1_India,2019-11-07 03:30:00,Gujarat,Patan,23.8493,72.1266,547.67,30.46,Moderate Rain
INSAT3D_TIR1_India/3DIMG_07NOV2019_0330_L1C_SGP.tif,3DIMG_07NOV2019_0330_L1C_SGP.tif,INSAT3D_TIR1_India,2019-11-07 03:30:00,Gujarat,Porbandar,21.6417,69.6293,532.56,34.33,Moderate Rain
INSAT3D_TIR1_India/3DIMG_07NOV2019_0330_L1C_SGP.tif,3DIMG_07NOV2019_0330_L1C_SGP.tif,INSAT3D_TIR1_India,2019-11-07 03:30:00,Gujarat,Rajkot,22.3039,70.8022,586.33,23.73,Moderate Rain
INSAT3D_TIR1_India/3DIMG_07NOV2019_0330_L1C_SGP.tif,3DIMG_07NOV2019_0330_L1C_SGP.tif,INSAT3D_TIR1_India,2019-11-07 03:30:00,Gujarat,Sabarkantha,23.5977,72.9688,672.89,12.96,Moderate Rain
INSAT3D_TIR1_India/3DIMG_07NOV2019_0330_L1C_SGP.tif,3DIMG_07NOV2019_0330_L1C_SGP.tif,INSAT3D_TIR1_India,2019-11-07 03:30:00,Gujarat,Surat,21.1702,72.8311,783.33,0.21,Light Rain
INSAT3D_TIR1_India/3DIMG_07NOV2019_0330_L1C_SGP.tif,3DIMG_07NOV2019_0330_L1C_SGP.tif,INSAT3D_TIR1_India,2019-11-07 03:30:00,Gujarat,Surendranagar,22.7274,71.637,730.44,6.7,Light Rain
INSAT3D_TIR1_India/3DIMG_07NOV2019_0330_L1C_SGP.tif,3DIMG_07NOV2019_0330_L1C_SGP.tif,INSAT3D_TIR1_India,2019-11-07 03:30:00,Gujarat,Tapi,21.1147,73.3986,778.22,0.0,No Rain
INSAT3D_TIR1_India/3DIMG_07NOV2019_0330_L1C_SGP.tif,3DIMG_07NOV2019_0330_L1C_SGP.tif,INSAT3D_TIR1_India,2019-11-07 03:30:00,Gujarat,Vadodara,22.3072,73.1812,680.44,10.57,Moderate Rain
INSAT3D_TIR1_India/3DIMG_07NOV2019_0330_L1C_SGP.tif,3DIMG_07NOV2019_0330_L1C_SGP.tif,INSAT3D_TIR1_India,2019-11-07 03:30:00,Gujarat,Valsad,20.5992,72.9342,689.89,12.91,Moderate Rain
INSAT3D_TIR1_India/3DIMG_07NOV2019_0400_L1C_SGP.tif,3DIMG_07NOV2019_0400_L1C_SGP.tif,INSAT3D_TIR1_India,2019-11-07 04:00:00,Gujarat,Ahmedabad,23.0225,72.5714,749.22,2.98,Light Rain
INSAT3D_TIR1_India/3DIMG_07NOV2019_0400_L1C_SGP.tif,3DIMG_07NOV2019_0400_L1C_SGP.tif,INSAT3D_TIR1_India,2019-11-07 04:00:00,Gujarat,Amreli,21.6032,71.2221,845.56,0.73,Light Rain
INSAT3D_TIR1_India/3DIMG_07NOV2019_0400_L1C_SGP.tif,3DIMG_07NOV2019_0400_L1C_SGP.tif,INSAT3D_TIR1_India,2019-11-07 04:00:00,Gujarat,Anand,22.5645,72.9289,748.0,2.86,Light Rain
INSAT3D_TIR1_India/3DIMG_07NOV2019_0400_L1C_SGP.tif,3DIMG_07NOV2019_0400_L1C_SGP.tif,INSAT3D_TIR1_India,2019-11-07 04:00:00,Gujarat,Aravalli,23.4619,73.3039,609.22,20.55,Moderate Rain
INSAT3D_TIR1_India/3DIMG_07NOV2019_0400_L1C_SGP.tif,3DIMG_07NOV2019_0400_L1C_SGP.tif,INSAT3D_TIR1_India,2019-11-07 04:00:00,Gujarat,Banaskantha,24.1724,72.4346,536.67,34.05,Moderate Rain
INSAT3D_TIR1_India/3DIMG_07NOV2019_0400_L1C_SGP.tif,3DIMG_07NOV2019_0400_L1C_SGP.tif,INSAT3D_TIR1_India,2019-11-07 04:00:00,Gujarat,Bharuch,21.7051,72.9959,680.33,14.71,Moderate Rain
INSAT3D_TIR1_India/3DIMG_07NOV2019_0400_L1C_SGP.tif,3DIMG_07NOV2019_0400_L1C_SGP.tif,INSAT3D_TIR1_India,2019-11-07 04:00:00,Gujarat,Bhavnagar,21.7645,72.1519,805.22,0.06,Light Rain
INSAT3D_TIR1_India/3DIMG_07NOV2019_0400_L1C_SGP.tif,3DIMG_07NOV2019_0400_L1C_SGP.tif,INSAT3D_TIR1_India,2019-11-07 04:00:00,Gujarat,Botad,22.1704,71.6662,823.44,0.3,Light Rain
INSAT3D_TIR1_India/3DIMG_07NOV2019_0400_L1C_SGP.tif,3DIMG_07NOV2019_0400_L1C_SGP.tif,INSAT3D_TIR1_India,2019-11-07 04:00:00,Gujarat,Chhota Udepur,22.3108,74.0125,797.78,0.0,No Rain
INSAT3D_TIR1_India/3DIMG_07NOV2019_0400_L1C_SGP.tif,3DIMG_07NOV2019_0400_L1C_SGP.tif,INSAT3D_TIR1_India,2019-11-07 04:00:00,Gujarat,Dahod,22.8347,74.2552,636.67,21.08,Moderate Rain
INSAT3D_TIR1_India/3DIMG_07NOV2019_0400_L1C_SGP.tif,3DIMG_07NOV2019_0400_L1C_SGP.tif,INSAT3D_TIR1_India,2019-11-07 04:00:00,Gujarat,Dang,20.7554,73.6873,655.22,14.59,Moderate Rain
INSAT3D_TIR1_India/3DIMG_07NOV2019_0400_L1C_SGP.tif,3DIMG_07NOV2019_0400_L1C_SGP.tif,INSAT3D_TIR1_India,2019-11-07 04:00:00,Gujarat,Devbhumi Dwarka,22.2078,69.6582,533.22,31.33,Moderate Rain
INSAT3D_TIR1_India/3DIMG_07NOV2019_0400_L1C_SGP.tif,3DIMG_07NOV2019_0400_L1C_SGP.tif,INSAT3D_TIR1_India,2019-11-07 04:00:00,Gujarat,Gandhinagar,23.2156,72.6369,708.67,8.43,Moderate Rain
INSAT3D_TIR1_India/3DIMG_07NOV2019_0400_L1C_SGP.tif,3DIMG_07NOV2019_0400_L1C_SGP.tif,INSAT3D_TIR1_India,2019-11-07 04:00:00,Gujarat,Gir Somnath,20.9042,70.3644,673.67,13.32,Moderate Rain
INSAT3D_TIR1_India/3DIMG_07NOV2019_0400_L1C_SGP.tif,3DIMG_07NOV2019_0400_L1C_SGP.tif,INSAT3D_TIR1_India,2019-11-07 04:00:00,Gujarat,Jamnagar,22.4707,70.0577,533.67,32.94,Moderate Rain
INSAT3D_TIR1_India/3DIMG_07NOV2019_0400_L1C_SGP.tif,3DIMG_07NOV2019_0400_L1C_SGP.tif,INSAT3D_TIR1_India,2019-11-07 04:00:00,Gujarat,Junagadh,21.5222,70.4579,688.0,13.24,Moderate Rain
INSAT3D_TIR1_India/3DIMG_07NOV2019_0400_L1C_SGP.tif,3DIMG_07NOV2019_0400_L1C_SGP.tif,INSAT3D_TIR1_India,2019-11-07 04:00:00,Gujarat,Kheda,22.6916,72.8634,798.33,2.02,Light Rain
INSAT3D_TIR1_India/3DIMG_07NOV2019_0400_L1C_SGP.tif,3DIMG_07NOV2019_0400_L1C_SGP.tif,INSAT3D_TIR1_India,2019-11-07 04:00:00,Gujarat,Kutch (Bhuj),23.242,69.6669,522.67,34.25,Moderate Rain
INSAT3D_TIR1_India/3DIMG_07NOV2019_0400_L1C_SGP.tif,3DIMG_07NOV2019_0400_L1C_SGP.tif,INSAT3D_TIR1_India,2019-11-07 04:00:00,Gujarat,Mahisagar,23.1311,73.6009,579.22,26.58,Moderate Rain
INSAT3D_TIR1_India/3DIMG_07NOV2019_0400_L1C_SGP.tif,3DIMG_07NOV2019_0400_L1C_SGP.tif,INSAT3D_TIR1_India,2019-11-07 04:00:00,Gujarat,Mehsana,23.588,72.3693,629.78,16.78,Moderate Rain
INSAT3D_TIR1_India/3DIMG_07NOV2019_0400_L1C_SGP.tif,3DIMG_07NOV2019_0400_L1C_SGP.tif,INSAT3D_TIR1_India,2019-11-07 04:00:00,Gujarat,Morbi,22.8173,70.8368,544.56,32.54,Moderate Rain
INSAT3D_TIR1_India/3DIMG_07NOV2019_0400_L1C_SGP.tif,3DIMG_07NOV2019_0400_L1C_SGP.tif,INSAT3D_TIR1_India,2019-11-07 04:00:00,Gujarat,Narmada,21.8719,73.5028,705.44,7.53,Moderate Rain
INSAT3D_TIR1_India/3DIMG_07NOV2019_0400_L1C_SGP.tif,3DIMG_07NOV2019_0400_L1C_SGP.tif,INSAT3D_TIR1_India,2019-11-07 04:00:00,Gujarat,Navsari,20.9467,72.952,682.67,11.71,Moderate Rain
INSAT3D_TIR1_India/3DIMG_07NOV2019_0400_L1C_SGP.tif,3DIMG_07NOV2019_0400_L1C_SGP.tif,INSAT3D_TIR1_India,2019-11-07 04:00:00,Gujarat,Panchmahal,22.778,73.6143,846.22,0.0,No Rain
INSAT3D_TIR1_India/3DIMG_07NOV2019_0400_L1C_SGP.tif,3DIMG_07NOV2019_0400_L1C_SGP.tif,INSAT3D_TIR1_India,2019-11-07 04:00:00,Gujarat,Patan,23.8493,72.1266,575.67,26.26,Moderate Rain
INSAT3D_TIR1_India/3DIMG_07NOV2019_0400_L1C_SGP.tif,3DIMG_07NOV2019_0400_L1C_SGP.tif,INSAT3D_TIR1_India,2019-11-07 04:00:00,Gujarat,Porbandar,21.6417,69.6293,523.78,35.65,Heavy Rain
INSAT3D_TIR1_India/3DIMG_07NOV2019_0400_L1C_SGP.tif,3DIMG_07NOV2019_0400_L1C_SGP.tif,INSAT3D_TIR1_India,2019-11-07 04:00:00,Gujarat,Rajkot,22.3039,70.8022,560.89,27.54,Moderate Rain
INSAT3D_TIR1_India/3DIMG_07NOV2019_0400_L1C_SGP.tif,3DIMG_07NOV2019_0400_L1C_SGP.tif,INSAT3D_TIR1_India,2019-11-07 04:00:00,Gujarat,Sabarkantha,23.5977,72.9688,658.89,15.06,Moderate Rain
INSAT3D_TIR1_India/3DIMG_07NOV2019_0400_L1C_SGP.tif,3DIMG_07NOV2019_0400_L1C_SGP.tif,INSAT3D_TIR1_India,2019-11-07 04:00:00,Gujarat,Surat,21.1702,72.8311,674.33,13.06,Moderate Rain
INSAT3D_TIR1_India/3DIMG_07NOV2019_0400_L1C_SGP.tif,3DIMG_07NOV2019_0400_L1C_SGP.tif,INSAT3D_TIR1_India,2019-11-07 04:00:00,Gujarat,Surendranagar,22.7274,71.637,734.0,6.17,Light Rain
INSAT3D_TIR1_India/3DIMG_07NOV2019_0400_L1C_SGP.tif,3DIMG_07NOV2019_0400_L1C_SGP.tif,INSAT3D_TIR1_India,2019-11-07 04:00:00,Gujarat,Tapi,21.1147,73.3986,753.78,0.0,No Rain
INSAT3D_TIR1_India/3DIMG_07NOV2019_0400_L1C_SGP.tif,3DIMG_07NOV2019_0400_L1C_SGP.tif,INSAT3D_TIR1_India,2019-11-07 04:00:00,Gujarat,Vadodara,22.3072,73.1812,671.33,11.93,Moderate Rain
INSAT3D_TIR1_India/3DIMG_07NOV2019_0400_L1C_SGP.tif,3DIMG_07NOV2019_0400_L1C_SGP.tif,INSAT3D_TIR1_India,2019-11-07 04:00:00,Gujarat,Valsad,20.5992,72.9342,567.33,31.29,Moderate Rain
INSAT3D_TIR1_India/3DIMG_07NOV2019_0430_L1C_SGP.tif,3DIMG_07NOV2019_0430_L1C_SGP.tif,INSAT3D_TIR1_India,2019-11-07 04:30:00,Gujarat,Ahmedabad,23.0225,72.5714,740.33,4.31,Light Rain
INSAT3D_TIR1_India/3DIMG_07NOV2019_0430_L1C_SGP.tif,3DIMG_07NOV2019_0430_L1C_SGP.tif,INSAT3D_TIR1_India,2019-11-07 04:30:00,Gujarat,Amreli,21.6032,71.2221,863.56,0.73,Light Rain
INSAT3D_TIR1_India/3DIMG_07NOV2019_0430_L1C_SGP.tif,3DIMG_07NOV2019_0430_L1C_SGP.tif,INSAT3D_TIR1_India,2019-11-07 04:30:00,Gujarat,Anand,22.5645,72.9289,687.11,11.99,Moderate Rain
INSAT3D_TIR1_India/3DIMG_07NOV2019_0430_L1C_SGP.tif,3DIMG_07NOV2019_0430_L1C_SGP.tif,INSAT3D_TIR1_India,2019-11-07 04:30:00,Gujarat,Aravalli,23.4619,73.3039,772.11,0.0,No Rain
INSAT3D_TIR1_India/3DIMG_07NOV2019_0430_L1C_SGP.tif,3DIMG_07NOV2019_0430_L1C_SGP.tif,INSAT3D_TIR1_India,2019-11-07 04:30:00,Gujarat,Banaskantha,24.1724,72.4346,546.11,32.63,Moderate Rain
INSAT3D_TIR1_India/3DIMG_07NOV2019_0430_L1C_SGP.tif,3DIMG_07NOV2019_0430_L1C_SGP.tif,INSAT3D_TIR1_India,2019-11-07 04:30:00,Gujarat,Bharuch,21.7051,72.9959,710.78,10.14,Moderate Rain
INSAT3D_TIR1_India/3DIMG_07NOV2019_0430_L1C_SGP.tif,3DIMG_07NOV2019_0430_L1C_SGP.tif,INSAT3D_TIR1_India,2019-11-07 04:30:00,Gujarat,Bhavnagar,21.7645,72.1519,809.44,0.06,Light Rain
INSAT3D_TIR1_India/3DIMG_07NOV2019_0430_L1C_SGP.tif,3DIMG_07NOV2019_0430_L1C_SGP.tif,INSAT3D_TIR1_India,2019-11-07 04:30:00,Gujarat,Botad,22.1704,71.6662,702.22,8.97,Moderate Rain
INSAT3D_TIR1_India/3DIMG_07NOV2019_0430_L1C_SGP.tif,3DIMG_07NOV2019_0430_L1C_SGP.tif,INSAT3D_TIR1_India,2019-11-07 04:30:00,Gujarat,Chhota Udepur,22.3108,74.0125,720.56,5.62,Light Rain
INSAT3D_TIR1_India/3DIMG_07NOV2019_0430_L1C_SGP.tif,3DIMG_07NOV2019_0430_L1C_SGP.tif,INSAT3D_TIR1_India,2019-11-07 04:30:00,Gujarat,Dahod,22.8347,74.2552,775.56,2.58,Light Rain
INSAT3D_TIR1_India/3DIMG_07NOV2019_0430_L1C_SGP.tif,3DIMG_07NOV2019_0430_L1C_SGP.tif,INSAT3D_TIR1_India,2019-11-07 04:30:00,Gujarat,Dang,20.7554,73.6873,638.67,17.08,Moderate Rain
INSAT3D_TIR1_India/3DIMG_07NOV2019_0430_L1C_SGP.tif,3DIMG_07NOV2019_0430_L1C_SGP.tif,INSAT3D_TIR1_India,2019-11-07 04:30:00,Gujarat,Devbhumi Dwarka,22.2078,69.6582,521.22,33.13,Moderate Rain
INSAT3D_TIR1_India/3DIMG_07NOV2019_0430_L1C_SGP.tif,3DIMG_07NOV2019_0430_L1C_SGP.tif,INSAT3D_TIR1_India,2019-11-07 04:30:00,Gujarat,Gandhinagar,23.2156,72.6369,731.56,4.99,Light Rain
INSAT3D_TIR1_India/3DIMG_07NOV2019_0430_L1C_SGP.tif,3DIMG_07NOV2019_0430_L1C_SGP.tif,INSAT3D_TIR1_India,2019-11-07 04:30:00,Gujarat,Gir Somnath,20.9042,70.3644,661.89,15.09,Moderate Rain
INSAT3D_TIR1_India/3DIMG_07NOV2019_0430_L1C_SGP.tif,3DIMG_07NOV2019_0430_L1C_SGP.tif,INSAT3D_TIR1_India,2019-11-07 04:30:00,Gujarat,Jamnagar,22.4707,70.0577,524.67,34.29,Moderate Rain
INSAT3D_TIR1_India/3DIMG_07NOV2019_0430_L1C_SGP.tif,3DIMG_07NOV2019_0430_L1C_SGP.tif,INSAT3D_TIR1_India,2019-11-07 04:30:00,Gujarat,Junagadh,21.5222,70.4579,637.0,20.89,Moderate Rain
INSAT3D_TIR1_India/3DIMG_07NOV2019_0430_L1C_SGP.tif,3DIMG_07NOV2019_0430_L1C_SGP.tif,INSAT3D_TIR1_India,2019-11-07 04:30:00,Gujarat,Kheda,22.6916,72.8634,667.11,15.95,Moderate Rain
INSAT3D_TIR1_India/3DIMG_07NOV2019_0430_L1C_SGP.tif,3DIMG_07NOV2019_0430_L1C_SGP.tif,INSAT3D_TIR1_India,2019-11-07 04:30:00,Gujarat,Kutch (Bhuj),23.242,69.6669,512.33,35.8,Heavy Rain
INSAT3D_TIR1_India/3DIMG_07NOV2019_0430_L1C_SGP.tif,3DIMG_07NOV2019_0430_L1C_SGP.tif,INSAT3D_TIR1_India,2019-11-07 04:30:00,Gujarat,Mahisagar,23.1311,73.6009,664.44,13.8,Moderate Rain
INSAT3D_TIR1_India/3DIMG_07NOV2019_0430_L1C_SGP.tif,3DIMG_07NOV2019_0430_L1C_SGP.tif,INSAT3D_TIR1_India,2019-11-07 04:30:00,Gujarat,Mehsana,23.588,72.3693,703.67,5.69,Light Rain
INSAT3D_TIR1_India/3DIMG_07NOV2019_0430_L1C_SGP.tif,3DIMG_07NOV2019_0430_L1C_SGP.tif,INSAT3D_TIR1_India,2019-11-07 04:30:00,Gujarat,Morbi,22.8173,70.8368,534.44,34.06,Moderate Rain
INSAT3D_TIR1_India/3DIMG_07NOV2019_0430_L1C_SGP.tif,3DIMG_07NOV2019_0430_L1C_SGP.tif,INSAT3D_TIR1_India,2019-11-07 04:30:00,Gujarat,Narmada,21.8719,73.5028,677.0,11.79,Moderate Rain
INSAT3D_TIR1_India/3DIMG_07NOV2019_0430_L1C_SGP.tif,3DIMG_07NOV2019_0430_L1C_SGP.tif,INSAT3D_TIR1_India,2019-11-07 04:30:00,Gujarat,Navsari,20.9467,72.952,677.11,12.54,Moderate Rain
INSAT3D_TIR1_India/3DIMG_07NOV2019_0430_L1C_SGP.tif,3DIMG_07NOV2019_0430_L1C_SGP.tif,INSAT3D_TIR1_India,2019-11-07 04:30:00,Gujarat,Panchmahal,22.778,73.6143,818.33,0.0,No Rain
INSAT3D_TIR1_India/3DIMG_07NOV2019_0430_L1C_SGP.tif,3DIMG_07NOV2019_0430_L1C_SGP.tif,INSAT3D_TIR1_India,2019-11-07 04:30:00,Gujarat,Patan,23.8493,72.1266,561.78,28.34,Moderate Rain
INSAT3D_TIR1_India/3DIMG_07NOV2019_0430_L1C_SGP.tif,3DIMG_07NOV2019_0430_L1C_SGP.tif,INSAT3D_TIR1_India,2019-11-07 04:30:00,Gujarat,Porbandar,21.6417,69.6293,515.78,36.85,Heavy Rain
INSAT3D_TIR1_India/3DIMG_07NOV2019_0430_L1C_SGP.tif,3DIMG_07NOV2019_0430_L1C_SGP.tif,INSAT3D_TIR1_India,2019-11-07 04:30:00,Gujarat,Rajkot,22.3039,70.8022,549.78,29.21,Moderate Rain
INSAT3D_TIR1_India/3DIMG_07NOV2019_0430_L1C_SGP.tif,3DIMG_07NOV2019_0430_L1C_SGP.tif,INSAT3D_TIR1_India,2019-11-07 04:30:00,Gujarat,Sabarkantha,23.5977,72.9688,736.22,3.46,Light Rain
INSAT3D_TIR1_India/3DIMG_07NOV2019_0430_L1C_SGP.tif,3DIMG_07NOV2019_0430_L1C_SGP.tif,INSAT3D_TIR1_India,2019-11-07 04:30:00,Gujarat,Surat,21.1702,72.8311,722.0,5.91,Light Rain
INSAT3D_TIR1_India/3DIMG_07NOV2019_0430_L1C_SGP.tif,3DIMG_07NOV2019_0430_L1C_SGP.tif,INSAT3D_TIR1_India,2019-11-07 04:30:00,Gujarat,Surendranagar,22.7274,71.637,565.67,31.42,Moderate Rain
INSAT3D_TIR1_India/3DIMG_07NOV2019_0430_L1C_SGP.tif,3DIMG_07NOV2019_0430_L1C_SGP.tif,INSAT3D_TIR1_India,2019-11-07 04:30:00,Gujarat,Tapi,21.1147,73.3986,711.11,4.65,Light Rain
INSAT3D_TIR1_India/3DIMG_07NOV2019_0430_L1C_SGP.tif,3DIMG_07NOV2019_0430_L1C_SGP.tif,INSAT3D_TIR1_India,2019-11-07 04:30:00,Gujarat,Vadodara,22.3072,73.1812,691.33,8.93,Moderate Rain
INSAT3D_TIR1_India/3DIMG_07NOV2019_0430_L1C_SGP.tif,3DIMG_07NOV2019_0430_L1C_SGP.tif,INSAT3D_TIR1_India,2019-11-07 04:30:00,Gujarat,Valsad,20.5992,72.9342,575.67,30.04,Moderate Rain
INSAT3D_TIR1_India/3DIMG_07NOV2019_0500_L1C_SGP.tif,3DIMG_07NOV2019_0500_L1C_SGP.tif,INSAT3D_TIR1_India,2019-11-07 05:00:00,Gujarat,Ahmedabad,23.0225,72.5714,681.67,13.11,Moderate Rain
INSAT3D_TIR1_India/3DIMG_07NOV2019_0500_L1C_SGP.tif,3DIMG_07NOV2019_0500_L1C_SGP.tif,INSAT3D_TIR1_India,2019-11-07 05:00:00,Gujarat,Amreli,21.6032,71.2221,855.11,0.73,Light Rain
INSAT3D_TIR1_India/3DIMG_07NOV2019_0500_L1C_SGP.tif,3DIMG_07NOV2019_0500_L1C_SGP.tif,INSAT3D_TIR1_India,2019-11-07 05:00:00,Gujarat,Anand,22.5645,72.9289,665.44,15.24,Moderate Rain
INSAT3D_TIR1_India/3DIMG_07NOV2019_0500_L1C_SGP.tif,3DIMG_07NOV2019_0500_L1C_SGP.tif,INSAT3D_TIR1_India,2019-11-07 05:00:00,Gujarat,Aravalli,23.4619,73.3039,746.78,0.0,No Rain
INSAT3D_TIR1_India/3DIMG_07NOV2019_0500_L1C_SGP.tif,3DIMG_07NOV2019_0500_L1C_SGP.tif,INSAT3D_TIR1_India,2019-11-07 05:00:00,Gujarat,Banaskantha,24.1724,72.4346,568.89,29.22,Moderate Rain
INSAT3D_TIR1_India/3DIMG_07NOV2019_0500_L1C_SGP.tif,3DIMG_07NOV2019_0500_L1C_SGP.tif,INSAT3D_TIR1_India,2019-11-07 05:00:00,Gujarat,Bharuch,21.7051,72.9959,688.67,13.46,Moderate Rain
INSAT3D_TIR1_India/3DIMG_07NOV2019_0500_L1C_SGP.tif,3DIMG_07NOV2019_0500_L1C_SGP.tif,INSAT3D_TIR1_India,2019-11-07 05:00:00,Gujarat,Bhavnagar,21.7645,72.1519,681.56,11.83,Moderate Rain
INSAT3D_TIR1_India/3DIMG_07NOV2019_0500_L1C_SGP.tif,3DIMG_07NOV2019_0500_L1C_SGP.tif,INSAT3D_TIR1_India,2019-11-07 05:00:00,Gujarat,Botad,22.1704,71.6662,814.22,0.3,Light Rain
INSAT3D_TIR1_India/3DIMG_07NOV2019_0500_L1C_SGP.tif,3DIMG_07NOV2019_0500_L1C_SGP.tif,INSAT3D_TIR1_India,2019-11-07 05:00:00,Gujarat,Chhota Udepur,22.3108,74.0125,709.33,7.3,Light Rain
INSAT3D_TIR1_India/3DIMG_07NOV2019_0500_L1C_SGP.tif,3DIMG_07NOV2019_0500_L1C_SGP.tif,INSAT3D_TIR1_India,2019-11-07 05:00:00,Gujarat,Dahod,22.8347,74.2552,772.0,2.58,Light Rain
INSAT3D_TIR1_India/3DIMG_07NOV2019_0500_L1C_SGP.tif,3DIMG_07NOV2019_0500_L1C_SGP.tif,INSAT3D_TIR1_India,2019-11-07 05:00:00,Gujarat,Dang,20.7554,73.6873,570.67,27.28,Moderate Rain
INSAT3D_TIR1_India/3DIMG_07NOV2019_0500_L1C_SGP.tif,3DIMG_07NOV2019_0500_L1C_SGP.tif,INSAT3D_TIR1_India,2019-11-07 05:00:00,Gujarat,Devbhumi Dwarka,22.2078,69.6582,513.33,34.31,Moderate Rain
INSAT3D_TIR1_India/3DIMG_07NOV2019_0500_L1C_SGP.tif,3DIMG_07NOV2019_0500_L1C_SGP.tif,INSAT3D_TIR1_India,2019-11-07 05:00:00,Gujarat,Gandhinagar,23.2156,72.6369,756.67,1.23,Light Rain
INSAT3D_TIR1_India/3DIMG_07NOV2019_0500_L1C_SGP.tif,3DIMG_07NOV2019_0500_L1C_SGP.tif,INSAT3D_TIR1_India,2019-11-07 05:00:00,Gujarat,Gir Somnath,20.9042,70.3644,608.67,23.07,Moderate Rain
INSAT3D_TIR1_India/3DIMG_07NOV2019_0500_L1C_SGP.tif,3DIMG_07NOV2019_0500_L1C_SGP.tif,INSAT3D_TIR1_India,2019-11-07 05:00:00,Gujarat,Jamnagar,22.4707,70.0577,516.0,35.59,Heavy Rain
INSAT3D_TIR1_India/3DIMG_07NOV2019_0500_L1C_SGP.tif,3DIMG_07NOV2019_0500_L1C_SGP.tif,INSAT3D_TIR1_India,2019-11-07 05:00:00,Gujarat,Junagadh,21.5222,70.4579,642.44,20.07,Moderate Rain
INSAT3D_TIR1_India/3DIMG_07NOV2019_0500_L1C_SGP.tif,3DIMG_07NOV2019_0500_L1C_SGP.tif,INSAT3D_TIR1_India,2019-11-07 05:00:00,Gujarat,Kheda,22.6916,72.8634,758.44,2.25,Light Rain
INSAT3D_TIR1_India/3DIMG_07NOV2019_0500_L1C_SGP.tif,3DIMG_07NOV2019_0500_L1C_SGP.tif,INSAT3D_TIR1_India,2019-11-07 05:00:00,Gujarat,Kutch (Bhuj),23.242,69.6669,500.44,37.58,Heavy Rain
INSAT3D_TIR1_India/3DIMG_07NOV2019_0500_L1C_SGP.tif,3DIMG_07NOV2019_0500_L1C_SGP.tif,INSAT3D_TIR1_India,2019-11-07 05:00:00,Gujarat,Mahisagar,23.1311,73.6009,745.89,1.58,Light Rain
INSAT3D_TIR1_India/3DIMG_07NOV2019_0500_L1C_SGP.tif,3DIMG_07NOV2019_0500_L1C_SGP.tif,INSAT3D_TIR1_India,2019-11-07 05:00:00,Gujarat,Mehsana,23.588,72.3693,715.22,3.96,Light Rain
INSAT3D_TIR1_India/3DIMG_07NOV2019_0500_L1C_SGP.tif,3DIMG_07NOV2019_0500_L1C_SGP.tif,INSAT3D_TIR1_India,2019-11-07 05:00:00,Gujarat,Morbi,22.8173,70.8368,515.67,36.88,Heavy Rain
INSAT3D_TIR1_India/3DIMG_07NOV2019_0500_L1C_SGP.tif,3DIMG_07NOV2019_0500_L1C_SGP.tif,INSAT3D_TIR1_India,2019-11-07 05:00:00,Gujarat,Narmada,21.8719,73.5028,687.0,10.29,Moderate Rain
INSAT3D_TIR1_India/3DIMG_07NOV2019_0500_L1C_SGP.tif,3DIMG_07NOV2019_0500_L1C_SGP.tif,INSAT3D_TIR1_India,2019-11-07 05:00:00,Gujarat,Navsari,20.9467,72.952,711.22,7.42,Light Rain
INSAT3D_TIR1_India/3DIMG_07NOV2019_0500_L1C_SGP.tif,3DIMG_07NOV2019_0500_L1C_SGP.tif,INSAT3D_TIR1_India,2019-11-07 05:00:00,Gujarat,Panchmahal,22.778,73.6143,746.0,1.86,Light Rain
INSAT3D_TIR1_India/3DIMG_07NOV2019_0500_L1C_SGP.tif,3DIMG_07NOV2019_0500_L1C_SGP.tif,INSAT3D_TIR1_India,2019-11-07 05:00:00,Gujarat,Patan,23.8493,72.1266,549.67,30.16,Moderate Rain
INSAT3D_TIR1_India/3DIMG_07NOV2019_0500_L1C_SGP.tif,3DIMG_07NOV2019_0500_L1C_SGP.tif,INSAT3D_TIR1_India,2019-11-07 05:00:00,Gujarat,Porbandar,21.6417,69.6293,526.44,35.25,Moderate Rain
INSAT3D_TIR1_India/3DIMG_07NOV2019_0500_L1C_SGP.tif,3DIMG_07NOV2019_0500_L1C_SGP.tif,INSAT3D_TIR1_India,2019-11-07 05:00:00,Gujarat,Rajkot,22.3039,70.8022,525.56,32.84,Moderate Rain
INSAT3D_TIR1_India/3DIMG_07NOV2019_0500_L1C_SGP.tif,3DIMG_07NOV2019_0500_L1C_SGP.tif,INSAT3D_TIR1_India,2019-11-07 05:00:00,Gujarat,Sabarkantha,23.5977,72.9688,708.44,7.63,Moderate Rain
INSAT3D_TIR1_India/3DIMG_07NOV2019_0500_L1C_SGP.tif,3DIMG_07NOV2019_0500_L1C_SGP.tif,INSAT3D_TIR1_India,2019-11-07 05:00:00,Gujarat,Surat,21.1702,72.8311,691.11,10.55,Moderate Rain
INSAT3D_TIR1_India/3DIMG_07NOV2019_0500_L1C_SGP.tif,3DIMG_07NOV2019_0500_L1C_SGP.tif,INSAT3D_TIR1_India,2019-11-07 05:00:00,Gujarat,Surendranagar,22.7274,71.637,575.44,29.95,Moderate Rain
INSAT3D_TIR1_India/3DIMG_07NOV2019_0500_L1C_SGP.tif,3DIMG_07NOV2019_0500_L1C_SGP.tif,INSAT3D_TIR1_India,2019-11-07 05:00:00,Gujarat,Tapi,21.1147,73.3986,673.22,10.34,Moderate Rain
INSAT3D_TIR1_India/3DIMG_07NOV2019_0500_L1C_SGP.tif,3DIMG_07NOV2019_0500_L1C_SGP.tif,INSAT3D_TIR1_India,2019-11-07 05:00:00,Gujarat,Vadodara,22.3072,73.1812,686.67,9.63,Moderate Rain
INSAT3D_TIR1_India/3DIMG_07NOV2019_0500_L1C_SGP.tif,3DIMG_07NOV2019_0500_L1C_SGP.tif,INSAT3D_TIR1_India,2019-11-07 05:00:00,Gujarat,Valsad,20.5992,72.9342,692.56,12.51,Moderate Rain
INSAT3D_TIR1_India/3DIMG_07NOV2019_0530_L1C_SGP.tif,3DIMG_07NOV2019_0530_L1C_SGP.tif,INSAT3D_TIR1_India,2019-11-07 05:30:00,Gujarat,Ahmedabad,23.0225,72.5714,635.33,20.06,Moderate Rain
INSAT3D_TIR1_India/3DIMG_07NOV2019_0530_L1C_SGP.tif,3DIMG_07NOV2019_0530_L1C_SGP.tif,INSAT3D_TIR1_India,2019-11-07 05:30:00,Gujarat,Amreli,21.6032,71.2221,618.67,21.93,Moderate Rain
INSAT3D_TIR1_India/3DIMG_07NOV2019_0530_L1C_SGP.tif,3DIMG_07NOV2019_0530_L1C_SGP.tif,INSAT3D_TIR1_India,2019-11-07 05:30:00,Gujarat,Anand,22.5645,72.9289,717.67,7.41,Light Rain
INSAT3D_TIR1_India/3DIMG_07NOV2019_0530_L1C_SGP.tif,3DIMG_07NOV2019_0530_L1C_SGP.tif,INSAT3D_TIR1_India,2019-11-07 05:30:00,Gujarat,Aravalli,23.4619,73.3039,677.78,10.27,Moderate Rain
INSAT3D_TIR1_India/3DIMG_07NOV2019_0530_L1C_SGP.tif,3DIMG_07NOV2019_0530_L1C_SGP.tif,INSAT3D_TIR1_India,2019-11-07 05:30:00,Gujarat,Banaskantha,24.1724,72.4346,521.44,36.33,Heavy Rain
INSAT3D_TIR1_India/3DIMG_07NOV2019_0530_L1C_SGP.tif,3DIMG_07NOV2019_0530_L1C_SGP.tif,INSAT3D_TIR1_India,2019-11-07 05:30:00,Gujarat,Bharuch,21.7051,72.9959,667.67,16.61,Moderate Rain
INSAT3D_TIR1_India/3DIMG_07NOV2019_0530_L1C_SGP.tif,3DIMG_07NOV2019_0530_L1C_SGP.tif,INSAT3D_TIR1_India,2019-11-07 05:30:00,Gujarat,Bhavnagar,21.7645,72.1519,768.56,0.06,Light Rain
INSAT3D_TIR1_India/3DIMG_07NOV2019_0530_L1C_SGP.tif,3DIMG_07NOV2019_0530_L1C_SGP.tif,INSAT3D_TIR1_India,2019-11-07 05:30:00,Gujarat,Botad,22.1704,71.6662,798.33,0.3,Light Rain
INSAT3D_TIR1_India/3DIMG_07NOV2019_0530_L1C_SGP.tif,3DIMG_07NOV2019_0530_L1C_SGP.tif,INSAT3D_TIR1_India,2019-11-07 05:30:00,Gujarat,Chhota Udepur,22.3108,74.0125,692.78,9.78,Moderate Rain
INSAT3D_TIR1_India/3DIMG_07NOV2019_0530_L1C_SGP.tif,3DIMG_07NOV2019_0530_L1C_SGP.tif,INSAT3D_TIR1_India,2019-11-07 05:30:00,Gujarat,Dahod,22.8347,74.2552,704.67,10.88,Moderate Rain
INSAT3D_TIR1_India/3DIMG_07NOV2019_0530_L1C_SGP.tif,3DIMG_07NOV2019_0530_L1C_SGP.tif,INSAT3D_TIR1_India,2019-11-07 05:30:00,Gujarat,Dang,20.7554,73.6873,644.89,16.14,Moderate Rain
INSAT3D_TIR1_India/3DIMG_07NOV2019_0530_L1C_SGP.tif,3DIMG_07NOV2019_0530_L1C_SGP.tif,INSAT3D_TIR1_India,2019-11-07 05:30:00,Gujarat,Devbhumi Dwarka,22.2078,69.6582,505.44,35.49,Moderate Rain
INSAT3D_TIR1_India/3DIMG_07NOV2019_0530_L1C_SGP.tif,3DIMG_07NOV2019_0530_L1C_SGP.tif,INSAT3D_TIR1_India,2019-11-07 05:30:00,Gujarat,Gandhinagar,23.2156,72.6369,710.33,8.18,Moderate Rain
INSAT3D_TIR1_India/3DIMG_07NOV2019_0530_L1C_SGP.tif,3DIMG_07NOV2019_0530_L1C_SGP.tif,INSAT3D_TIR1_India,2019-11-07 05:30:00,Gujarat,Gir Somnath,20.9042,70.3644,576.44,27.91,Moderate Rain
INSAT3D_TIR1_India/3DIMG_07NOV2019_0530_L1C_SGP.tif,3DIMG_07NOV2019_0530_L1C_SGP.tif,INSAT3D_TIR1_India,2019-11-07 05:30:00,Gujarat,Jamnagar,22.4707,70.0577,513.11,36.02,Heavy Rain
INSAT3D_TIR1_India/3DIMG_07NOV2019_0530_L1C_SGP.tif,3DIMG_07NOV2019_0530_L1C_SGP.tif,INSAT3D_TIR1_India,2019-11-07 05:30:00,Gujarat,Junagadh,21.5222,70.4579,643.22,19.95,Moderate Rain
INSAT3D_TIR1_India/3DIMG_07NOV2019_0530_L1C_SGP.tif,3DIMG_07NOV2019_0530_L1C_SGP.tif,INSAT3D_TIR1_India,2019-11-07 05:30:00,Gujarat,Kheda,22.6916,72.8634,743.22,4.54,Light Rain
INSAT3D_TIR1_India/3DIMG_07NOV2019_0530_L1C_SGP.tif,3DIMG_07NOV2019_0530_L1C_SGP.tif,INSAT3D_TIR1_India,2019-11-07 05:30:00,Gujarat,Kutch (Bhuj),23.242,69.6669,488.22,39.42,Heavy Rain
INSAT3D_TIR1_India/3DIMG_07NOV2019_0530_L1C_SGP.tif,3DIMG_07NOV2019_0530_L1C_SGP.tif,INSAT3D_TIR1_India,2019-11-07 05:30:00,Gujarat,Mahisagar,23.1311,73.6009,704.67,7.77,Moderate Rain
INSAT3D_TIR1_India/3DIMG_07NOV2019_0530_L1C_SGP.tif,3DIMG_07NOV2019_0530_L1C_SGP.tif,INSAT3D_TIR1_India,2019-11-07 05:30:00,Gujarat,Mehsana,23.588,72.3693,562.33,26.89,Moderate Rain
INSAT3D_TIR1_India/3DIMG_07NOV2019_0530_L1C_SGP.tif,3DIMG_07NOV2019_0530_L1C_SGP.tif,INSAT3D_TIR1_India,2019-11-07 05:30:00,Gujarat,Morbi,22.8173,70.8368,504.78,38.51,Heavy Rain
INSAT3D_TIR1_India/3DIMG_07NOV2019_0530_L1C_SGP.tif,3DIMG_07NOV2019_0530_L1C_SGP.tif,INSAT3D_TIR1_India,2019-11-07 05:30:00,Gujarat,Narmada,21.8719,73.5028,686.44,10.38,Moderate Rain
INSAT3D_TIR1_India/3DIMG_07NOV2019_0530_L1C_SGP.tif,3DIMG_07NOV2019_0530_L1C_SGP.tif,INSAT3D_TIR1_India,2019-11-07 05:30:00,Gujarat,Navsari,20.9467,72.952,641.67,17.86,Moderate Rain
INSAT3D_TIR1_India/3DIMG_07NOV2019_0530_L1C_SGP.tif,3DIMG_07NOV2019_0530_L1C_SGP.tif,INSAT3D_TIR1_India,2019-11-07 05:30:00,Gujarat,Panchmahal,22.778,73.6143,698.0,9.06,Moderate Rain
INSAT3D_TIR1_India/3DIMG_07NOV2019_0530_L1C_SGP.tif,3DIMG_07NOV2019_0530_L1C_SGP.tif,INSAT3D_TIR1_India,2019-11-07 05:30:00,Gujarat,Patan,23.8493,72.1266,513.0,35.66,Heavy Rain
INSAT3D_TIR1_India/3DIMG_07NOV2019_0530_L1C_SGP.tif,3DIMG_07NOV2019_0530_L1C_SGP.tif,INSAT3D_TIR1_India,2019-11-07 05:30:00,Gujarat,Porbandar,21.6417,69.6293,502.56,38.83,Heavy Rain
INSAT3D_TIR1_India/3DIMG_07NOV2019_0530_L1C_SGP.tif,3DIMG_07NOV2019_0530_L1C_SGP.tif,INSAT3D_TIR1_India,2019-11-07 05:30:00,Gujarat,Rajkot,22.3039,70.8022,503.78,36.11,Heavy Rain
INSAT3D_TIR1_India/3DIMG_07NOV2019_0530_L1C_SGP.tif,3DIMG_07NOV2019_0530_L1C_SGP.tif,INSAT3D_TIR1_India,2019-11-07 05:30:00,Gujarat,Sabarkantha,23.5977,72.9688,726.33,4.94,Light Rain
INSAT3D_TIR1_India/3DIMG_07NOV2019_0530_L1C_SGP.tif,3DIMG_07NOV2019_0530_L1C_SGP.tif,INSAT3D_TIR1_India,2019-11-07 05:30:00,Gujarat,Surat,21.1702,72.8311,659.22,15.33,Moderate Rain
INSAT3D_TIR1_India/3DIMG_07NOV2019_0530_L1C_SGP.tif,3DIMG_07NOV2019_0530_L1C_SGP.tif,INSAT3D_TIR1_India,2019-11-07 05:30:00,Gujarat,Surendranagar,22.7274,71.637,550.89,33.64,Moderate Rain
INSAT3D_TIR1_India/3DIMG_07NOV2019_0530_L1C_SGP.tif,3DIMG_07NOV2019_0530_L1C_SGP.tif,INSAT3D_TIR1_India,2019-11-07 05:30:00,Gujarat,Tapi,21.1147,73.3986,730.67,1.72,Light Rain
INSAT3D_TIR1_India/3DIMG_07NOV2019_0530_L1C_SGP.tif,3DIMG_07NOV2019_0530_L1C_SGP.tif,INSAT3D_TIR1_India,2019-11-07 05:30:00,Gujarat,Vadodara,22.3072,73.1812,675.89,11.25,Moderate Rain
INSAT3D_TIR1_India/3DIMG_07NOV2019_0530_L1C_SGP.tif,3DIMG_07NOV2019_0530_L1C_SGP.tif,INSAT3D_TIR1_India,2019-11-07 05:30:00,Gujarat,Valsad,20.5992,72.9342,769.11,2.39,Light Rain
INSAT3D_TIR1_India/3DIMG_07NOV2019_0600_L1C_SGP.tif,3DIMG_07NOV2019_0600_L1C_SGP.tif,INSAT3D_TIR1_India,2019-11-07 06:00:00,Gujarat,Ahmedabad,23.0225,72.5714,738.44,4.59,Light Rain
INSAT3D_TIR1_India/3DIMG_07NOV2019_0600_L1C_SGP.tif,3DIMG_07NOV2019_0600_L1C_SGP.tif,INSAT3D_TIR1_India,2019-11-07 06:00:00,Gujarat,Amreli,21.6032,71.2221,660.67,15.63,Moderate Rain
INSAT3D_TIR1_India/3DIMG_07NOV2019_0600_L1C_SGP.tif,3DIMG_07NOV2019_0600_L1C_SGP.tif,INSAT3D_TIR1_India,2019-11-07 06:00:00,Gujarat,Anand,22.5645,72.9289,677.44,13.44,Moderate Rain
INSAT3D_TIR1_India/3DIMG_07NOV2019_0600_L1C_SGP.tif,3DIMG_07NOV2019_0600_L1C_SGP.tif,INSAT3D_TIR1_India,2019-11-07 06:00:00,Gujarat,Aravalli,23.4619,73.3039,689.67,8.48,Moderate Rain
INSAT3D_TIR1_India/3DIMG_07NOV2019_0600_L1C_SGP.tif,3DIMG_07NOV2019_0600_L1C_SGP.tif,INSAT3D_TIR1_India,2019-11-07 06:00:00,Gujarat,Banaskantha,24.1724,72.4346,512.67,37.65,Heavy Rain
INSAT3D_TIR1_India/3DIMG_07NOV2019_0600_L1C_SGP.tif,3DIMG_07NOV2019_0600_L1C_SGP.tif,INSAT3D_TIR1_India,2019-11-07 06:00:00,Gujarat,Bharuch,21.7051,72.9959,710.33,10.21,Moderate Rain
INSAT3D_TIR1_India/3DIMG_07NOV2019_0600_L1C_SGP.tif,3DIMG_07NOV2019_0600_L1C_SGP.tif,INSAT3D_TIR1_India,2019-11-07 06:00:00,Gujarat,Bhavnagar,21.7645,72.1519,874.22,0.06,Light Rain
INSAT3D_TIR1_India/3DIMG_07NOV2019_0600_L1C_SGP.tif,3DIMG_07NOV2019_0600_L1C_SGP.tif,INSAT3D_TIR1_India,2019-11-07 06:00:00,Gujarat,Botad,22.1704,71.6662,679.33,12.4,Moderate Rain
INSAT3D_TIR1_India/3DIMG_07NOV2019_0600_L1C_SGP.tif,3DIMG_07NOV2019_0600_L1C_SGP.tif,INSAT3D_TIR1_India,2019-11-07 06:00:00,Gujarat,Chhota Udepur,22.3108,74.0125,695.78,9.33,Moderate Rain
INSAT3D_TIR1_India/3DIMG_07NOV2019_0600_L1C_SGP.tif,3DIMG_07NOV2019_0600_L1C_SGP.tif,INSAT3D_TIR1_India,2019-11-07 06:00:00,Gujarat,Dahod,22.8347,74.2552,689.22,13.2,Moderate Rain
INSAT3D_TIR1_India/3DIMG_07NOV2019_0600_L1C_SGP.tif,3DIMG_07NOV2019_0600_L1C_SGP.tif,INSAT3D_TIR1_India,2019-11-07 06:00:00,Gujarat,Dang,20.7554,73.6873,677.56,11.24,Moderate Rain
INSAT3D_TIR1_India/3DIMG_07NOV2019_0600_L1C_SGP.tif,3DIMG_07NOV2019_0600_L1C_SGP.tif,INSAT3D_TIR1_India,2019-11-07 06:00:00,Gujarat,Devbhumi Dwarka,22.2078,69.6582,491.78,37.54,Heavy Rain
INSAT3D_TIR1_India/3DIMG_07NOV2019_0600_L1C_SGP.tif,3DIMG_07NOV2019_0600_L1C_SGP.tif,INSAT3D_TIR1_India,2019-11-07 06:00:00,Gujarat,Gandhinagar,23.2156,72.6369,713.0,7.78,Moderate Rain
INSAT3D_TIR1_India/3DIMG_07NOV2019_0600_L1C_SGP.tif,3DIMG_07NOV2019_0600_L1C_SGP.tif,INSAT3D_TIR1_India,2019-11-07 06:00:00,Gujarat,Gir Somnath,20.9042,70.3644,608.44,23.11,Moderate Rain
INSAT3D_TIR1_India/3DIMG_07NOV2019_0600_L1C_SGP.tif,3DIMG_07NOV2019_0600_L1C_SGP.tif,INSAT3D_TIR1_India,2019-11-07 06:00:00,Gujarat,Jamnagar,22.4707,70.0577,506.33,37.04,Heavy Rain
INSAT3D_TIR1_India/3DIMG_07NOV2019_0600_L1C_SGP.tif,3DIMG_07NOV2019_0600_L1C_SGP.tif,INSAT3D_TIR1_India,2019-11-07 06:00:00,Gujarat,Junagadh,21.5222,70.4579,618.44,23.67,Moderate Rain
INSAT3D_TIR1_India/3DIMG_07NOV2019_0600_L1C_SGP.tif,3DIMG_07NOV2019_0600_L1C_SGP.tif,INSAT3D_TIR1_India,2019-11-07 06:00:00,Gujarat,Kheda,22.6916,72.8634,757.78,2.35,Light Rain
INSAT3D_TIR1_India/3DIMG_07NOV2019_0600_L1C_SGP.tif,3DIMG_07NOV2019_0600_L1C_SGP.tif,INSAT3D_TIR1_India,2019-11-07 06:00:00,Gujarat,Kutch (Bhuj),23.242,69.6669,478.67,40.85,Heavy Rain
INSAT3D_TIR1_India/3DIMG_07NOV2019_0600_L1C_SGP.tif,3DIMG_07NOV2019_0600_L1C_SGP.tif,INSAT3D_TIR1_India,2019-11-07 06:00:00,Gujarat,Mahisagar,23.1311,73.6009,686.0,10.57,Moderate Rain
INSAT3D_TIR1_India/3DIMG_07NOV2019_0600_L1C_SGP.tif,3DIMG_07NOV2019_0600_L1C_SGP.tif,INSAT3D_TIR1_India,2019-11-07 06:00:00,Gujarat,Mehsana,23.588,72.3693,559.44,27.33,Moderate Rain
INSAT3D_TIR1_India/3DIMG_07NOV2019_0600_L1C_SGP.tif,3DIMG_07NOV2019_0600_L1C_SGP.tif,INSAT3D_TIR1_India,2019-11-07 06:00:00,Gujarat,Morbi,22.8173,70.8368,502.67,38.83,Heavy Rain
INSAT3D_TIR1_India/3DIMG_07NOV2019_0600_L1C_SGP.tif,3DIMG_07NOV2019_0600_L1C_SGP.tif,INSAT3D_TIR1_India,2019-11-07 06:00:00,Gujarat,Narmada,21.8719,73.5028,676.33,11.89,Moderate Rain
INSAT3D_TIR1_India/3DIMG_07NOV2019_0600_L1C_SGP.tif,3DIMG_07NOV2019_0600_L1C_SGP.tif,INSAT3D_TIR1_India,2019-11-07 06:00:00,Gujarat,Navsari,20.9467,72.952,759.11,0.24,Light Rain
INSAT3D_TIR1_India/3DIMG_07NOV2019_0600_L1C_SGP.tif,3DIMG_07NOV2019_0600_L1C_SGP.tif,INSAT3D_TIR1_India,2019-11-07 06:00:00,Gujarat,Panchmahal,22.778,73.6143,677.78,12.09,Moderate Rain
INSAT3D_TIR1_India/3DIMG_07NOV2019_0600_L1C_SGP.tif,3DIMG_07NOV2019_0600_L1C_SGP.tif,INSAT3D_TIR1_India,2019-11-07 06:00:00,Gujarat,Patan,23.8493,72.1266,505.33,36.81,Heavy Rain
INSAT3D_TIR1_India/3DIMG_07NOV2019_0600_L1C_SGP.tif,3DIMG_07NOV2019_0600_L1C_SGP.tif,INSAT3D_TIR1_India,2019-11-07 06:00:00,Gujarat,Porbandar,21.6417,69.6293,511.67,37.46,Heavy Rain
INSAT3D_TIR1_India/3DIMG_07NOV2019_0600_L1C_SGP.tif,3DIMG_07NOV2019_0600_L1C_SGP.tif,INSAT3D_TIR1_India,2019-11-07 06:00:00,Gujarat,Rajkot,22.3039,70.8022,546.67,29.68,Moderate Rain
INSAT3D_TIR1_India/3DIMG_07NOV2019_0600_L1C_SGP.tif,3DIMG_07NOV2019_0600_L1C_SGP.tif,INSAT3D_TIR1_India,2019-11-07 06:00:00,Gujarat,Sabarkantha,23.5977,72.9688,708.67,7.59,Moderate Rain
INSAT3D_TIR1_India/3DIMG_07NOV2019_0600_L1C_SGP.tif,3DIMG_07NOV2019_0600_L1C_SGP.tif,INSAT3D_TIR1_India,2019-11-07 06:00:00,Gujarat,Surat,21.1702,72.8311,762.67,0.21,Light Rain
INSAT3D_TIR1_India/3DIMG_07NOV2019_0600_L1C_SGP.tif,3DIMG_07NOV2019_0600_L1C_SGP.tif,INSAT3D_TIR1_India,2019-11-07 06:00:00,Gujarat,Surendranagar,22.7274,71.637,592.44,27.4,Moderate Rain
INSAT3D_TIR1_India/3DIMG_07NOV2019_0600_L1C_SGP.tif,3DIMG_07NOV2019_0600_L1C_SGP.tif,INSAT3D_TIR1_India,2019-11-07 06:00:00,Gujarat,Tapi,21.1147,73.3986,639.89,15.34,Moderate Rain
INSAT3D_TIR1_India/3DIMG_07NOV2019_0600_L1C_SGP.tif,3DIMG_07NOV2019_0600_L1C_SGP.tif,INSAT3D_TIR1_India,2019-11-07 06:00:00,Gujarat,Vadodara,22.3072,73.1812,671.33,11.93,Moderate Rain
INSAT3D_TIR1_India/3DIMG_07NOV2019_0600_L1C_SGP.tif,3DIMG_07NOV2019_0600_L1C_SGP.tif,INSAT3D_TIR1_India,2019-11-07 06:00:00,Gujarat,Valsad,20.5992,72.9342,791.22,2.39,Light Rain
INSAT3D_TIR1_India/3DIMG_07NOV2019_0630_L1C_SGP.tif,3DIMG_07NOV2019_0630_L1C_SGP.tif,INSAT3D_TIR1_India,2019-11-07 06:30:00,Gujarat,Ahmedabad,23.0225,72.5714,695.78,10.99,Moderate Rain
INSAT3D_TIR1_India/3DIMG_07NOV2019_0630_L1C_SGP.tif,3DIMG_07NOV2019_0630_L1C_SGP.tif,INSAT3D_TIR1_India,2019-11-07 06:30:00,Gujarat,Amreli,21.6032,71.2221,651.11,17.07,Moderate Rain
INSAT3D_TIR1_India/3DIMG_07NOV2019_0630_L1C_SGP.tif,3DIMG_07NOV2019_0630_L1C_SGP.tif,INSAT3D_TIR1_India,2019-11-07 06:30:00,Gujarat,Anand,22.5645,72.9289,684.11,12.44,Moderate Rain
INSAT3D_TIR1_India/3DIMG_07NOV2019_0630_L1C_SGP.tif,3DIMG_07NOV2019_0630_L1C_SGP.tif,INSAT3D_TIR1_India,2019-11-07 06:30:00,Gujarat,Aravalli,23.4619,73.3039,682.67,9.53,Moderate Rain
INSAT3D_TIR1_India/3DIMG_07NOV2019_0630_L1C_SGP.tif,3DIMG_07NOV2019_0630_L1C_SGP.tif,INSAT3D_TIR1_India,2019-11-07 06:30:00,Gujarat,Banaskantha,24.1724,72.4346,514.67,37.35,Heavy Rain
INSAT3D_TIR1_India/3DIMG_07NOV2019_0630_L1C_SGP.tif,3DIMG_07NOV2019_0630_L1C_SGP.tif,INSAT3D_TIR1_India,2019-11-07 06:30:00,Gujarat,Bharuch,21.7051,72.9959,635.22,21.48,Moderate Rain
INSAT3D_TIR1_India/3DIMG_07NOV2019_0630_L1C_SGP.tif,3DIMG_07NOV2019_0630_L1C_SGP.tif,INSAT3D_TIR1_India,2019-11-07 06:30:00,Gujarat,Bhavnagar,21.7645,72.1519,877.11,0.06,Light Rain
INSAT3D_TIR1_India/3DIMG_07NOV2019_0630_L1C_SGP.tif,3DIMG_07NOV2019_0630_L1C_SGP.tif,INSAT3D_TIR1_India,2019-11-07 06:30:00,Gujarat,Botad,22.1704,71.6662,577.33,27.7,Moderate Rain
INSAT3D_TIR1_India/3DIMG_07NOV2019_0630_L1C_SGP.tif,3DIMG_07NOV2019_0630_L1C_SGP.tif,INSAT3D_TIR1_India,2019-11-07 06:30:00,Gujarat,Chhota Udepur,22.3108,74.0125,676.22,12.27,Moderate Rain
INSAT3D_TIR1_India/3DIMG_07NOV2019_0630_L1C_SGP.tif,3DIMG_07NOV2019_0630_L1C_SGP.tif,INSAT3D_TIR1_India,2019-11-07 06:30:00,Gujarat,Dahod,22.8347,74.2552,700.33,11.53,Moderate Rain
INSAT3D_TIR1_India/3DIMG_07NOV2019_0630_L1C_SGP.tif,3DIMG_07NOV2019_0630_L1C_SGP.tif,INSAT3D_TIR1_India,2019-11-07 06:30:00,Gujarat,Dang,20.7554,73.6873,755.78,0.0,No Rain
INSAT3D_TIR1_India/3DIMG_07NOV2019_0630_L1C_SGP.tif,3DIMG_07NOV2019_0630_L1C_SGP.tif,INSAT3D_TIR1_India,2019-11-07 06:30:00,Gujarat,Devbhumi Dwarka,22.2078,69.6582,496.11,36.89,Heavy Rain
INSAT3D_TIR1_India/3DIMG_07NOV2019_0630_L1C_SGP.tif,3DIMG_07NOV2019_0630_L1C_SGP.tif,INSAT3D_TIR1_India,2019-11-07 06:30:00,Gujarat,Gandhinagar,23.2156,72.6369,679.67,12.78,Moderate Rain
INSAT3D_TIR1_India/3DIMG_07NOV2019_0630_L1C_SGP.tif,3DIMG_07NOV2019_0630_L1C_SGP.tif,INSAT3D_TIR1_India,2019-11-07 06:30:00,Gujarat,Gir Somnath,20.9042,70.3644,628.11,20.16,Moderate Rain
INSAT3D_TIR1_India/3DIMG_07NOV2019_0630_L1C_SGP.tif,3DIMG_07NOV2019_0630_L1C_SGP.tif,INSAT3D_TIR1_India,2019-11-07 06:30:00,Gujarat,Jamnagar,22.4707,70.0577,509.67,36.54,Heavy Rain
INSAT3D_TIR1_India/3DIMG_07NOV2019_0630_L1C_SGP.tif,3DIMG_07NOV2019_0630_L1C_SGP.tif,INSAT3D_TIR1_India,2019-11-07 06:30:00,Gujarat,Junagadh,21.5222,70.4579,589.44,28.02,Moderate Rain
INSAT3D_TIR1_India/3DIMG_07NOV2019_0630_L1C_SGP.tif,3DIMG_07NOV2019_0630_L1C_SGP.tif,INSAT3D_TIR1_India,2019-11-07 06:30:00,Gujarat,Kheda,22.6916,72.8634,710.56,9.44,Moderate Rain
INSAT3D_TIR1_India/3DIMG_07NOV2019_0630_L1C_SGP.tif,3DIMG_07NOV2019_0630_L1C_SGP.tif,INSAT3D_TIR1_India,2019-11-07 06:30:00,Gujarat,Kutch (Bhuj),23.242,69.6669,480.56,40.57,Heavy Rain
INSAT3D_TIR1_India/3DIMG_07NOV2019_0630_L1C_SGP.tif,3DIMG_07NOV2019_0630_L1C_SGP.tif,INSAT3D_TIR1_India,2019-11-07 06:30:00,Gujarat,Mahisagar,23.1311,73.6009,681.0,11.32,Moderate Rain
INSAT3D_TIR1_India/3DIMG_07NOV2019_0630_L1C_SGP.tif,3DIMG_07NOV2019_0630_L1C_SGP.tif,INSAT3D_TIR1_India,2019-11-07 06:30:00,Gujarat,Mehsana,23.588,72.3693,578.89,24.41,Moderate Rain
INSAT3D_TIR1_India/3DIMG_07NOV2019_0630_L1C_SGP.tif,3DIMG_07NOV2019_0630_L1C_SGP.tif,INSAT3D_TIR1_India,2019-11-07 06:30:00,Gujarat,Morbi,22.8173,70.8368,503.0,38.78,Heavy Rain
INSAT3D_TIR1_India/3DIMG_07NOV2019_0630_L1C_SGP.tif,3DIMG_07NOV2019_0630_L1C_SGP.tif,INSAT3D_TIR1_India,2019-11-07 06:30:00,Gujarat,Narmada,21.8719,73.5028,690.44,9.78,Moderate Rain
INSAT3D_TIR1_India/3DIMG_07NOV2019_0630_L1C_SGP.tif,3DIMG_07NOV2019_0630_L1C_SGP.tif,INSAT3D_TIR1_India,2019-11-07 06:30:00,Gujarat,Navsari,20.9467,72.952,792.78,0.11,Light Rain
INSAT3D_TIR1_India/3DIMG_07NOV2019_0630_L1C_SGP.tif,3DIMG_07NOV2019_0630_L1C_SGP.tif,INSAT3D_TIR1_India,2019-11-07 06:30:00,Gujarat,Panchmahal,22.778,73.6143,662.11,14.44,Moderate Rain
INSAT3D_TIR1_India/3DIMG_07NOV2019_0630_L1C_SGP.tif,3DIMG_07NOV2019_0630_L1C_SGP.tif,INSAT3D_TIR1_India,2019-11-07 06:30:00,Gujarat,Patan,23.8493,72.1266,516.0,35.21,Moderate Rain
INSAT3D_TIR1_India/3DIMG_07NOV2019_0630_L1C_SGP.tif,3DIMG_07NOV2019_0630_L1C_SGP.tif,INSAT3D_TIR1_India,2019-11-07 06:30:00,Gujarat,Porbandar,21.6417,69.6293,509.78,37.75,Heavy Rain
INSAT3D_TIR1_India/3DIMG_07NOV2019_0630_L1C_SGP.tif,3DIMG_07NOV2019_0630_L1C_SGP.tif,INSAT3D_TIR1_India,2019-11-07 06:30:00,Gujarat,Rajkot,22.3039,70.8022,561.33,27.48,Moderate Rain
INSAT3D_TIR1_India/3DIMG_07NOV2019_0630_L1C_SGP.tif,3DIMG_07NOV2019_0630_L1C_SGP.tif,INSAT3D_TIR1_India,2019-11-07 06:30:00,Gujarat,Sabarkantha,23.5977,72.9688,720.44,5.83,Light Rain
INSAT3D_TIR1_India/3DIMG_07NOV2019_0630_L1C_SGP.tif,3DIMG_07NOV2019_0630_L1C_SGP.tif,INSAT3D_TIR1_India,2019-11-07 06:30:00,Gujarat,Surat,21.1702,72.8311,716.11,6.8,Light Rain
INSAT3D_TIR1_India/3DIMG_07NOV2019_0630_L1C_SGP.tif,3DIMG_07NOV2019_0630_L1C_SGP.tif,INSAT3D_TIR1_India,2019-11-07 06:30:00,Gujarat,Surendranagar,22.7274,71.637,536.44,35.8,Heavy Rain
INSAT3D_TIR1_India/3DIMG_07NOV2019_0630_L1C_SGP.tif,3DIMG_07NOV2019_0630_L1C_SGP.tif,INSAT3D_TIR1_India,2019-11-07 06:30:00,Gujarat,Tapi,21.1147,73.3986,694.0,7.22,Light Rain
INSAT3D_TIR1_India/3DIMG_07NOV2019_0630_L1C_SGP.tif,3DIMG_07NOV2019_0630_L1C_SGP.tif,INSAT3D_TIR1_India,2019-11-07 06:30:00,Gujarat,Vadodara,22.3072,73.1812,690.44,9.07,Moderate Rain
INSAT3D_TIR1_India/3DIMG_07NOV2019_0630_L1C_SGP.tif,3DIMG_07NOV2019_0630_L1C_SGP.tif,INSAT3D_TIR1_India,2019-11-07 06:30:00,Gujarat,Valsad,20.5992,72.9342,785.11,2.39,Light Rain
INSAT3D_TIR1_India/3DIMG_07NOV2019_0700_L1C_SGP.tif,3DIMG_07NOV2019_0700_L1C_SGP.tif,INSAT3D_TIR1_India,2019-11-07 07:00:00,Gujarat,Ahmedabad,23.0225,72.5714,702.56,9.98,Moderate Rain
INSAT3D_TIR1_India/3DIMG_07NOV2019_0700_L1C_SGP.tif,3DIMG_07NOV2019_0700_L1C_SGP.tif,INSAT3D_TIR1_India,2019-11-07 07:00:00,Gujarat,Amreli,21.6032,71.2221,664.67,15.03,Moderate Rain
INSAT3D_TIR1_India/3DIMG_07NOV2019_0700_L1C_SGP.tif,3DIMG_07NOV2019_0700_L1C_SGP.tif,INSAT3D_TIR1_India,2019-11-07 07:00:00,Gujarat,Anand,22.5645,72.9289,842.89,1.06,Light Rain
INSAT3D_TIR1_India/3DIMG_07NOV2019_0700_L1C_SGP.tif,3DIMG_07NOV2019_0700_L1C_SGP.tif,INSAT3D_TIR1_India,2019-11-07 07:00:00,Gujarat,Aravalli,23.4619,73.3039,716.89,4.4,Light Rain
INSAT3D_TIR1_India/3DIMG_07NOV2019_0700_L1C_SGP.tif,3DIMG_07NOV2019_0700_L1C_SGP.tif,INSAT3D_TIR1_India,2019-11-07 07:00:00,Gujarat,Banaskantha,24.1724,72.4346,525.44,35.73,Heavy Rain
INSAT3D_TIR1_India/3DIMG_07NOV2019_0700_L1C_SGP.tif,3DIMG_07NOV2019_0700_L1C_SGP.tif,INSAT3D_TIR1_India,2019-11-07 07:00:00,Gujarat,Bharuch,21.7051,72.9959,676.78,15.24,Moderate Rain
INSAT3D_TIR1_India/3DIMG_07NOV2019_0700_L1C_SGP.tif,3DIMG_07NOV2019_0700_L1C_SGP.tif,INSAT3D_TIR1_India,2019-11-07 07:00:00,Gujarat,Bhavnagar,21.7645,72.1519,831.67,0.06,Light Rain
INSAT3D_TIR1_India/3DIMG_07NOV2019_0700_L1C_SGP.tif,3DIMG_07NOV2019_0700_L1C_SGP.tif,INSAT3D_TIR1_India,2019-11-07 07:00:00,Gujarat,Botad,22.1704,71.6662,657.78,15.64,Moderate Rain
INSAT3D_TIR1_India/3DIMG_07NOV2019_0700_L1C_SGP.tif,3DIMG_07NOV2019_0700_L1C_SGP.tif,INSAT3D_TIR1_India,2019-11-07 07:00:00,Gujarat,Chhota Udepur,22.3108,74.0125,693.78,9.63,Moderate Rain
INSAT3D_TIR1_India/3DIMG_07NOV2019_0700_L1C_SGP.tif,3DIMG_07NOV2019_0700_L1C_SGP.tif,INSAT3D_TIR1_India,2019-11-07 07:00:00,Gujarat,Dahod,22.8347,74.2552,700.67,11.48,Moderate Rain
INSAT3D_TIR1_India/3DIMG_07NOV2019_0700_L1C_SGP.tif,3DIMG_07NOV2019_0700_L1C_SGP.tif,INSAT3D_TIR1_India,2019-11-07 07:00:00,Gujarat,Dang,20.7554,73.6873,697.0,8.33,Moderate Rain
INSAT3D_TIR1_India/3DIMG_07NOV2019_0700_L1C_SGP.tif,3DIMG_07NOV2019_0700_L1C_SGP.tif,INSAT3D_TIR1_India,2019-11-07 07:00:00,Gujarat,Devbhumi Dwarka,22.2078,69.6582,508.89,34.98,Moderate Rain
INSAT3D_TIR1_India/3DIMG_07NOV2019_0700_L1C_SGP.tif,3DIMG_07NOV2019_0700_L1C_SGP.tif,INSAT3D_TIR1_India,2019-11-07 07:00:00,Gujarat,Gandhinagar,23.2156,72.6369,675.0,13.48,Moderate Rain
INSAT3D_TIR1_India/3DIMG_07NOV2019_0700_L1C_SGP.tif,3DIMG_07NOV2019_0700_L1C_SGP.tif,INSAT3D_TIR1_India,2019-11-07 07:00:00,Gujarat,Gir Somnath,20.9042,70.3644,619.33,21.47,Moderate Rain
INSAT3D_TIR1_India/3DIMG_07NOV2019_0700_L1C_SGP.tif,3DIMG_07NOV2019_0700_L1C_SGP.tif,INSAT3D_TIR1_India,2019-11-07 07:00:00,Gujarat,Jamnagar,22.4707,70.0577,507.89,36.8,Heavy Rain
INSAT3D_TIR1_India/3DIMG_07NOV2019_0700_L1C_SGP.tif,3DIMG_07NOV2019_0700_L1C_SGP.tif,INSAT3D_TIR1_India,2019-11-07 07:00:00,Gujarat,Junagadh,21.5222,70.4579,613.11,24.47,Moderate Rain
INSAT3D_TIR1_India/3DIMG_07NOV2019_0700_L1C_SGP.tif,3DIMG_07NOV2019_0700_L1C_SGP.tif,INSAT3D_TIR1_India,2019-11-07 07:00:00,Gujarat,Kheda,22.6916,72.8634,835.44,2.02,Light Rain
INSAT3D_TIR1_India/3DIMG_07NOV2019_0700_L1C_SGP.tif,3DIMG_07NOV2019_0700_L1C_SGP.tif,INSAT3D_TIR1_India,2019-11-07 07:00:00,Gujarat,Kutch (Bhuj),23.242,69.6669,474.11,41.53,Heavy Rain
INSAT3D_TIR1_India/3DIMG_07NOV2019_0700_L1C_SGP.tif,3DIMG_07NOV2019_0700_L1C_SGP.tif,INSAT3D_TIR1_India,2019-11-07 07:00:00,Gujarat,Mahisagar,23.1311,73.6009,704.0,7.87,Moderate Rain
INSAT3D_TIR1_India/3DIMG_07NOV2019_0700_L1C_SGP.tif,3DIMG_07NOV2019_0700_L1C_SGP.tif,INSAT3D_TIR1_India,2019-11-07 07:00:00,Gujarat,Mehsana,23.588,72.3693,585.11,23.48,Moderate Rain
INSAT3D_TIR1_India/3DIMG_07NOV2019_0700_L1C_SGP.tif,3DIMG_07NOV2019_0700_L1C_SGP.tif,INSAT3D_TIR1_India,2019-11-07 07:00:00,Gujarat,Morbi,22.8173,70.8368,503.33,38.73,Heavy Rain
INSAT3D_TIR1_India/3DIMG_07NOV2019_0700_L1C_SGP.tif,3DIMG_07NOV2019_0700_L1C_SGP.tif,INSAT3D_TIR1_India,2019-11-07 07:00:00,Gujarat,Narmada,21.8719,73.5028,640.78,17.23,Moderate Rain
INSAT3D_TIR1_India/3DIMG_07NOV2019_0700_L1C_SGP.tif,3DIMG_07NOV2019_0700_L1C_SGP.tif,INSAT3D_TIR1_India,2019-11-07 07:00:00,Gujarat,Navsari,20.9467,72.952,753.44,1.09,Light Rain
INSAT3D_TIR1_India/3DIMG_07NOV2019_0700_L1C_SGP.tif,3DIMG_07NOV2019_0700_L1C_SGP.tif,INSAT3D_TIR1_India,2019-11-07 07:00:00,Gujarat,Panchmahal,22.778,73.6143,692.0,9.96,Moderate Rain
INSAT3D_TIR1_India/3DIMG_07NOV2019_0700_L1C_SGP.tif,3DIMG_07NOV2019_0700_L1C_SGP.tif,INSAT3D_TIR1_India,2019-11-07 07:00:00,Gujarat,Patan,23.8493,72.1266,527.0,33.56,Moderate Rain
INSAT3D_TIR1_India/3DIMG_07NOV2019_0700_L1C_SGP.tif,3DIMG_07NOV2019_0700_L1C_SGP.tif,INSAT3D_TIR1_India,2019-11-07 07:00:00,Gujarat,Porbandar,21.6417,69.6293,511.44,37.5,Heavy Rain
INSAT3D_TIR1_India/3DIMG_07NOV2019_0700_L1C_SGP.tif,3DIMG_07NOV2019_0700_L1C_SGP.tif,INSAT3D_TIR1_India,2019-11-07 07:00:00,Gujarat,Rajkot,22.3039,70.8022,554.33,28.53,Moderate Rain
INSAT3D_TIR1_India/3DIMG_07NOV2019_0700_L1C_SGP.tif,3DIMG_07NOV2019_0700_L1C_SGP.tif,INSAT3D_TIR1_India,2019-11-07 07:00:00,Gujarat,Sabarkantha,23.5977,72.9688,648.67,16.59,Moderate Rain
INSAT3D_TIR1_India/3DIMG_07NOV2019_0700_L1C_SGP.tif,3DIMG_07NOV2019_0700_L1C_SGP.tif,INSAT3D_TIR1_India,2019-11-07 07:00:00,Gujarat,Surat,21.1702,72.8311,762.78,0.21,Light Rain
INSAT3D_TIR1_India/3DIMG_07NOV2019_0700_L1C_SGP.tif,3DIMG_07NOV2019_0700_L1C_SGP.tif,INSAT3D_TIR1_India,2019-11-07 07:00:00,Gujarat,Surendranagar,22.7274,71.637,576.89,29.74,Moderate Rain
INSAT3D_TIR1_India/3DIMG_07NOV2019_0700_L1C_SGP.tif,3DIMG_07NOV2019_0700_L1C_SGP.tif,INSAT3D_TIR1_India,2019-11-07 07:00:00,Gujarat,Tapi,21.1147,73.3986,699.56,6.39,Light Rain
INSAT3D_TIR1_India/3DIMG_07NOV2019_0700_L1C_SGP.tif,3DIMG_07NOV2019_0700_L1C_SGP.tif,INSAT3D_TIR1_India,2019-11-07 07:00:00,Gujarat,Vadodara,22.3072,73.1812,808.0,0.0,No Rain
INSAT3D_TIR1_India/3DIMG_07NOV2019_0700_L1C_SGP.tif,3DIMG_07NOV2019_0700_L1C_SGP.tif,INSAT3D_TIR1_India,2019-11-07 07:00:00,Gujarat,Valsad,20.5992,72.9342,744.22,4.76,Light Rain
INSAT3D_TIR1_India/3DIMG_07NOV2019_0730_L1C_SGP.tif,3DIMG_07NOV2019_0730_L1C_SGP.tif,INSAT3D_TIR1_India,2019-11-07 07:30:00,Gujarat,Ahmedabad,23.0225,72.5714,597.22,25.78,Moderate Rain
INSAT3D_TIR1_India/3DIMG_07NOV2019_0730_L1C_SGP.tif,3DIMG_07NOV2019_0730_L1C_SGP.tif,INSAT3D_TIR1_India,2019-11-07 07:30:00,Gujarat,Amreli,21.6032,71.2221,657.67,16.08,Moderate Rain
INSAT3D_TIR1_India/3DIMG_07NOV2019_0730_L1C_SGP.tif,3DIMG_07NOV2019_0730_L1C_SGP.tif,INSAT3D_TIR1_India,2019-11-07 07:30:00,Gujarat,Anand,22.5645,72.9289,792.0,1.06,Light Rain
INSAT3D_TIR1_India/3DIMG_07NOV2019_0730_L1C_SGP.tif,3DIMG_07NOV2019_0730_L1C_SGP.tif,INSAT3D_TIR1_India,2019-11-07 07:30:00,Gujarat,Aravalli,23.4619,73.3039,697.67,7.28,Light Rain
INSAT3D_TIR1_India/3DIMG_07NOV2019_0730_L1C_SGP.tif,3DIMG_07NOV2019_0730_L1C_SGP.tif,INSAT3D_TIR1_India,2019-11-07 07:30:00,Gujarat,Banaskantha,24.1724,72.4346,559.67,30.6,Moderate Rain
INSAT3D_TIR1_India/3DIMG_07NOV2019_0730_L1C_SGP.tif,3DIMG_07NOV2019_0730_L1C_SGP.tif,INSAT3D_TIR1_India,2019-11-07 07:30:00,Gujarat,Bharuch,21.7051,72.9959,738.56,5.98,Light Rain
INSAT3D_TIR1_India/3DIMG_07NOV2019_0730_L1C_SGP.tif,3DIMG_07NOV2019_0730_L1C_SGP.tif,INSAT3D_TIR1_India,2019-11-07 07:30:00,Gujarat,Bhavnagar,21.7645,72.1519,715.89,6.68,Light Rain
INSAT3D_TIR1_India/3DIMG_07NOV2019_0730_L1C_SGP.tif,3DIMG_07NOV2019_0730_L1C_SGP.tif,INSAT3D_TIR1_India,2019-11-07 07:30:00,Gujarat,Botad,22.1704,71.6662,617.22,21.72,Moderate Rain
INSAT3D_TIR1_India/3DIMG_07NOV2019_0730_L1C_SGP.tif,3DIMG_07NOV2019_0730_L1C_SGP.tif,INSAT3D_TIR1_India,2019-11-07 07:30:00,Gujarat,Chhota Udepur,22.3108,74.0125,686.33,10.75,Moderate Rain
INSAT3D_TIR1_India/3DIMG_07NOV2019_0730_L1C_SGP.tif,3DIMG_07NOV2019_0730_L1C_SGP.tif,INSAT3D_TIR1_India,2019-11-07 07:30:00,Gujarat,Dahod,22.8347,74.2552,687.67,13.43,Moderate Rain
INSAT3D_TIR1_India/3DIMG_07NOV2019_0730_L1C_SGP.tif,3DIMG_07NOV2019_0730_L1C_SGP.tif,INSAT3D_TIR1_India,2019-11-07 07:30:00,Gujarat,Dang,20.7554,73.6873,660.0,13.88,Moderate Rain
INSAT3D_TIR1_India/3DIMG_07NOV2019_0730_L1C_SGP.tif,3DIMG_07NOV2019_0730_L1C_SGP.tif,INSAT3D_TIR1_India,2019-11-07 07:30:00,Gujarat,Devbhumi Dwarka,22.2078,69.6582,530.11,31.79,Moderate Rain
INSAT3D_TIR1_India/3DIMG_07NOV2019_0730_L1C_SGP.tif,3DIMG_07NOV2019_0730_L1C_SGP.tif,INSAT3D_TIR1_India,2019-11-07 07:30:00,Gujarat,Gandhinagar,23.2156,72.6369,622.11,21.41,Moderate Rain
INSAT3D_TIR1_India/3DIMG_07NOV2019_0730_L1C_SGP.tif,3DIMG_07NOV2019_0730_L1C_SGP.tif,INSAT3D_TIR1_India,2019-11-07 07:30:00,Gujarat,Gir Somnath,20.9042,70.3644,614.22,22.24,Moderate Rain
INSAT3D_TIR1_India/3DIMG_07NOV2019_0730_L1C_SGP.tif,3DIMG_07NOV2019_0730_L1C_SGP.tif,INSAT3D_TIR1_India,2019-11-07 07:30:00,Gujarat,Jamnagar,22.4707,70.0577,512.44,36.12,Heavy Rain
INSAT3D_TIR1_India/3DIMG_07NOV2019_0730_L1C_SGP.tif,3DIMG_07NOV2019_0730_L1C_SGP.tif,INSAT3D_TIR1_India,2019-11-07 07:30:00,Gujarat,Junagadh,21.5222,70.4579,592.67,27.54,Moderate Rain
INSAT3D_TIR1_India/3DIMG_07NOV2019_0730_L1C_SGP.tif,3DIMG_07NOV2019_0730_L1C_SGP.tif,INSAT3D_TIR1_India,2019-11-07 07:30:00,Gujarat,Kheda,22.6916,72.8634,714.0,8.92,Moderate Rain
INSAT3D_TIR1_India/3DIMG_07NOV2019_0730_L1C_SGP.tif,3DIMG_07NOV2019_0730_L1C_SGP.tif,INSAT3D_TIR1_India,2019-11-07 07:30:00,Gujarat,Kutch (Bhuj),23.242,69.6669,480.11,40.63,Heavy Rain
INSAT3D_TIR1_India/3DIMG_07NOV2019_0730_L1C_SGP.tif,3DIMG_07NOV2019_0730_L1C_SGP.tif,INSAT3D_TIR1_India,2019-11-07 07:30:00,Gujarat,Mahisagar,23.1311,73.6009,740.33,2.42,Light Rain
INSAT3D_TIR1_India/3DIMG_07NOV2019_0730_L1C_SGP.tif,3DIMG_07NOV2019_0730_L1C_SGP.tif,INSAT3D_TIR1_India,2019-11-07 07:30:00,Gujarat,Mehsana,23.588,72.3693,553.22,28.26,Moderate Rain
INSAT3D_TIR1_India/3DIMG_07NOV2019_0730_L1C_SGP.tif,3DIMG_07NOV2019_0730_L1C_SGP.tif,INSAT3D_TIR1_India,2019-11-07 07:30:00,Gujarat,Morbi,22.8173,70.8368,503.0,38.78,Heavy Rain
INSAT3D_TIR1_India/3DIMG_07NOV2019_0730_L1C_SGP.tif,3DIMG_07NOV2019_0730_L1C_SGP.tif,INSAT3D_TIR1_India,2019-11-07 07:30:00,Gujarat,Narmada,21.8719,73.5028,643.22,16.86,Moderate Rain
INSAT3D_TIR1_India/3DIMG_07NOV2019_0730_L1C_SGP.tif,3DIMG_07NOV2019_0730_L1C_SGP.tif,INSAT3D_TIR1_India,2019-11-07 07:30:00,Gujarat,Navsari,20.9467,72.952,783.89,0.11,Light Rain
INSAT3D_TIR1_India/3DIMG_07NOV2019_0730_L1C_SGP.tif,3DIMG_07NOV2019_0730_L1C_SGP.tif,INSAT3D_TIR1_India,2019-11-07 07:30:00,Gujarat,Panchmahal,22.778,73.6143,767.33,0.0,No Rain
INSAT3D_TIR1_India/3DIMG_07NOV2019_0730_L1C_SGP.tif,3DIMG_07NOV2019_0730_L1C_SGP.tif,INSAT3D_TIR1_India,2019-11-07 07:30:00,Gujarat,Patan,23.8493,72.1266,545.78,30.74,Moderate Rain
INSAT3D_TIR1_India/3DIMG_07NOV2019_0730_L1C_SGP.tif,3DIMG_07NOV2019_0730_L1C_SGP.tif,INSAT3D_TIR1_India,2019-11-07 07:30:00,Gujarat,Porbandar,21.6417,69.6293,515.44,36.9,Heavy Rain
INSAT3D_TIR1_India/3DIMG_07NOV2019_0730_L1C_SGP.tif,3DIMG_07NOV2019_0730_L1C_SGP.tif,INSAT3D_TIR1_India,2019-11-07 07:30:00,Gujarat,Rajkot,22.3039,70.8022,563.67,27.13,Moderate Rain
INSAT3D_TIR1_India/3DIMG_07NOV2019_0730_L1C_SGP.tif,3DIMG_07NOV2019_0730_L1C_SGP.tif,INSAT3D_TIR1_India,2019-11-07 07:30:00,Gujarat,Sabarkantha,23.5977,72.9688,690.89,10.26,Moderate Rain
INSAT3D_TIR1_India/3DIMG_07NOV2019_0730_L1C_SGP.tif,3DIMG_07NOV2019_0730_L1C_SGP.tif,INSAT3D_TIR1_India,2019-11-07 07:30:00,Gujarat,Surat,21.1702,72.8311,771.44,0.21,Light Rain
INSAT3D_TIR1_India/3DIMG_07NOV2019_0730_L1C_SGP.tif,3DIMG_07NOV2019_0730_L1C_SGP.tif,INSAT3D_TIR1_India,2019-11-07 07:30:00,Gujarat,Surendranagar,22.7274,71.637,574.44,30.1,Moderate Rain
INSAT3D_TIR1_India/3DIMG_07NOV2019_0730_L1C_SGP.tif,3DIMG_07NOV2019_0730_L1C_SGP.tif,INSAT3D_TIR1_India,2019-11-07 07:30:00,Gujarat,Tapi,21.1147,73.3986,634.33,16.17,Moderate Rain
INSAT3D_TIR1_India/3DIMG_07NOV2019_0730_L1C_SGP.tif,3DIMG_07NOV2019_0730_L1C_SGP.tif,INSAT3D_TIR1_India,2019-11-07 07:30:00,Gujarat,Vadodara,22.3072,73.1812,823.0,0.0,No Rain
INSAT3D_TIR1_India/3DIMG_07NOV2019_0730_L1C_SGP.tif,3DIMG_07NOV2019_0730_L1C_SGP.tif,INSAT3D_TIR1_India,2019-11-07 07:30:00,Gujarat,Valsad,20.5992,72.9342,617.11,23.83,Moderate Rain
INSAT3D_TIR1_India/3DIMG_07NOV2019_0800_L1C_SGP.tif,3DIMG_07NOV2019_0800_L1C_SGP.tif,INSAT3D_TIR1_India,2019-11-07 08:00:00,Gujarat,Ahmedabad,23.0225,72.5714,609.78,23.89,Moderate Rain
INSAT3D_TIR1_India/3DIMG_07NOV2019_0800_L1C_SGP.tif,3DIMG_07NOV2019_0800_L1C_SGP.tif,INSAT3D_TIR1_India,2019-11-07 08:00:00,Gujarat,Amreli,21.6032,71.2221,664.67,15.03,Moderate Rain
INSAT3D_TIR1_India/3DIMG_07NOV2019_0800_L1C_SGP.tif,3DIMG_07NOV2019_0800_L1C_SGP.tif,INSAT3D_TIR1_India,2019-11-07 08:00:00,Gujarat,Anand,22.5645,72.9289,664.44,15.39,Moderate Rain
INSAT3D_TIR1_India/3DIMG_07NOV2019_0800_L1C_SGP.tif,3DIMG_07NOV2019_0800_L1C_SGP.tif,INSAT3D_TIR1_India,2019-11-07 08:00:00,Gujarat,Aravalli,23.4619,73.3039,687.56,8.8,Moderate Rain
INSAT3D_TIR1_India/3DIMG_07NOV2019_0800_L1C_SGP.tif,3DIMG_07NOV2019_0800_L1C_SGP.tif,INSAT3D_TIR1_India,2019-11-07 08:00:00,Gujarat,Banaskantha,24.1724,72.4346,565.67,29.7,Moderate Rain
INSAT3D_TIR1_India/3DIMG_07NOV2019_0800_L1C_SGP.tif,3DIMG_07NOV2019_0800_L1C_SGP.tif,INSAT3D_TIR1_India,2019-11-07 08:00:00,Gujarat,Bharuch,21.7051,72.9959,752.67,3.86,Light Rain
INSAT3D_TIR1_India/3DIMG_07NOV2019_0800_L1C_SGP.tif,3DIMG_07NOV2019_0800_L1C_SGP.tif,INSAT3D_TIR1_India,2019-11-07 08:00:00,Gujarat,Bhavnagar,21.7645,72.1519,686.67,11.06,Moderate Rain
INSAT3D_TIR1_India/3DIMG_07NOV2019_0800_L1C_SGP.tif,3DIMG_07NOV2019_0800_L1C_SGP.tif,INSAT3D_TIR1_India,2019-11-07 08:00:00,Gujarat,Botad,22.1704,71.6662,640.56,18.22,Moderate Rain
INSAT3D_TIR1_India/3DIMG_07NOV2019_0800_L1C_SGP.tif,3DIMG_07NOV2019_0800_L1C_SGP.tif,INSAT3D_TIR1_India,2019-11-07 08:00:00,Gujarat,Chhota Udepur,22.3108,74.0125,692.44,9.83,Moderate Rain
INSAT3D_TIR1_India/3DIMG_07NOV2019_0800_L1C_SGP.tif,3DIMG_07NOV2019_0800_L1C_SGP.tif,INSAT3D_TIR1_India,2019-11-07 08:00:00,Gujarat,Dahod,22.8347,74.2552,687.67,13.43,Moderate Rain
INSAT3D_TIR1_India/3DIMG_07NOV2019_0800_L1C_SGP.tif,3DIMG_07NOV2019_0800_L1C_SGP.tif,INSAT3D_TIR1_India,2019-11-07 08:00:00,Gujarat,Dang,20.7554,73.6873,664.0,13.28,Moderate Rain
INSAT3D_TIR1_India/3DIMG_07NOV2019_0800_L1C_SGP.tif,3DIMG_07NOV2019_0800_L1C_SGP.tif,INSAT3D_TIR1_India,2019-11-07 08:00:00,Gujarat,Devbhumi Dwarka,22.2078,69.6582,525.11,32.54,Moderate Rain
INSAT3D_TIR1_India/3DIMG_07NOV2019_0800_L1C_SGP.tif,3DIMG_07NOV2019_0800_L1C_SGP.tif,INSAT3D_TIR1_India,2019-11-07 08:00:00,Gujarat,Gandhinagar,23.2156,72.6369,619.0,21.88,Moderate Rain
INSAT3D_TIR1_India/3DIMG_07NOV2019_0800_L1C_SGP.tif,3DIMG_07NOV2019_0800_L1C_SGP.tif,INSAT3D_TIR1_India,2019-11-07 08:00:00,Gujarat,Gir Somnath,20.9042,70.3644,601.11,24.21,Moderate Rain
INSAT3D_TIR1_India/3DIMG_07NOV2019_0800_L1C_SGP.tif,3DIMG_07NOV2019_0800_L1C_SGP.tif,INSAT3D_TIR1_India,2019-11-07 08:00:00,Gujarat,Jamnagar,22.4707,70.0577,507.0,36.94,Heavy Rain
INSAT3D_TIR1_India/3DIMG_07NOV2019_0800_L1C_SGP.tif,3DIMG_07NOV2019_0800_L1C_SGP.tif,INSAT3D_TIR1_India,2019-11-07 08:00:00,Gujarat,Junagadh,21.5222,70.4579,579.22,29.55,Moderate Rain
INSAT3D_TIR1_India/3DIMG_07NOV2019_0800_L1C_SGP.tif,3DIMG_07NOV2019_0800_L1C_SGP.tif,INSAT3D_TIR1_India,2019-11-07 08:00:00,Gujarat,Kheda,22.6916,72.8634,639.33,20.12,Moderate Rain
INSAT3D_TIR1_India/3DIMG_07NOV2019_0800_L1C_SGP.tif,3DIMG_07NOV2019_0800_L1C_SGP.tif,INSAT3D_TIR1_India,2019-11-07 08:00:00,Gujarat,Kutch (Bhuj),23.242,69.6669,498.67,37.85,Heavy Rain
INSAT3D_TIR1_India/3DIMG_07NOV2019_0800_L1C_SGP.tif,3DIMG_07NOV2019_0800_L1C_SGP.tif,INSAT3D_TIR1_India,2019-11-07 08:00:00,Gujarat,Mahisagar,23.1311,73.6009,825.89,0.0,No Rain
INSAT3D_TIR1_India/3DIMG_07NOV2019_0800_L1C_SGP.tif,3DIMG_07NOV2019_0800_L1C_SGP.tif,INSAT3D_TIR1_India,2019-11-07 08:00:00,Gujarat,Mehsana,23.588,72.3693,578.11,24.53,Moderate Rain
INSAT3D_TIR1_India/3DIMG_07NOV2019_0800_L1C_SGP.tif,3DIMG_07NOV2019_0800_L1C_SGP.tif,INSAT3D_TIR1_India,2019-11-07 08:00:00,Gujarat,Morbi,22.8173,70.8368,496.33,39.78,Heavy Rain
INSAT3D_TIR1_India/3DIMG_07NOV2019_0800_L1C_SGP.tif,3DIMG_07NOV2019_0800_L1C_SGP.tif,INSAT3D_TIR1_India,2019-11-07 08:00:00,Gujarat,Narmada,21.8719,73.5028,609.56,21.91,Moderate Rain
INSAT3D_TIR1_India/3DIMG_07NOV2019_0800_L1C_SGP.tif,3DIMG_07NOV2019_0800_L1C_SGP.tif,INSAT3D_TIR1_India,2019-11-07 08:00:00,Gujarat,Navsari,20.9467,72.952,782.78,0.11,Light Rain
INSAT3D_TIR1_India/3DIMG_07NOV2019_0800_L1C_SGP.tif,3DIMG_07NOV2019_0800_L1C_SGP.tif,INSAT3D_TIR1_India,2019-11-07 08:00:00,Gujarat,Panchmahal,22.778,73.6143,820.0,0.0,No Rain
INSAT3D_TIR1_India/3DIMG_07NOV2019_0800_L1C_SGP.tif,3DIMG_07NOV2019_0800_L1C_SGP.tif,INSAT3D_TIR1_India,2019-11-07 08:00:00,Gujarat,Patan,23.8493,72.1266,584.78,24.89,Moderate Rain
INSAT3D_TIR1_India/3DIMG_07NOV2019_0800_L1C_SGP.tif,3DIMG_07NOV2019_0800_L1C_SGP.tif,INSAT3D_TIR1_India,2019-11-07 08:00:00,Gujarat,Porbandar,21.6417,69.6293,512.56,37.33,Heavy Rain
INSAT3D_TIR1_India/3DIMG_07NOV2019_0800_L1C_SGP.tif,3DIMG_07NOV2019_0800_L1C_SGP.tif,INSAT3D_TIR1_India,2019-11-07 08:00:00,Gujarat,Rajkot,22.3039,70.8022,558.44,27.91,Moderate Rain
INSAT3D_TIR1_India/3DIMG_07NOV2019_0800_L1C_SGP.tif,3DIMG_07NOV2019_0800_L1C_SGP.tif,INSAT3D_TIR1_India,2019-11-07 08:00:00,Gujarat,Sabarkantha,23.5977,72.9688,633.0,18.94,Moderate Rain
INSAT3D_TIR1_India/3DIMG_07NOV2019_0800_L1C_SGP.tif,3DIMG_07NOV2019_0800_L1C_SGP.tif,INSAT3D_TIR1_India,2019-11-07 08:00:00,Gujarat,Surat,21.1702,72.8311,791.22,0.21,Light Rain
INSAT3D_TIR1_India/3DIMG_07NOV2019_0800_L1C_SGP.tif,3DIMG_07NOV2019_0800_L1C_SGP.tif,INSAT3D_TIR1_India,2019-11-07 08:00:00,Gujarat,Surendranagar,22.7274,71.637,533.44,36.25,Heavy Rain
INSAT3D_TIR1_India/3DIMG_07NOV2019_0800_L1C_SGP.tif,3DIMG_07NOV2019_0800_L1C_SGP.tif,INSAT3D_TIR1_India,2019-11-07 08:00:00,Gujarat,Tapi,21.1147,73.3986,702.22,5.99,Light Rain
INSAT3D_TIR1_India/3DIMG_07NOV2019_0800_L1C_SGP.tif,3DIMG_07NOV2019_0800_L1C_SGP.tif,INSAT3D_TIR1_India,2019-11-07 08:00:00,Gujarat,Vadodara,22.3072,73.1812,790.67,0.0,No Rain
INSAT3D_TIR1_India/3DIMG_07NOV2019_0800_L1C_SGP.tif,3DIMG_07NOV2019_0800_L1C_SGP.tif,INSAT3D_TIR1_India,2019-11-07 08:00:00,Gujarat,Valsad,20.5992,72.9342,699.44,11.48,Moderate Rain
INSAT3D_TIR1_India/3DIMG_07NOV2019_0830_L1C_SGP.tif,3DIMG_07NOV2019_0830_L1C_SGP.tif,INSAT3D_TIR1_India,2019-11-07 08:30:00,Gujarat,Ahmedabad,23.0225,72.5714,560.11,31.34,Moderate Rain
INSAT3D_TIR1_India/3DIMG_07NOV2019_0830_L1C_SGP.tif,3DIMG_07NOV2019_0830_L1C_SGP.tif,INSAT3D_TIR1_India,2019-11-07 08:30:00,Gujarat,Amreli,21.6032,71.2221,748.67,2.43,Light Rain
INSAT3D_TIR1_India/3DIMG_07NOV2019_0830_L1C_SGP.tif,3DIMG_07NOV2019_0830_L1C_SGP.tif,INSAT3D_TIR1_India,2019-11-07 08:30:00,Gujarat,Anand,22.5645,72.9289,672.78,14.14,Moderate Rain
INSAT3D_TIR1_India/3DIMG_07NOV2019_0830_L1C_SGP.tif,3DIMG_07NOV2019_0830_L1C_SGP.tif,INSAT3D_TIR1_India,2019-11-07 08:30:00,Gujarat,Aravalli,23.4619,73.3039,679.11,10.07,Moderate Rain
INSAT3D_TIR1_India/3DIMG_07NOV2019_0830_L1C_SGP.tif,3DIMG_07NOV2019_0830_L1C_SGP.tif,INSAT3D_TIR1_India,2019-11-07 08:30:00,Gujarat,Banaskantha,24.1724,72.4346,574.22,28.42,Moderate Rain
INSAT3D_TIR1_India/3DIMG_07NOV2019_0830_L1C_SGP.tif,3DIMG_07NOV2019_0830_L1C_SGP.tif,INSAT3D_TIR1_India,2019-11-07 08:30:00,Gujarat,Bharuch,21.7051,72.9959,825.89,2.76,Light Rain
INSAT3D_TIR1_India/3DIMG_07NOV2019_0830_L1C_SGP.tif,3DIMG_07NOV2019_0830_L1C_SGP.tif,INSAT3D_TIR1_India,2019-11-07 08:30:00,Gujarat,Bhavnagar,21.7645,72.1519,715.44,6.74,Light Rain
INSAT3D_TIR1_India/3DIMG_07NOV2019_0830_L1C_SGP.tif,3DIMG_07NOV2019_0830_L1C_SGP.tif,INSAT3D_TIR1_India,2019-11-07 08:30:00,Gujarat,Botad,22.1704,71.6662,605.56,23.47,Moderate Rain
INSAT3D_TIR1_India/3DIMG_07NOV2019_0830_L1C_SGP.tif,3DIMG_07NOV2019_0830_L1C_SGP.tif,INSAT3D_TIR1_India,2019-11-07 08:30:00,Gujarat,Chhota Udepur,22.3108,74.0125,691.67,9.95,Moderate Rain
INSAT3D_TIR1_India/3DIMG_07NOV2019_0830_L1C_SGP.tif,3DIMG_07NOV2019_0830_L1C_SGP.tif,INSAT3D_TIR1_India,2019-11-07 08:30:00,Gujarat,Dahod,22.8347,74.2552,722.11,8.27,Moderate Rain
INSAT3D_TIR1_India/3DIMG_07NOV2019_0830_L1C_SGP.tif,3DIMG_07NOV2019_0830_L1C_SGP.tif,INSAT3D_TIR1_India,2019-11-07 08:30:00,Gujarat,Dang,20.7554,73.6873,580.89,25.74,Moderate Rain
INSAT3D_TIR1_India/3DIMG_07NOV2019_0830_L1C_SGP.tif,3DIMG_07NOV2019_0830_L1C_SGP.tif,INSAT3D_TIR1_India,2019-11-07 08:30:00,Gujarat,Devbhumi Dwarka,22.2078,69.6582,516.0,33.91,Moderate Rain
INSAT3D_TIR1_India/3DIMG_07NOV2019_0830_L1C_SGP.tif,3DIMG_07NOV2019_0830_L1C_SGP.tif,INSAT3D_TIR1_India,2019-11-07 08:30:00,Gujarat,Gandhinagar,23.2156,72.6369,598.89,24.89,Moderate Rain
INSAT3D_TIR1_India/3DIMG_07NOV2019_0830_L1C_SGP.tif,3DIMG_07NOV2019_0830_L1C_SGP.tif,INSAT3D_TIR1_India,2019-11-07 08:30:00,Gujarat,Gir Somnath,20.9042,70.3644,597.44,24.76,Moderate Rain
INSAT3D_TIR1_India/3DIMG_07NOV2019_0830_L1C_SGP.tif,3DIMG_07NOV2019_0830_L1C_SGP.tif,INSAT3D_TIR1_India,2019-11-07 08:30:00,Gujarat,Jamnagar,22.4707,70.0577,505.56,37.15,Heavy Rain
INSAT3D_TIR1_India/3DIMG_07NOV2019_0830_L1C_SGP.tif,3DIMG_07NOV2019_0830_L1C_SGP.tif,INSAT3D_TIR1_India,2019-11-07 08:30:00,Gujarat,Junagadh,21.5222,70.4579,595.67,27.09,Moderate Rain
INSAT3D_TIR1_India/3DIMG_07NOV2019_0830_L1C_SGP.tif,3DIMG_07NOV2019_0830_L1C_SGP.tif,INSAT3D_TIR1_India,2019-11-07 08:30:00,Gujarat,Kheda,22.6916,72.8634,638.89,20.19,Moderate Rain
INSAT3D_TIR1_India/3DIMG_07NOV2019_0830_L1C_SGP.tif,3DIMG_07NOV2019_0830_L1C_SGP.tif,INSAT3D_TIR1_India,2019-11-07 08:30:00,Gujarat,Kutch (Bhuj),23.242,69.6669,498.22,37.92,Heavy Rain
INSAT3D_TIR1_India/3DIMG_07NOV2019_0830_L1C_SGP.tif,3DIMG_07NOV2019_0830_L1C_SGP.tif,INSAT3D_TIR1_India,2019-11-07 08:30:00,Gujarat,Mahisagar,23.1311,73.6009,775.0,0.0,No Rain
INSAT3D_TIR1_India/3DIMG_07NOV2019_0830_L1C_SGP.tif,3DIMG_07NOV2019_0830_L1C_SGP.tif,INSAT3D_TIR1_India,2019-11-07 08:30:00,Gujarat,Mehsana,23.588,72.3693,563.33,26.74,Moderate Rain
INSAT3D_TIR1_India/3DIMG_07NOV2019_0830_L1C_SGP.tif,3DIMG_07NOV2019_0830_L1C_SGP.tif,INSAT3D_TIR1_India,2019-11-07 08:30:00,Gujarat,Morbi,22.8173,70.8368,503.56,38.69,Heavy Rain
INSAT3D_TIR1_India/3DIMG_07NOV2019_0830_L1C_SGP.tif,3DIMG_07NOV2019_0830_L1C_SGP.tif,INSAT3D_TIR1_India,2019-11-07 08:30:00,Gujarat,Narmada,21.8719,73.5028,680.0,11.34,Moderate Rain
INSAT3D_TIR1_India/3DIMG_07NOV2019_0830_L1C_SGP.tif,3DIMG_07NOV2019_0830_L1C_SGP.tif,INSAT3D_TIR1_India,2019-11-07 08:30:00,Gujarat,Navsari,20.9467,72.952,800.78,0.11,Light Rain
INSAT3D_TIR1_India/3DIMG_07NOV2019_0830_L1C_SGP.tif,3DIMG_07NOV2019_0830_L1C_SGP.tif,INSAT3D_TIR1_India,2019-11-07 08:30:00,Gujarat,Panchmahal,22.778,73.6143,716.0,6.36,Light Rain
INSAT3D_TIR1_India/3DIMG_07NOV2019_0830_L1C_SGP.tif,3DIMG_07NOV2019_0830_L1C_SGP.tif,INSAT3D_TIR1_India,2019-11-07 08:30:00,Gujarat,Patan,23.8493,72.1266,581.11,25.44,Moderate Rain
INSAT3D_TIR1_India/3DIMG_07NOV2019_0830_L1C_SGP.tif,3DIMG_07NOV2019_0830_L1C_SGP.tif,INSAT3D_TIR1_India,2019-11-07 08:30:00,Gujarat,Porbandar,21.6417,69.6293,537.0,33.66,Moderate Rain
INSAT3D_TIR1_India/3DIMG_07NOV2019_0830_L1C_SGP.tif,3DIMG_07NOV2019_0830_L1C_SGP.tif,INSAT3D_TIR1_India,2019-11-07 08:30:00,Gujarat,Rajkot,22.3039,70.8022,516.56,34.19,Moderate Rain
INSAT3D_TIR1_India/3DIMG_07NOV2019_0830_L1C_SGP.tif,3DIMG_07NOV2019_0830_L1C_SGP.tif,INSAT3D_TIR1_India,2019-11-07 08:30:00,Gujarat,Sabarkantha,23.5977,72.9688,619.33,20.99,Moderate Rain
INSAT3D_TIR1_India/3DIMG_07NOV2019_0830_L1C_SGP.tif,3DIMG_07NOV2019_0830_L1C_SGP.tif,INSAT3D_TIR1_India,2019-11-07 08:30:00,Gujarat,Surat,21.1702,72.8311,819.67,0.21,Light Rain
INSAT3D_TIR1_India/3DIMG_07NOV2019_0830_L1C_SGP.tif,3DIMG_07NOV2019_0830_L1C_SGP.tif,INSAT3D_TIR1_India,2019-11-07 08:30:00,Gujarat,Surendranagar,22.7274,71.637,529.44,36.85,Heavy Rain
INSAT3D_TIR1_India/3DIMG_07NOV2019_0830_L1C_SGP.tif,3DIMG_07NOV2019_0830_L1C_SGP.tif,INSAT3D_TIR1_India,2019-11-07 08:30:00,Gujarat,Tapi,21.1147,73.3986,736.22,0.89,Light Rain
INSAT3D_TIR1_India/3DIMG_07NOV2019_0830_L1C_SGP.tif,3DIMG_07NOV2019_0830_L1C_SGP.tif,INSAT3D_TIR1_India,2019-11-07 08:30:00,Gujarat,Vadodara,22.3072,73.1812,649.44,15.22,Moderate Rain
INSAT3D_TIR1_India/3DIMG_07NOV2019_0830_L1C_SGP.tif,3DIMG_07NOV2019_0830_L1C_SGP.tif,INSAT3D_TIR1_India,2019-11-07 08:30:00,Gujarat,Valsad,20.5992,72.9342,741.56,5.16,Light Rain
INSAT3D_TIR1_India/3DIMG_07NOV2019_0859_L1C_SGP.tif,3DIMG_07NOV2019_0859_L1C_SGP.tif,INSAT3D_TIR1_India,2019-11-07 08:59:00,Gujarat,Ahmedabad,23.0225,72.5714,574.67,29.16,Moderate Rain
INSAT3D_TIR1_India/3DIMG_07NOV2019_0859_L1C_SGP.tif,3DIMG_07NOV2019_0859_L1C_SGP.tif,INSAT3D_TIR1_India,2019-11-07 08:59:00,Gujarat,Amreli,21.6032,71.2221,704.78,9.02,Moderate Rain
INSAT3D_TIR1_India/3DIMG_07NOV2019_0859_L1C_SGP.tif,3DIMG_07NOV2019_0859_L1C_SGP.tif,INSAT3D_TIR1_India,2019-11-07 08:59:00,Gujarat,Anand,22.5645,72.9289,625.78,21.19,Moderate Rain
INSAT3D_TIR1_India/3DIMG_07NOV2019_0859_L1C_SGP.tif,3DIMG_07NOV2019_0859_L1C_SGP.tif,INSAT3D_TIR1_India,2019-11-07 08:59:00,Gujarat,Aravalli,23.4619,73.3039,651.22,14.25,Moderate Rain
INSAT3D_TIR1_India/3DIMG_07NOV2019_0859_L1C_SGP.tif,3DIMG_07NOV2019_0859_L1C_SGP.tif,INSAT3D_TIR1_India,2019-11-07 08:59:00,Gujarat,Banaskantha,24.1724,72.4346,590.89,25.92,Moderate Rain
INSAT3D_TIR1_India/3DIMG_07NOV2019_0859_L1C_SGP.tif,3DIMG_07NOV2019_0859_L1C_SGP.tif,INSAT3D_TIR1_India,2019-11-07 08:59:00,Gujarat,Bharuch,21.7051,72.9959,850.56,2.76,Light Rain
INSAT3D_TIR1_India/3DIMG_07NOV2019_0859_L1C_SGP.tif,3DIMG_07NOV2019_0859_L1C_SGP.tif,INSAT3D_TIR1_India,2019-11-07 08:59:00,Gujarat,Bhavnagar,21.7645,72.1519,869.67,0.06,Light Rain
INSAT3D_TIR1_India/3DIMG_07NOV2019_0859_L1C_SGP.tif,3DIMG_07NOV2019_0859_L1C_SGP.tif,INSAT3D_TIR1_India,2019-11-07 08:59:00,Gujarat,Botad,22.1704,71.6662,670.89,13.67,Moderate Rain
INSAT3D_TIR1_India/3DIMG_07NOV2019_0859_L1C_SGP.tif,3DIMG_07NOV2019_0859_L1C_SGP.tif,INSAT3D_TIR1_India,2019-11-07 08:59:00,Gujarat,Chhota Udepur,22.3108,74.0125,717.0,6.15,Light Rain
INSAT3D_TIR1_India/3DIMG_07NOV2019_0859_L1C_SGP.tif,3DIMG_07NOV2019_0859_L1C_SGP.tif,INSAT3D_TIR1_India,2019-11-07 08:59:00,Gujarat,Dahod,22.8347,74.2552,724.0,7.98,Moderate Rain
INSAT3D_TIR1_India/3DIMG_07NOV2019_0859_L1C_SGP.tif,3DIMG_07NOV2019_0859_L1C_SGP.tif,INSAT3D_TIR1_India,2019-11-07 08:59:00,Gujarat,Dang,20.7554,73.6873,650.78,15.26,Moderate Rain
INSAT3D_TIR1_India/3DIMG_07NOV2019_0859_L1C_SGP.tif,3DIMG_07NOV2019_0859_L1C_SGP.tif,INSAT3D_TIR1_India,2019-11-07 08:59:00,Gujarat,Devbhumi Dwarka,22.2078,69.6582,503.89,35.73,Heavy Rain
INSAT3D_TIR1_India/3DIMG_07NOV2019_0859_L1C_SGP.tif,3DIMG_07NOV2019_0859_L1C_SGP.tif,INSAT3D_TIR1_India,2019-11-07 08:59:00,Gujarat,Gandhinagar,23.2156,72.6369,602.11,24.41,Moderate Rain
INSAT3D_TIR1_India/3DIMG_07NOV2019_0859_L1C_SGP.tif,3DIMG_07NOV2019_0859_L1C_SGP.tif,INSAT3D_TIR1_India,2019-11-07 08:59:00,Gujarat,Gir Somnath,20.9042,70.3644,599.67,24.42,Moderate Rain
INSAT3D_TIR1_India/3DIMG_07NOV2019_0859_L1C_SGP.tif,3DIMG_07NOV2019_0859_L1C_SGP.tif,INSAT3D_TIR1_India,2019-11-07 08:59:00,Gujarat,Jamnagar,22.4707,70.0577,505.56,37.15,Heavy Rain
INSAT3D_TIR1_India/3DIMG_07NOV2019_0859_L1C_SGP.tif,3DIMG_07NOV2019_0859_L1C_SGP.tif,INSAT3D_TIR1_India,2019-11-07 08:59:00,Gujarat,Junagadh,21.5222,70.4579,605.22,25.65,Moderate Rain
INSAT3D_TIR1_India/3DIMG_07NOV2019_0859_L1C_SGP.tif,3DIMG_07NOV2019_0859_L1C_SGP.tif,INSAT3D_TIR1_India,2019-11-07 08:59:00,Gujarat,Kheda,22.6916,72.8634,621.22,22.84,Moderate Rain
INSAT3D_TIR1_India/3DIMG_07NOV2019_0859_L1C_SGP.tif,3DIMG_07NOV2019_0859_L1C_SGP.tif,INSAT3D_TIR1_India,2019-11-07 08:59:00,Gujarat,Kutch (Bhuj),23.242,69.6669,503.67,37.1,Heavy Rain
INSAT3D_TIR1_India/3DIMG_07NOV2019_0859_L1C_SGP.tif,3DIMG_07NOV2019_0859_L1C_SGP.tif,INSAT3D_TIR1_India,2019-11-07 08:59:00,Gujarat,Mahisagar,23.1311,73.6009,594.67,24.27,Moderate Rain
INSAT3D_TIR1_India/3DIMG_07NOV2019_0859_L1C_SGP.tif,3DIMG_07NOV2019_0859_L1C_SGP.tif,INSAT3D_TIR1_India,2019-11-07 08:59:00,Gujarat,Mehsana,23.588,72.3693,565.22,26.46,Moderate Rain
INSAT3D_TIR1_India/3DIMG_07NOV2019_0859_L1C_SGP.tif,3DIMG_07NOV2019_0859_L1C_SGP.tif,INSAT3D_TIR1_India,2019-11-07 08:59:00,Gujarat,Morbi,22.8173,70.8368,506.11,38.31,Heavy Rain
INSAT3D_TIR1_India/3DIMG_07NOV2019_0859_L1C_SGP.tif,3DIMG_07NOV2019_0859_L1C_SGP.tif,INSAT3D_TIR1_India,2019-11-07 08:59:00,Gujarat,Narmada,21.8719,73.5028,618.44,20.58,Moderate Rain
INSAT3D_TIR1_India/3DIMG_07NOV2019_0859_L1C_SGP.tif,3DIMG_07NOV2019_0859_L1C_SGP.tif,INSAT3D_TIR1_India,2019-11-07 08:59:00,Gujarat,Navsari,20.9467,72.952,804.44,0.11,Light Rain
INSAT3D_TIR1_India/3DIMG_07NOV2019_0859_L1C_SGP.tif,3DIMG_07NOV2019_0859_L1C_SGP.tif,INSAT3D_TIR1_India,2019-11-07 08:59:00,Gujarat,Panchmahal,22.778,73.6143,676.89,12.22,Moderate Rain
INSAT3D_TIR1_India/3DIMG_07NOV2019_0859_L1C_SGP.tif,3DIMG_07NOV2019_0859_L1C_SGP.tif,INSAT3D_TIR1_India,2019-11-07 08:59:00,Gujarat,Patan,23.8493,72.1266,561.44,28.39,Moderate Rain
INSAT3D_TIR1_India/3DIMG_07NOV2019_0859_L1C_SGP.tif,3DIMG_07NOV2019_0859_L1C_SGP.tif,INSAT3D_TIR1_India,2019-11-07 08:59:00,Gujarat,Porbandar,21.6417,69.6293,540.33,33.16,Moderate Rain
INSAT3D_TIR1_India/3DIMG_07NOV2019_0859_L1C_SGP.tif,3DIMG_07NOV2019_0859_L1C_SGP.tif,INSAT3D_TIR1_India,2019-11-07 08:59:00,Gujarat,Rajkot,22.3039,70.8022,529.78,32.21,Moderate Rain
INSAT3D_TIR1_India/3DIMG_07NOV2019_0859_L1C_SGP.tif,3DIMG_07NOV2019_0859_L1C_SGP.tif,INSAT3D_TIR1_India,2019-11-07 08:59:00,Gujarat,Sabarkantha,23.5977,72.9688,626.22,19.96,Moderate Rain
INSAT3D_TIR1_India/3DIMG_07NOV2019_0859_L1C_SGP.tif,3DIMG_07NOV2019_0859_L1C_SGP.tif,INSAT3D_TIR1_India,2019-11-07 08:59:00,Gujarat,Surat,21.1702,72.8311,833.0,0.21,Light Rain
INSAT3D_TIR1_India/3DIMG_07NOV2019_0859_L1C_SGP.tif,3DIMG_07NOV2019_0859_L1C_SGP.tif,INSAT3D_TIR1_India,2019-11-07 08:59:00,Gujarat,Surendranagar,22.7274,71.637,534.67,36.07,Heavy Rain
INSAT3D_TIR1_India/3DIMG_07NOV2019_0859_L1C_SGP.tif,3DIMG_07NOV2019_0859_L1C_SGP.tif,INSAT3D_TIR1_India,2019-11-07 08:59:00,Gujarat,Tapi,21.1147,73.3986,749.44,0.0,No Rain
INSAT3D_TIR1_India/3DIMG_07NOV2019_0859_L1C_SGP.tif,3DIMG_07NOV2019_0859_L1C_SGP.tif,INSAT3D_TIR1_India,2019-11-07 08:59:00,Gujarat,Vadodara,22.3072,73.1812,684.78,9.92,Moderate Rain
INSAT3D_TIR1_India/3DIMG_07NOV2019_0859_L1C_SGP.tif,3DIMG_07NOV2019_0859_L1C_SGP.tif,INSAT3D_TIR1_India,2019-11-07 08:59:00,Gujarat,Valsad,20.5992,72.9342,761.67,2.39,Light Rain
INSAT3D_TIR1_India/3DIMG_07NOV2019_0900_L1C_SGP.tif,3DIMG_07NOV2019_0900_L1C_SGP.tif,INSAT3D_TIR1_India,2019-11-07 09:00:00,Gujarat,Ahmedabad,23.0225,72.5714,574.67,29.16,Moderate Rain
INSAT3D_TIR1_India/3DIMG_07NOV2019_0900_L1C_SGP.tif,3DIMG_07NOV2019_0900_L1C_SGP.tif,INSAT3D_TIR1_India,2019-11-07 09:00:00,Gujarat,Amreli,21.6032,71.2221,704.78,9.02,Moderate Rain
INSAT3D_TIR1_India/3DIMG_07NOV2019_0900_L1C_SGP.tif,3DIMG_07NOV2019_0900_L1C_SGP.tif,INSAT3D_TIR1_India,2019-11-07 09:00:00,Gujarat,Anand,22.5645,72.9289,625.78,21.19,Moderate Rain
INSAT3D_TIR1_India/3DIMG_07NOV2019_0900_L1C_SGP.tif,3DIMG_07NOV2019_0900_L1C_SGP.tif,INSAT3D_TIR1_India,2019-11-07 09:00:00,Gujarat,Aravalli,23.4619,73.3039,651.22,14.25,Moderate Rain
INSAT3D_TIR1_India/3DIMG_07NOV2019_0900_L1C_SGP.tif,3DIMG_07NOV2019_0900_L1C_SGP.tif,INSAT3D_TIR1_India,2019-11-07 09:00:00,Gujarat,Banaskantha,24.1724,72.4346,590.89,25.92,Moderate Rain
INSAT3D_TIR1_India/3DIMG_07NOV2019_0900_L1C_SGP.tif,3DIMG_07NOV2019_0900_L1C_SGP.tif,INSAT3D_TIR1_India,2019-11-07 09:00:00,Gujarat,Bharuch,21.7051,72.9959,850.56,2.76,Light Rain
INSAT3D_TIR1_India/3DIMG_07NOV2019_0900_L1C_SGP.tif,3DIMG_07NOV2019_0900_L1C_SGP.tif,INSAT3D_TIR1_India,2019-11-07 09:00:00,Gujarat,Bhavnagar,21.7645,72.1519,869.67,0.06,Light Rain
INSAT3D_TIR1_India/3DIMG_07NOV2019_0900_L1C_SGP.tif,3DIMG_07NOV2019_0900_L1C_SGP.tif,INSAT3D_TIR1_India,2019-11-07 09:00:00,Gujarat,Botad,22.1704,71.6662,670.89,13.67,Moderate Rain
INSAT3D_TIR1_India/3DIMG_07NOV2019_0900_L1C_SGP.tif,3DIMG_07NOV2019_0900_L1C_SGP.tif,INSAT3D_TIR1_India,2019-11-07 09:00:00,Gujarat,Chhota Udepur,22.3108,74.0125,717.0,6.15,Light Rain
INSAT3D_TIR1_India/3DIMG_07NOV2019_0900_L1C_SGP.tif,3DIMG_07NOV2019_0900_L1C_SGP.tif,INSAT3D_TIR1_India,2019-11-07 09:00:00,Gujarat,Dahod,22.8347,74.2552,724.0,7.98,Moderate Rain
INSAT3D_TIR1_India/3DIMG_07NOV2019_0900_L1C_SGP.tif,3DIMG_07NOV2019_0900_L1C_SGP.tif,INSAT3D_TIR1_India,2019-11-07 09:00:00,Gujarat,Dang,20.7554,73.6873,650.78,15.26,Moderate Rain
INSAT3D_TIR1_India/3DIMG_07NOV2019_0900_L1C_SGP.tif,3DIMG_07NOV2019_0900_L1C_SGP.tif,INSAT3D_TIR1_India,2019-11-07 09:00:00,Gujarat,Devbhumi Dwarka,22.2078,69.6582,503.89,35.73,Heavy Rain
INSAT3D_TIR1_India/3DIMG_07NOV2019_0900_L1C_SGP.tif,3DIMG_07NOV2019_0900_L1C_SGP.tif,INSAT3D_TIR1_India,2019-11-07 09:00:00,Gujarat,Gandhinagar,23.2156,72.6369,602.11,24.41,Moderate Rain
INSAT3D_TIR1_India/3DIMG_07NOV2019_0900_L1C_SGP.tif,3DIMG_07NOV2019_0900_L1C_SGP.tif,INSAT3D_TIR1_India,2019-11-07 09:00:00,Gujarat,Gir Somnath,20.9042,70.3644,599.67,24.42,Moderate Rain
INSAT3D_TIR1_India/3DIMG_07NOV2019_0900_L1C_SGP.tif,3DIMG_07NOV2019_0900_L1C_SGP.tif,INSAT3D_TIR1_India,2019-11-07 09:00:00,Gujarat,Jamnagar,22.4707,70.0577,505.56,37.15,Heavy Rain
INSAT3D_TIR1_India/3DIMG_07NOV2019_0900_L1C_SGP.tif,3DIMG_07NOV2019_0900_L1C_SGP.tif,INSAT3D_TIR1_India,2019-11-07 09:00:00,Gujarat,Junagadh,21.5222,70.4579,605.22,25.65,Moderate Rain
INSAT3D_TIR1_India/3DIMG_07NOV2019_0900_L1C_SGP.tif,3DIMG_07NOV2019_0900_L1C_SGP.tif,INSAT3D_TIR1_India,2019-11-07 09:00:00,Gujarat,Kheda,22.6916,72.8634,621.22,22.84,Moderate Rain
INSAT3D_TIR1_India/3DIMG_07NOV2019_0900_L1C_SGP.tif,3DIMG_07NOV2019_0900_L1C_SGP.tif,INSAT3D_TIR1_India,2019-11-07 09:00:00,Gujarat,Kutch (Bhuj),23.242,69.6669,503.67,37.1,Heavy Rain
INSAT3D_TIR1_India/3DIMG_07NOV2019_0900_L1C_SGP.tif,3DIMG_07NOV2019_0900_L1C_SGP.tif,INSAT3D_TIR1_India,2019-11-07 09:00:00,Gujarat,Mahisagar,23.1311,73.6009,594.67,24.27,Moderate Rain
INSAT3D_TIR1_India/3DIMG_07NOV2019_0900_L1C_SGP.tif,3DIMG_07NOV2019_0900_L1C_SGP.tif,INSAT3D_TIR1_India,2019-11-07 09:00:00,Gujarat,Mehsana,23.588,72.3693,565.22,26.46,Moderate Rain
INSAT3D_TIR1_India/3DIMG_07NOV2019_0900_L1C_SGP.tif,3DIMG_07NOV2019_0900_L1C_SGP.tif,INSAT3D_TIR1_India,2019-11-07 09:00:00,Gujarat,Morbi,22.8173,70.8368,506.11,38.31,Heavy Rain
INSAT3D_TIR1_India/3DIMG_07NOV2019_0900_L1C_SGP.tif,3DIMG_07NOV2019_0900_L1C_SGP.tif,INSAT3D_TIR1_India,2019-11-07 09:00:00,Gujarat,Narmada,21.8719,73.5028,618.44,20.58,Moderate Rain
INSAT3D_TIR1_India/3DIMG_07NOV2019_0900_L1C_SGP.tif,3DIMG_07NOV2019_0900_L1C_SGP.tif,INSAT3D_TIR1_India,2019-11-07 09:00:00,Gujarat,Navsari,20.9467,72.952,804.44,0.11,Light Rain
INSAT3D_TIR1_India/3DIMG_07NOV2019_0900_L1C_SGP.tif,3DIMG_07NOV2019_0900_L1C_SGP.tif,INSAT3D_TIR1_India,2019-11-07 09:00:00,Gujarat,Panchmahal,22.778,73.6143,676.89,12.22,Moderate Rain
INSAT3D_TIR1_India/3DIMG_07NOV2019_0900_L1C_SGP.tif,3DIMG_07NOV2019_0900_L1C_SGP.tif,INSAT3D_TIR1_India,2019-11-07 09:00:00,Gujarat,Patan,23.8493,72.1266,561.44,28.39,Moderate Rain
INSAT3D_TIR1_India/3DIMG_07NOV2019_0900_L1C_SGP.tif,3DIMG_07NOV2019_0900_L1C_SGP.tif,INSAT3D_TIR1_India,2019-11-07 09:00:00,Gujarat,Porbandar,21.6417,69.6293,540.33,33.16,Moderate Rain
INSAT3D_TIR1_India/3DIMG_07NOV2019_0900_L1C_SGP.tif,3DIMG_07NOV2019_0900_L1C_SGP.tif,INSAT3D_TIR1_India,2019-11-07 09:00:00,Gujarat,Rajkot,22.3039,70.8022,529.78,32.21,Moderate Rain
INSAT3D_TIR1_India/3DIMG_07NOV2019_0900_L1C_SGP.tif,3DIMG_07NOV2019_0900_L1C_SGP.tif,INSAT3D_TIR1_India,2019-11-07 09:00:00,Gujarat,Sabarkantha,23.5977,72.9688,626.22,19.96,Moderate Rain
INSAT3D_TIR1_India/3DIMG_07NOV2019_0900_L1C_SGP.tif,3DIMG_07NOV2019_0900_L1C_SGP.tif,INSAT3D_TIR1_India,2019-11-07 09:00:00,Gujarat,Surat,21.1702,72.8311,833.0,0.21,Light Rain
INSAT3D_TIR1_India/3DIMG_07NOV2019_0900_L1C_SGP.tif,3DIMG_07NOV2019_0900_L1C_SGP.tif,INSAT3D_TIR1_India,2019-11-07 09:00:00,Gujarat,Surendranagar,22.7274,71.637,534.67,36.07,Heavy Rain
INSAT3D_TIR1_India/3DIMG_07NOV2019_0900_L1C_SGP.tif,3DIMG_07NOV2019_0900_L1C_SGP.tif,INSAT3D_TIR1_India,2019-11-07 09:00:00,Gujarat,Tapi,21.1147,73.3986,749.44,0.0,No Rain
INSAT3D_TIR1_India/3DIMG_07NOV2019_0900_L1C_SGP.tif,3DIMG_07NOV2019_0900_L1C_SGP.tif,INSAT3D_TIR1_India,2019-11-07 09:00:00,Gujarat,Vadodara,22.3072,73.1812,684.78,9.92,Moderate Rain
INSAT3D_TIR1_India/3DIMG_07NOV2019_0900_L1C_SGP.tif,3DIMG_07NOV2019_0900_L1C_SGP.tif,INSAT3D_TIR1_India,2019-11-07 09:00:00,Gujarat,Valsad,20.5992,72.9342,761.67,2.39,Light Rain
INSAT3D_TIR1_India/3DIMG_07NOV2019_0929_L1C_SGP.tif,3DIMG_07NOV2019_0929_L1C_SGP.tif,INSAT3D_TIR1_India,2019-11-07 09:29:00,Gujarat,Ahmedabad,23.0225,72.5714,573.44,29.34,Moderate Rain
INSAT3D_TIR1_India/3DIMG_07NOV2019_0929_L1C_SGP.tif,3DIMG_07NOV2019_0929_L1C_SGP.tif,INSAT3D_TIR1_India,2019-11-07 09:29:00,Gujarat,Amreli,21.6032,71.2221,659.44,15.82,Moderate Rain
INSAT3D_TIR1_India/3DIMG_07NOV2019_0929_L1C_SGP.tif,3DIMG_07NOV2019_0929_L1C_SGP.tif,INSAT3D_TIR1_India,2019-11-07 09:29:00,Gujarat,Anand,22.5645,72.9289,583.89,27.47,Moderate Rain
INSAT3D_TIR1_India/3DIMG_07NOV2019_0929_L1C_SGP.tif,3DIMG_07NOV2019_0929_L1C_SGP.tif,INSAT3D_TIR1_India,2019-11-07 09:29:00,Gujarat,Aravalli,23.4619,73.3039,639.11,16.07,Moderate Rain
INSAT3D_TIR1_India/3DIMG_07NOV2019_0929_L1C_SGP.tif,3DIMG_07NOV2019_0929_L1C_SGP.tif,INSAT3D_TIR1_India,2019-11-07 09:29:00,Gujarat,Banaskantha,24.1724,72.4346,533.0,34.6,Moderate Rain
INSAT3D_TIR1_India/3DIMG_07NOV2019_0929_L1C_SGP.tif,3DIMG_07NOV2019_0929_L1C_SGP.tif,INSAT3D_TIR1_India,2019-11-07 09:29:00,Gujarat,Bharuch,21.7051,72.9959,738.33,6.01,Light Rain
INSAT3D_TIR1_India/3DIMG_07NOV2019_0929_L1C_SGP.tif,3DIMG_07NOV2019_0929_L1C_SGP.tif,INSAT3D_TIR1_India,2019-11-07 09:29:00,Gujarat,Bhavnagar,21.7645,72.1519,684.67,11.36,Moderate Rain
INSAT3D_TIR1_India/3DIMG_07NOV2019_0929_L1C_SGP.tif,3DIMG_07NOV2019_0929_L1C_SGP.tif,INSAT3D_TIR1_India,2019-11-07 09:29:00,Gujarat,Botad,22.1704,71.6662,694.44,10.14,Moderate Rain
INSAT3D_TIR1_India/3DIMG_07NOV2019_0929_L1C_SGP.tif,3DIMG_07NOV2019_0929_L1C_SGP.tif,INSAT3D_TIR1_India,2019-11-07 09:29:00,Gujarat,Chhota Udepur,22.3108,74.0125,649.78,16.23,Moderate Rain
INSAT3D_TIR1_India/3DIMG_07NOV2019_0929_L1C_SGP.tif,3DIMG_07NOV2019_0929_L1C_SGP.tif,INSAT3D_TIR1_India,2019-11-07 09:29:00,Gujarat,Dahod,22.8347,74.2552,677.44,14.97,Moderate Rain
INSAT3D_TIR1_India/3DIMG_07NOV2019_0929_L1C_SGP.tif,3DIMG_07NOV2019_0929_L1C_SGP.tif,INSAT3D_TIR1_India,2019-11-07 09:29:00,Gujarat,Dang,20.7554,73.6873,644.56,16.19,Moderate Rain
INSAT3D_TIR1_India/3DIMG_07NOV2019_0929_L1C_SGP.tif,3DIMG_07NOV2019_0929_L1C_SGP.tif,INSAT3D_TIR1_India,2019-11-07 09:29:00,Gujarat,Devbhumi Dwarka,22.2078,69.6582,500.11,36.29,Heavy Rain
INSAT3D_TIR1_India/3DIMG_07NOV2019_0929_L1C_SGP.tif,3DIMG_07NOV2019_0929_L1C_SGP.tif,INSAT3D_TIR1_India,2019-11-07 09:29:00,Gujarat,Gandhinagar,23.2156,72.6369,567.11,29.66,Moderate Rain
INSAT3D_TIR1_India/3DIMG_07NOV2019_0929_L1C_SGP.tif,3DIMG_07NOV2019_0929_L1C_SGP.tif,INSAT3D_TIR1_India,2019-11-07 09:29:00,Gujarat,Gir Somnath,20.9042,70.3644,588.67,26.07,Moderate Rain
INSAT3D_TIR1_India/3DIMG_07NOV2019_0929_L1C_SGP.tif,3DIMG_07NOV2019_0929_L1C_SGP.tif,INSAT3D_TIR1_India,2019-11-07 09:29:00,Gujarat,Jamnagar,22.4707,70.0577,505.11,37.22,Heavy Rain
INSAT3D_TIR1_India/3DIMG_07NOV2019_0929_L1C_SGP.tif,3DIMG_07NOV2019_0929_L1C_SGP.tif,INSAT3D_TIR1_India,2019-11-07 09:29:00,Gujarat,Junagadh,21.5222,70.4579,611.89,24.65,Moderate Rain
INSAT3D_TIR1_India/3DIMG_07NOV2019_0929_L1C_SGP.tif,3DIMG_07NOV2019_0929_L1C_SGP.tif,INSAT3D_TIR1_India,2019-11-07 09:29:00,Gujarat,Kheda,22.6916,72.8634,633.0,21.07,Moderate Rain
INSAT3D_TIR1_India/3DIMG_07NOV2019_0929_L1C_SGP.tif,3DIMG_07NOV2019_0929_L1C_SGP.tif,INSAT3D_TIR1_India,2019-11-07 09:29:00,Gujarat,Kutch (Bhuj),23.242,69.6669,491.11,38.98,Heavy Rain
INSAT3D_TIR1_India/3DIMG_07NOV2019_0929_L1C_SGP.tif,3DIMG_07NOV2019_0929_L1C_SGP.tif,INSAT3D_TIR1_India,2019-11-07 09:29:00,Gujarat,Mahisagar,23.1311,73.6009,637.22,17.88,Moderate Rain
INSAT3D_TIR1_India/3DIMG_07NOV2019_0929_L1C_SGP.tif,3DIMG_07NOV2019_0929_L1C_SGP.tif,INSAT3D_TIR1_India,2019-11-07 09:29:00,Gujarat,Mehsana,23.588,72.3693,583.22,23.76,Moderate Rain
INSAT3D_TIR1_India/3DIMG_07NOV2019_0929_L1C_SGP.tif,3DIMG_07NOV2019_0929_L1C_SGP.tif,INSAT3D_TIR1_India,2019-11-07 09:29:00,Gujarat,Morbi,22.8173,70.8368,511.22,37.54,Heavy Rain
INSAT3D_TIR1_India/3DIMG_07NOV2019_0929_L1C_SGP.tif,3DIMG_07NOV2019_0929_L1C_SGP.tif,INSAT3D_TIR1_India,2019-11-07 09:29:00,Gujarat,Narmada,21.8719,73.5028,734.0,3.24,Light Rain
INSAT3D_TIR1_India/3DIMG_07NOV2019_0929_L1C_SGP.tif,3DIMG_07NOV2019_0929_L1C_SGP.tif,INSAT3D_TIR1_India,2019-11-07 09:29:00,Gujarat,Navsari,20.9467,72.952,793.67,0.11,Light Rain
INSAT3D_TIR1_India/3DIMG_07NOV2019_0929_L1C_SGP.tif,3DIMG_07NOV2019_0929_L1C_SGP.tif,INSAT3D_TIR1_India,2019-11-07 09:29:00,Gujarat,Panchmahal,22.778,73.6143,707.56,7.62,Moderate Rain
INSAT3D_TIR1_India/3DIMG_07NOV2019_0929_L1C_SGP.tif,3DIMG_07NOV2019_0929_L1C_SGP.tif,INSAT3D_TIR1_India,2019-11-07 09:29:00,Gujarat,Patan,23.8493,72.1266,527.11,33.54,Moderate Rain
INSAT3D_TIR1_India/3DIMG_07NOV2019_0929_L1C_SGP.tif,3DIMG_07NOV2019_0929_L1C_SGP.tif,INSAT3D_TIR1_India,2019-11-07 09:29:00,Gujarat,Porbandar,21.6417,69.6293,541.0,33.06,Moderate Rain
INSAT3D_TIR1_India/3DIMG_07NOV2019_0929_L1C_SGP.tif,3DIMG_07NOV2019_0929_L1C_SGP.tif,INSAT3D_TIR1_India,2019-11-07 09:29:00,Gujarat,Rajkot,22.3039,70.8022,533.22,31.69,Moderate Rain
INSAT3D_TIR1_India/3DIMG_07NOV2019_0929_L1C_SGP.tif,3DIMG_07NOV2019_0929_L1C_SGP.tif,INSAT3D_TIR1_India,2019-11-07 09:29:00,Gujarat,Sabarkantha,23.5977,72.9688,620.78,20.78,Moderate Rain
INSAT3D_TIR1_India/3DIMG_07NOV2019_0929_L1C_SGP.tif,3DIMG_07NOV2019_0929_L1C_SGP.tif,INSAT3D_TIR1_India,2019-11-07 09:29:00,Gujarat,Surat,21.1702,72.8311,766.33,0.21,Light Rain
INSAT3D_TIR1_India/3DIMG_07NOV2019_0929_L1C_SGP.tif,3DIMG_07NOV2019_0929_L1C_SGP.tif,INSAT3D_TIR1_India,2019-11-07 09:29:00,Gujarat,Surendranagar,22.7274,71.637,533.89,36.19,Heavy Rain
INSAT3D_TIR1_India/3DIMG_07NOV2019_0929_L1C_SGP.tif,3DIMG_07NOV2019_0929_L1C_SGP.tif,INSAT3D_TIR1_India,2019-11-07 09:29:00,Gujarat,Tapi,21.1147,73.3986,774.22,0.0,No Rain
INSAT3D_TIR1_India/3DIMG_07NOV2019_0929_L1C_SGP.tif,3DIMG_07NOV2019_0929_L1C_SGP.tif,INSAT3D_TIR1_India,2019-11-07 09:29:00,Gujarat,Vadodara,22.3072,73.1812,655.22,14.35,Moderate Rain
INSAT3D_TIR1_India/3DIMG_07NOV2019_0929_L1C_SGP.tif,3DIMG_07NOV2019_0929_L1C_SGP.tif,INSAT3D_TIR1_India,2019-11-07 09:29:00,Gujarat,Valsad,20.5992,72.9342,778.44,2.39,Light Rain
INSAT3D_TIR1_India/3DIMG_07NOV2019_0930_L1C_SGP.tif,3DIMG_07NOV2019_0930_L1C_SGP.tif,INSAT3D_TIR1_India,2019-11-07 09:30:00,Gujarat,Ahmedabad,23.0225,72.5714,576.44,28.89,Moderate Rain
INSAT3D_TIR1_India/3DIMG_07NOV2019_0930_L1C_SGP.tif,3DIMG_07NOV2019_0930_L1C_SGP.tif,INSAT3D_TIR1_India,2019-11-07 09:30:00,Gujarat,Amreli,21.6032,71.2221,658.33,15.98,Moderate Rain
INSAT3D_TIR1_India/3DIMG_07NOV2019_0930_L1C_SGP.tif,3DIMG_07NOV2019_0930_L1C_SGP.tif,INSAT3D_TIR1_India,2019-11-07 09:30:00,Gujarat,Anand,22.5645,72.9289,589.11,26.69,Moderate Rain
INSAT3D_TIR1_India/3DIMG_07NOV2019_0930_L1C_SGP.tif,3DIMG_07NOV2019_0930_L1C_SGP.tif,INSAT3D_TIR1_India,2019-11-07 09:30:00,Gujarat,Aravalli,23.4619,73.3039,637.22,16.35,Moderate Rain
INSAT3D_TIR1_India/3DIMG_07NOV2019_0930_L1C_SGP.tif,3DIMG_07NOV2019_0930_L1C_SGP.tif,INSAT3D_TIR1_India,2019-11-07 09:30:00,Gujarat,Banaskantha,24.1724,72.4346,533.33,34.55,Moderate Rain
INSAT3D_TIR1_India/3DIMG_07NOV2019_0930_L1C_SGP.tif,3DIMG_07NOV2019_0930_L1C_SGP.tif,INSAT3D_TIR1_India,2019-11-07 09:30:00,Gujarat,Bharuch,21.7051,72.9959,750.0,4.26,Light Rain
INSAT3D_TIR1_India/3DIMG_07NOV2019_0930_L1C_SGP.tif,3DIMG_07NOV2019_0930_L1C_SGP.tif,INSAT3D_TIR1_India,2019-11-07 09:30:00,Gujarat,Bhavnagar,21.7645,72.1519,683.89,11.48,Moderate Rain
INSAT3D_TIR1_India/3DIMG_07NOV2019_0930_L1C_SGP.tif,3DIMG_07NOV2019_0930_L1C_SGP.tif,INSAT3D_TIR1_India,2019-11-07 09:30:00,Gujarat,Botad,22.1704,71.6662,691.78,10.54,Moderate Rain
INSAT3D_TIR1_India/3DIMG_07NOV2019_0930_L1C_SGP.tif,3DIMG_07NOV2019_0930_L1C_SGP.tif,INSAT3D_TIR1_India,2019-11-07 09:30:00,Gujarat,Chhota Udepur,22.3108,74.0125,631.78,18.93,Moderate Rain
INSAT3D_TIR1_India/3DIMG_07NOV2019_0930_L1C_SGP.tif,3DIMG_07NOV2019_0930_L1C_SGP.tif,INSAT3D_TIR1_India,2019-11-07 09:30:00,Gujarat,Dahod,22.8347,74.2552,677.56,14.95,Moderate Rain
INSAT3D_TIR1_India/3DIMG_07NOV2019_0930_L1C_SGP.tif,3DIMG_07NOV2019_0930_L1C_SGP.tif,INSAT3D_TIR1_India,2019-11-07 09:30:00,Gujarat,Dang,20.7554,73.6873,622.44,19.51,Moderate Rain
INSAT3D_TIR1_India/3DIMG_07NOV2019_0930_L1C_SGP.tif,3DIMG_07NOV2019_0930_L1C_SGP.tif,INSAT3D_TIR1_India,2019-11-07 09:30:00,Gujarat,Devbhumi Dwarka,22.2078,69.6582,505.11,35.54,Heavy Rain
INSAT3D_TIR1_India/3DIMG_07NOV2019_0930_L1C_SGP.tif,3DIMG_07NOV2019_0930_L1C_SGP.tif,INSAT3D_TIR1_India,2019-11-07 09:30:00,Gujarat,Gandhinagar,23.2156,72.6369,563.56,30.19,Moderate Rain
INSAT3D_TIR1_India/3DIMG_07NOV2019_0930_L1C_SGP.tif,3DIMG_07NOV2019_0930_L1C_SGP.tif,INSAT3D_TIR1_India,2019-11-07 09:30:00,Gujarat,Gir Somnath,20.9042,70.3644,587.89,26.19,Moderate Rain
INSAT3D_TIR1_India/3DIMG_07NOV2019_0930_L1C_SGP.tif,3DIMG_07NOV2019_0930_L1C_SGP.tif,INSAT3D_TIR1_India,2019-11-07 09:30:00,Gujarat,Jamnagar,22.4707,70.0577,505.44,37.17,Heavy Rain
INSAT3D_TIR1_India/3DIMG_07NOV2019_0930_L1C_SGP.tif,3DIMG_07NOV2019_0930_L1C_SGP.tif,INSAT3D_TIR1_India,2019-11-07 09:30:00,Gujarat,Junagadh,21.5222,70.4579,616.44,23.97,Moderate Rain
INSAT3D_TIR1_India/3DIMG_07NOV2019_0930_L1C_SGP.tif,3DIMG_07NOV2019_0930_L1C_SGP.tif,INSAT3D_TIR1_India,2019-11-07 09:30:00,Gujarat,Kheda,22.6916,72.8634,619.11,23.15,Moderate Rain
INSAT3D_TIR1_India/3DIMG_07NOV2019_0930_L1C_SGP.tif,3DIMG_07NOV2019_0930_L1C_SGP.tif,INSAT3D_TIR1_India,2019-11-07 09:30:00,Gujarat,Kutch (Bhuj),23.242,69.6669,506.0,36.75,Heavy Rain
INSAT3D_TIR1_India/3DIMG_07NOV2019_0930_L1C_SGP.tif,3DIMG_07NOV2019_0930_L1C_SGP.tif,INSAT3D_TIR1_India,2019-11-07 09:30:00,Gujarat,Mahisagar,23.1311,73.6009,626.78,19.45,Moderate Rain
INSAT3D_TIR1_India/3DIMG_07NOV2019_0930_L1C_SGP.tif,3DIMG_07NOV2019_0930_L1C_SGP.tif,INSAT3D_TIR1_India,2019-11-07 09:30:00,Gujarat,Mehsana,23.588,72.3693,573.33,25.24,Moderate Rain
INSAT3D_TIR1_India/3DIMG_07NOV2019_0930_L1C_SGP.tif,3DIMG_07NOV2019_0930_L1C_SGP.tif,INSAT3D_TIR1_India,2019-11-07 09:30:00,Gujarat,Morbi,22.8173,70.8368,527.78,35.06,Moderate Rain
INSAT3D_TIR1_India/3DIMG_07NOV2019_0930_L1C_SGP.tif,3DIMG_07NOV2019_0930_L1C_SGP.tif,INSAT3D_TIR1_India,2019-11-07 09:30:00,Gujarat,Narmada,21.8719,73.5028,742.22,2.01,Light Rain
INSAT3D_TIR1_India/3DIMG_07NOV2019_0930_L1C_SGP.tif,3DIMG_07NOV2019_0930_L1C_SGP.tif,INSAT3D_TIR1_India,2019-11-07 09:30:00,Gujarat,Navsari,20.9467,72.952,788.22,0.11,Light Rain
INSAT3D_TIR1_India/3DIMG_07NOV2019_0930_L1C_SGP.tif,3DIMG_07NOV2019_0930_L1C_SGP.tif,INSAT3D_TIR1_India,2019-11-07 09:30:00,Gujarat,Panchmahal,22.778,73.6143,722.33,5.41,Light Rain
INSAT3D_TIR1_India/3DIMG_07NOV2019_0930_L1C_SGP.tif,3DIMG_07NOV2019_0930_L1C_SGP.tif,INSAT3D_TIR1_India,2019-11-07 09:30:00,Gujarat,Patan,23.8493,72.1266,531.56,32.87,Moderate Rain
INSAT3D_TIR1_India/3DIMG_07NOV2019_0930_L1C_SGP.tif,3DIMG_07NOV2019_0930_L1C_SGP.tif,INSAT3D_TIR1_India,2019-11-07 09:30:00,Gujarat,Porbandar,21.6417,69.6293,537.78,33.55,Moderate Rain
INSAT3D_TIR1_India/3DIMG_07NOV2019_0930_L1C_SGP.tif,3DIMG_07NOV2019_0930_L1C_SGP.tif,INSAT3D_TIR1_India,2019-11-07 09:30:00,Gujarat,Rajkot,22.3039,70.8022,535.89,31.29,Moderate Rain
INSAT3D_TIR1_India/3DIMG_07NOV2019_0930_L1C_SGP.tif,3DIMG_07NOV2019_0930_L1C_SGP.tif,INSAT3D_TIR1_India,2019-11-07 09:30:00,Gujarat,Sabarkantha,23.5977,72.9688,619.78,20.93,Moderate Rain
INSAT3D_TIR1_India/3DIMG_07NOV2019_0930_L1C_SGP.tif,3DIMG_07NOV2019_0930_L1C_SGP.tif,INSAT3D_TIR1_India,2019-11-07 09:30:00,Gujarat,Surat,21.1702,72.8311,771.78,0.21,Light Rain
INSAT3D_TIR1_India/3DIMG_07NOV2019_0930_L1C_SGP.tif,3DIMG_07NOV2019_0930_L1C_SGP.tif,INSAT3D_TIR1_India,2019-11-07 09:30:00,Gujarat,Surendranagar,22.7274,71.637,532.44,36.4,Heavy Rain
INSAT3D_TIR1_India/3DIMG_07NOV2019_0930_L1C_SGP.tif,3DIMG_07NOV2019_0930_L1C_SGP.tif,INSAT3D_TIR1_India,2019-11-07 09:30:00,Gujarat,Tapi,21.1147,73.3986,781.22,0.0,No Rain
INSAT3D_TIR1_India/3DIMG_07NOV2019_0930_L1C_SGP.tif,3DIMG_07NOV2019_0930_L1C_SGP.tif,INSAT3D_TIR1_India,2019-11-07 09:30:00,Gujarat,Vadodara,22.3072,73.1812,665.67,12.78,Moderate Rain
INSAT3D_TIR1_India/3DIMG_07NOV2019_0930_L1C_SGP.tif,3DIMG_07NOV2019_0930_L1C_SGP.tif,INSAT3D_TIR1_India,2019-11-07 09:30:00,Gujarat,Valsad,20.5992,72.9342,778.44,2.39,Light Rain
INSAT3D_TIR1_India/3DIMG_07NOV2019_0959_L1C_SGP.tif,3DIMG_07NOV2019_0959_L1C_SGP.tif,INSAT3D_TIR1_India,2019-11-07 09:59:00,Gujarat,Ahmedabad,23.0225,72.5714,595.56,26.03,Moderate Rain
INSAT3D_TIR1_India/3DIMG_07NOV2019_0959_L1C_SGP.tif,3DIMG_07NOV2019_0959_L1C_SGP.tif,INSAT3D_TIR1_India,2019-11-07 09:59:00,Gujarat,Amreli,21.6032,71.2221,653.22,16.75,Moderate Rain
INSAT3D_TIR1_India/3DIMG_07NOV2019_0959_L1C_SGP.tif,3DIMG_07NOV2019_0959_L1C_SGP.tif,INSAT3D_TIR1_India,2019-11-07 09:59:00,Gujarat,Anand,22.5645,72.9289,800.22,1.06,Light Rain
INSAT3D_TIR1_India/3DIMG_07NOV2019_0959_L1C_SGP.tif,3DIMG_07NOV2019_0959_L1C_SGP.tif,INSAT3D_TIR1_India,2019-11-07 09:59:00,Gujarat,Aravalli,23.4619,73.3039,641.78,15.67,Moderate Rain
INSAT3D_TIR1_India/3DIMG_07NOV2019_0959_L1C_SGP.tif,3DIMG_07NOV2019_0959_L1C_SGP.tif,INSAT3D_TIR1_India,2019-11-07 09:59:00,Gujarat,Banaskantha,24.1724,72.4346,529.22,35.17,Moderate Rain
INSAT3D_TIR1_India/3DIMG_07NOV2019_0959_L1C_SGP.tif,3DIMG_07NOV2019_0959_L1C_SGP.tif,INSAT3D_TIR1_India,2019-11-07 09:59:00,Gujarat,Bharuch,21.7051,72.9959,837.67,2.76,Light Rain
INSAT3D_TIR1_India/3DIMG_07NOV2019_0959_L1C_SGP.tif,3DIMG_07NOV2019_0959_L1C_SGP.tif,INSAT3D_TIR1_India,2019-11-07 09:59:00,Gujarat,Bhavnagar,21.7645,72.1519,693.78,9.99,Moderate Rain
INSAT3D_TIR1_India/3DIMG_07NOV2019_0959_L1C_SGP.tif,3DIMG_07NOV2019_0959_L1C_SGP.tif,INSAT3D_TIR1_India,2019-11-07 09:59:00,Gujarat,Botad,22.1704,71.6662,663.33,14.8,Moderate Rain
INSAT3D_TIR1_India/3DIMG_07NOV2019_0959_L1C_SGP.tif,3DIMG_07NOV2019_0959_L1C_SGP.tif,INSAT3D_TIR1_India,2019-11-07 09:59:00,Gujarat,Chhota Udepur,22.3108,74.0125,642.56,17.32,Moderate Rain
INSAT3D_TIR1_India/3DIMG_07NOV2019_0959_L1C_SGP.tif,3DIMG_07NOV2019_0959_L1C_SGP.tif,INSAT3D_TIR1_India,2019-11-07 09:59:00,Gujarat,Dahod,22.8347,74.2552,682.56,14.2,Moderate Rain
INSAT3D_TIR1_India/3DIMG_07NOV2019_0959_L1C_SGP.tif,3DIMG_07NOV2019_0959_L1C_SGP.tif,INSAT3D_TIR1_India,2019-11-07 09:59:00,Gujarat,Dang,20.7554,73.6873,620.11,19.86,Moderate Rain
INSAT3D_TIR1_India/3DIMG_07NOV2019_0959_L1C_SGP.tif,3DIMG_07NOV2019_0959_L1C_SGP.tif,INSAT3D_TIR1_India,2019-11-07 09:59:00,Gujarat,Devbhumi Dwarka,22.2078,69.6582,507.11,35.24,Moderate Rain
INSAT3D_TIR1_India/3DIMG_07NOV2019_0959_L1C_SGP.tif,3DIMG_07NOV2019_0959_L1C_SGP.tif,INSAT3D_TIR1_India,2019-11-07 09:59:00,Gujarat,Gandhinagar,23.2156,72.6369,567.56,29.59,Moderate Rain
INSAT3D_TIR1_India/3DIMG_07NOV2019_0959_L1C_SGP.tif,3DIMG_07NOV2019_0959_L1C_SGP.tif,INSAT3D_TIR1_India,2019-11-07 09:59:00,Gujarat,Gir Somnath,20.9042,70.3644,605.67,23.52,Moderate Rain
INSAT3D_TIR1_India/3DIMG_07NOV2019_0959_L1C_SGP.tif,3DIMG_07NOV2019_0959_L1C_SGP.tif,INSAT3D_TIR1_India,2019-11-07 09:59:00,Gujarat,Jamnagar,22.4707,70.0577,508.56,36.7,Heavy Rain
INSAT3D_TIR1_India/3DIMG_07NOV2019_0959_L1C_SGP.tif,3DIMG_07NOV2019_0959_L1C_SGP.tif,INSAT3D_TIR1_India,2019-11-07 09:59:00,Gujarat,Junagadh,21.5222,70.4579,616.11,24.02,Moderate Rain
INSAT3D_TIR1_India/3DIMG_07NOV2019_0959_L1C_SGP.tif,3DIMG_07NOV2019_0959_L1C_SGP.tif,INSAT3D_TIR1_India,2019-11-07 09:59:00,Gujarat,Kheda,22.6916,72.8634,805.89,2.02,Light Rain
INSAT3D_TIR1_India/3DIMG_07NOV2019_0959_L1C_SGP.tif,3DIMG_07NOV2019_0959_L1C_SGP.tif,INSAT3D_TIR1_India,2019-11-07 09:59:00,Gujarat,Kutch (Bhuj),23.242,69.6669,497.11,38.08,Heavy Rain
INSAT3D_TIR1_India/3DIMG_07NOV2019_0959_L1C_SGP.tif,3DIMG_07NOV2019_0959_L1C_SGP.tif,INSAT3D_TIR1_India,2019-11-07 09:59:00,Gujarat,Mahisagar,23.1311,73.6009,663.67,13.92,Moderate Rain
INSAT3D_TIR1_India/3DIMG_07NOV2019_0959_L1C_SGP.tif,3DIMG_07NOV2019_0959_L1C_SGP.tif,INSAT3D_TIR1_India,2019-11-07 09:59:00,Gujarat,Mehsana,23.588,72.3693,614.78,19.03,Moderate Rain
INSAT3D_TIR1_India/3DIMG_07NOV2019_0959_L1C_SGP.tif,3DIMG_07NOV2019_0959_L1C_SGP.tif,INSAT3D_TIR1_India,2019-11-07 09:59:00,Gujarat,Morbi,22.8173,70.8368,520.44,36.16,Heavy Rain
INSAT3D_TIR1_India/3DIMG_07NOV2019_0959_L1C_SGP.tif,3DIMG_07NOV2019_0959_L1C_SGP.tif,INSAT3D_TIR1_India,2019-11-07 09:59:00,Gujarat,Narmada,21.8719,73.5028,754.56,0.16,Light Rain
INSAT3D_TIR1_India/3DIMG_07NOV2019_0959_L1C_SGP.tif,3DIMG_07NOV2019_0959_L1C_SGP.tif,INSAT3D_TIR1_India,2019-11-07 09:59:00,Gujarat,Navsari,20.9467,72.952,799.56,0.11,Light Rain
INSAT3D_TIR1_India/3DIMG_07NOV2019_0959_L1C_SGP.tif,3DIMG_07NOV2019_0959_L1C_SGP.tif,INSAT3D_TIR1_India,2019-11-07 09:59:00,Gujarat,Panchmahal,22.778,73.6143,692.0,9.96,Moderate Rain
INSAT3D_TIR1_India/3DIMG_07NOV2019_0959_L1C_SGP.tif,3DIMG_07NOV2019_0959_L1C_SGP.tif,INSAT3D_TIR1_India,2019-11-07 09:59:00,Gujarat,Patan,23.8493,72.1266,526.67,33.61,Moderate Rain
INSAT3D_TIR1_India/3DIMG_07NOV2019_0959_L1C_SGP.tif,3DIMG_07NOV2019_0959_L1C_SGP.tif,INSAT3D_TIR1_India,2019-11-07 09:59:00,Gujarat,Porbandar,21.6417,69.6293,564.11,29.6,Moderate Rain
INSAT3D_TIR1_India/3DIMG_07NOV2019_0959_L1C_SGP.tif,3DIMG_07NOV2019_0959_L1C_SGP.tif,INSAT3D_TIR1_India,2019-11-07 09:59:00,Gujarat,Rajkot,22.3039,70.8022,548.56,29.39,Moderate Rain
INSAT3D_TIR1_India/3DIMG_07NOV2019_0959_L1C_SGP.tif,3DIMG_07NOV2019_0959_L1C_SGP.tif,INSAT3D_TIR1_India,2019-11-07 09:59:00,Gujarat,Sabarkantha,23.5977,72.9688,646.67,16.89,Moderate Rain
INSAT3D_TIR1_India/3DIMG_07NOV2019_0959_L1C_SGP.tif,3DIMG_07NOV2019_0959_L1C_SGP.tif,INSAT3D_TIR1_India,2019-11-07 09:59:00,Gujarat,Surat,21.1702,72.8311,788.22,0.21,Light Rain
INSAT3D_TIR1_India/3DIMG_07NOV2019_0959_L1C_SGP.tif,3DIMG_07NOV2019_0959_L1C_SGP.tif,INSAT3D_TIR1_India,2019-11-07 09:59:00,Gujarat,Surendranagar,22.7274,71.637,540.78,35.15,Moderate Rain
INSAT3D_TIR1_India/3DIMG_07NOV2019_0959_L1C_SGP.tif,3DIMG_07NOV2019_0959_L1C_SGP.tif,INSAT3D_TIR1_India,2019-11-07 09:59:00,Gujarat,Tapi,21.1147,73.3986,789.22,0.0,No Rain
INSAT3D_TIR1_India/3DIMG_07NOV2019_0959_L1C_SGP.tif,3DIMG_07NOV2019_0959_L1C_SGP.tif,INSAT3D_TIR1_India,2019-11-07 09:59:00,Gujarat,Vadodara,22.3072,73.1812,615.0,20.38,Moderate Rain
INSAT3D_TIR1_India/3DIMG_07NOV2019_0959_L1C_SGP.tif,3DIMG_07NOV2019_0959_L1C_SGP.tif,INSAT3D_TIR1_India,2019-11-07 09:59:00,Gujarat,Valsad,20.5992,72.9342,681.0,14.24,Moderate Rain
INSAT3D_TIR1_India/3DIMG_07NOV2019_1000_L1C_SGP.tif,3DIMG_07NOV2019_1000_L1C_SGP.tif,INSAT3D_TIR1_India,2019-11-07 10:00:00,Gujarat,Ahmedabad,23.0225,72.5714,597.89,25.68,Moderate Rain
INSAT3D_TIR1_India/3DIMG_07NOV2019_1000_L1C_SGP.tif,3DIMG_07NOV2019_1000_L1C_SGP.tif,INSAT3D_TIR1_India,2019-11-07 10:00:00,Gujarat,Amreli,21.6032,71.2221,653.0,16.78,Moderate Rain
INSAT3D_TIR1_India/3DIMG_07NOV2019_1000_L1C_SGP.tif,3DIMG_07NOV2019_1000_L1C_SGP.tif,INSAT3D_TIR1_India,2019-11-07 10:00:00,Gujarat,Anand,22.5645,72.9289,808.11,1.06,Light Rain
INSAT3D_TIR1_India/3DIMG_07NOV2019_1000_L1C_SGP.tif,3DIMG_07NOV2019_1000_L1C_SGP.tif,INSAT3D_TIR1_India,2019-11-07 10:00:00,Gujarat,Aravalli,23.4619,73.3039,641.78,15.67,Moderate Rain
INSAT3D_TIR1_India/3DIMG_07NOV2019_1000_L1C_SGP.tif,3DIMG_07NOV2019_1000_L1C_SGP.tif,INSAT3D_TIR1_India,2019-11-07 10:00:00,Gujarat,Banaskantha,24.1724,72.4346,528.89,35.22,Moderate Rain
INSAT3D_TIR1_India/3DIMG_07NOV2019_1000_L1C_SGP.tif,3DIMG_07NOV2019_1000_L1C_SGP.tif,INSAT3D_TIR1_India,2019-11-07 10:00:00,Gujarat,Bharuch,21.7051,72.9959,835.89,2.76,Light Rain
INSAT3D_TIR1_India/3DIMG_07NOV2019_1000_L1C_SGP.tif,3DIMG_07NOV2019_1000_L1C_SGP.tif,INSAT3D_TIR1_India,2019-11-07 10:00:00,Gujarat,Bhavnagar,21.7645,72.1519,696.22,9.63,Moderate Rain
INSAT3D_TIR1_India/3DIMG_07NOV2019_1000_L1C_SGP.tif,3DIMG_07NOV2019_1000_L1C_SGP.tif,INSAT3D_TIR1_India,2019-11-07 10:00:00,Gujarat,Botad,22.1704,71.6662,666.0,14.4,Moderate Rain
INSAT3D_TIR1_India/3DIMG_07NOV2019_1000_L1C_SGP.tif,3DIMG_07NOV2019_1000_L1C_SGP.tif,INSAT3D_TIR1_India,2019-11-07 10:00:00,Gujarat,Chhota Udepur,22.3108,74.0125,642.56,17.32,Moderate Rain
INSAT3D_TIR1_India/3DIMG_07NOV2019_1000_L1C_SGP.tif,3DIMG_07NOV2019_1000_L1C_SGP.tif,INSAT3D_TIR1_India,2019-11-07 10:00:00,Gujarat,Dahod,22.8347,74.2552,682.56,14.2,Moderate Rain
INSAT3D_TIR1_India/3DIMG_07NOV2019_1000_L1C_SGP.tif,3DIMG_07NOV2019_1000_L1C_SGP.tif,INSAT3D_TIR1_India,2019-11-07 10:00:00,Gujarat,Dang,20.7554,73.6873,629.89,18.39,Moderate Rain
INSAT3D_TIR1_India/3DIMG_07NOV2019_1000_L1C_SGP.tif,3DIMG_07NOV2019_1000_L1C_SGP.tif,INSAT3D_TIR1_India,2019-11-07 10:00:00,Gujarat,Devbhumi Dwarka,22.2078,69.6582,507.11,35.24,Moderate Rain
INSAT3D_TIR1_India/3DIMG_07NOV2019_1000_L1C_SGP.tif,3DIMG_07NOV2019_1000_L1C_SGP.tif,INSAT3D_TIR1_India,2019-11-07 10:00:00,Gujarat,Gandhinagar,23.2156,72.6369,569.89,29.24,Moderate Rain
INSAT3D_TIR1_India/3DIMG_07NOV2019_1000_L1C_SGP.tif,3DIMG_07NOV2019_1000_L1C_SGP.tif,INSAT3D_TIR1_India,2019-11-07 10:00:00,Gujarat,Gir Somnath,20.9042,70.3644,607.22,23.29,Moderate Rain
INSAT3D_TIR1_India/3DIMG_07NOV2019_1000_L1C_SGP.tif,3DIMG_07NOV2019_1000_L1C_SGP.tif,INSAT3D_TIR1_India,2019-11-07 10:00:00,Gujarat,Jamnagar,22.4707,70.0577,508.33,36.74,Heavy Rain
INSAT3D_TIR1_India/3DIMG_07NOV2019_1000_L1C_SGP.tif,3DIMG_07NOV2019_1000_L1C_SGP.tif,INSAT3D_TIR1_India,2019-11-07 10:00:00,Gujarat,Junagadh,21.5222,70.4579,616.11,24.02,Moderate Rain
INSAT3D_TIR1_India/3DIMG_07NOV2019_1000_L1C_SGP.tif,3DIMG_07NOV2019_1000_L1C_SGP.tif,INSAT3D_TIR1_India,2019-11-07 10:00:00,Gujarat,Kheda,22.6916,72.8634,808.22,2.02,Light Rain
INSAT3D_TIR1_India/3DIMG_07NOV2019_1000_L1C_SGP.tif,3DIMG_07NOV2019_1000_L1C_SGP.tif,INSAT3D_TIR1_India,2019-11-07 10:00:00,Gujarat,Kutch (Bhuj),23.242,69.6669,503.33,37.15,Heavy Rain
INSAT3D_TIR1_India/3DIMG_07NOV2019_1000_L1C_SGP.tif,3DIMG_07NOV2019_1000_L1C_SGP.tif,INSAT3D_TIR1_India,2019-11-07 10:00:00,Gujarat,Mahisagar,23.1311,73.6009,663.67,13.92,Moderate Rain
INSAT3D_TIR1_India/3DIMG_07NOV2019_1000_L1C_SGP.tif,3DIMG_07NOV2019_1000_L1C_SGP.tif,INSAT3D_TIR1_India,2019-11-07 10:00:00,Gujarat,Mehsana,23.588,72.3693,629.0,16.89,Moderate Rain
INSAT3D_TIR1_India/3DIMG_07NOV2019_1000_L1C_SGP.tif,3DIMG_07NOV2019_1000_L1C_SGP.tif,INSAT3D_TIR1_India,2019-11-07 10:00:00,Gujarat,Morbi,22.8173,70.8368,520.44,36.16,Heavy Rain
INSAT3D_TIR1_India/3DIMG_07NOV2019_1000_L1C_SGP.tif,3DIMG_07NOV2019_1000_L1C_SGP.tif,INSAT3D_TIR1_India,2019-11-07 10:00:00,Gujarat,Narmada,21.8719,73.5028,754.56,0.16,Light Rain
INSAT3D_TIR1_India/3DIMG_07NOV2019_1000_L1C_SGP.tif,3DIMG_07NOV2019_1000_L1C_SGP.tif,INSAT3D_TIR1_India,2019-11-07 10:00:00,Gujarat,Navsari,20.9467,72.952,795.89,0.11,Light Rain
INSAT3D_TIR1_India/3DIMG_07NOV2019_1000_L1C_SGP.tif,3DIMG_07NOV2019_1000_L1C_SGP.tif,INSAT3D_TIR1_India,2019-11-07 10:00:00,Gujarat,Panchmahal,22.778,73.6143,692.0,9.96,Moderate Rain
INSAT3D_TIR1_India/3DIMG_07NOV2019_1000_L1C_SGP.tif,3DIMG_07NOV2019_1000_L1C_SGP.tif,INSAT3D_TIR1_India,2019-11-07 10:00:00,Gujarat,Patan,23.8493,72.1266,529.89,33.12,Moderate Rain
INSAT3D_TIR1_India/3DIMG_07NOV2019_1000_L1C_SGP.tif,3DIMG_07NOV2019_1000_L1C_SGP.tif,INSAT3D_TIR1_India,2019-11-07 10:00:00,Gujarat,Porbandar,21.6417,69.6293,564.11,29.6,Moderate Rain
INSAT3D_TIR1_India/3DIMG_07NOV2019_1000_L1C_SGP.tif,3DIMG_07NOV2019_1000_L1C_SGP.tif,INSAT3D_TIR1_India,2019-11-07 10:00:00,Gujarat,Rajkot,22.3039,70.8022,548.56,29.39,Moderate Rain
INSAT3D_TIR1_India/3DIMG_07NOV2019_1000_L1C_SGP.tif,3DIMG_07NOV2019_1000_L1C_SGP.tif,INSAT3D_TIR1_India,2019-11-07 10:00:00,Gujarat,Sabarkantha,23.5977,72.9688,646.67,16.89,Moderate Rain
INSAT3D_TIR1_India/3DIMG_07NOV2019_1000_L1C_SGP.tif,3DIMG_07NOV2019_1000_L1C_SGP.tif,INSAT3D_TIR1_India,2019-11-07 10:00:00,Gujarat,Surat,21.1702,72.8311,788.22,0.21,Light Rain
INSAT3D_TIR1_India/3DIMG_07NOV2019_1000_L1C_SGP.tif,3DIMG_07NOV2019_1000_L1C_SGP.tif,INSAT3D_TIR1_India,2019-11-07 10:00:00,Gujarat,Surendranagar,22.7274,71.637,540.22,35.24,Moderate Rain
INSAT3D_TIR1_India/3DIMG_07NOV2019_1000_L1C_SGP.tif,3DIMG_07NOV2019_1000_L1C_SGP.tif,INSAT3D_TIR1_India,2019-11-07 10:00:00,Gujarat,Tapi,21.1147,73.3986,789.22,0.0,No Rain
INSAT3D_TIR1_India/3DIMG_07NOV2019_1000_L1C_SGP.tif,3DIMG_07NOV2019_1000_L1C_SGP.tif,INSAT3D_TIR1_India,2019-11-07 10:00:00,Gujarat,Vadodara,22.3072,73.1812,615.0,20.38,Moderate Rain
INSAT3D_TIR1_India/3DIMG_07NOV2019_1000_L1C_SGP.tif,3DIMG_07NOV2019_1000_L1C_SGP.tif,INSAT3D_TIR1_India,2019-11-07 10:00:00,Gujarat,Valsad,20.5992,72.9342,681.0,14.24,Moderate Rain
INSAT3D_TIR1_India/3DIMG_07NOV2019_1030_L1C_SGP.tif,3DIMG_07NOV2019_1030_L1C_SGP.tif,INSAT3D_TIR1_India,2019-11-07 10:30:00,Gujarat,Ahmedabad,23.0225,72.5714,633.33,20.36,Moderate Rain
INSAT3D_TIR1_India/3DIMG_07NOV2019_1030_L1C_SGP.tif,3DIMG_07NOV2019_1030_L1C_SGP.tif,INSAT3D_TIR1_India,2019-11-07 10:30:00,Gujarat,Amreli,21.6032,71.2221,644.67,18.03,Moderate Rain
INSAT3D_TIR1_India/3DIMG_07NOV2019_1030_L1C_SGP.tif,3DIMG_07NOV2019_1030_L1C_SGP.tif,INSAT3D_TIR1_India,2019-11-07 10:30:00,Gujarat,Anand,22.5645,72.9289,667.56,14.92,Moderate Rain
INSAT3D_TIR1_India/3DIMG_07NOV2019_1030_L1C_SGP.tif,3DIMG_07NOV2019_1030_L1C_SGP.tif,INSAT3D_TIR1_India,2019-11-07 10:30:00,Gujarat,Aravalli,23.4619,73.3039,720.11,3.92,Light Rain
INSAT3D_TIR1_India/3DIMG_07NOV2019_1030_L1C_SGP.tif,3DIMG_07NOV2019_1030_L1C_SGP.tif,INSAT3D_TIR1_India,2019-11-07 10:30:00,Gujarat,Banaskantha,24.1724,72.4346,530.44,34.98,Moderate Rain
INSAT3D_TIR1_India/3DIMG_07NOV2019_1030_L1C_SGP.tif,3DIMG_07NOV2019_1030_L1C_SGP.tif,INSAT3D_TIR1_India,2019-11-07 10:30:00,Gujarat,Bharuch,21.7051,72.9959,834.89,2.76,Light Rain
INSAT3D_TIR1_India/3DIMG_07NOV2019_1030_L1C_SGP.tif,3DIMG_07NOV2019_1030_L1C_SGP.tif,INSAT3D_TIR1_India,2019-11-07 10:30:00,Gujarat,Bhavnagar,21.7645,72.1519,714.0,6.96,Light Rain
INSAT3D_TIR1_India/3DIMG_07NOV2019_1030_L1C_SGP.tif,3DIMG_07NOV2019_1030_L1C_SGP.tif,INSAT3D_TIR1_India,2019-11-07 10:30:00,Gujarat,Botad,22.1704,71.6662,670.0,13.8,Moderate Rain
INSAT3D_TIR1_India/3DIMG_07NOV2019_1030_L1C_SGP.tif,3DIMG_07NOV2019_1030_L1C_SGP.tif,INSAT3D_TIR1_India,2019-11-07 10:30:00,Gujarat,Chhota Udepur,22.3108,74.0125,713.11,6.73,Light Rain
INSAT3D_TIR1_India/3DIMG_07NOV2019_1030_L1C_SGP.tif,3DIMG_07NOV2019_1030_L1C_SGP.tif,INSAT3D_TIR1_India,2019-11-07 10:30:00,Gujarat,Dahod,22.8347,74.2552,686.0,13.68,Moderate Rain
INSAT3D_TIR1_India/3DIMG_07NOV2019_1030_L1C_SGP.tif,3DIMG_07NOV2019_1030_L1C_SGP.tif,INSAT3D_TIR1_India,2019-11-07 10:30:00,Gujarat,Dang,20.7554,73.6873,645.22,16.09,Moderate Rain
INSAT3D_TIR1_India/3DIMG_07NOV2019_1030_L1C_SGP.tif,3DIMG_07NOV2019_1030_L1C_SGP.tif,INSAT3D_TIR1_India,2019-11-07 10:30:00,Gujarat,Devbhumi Dwarka,22.2078,69.6582,508.78,34.99,Moderate Rain
INSAT3D_TIR1_India/3DIMG_07NOV2019_1030_L1C_SGP.tif,3DIMG_07NOV2019_1030_L1C_SGP.tif,INSAT3D_TIR1_India,2019-11-07 10:30:00,Gujarat,Gandhinagar,23.2156,72.6369,621.0,21.58,Moderate Rain
INSAT3D_TIR1_India/3DIMG_07NOV2019_1030_L1C_SGP.tif,3DIMG_07NOV2019_1030_L1C_SGP.tif,INSAT3D_TIR1_India,2019-11-07 10:30:00,Gujarat,Gir Somnath,20.9042,70.3644,607.0,23.32,Moderate Rain
INSAT3D_TIR1_India/3DIMG_07NOV2019_1030_L1C_SGP.tif,3DIMG_07NOV2019_1030_L1C_SGP.tif,INSAT3D_TIR1_India,2019-11-07 10:30:00,Gujarat,Jamnagar,22.4707,70.0577,514.78,35.77,Heavy Rain
INSAT3D_TIR1_India/3DIMG_07NOV2019_1030_L1C_SGP.tif,3DIMG_07NOV2019_1030_L1C_SGP.tif,INSAT3D_TIR1_India,2019-11-07 10:30:00,Gujarat,Junagadh,21.5222,70.4579,584.67,28.74,Moderate Rain
INSAT3D_TIR1_India/3DIMG_07NOV2019_1030_L1C_SGP.tif,3DIMG_07NOV2019_1030_L1C_SGP.tif,INSAT3D_TIR1_India,2019-11-07 10:30:00,Gujarat,Kheda,22.6916,72.8634,618.89,23.19,Moderate Rain
INSAT3D_TIR1_India/3DIMG_07NOV2019_1030_L1C_SGP.tif,3DIMG_07NOV2019_1030_L1C_SGP.tif,INSAT3D_TIR1_India,2019-11-07 10:30:00,Gujarat,Kutch (Bhuj),23.242,69.6669,505.11,36.88,Heavy Rain
INSAT3D_TIR1_India/3DIMG_07NOV2019_1030_L1C_SGP.tif,3DIMG_07NOV2019_1030_L1C_SGP.tif,INSAT3D_TIR1_India,2019-11-07 10:30:00,Gujarat,Mahisagar,23.1311,73.6009,662.44,14.1,Moderate Rain
INSAT3D_TIR1_India/3DIMG_07NOV2019_1030_L1C_SGP.tif,3DIMG_07NOV2019_1030_L1C_SGP.tif,INSAT3D_TIR1_India,2019-11-07 10:30:00,Gujarat,Mehsana,23.588,72.3693,580.44,24.18,Moderate Rain
INSAT3D_TIR1_India/3DIMG_07NOV2019_1030_L1C_SGP.tif,3DIMG_07NOV2019_1030_L1C_SGP.tif,INSAT3D_TIR1_India,2019-11-07 10:30:00,Gujarat,Morbi,22.8173,70.8368,526.33,35.28,Moderate Rain
INSAT3D_TIR1_India/3DIMG_07NOV2019_1030_L1C_SGP.tif,3DIMG_07NOV2019_1030_L1C_SGP.tif,INSAT3D_TIR1_India,2019-11-07 10:30:00,Gujarat,Narmada,21.8719,73.5028,638.56,17.56,Moderate Rain
INSAT3D_TIR1_India/3DIMG_07NOV2019_1030_L1C_SGP.tif,3DIMG_07NOV2019_1030_L1C_SGP.tif,INSAT3D_TIR1_India,2019-11-07 10:30:00,Gujarat,Navsari,20.9467,72.952,786.0,0.11,Light Rain
INSAT3D_TIR1_India/3DIMG_07NOV2019_1030_L1C_SGP.tif,3DIMG_07NOV2019_1030_L1C_SGP.tif,INSAT3D_TIR1_India,2019-11-07 10:30:00,Gujarat,Panchmahal,22.778,73.6143,634.0,18.66,Moderate Rain
INSAT3D_TIR1_India/3DIMG_07NOV2019_1030_L1C_SGP.tif,3DIMG_07NOV2019_1030_L1C_SGP.tif,INSAT3D_TIR1_India,2019-11-07 10:30:00,Gujarat,Patan,23.8493,72.1266,535.33,32.31,Moderate Rain
INSAT3D_TIR1_India/3DIMG_07NOV2019_1030_L1C_SGP.tif,3DIMG_07NOV2019_1030_L1C_SGP.tif,INSAT3D_TIR1_India,2019-11-07 10:30:00,Gujarat,Porbandar,21.6417,69.6293,561.78,29.95,Moderate Rain
INSAT3D_TIR1_India/3DIMG_07NOV2019_1030_L1C_SGP.tif,3DIMG_07NOV2019_1030_L1C_SGP.tif,INSAT3D_TIR1_India,2019-11-07 10:30:00,Gujarat,Rajkot,22.3039,70.8022,543.22,30.19,Moderate Rain
INSAT3D_TIR1_India/3DIMG_07NOV2019_1030_L1C_SGP.tif,3DIMG_07NOV2019_1030_L1C_SGP.tif,INSAT3D_TIR1_India,2019-11-07 10:30:00,Gujarat,Sabarkantha,23.5977,72.9688,629.89,19.41,Moderate Rain
INSAT3D_TIR1_India/3DIMG_07NOV2019_1030_L1C_SGP.tif,3DIMG_07NOV2019_1030_L1C_SGP.tif,INSAT3D_TIR1_India,2019-11-07 10:30:00,Gujarat,Surat,21.1702,72.8311,819.22,0.21,Light Rain
INSAT3D_TIR1_India/3DIMG_07NOV2019_1030_L1C_SGP.tif,3DIMG_07NOV2019_1030_L1C_SGP.tif,INSAT3D_TIR1_India,2019-11-07 10:30:00,Gujarat,Surendranagar,22.7274,71.637,555.67,32.92,Moderate Rain
INSAT3D_TIR1_India/3DIMG_07NOV2019_1030_L1C_SGP.tif,3DIMG_07NOV2019_1030_L1C_SGP.tif,INSAT3D_TIR1_India,2019-11-07 10:30:00,Gujarat,Tapi,21.1147,73.3986,785.33,0.0,No Rain
INSAT3D_TIR1_India/3DIMG_07NOV2019_1030_L1C_SGP.tif,3DIMG_07NOV2019_1030_L1C_SGP.tif,INSAT3D_TIR1_India,2019-11-07 10:30:00,Gujarat,Vadodara,22.3072,73.1812,655.67,14.28,Moderate Rain
INSAT3D_TIR1_India/3DIMG_07NOV2019_1030_L1C_SGP.tif,3DIMG_07NOV2019_1030_L1C_SGP.tif,INSAT3D_TIR1_India,2019-11-07 10:30:00,Gujarat,Valsad,20.5992,72.9342,730.89,6.76,Light Rain
INSAT3D_TIR1_India/3DIMG_07NOV2019_1100_L1C_SGP.tif,3DIMG_07NOV2019_1100_L1C_SGP.tif,INSAT3D_TIR1_India,2019-11-07 11:00:00,Gujarat,Ahmedabad,23.0225,72.5714,611.67,23.61,Moderate Rain
INSAT3D_TIR1_India/3DIMG_07NOV2019_1100_L1C_SGP.tif,3DIMG_07NOV2019_1100_L1C_SGP.tif,INSAT3D_TIR1_India,2019-11-07 11:00:00,Gujarat,Amreli,21.6032,71.2221,650.22,17.2,Moderate Rain
INSAT3D_TIR1_India/3DIMG_07NOV2019_1100_L1C_SGP.tif,3DIMG_07NOV2019_1100_L1C_SGP.tif,INSAT3D_TIR1_India,2019-11-07 11:00:00,Gujarat,Anand,22.5645,72.9289,558.89,31.22,Moderate Rain
INSAT3D_TIR1_India/3DIMG_07NOV2019_1100_L1C_SGP.tif,3DIMG_07NOV2019_1100_L1C_SGP.tif,INSAT3D_TIR1_India,2019-11-07 11:00:00,Gujarat,Aravalli,23.4619,73.3039,657.0,13.38,Moderate Rain
INSAT3D_TIR1_India/3DIMG_07NOV2019_1100_L1C_SGP.tif,3DIMG_07NOV2019_1100_L1C_SGP.tif,INSAT3D_TIR1_India,2019-11-07 11:00:00,Gujarat,Banaskantha,24.1724,72.4346,541.56,33.32,Moderate Rain
INSAT3D_TIR1_India/3DIMG_07NOV2019_1100_L1C_SGP.tif,3DIMG_07NOV2019_1100_L1C_SGP.tif,INSAT3D_TIR1_India,2019-11-07 11:00:00,Gujarat,Bharuch,21.7051,72.9959,845.89,2.76,Light Rain
INSAT3D_TIR1_India/3DIMG_07NOV2019_1100_L1C_SGP.tif,3DIMG_07NOV2019_1100_L1C_SGP.tif,INSAT3D_TIR1_India,2019-11-07 11:00:00,Gujarat,Bhavnagar,21.7645,72.1519,681.0,11.91,Moderate Rain
INSAT3D_TIR1_India/3DIMG_07NOV2019_1100_L1C_SGP.tif,3DIMG_07NOV2019_1100_L1C_SGP.tif,INSAT3D_TIR1_India,2019-11-07 11:00:00,Gujarat,Botad,22.1704,71.6662,660.22,15.27,Moderate Rain
INSAT3D_TIR1_India/3DIMG_07NOV2019_1100_L1C_SGP.tif,3DIMG_07NOV2019_1100_L1C_SGP.tif,INSAT3D_TIR1_India,2019-11-07 11:00:00,Gujarat,Chhota Udepur,22.3108,74.0125,649.67,16.25,Moderate Rain
INSAT3D_TIR1_India/3DIMG_07NOV2019_1100_L1C_SGP.tif,3DIMG_07NOV2019_1100_L1C_SGP.tif,INSAT3D_TIR1_India,2019-11-07 11:00:00,Gujarat,Dahod,22.8347,74.2552,677.56,14.95,Moderate Rain
INSAT3D_TIR1_India/3DIMG_07NOV2019_1100_L1C_SGP.tif,3DIMG_07NOV2019_1100_L1C_SGP.tif,INSAT3D_TIR1_India,2019-11-07 11:00:00,Gujarat,Dang,20.7554,73.6873,605.0,22.13,Moderate Rain
INSAT3D_TIR1_India/3DIMG_07NOV2019_1100_L1C_SGP.tif,3DIMG_07NOV2019_1100_L1C_SGP.tif,INSAT3D_TIR1_India,2019-11-07 11:00:00,Gujarat,Devbhumi Dwarka,22.2078,69.6582,516.33,33.86,Moderate Rain
INSAT3D_TIR1_India/3DIMG_07NOV2019_1100_L1C_SGP.tif,3DIMG_07NOV2019_1100_L1C_SGP.tif,INSAT3D_TIR1_India,2019-11-07 11:00:00,Gujarat,Gandhinagar,23.2156,72.6369,639.56,18.79,Moderate Rain
INSAT3D_TIR1_India/3DIMG_07NOV2019_1100_L1C_SGP.tif,3DIMG_07NOV2019_1100_L1C_SGP.tif,INSAT3D_TIR1_India,2019-11-07 11:00:00,Gujarat,Gir Somnath,20.9042,70.3644,589.11,26.01,Moderate Rain
INSAT3D_TIR1_India/3DIMG_07NOV2019_1100_L1C_SGP.tif,3DIMG_07NOV2019_1100_L1C_SGP.tif,INSAT3D_TIR1_India,2019-11-07 11:00:00,Gujarat,Jamnagar,22.4707,70.0577,517.89,35.3,Moderate Rain
INSAT3D_TIR1_India/3DIMG_07NOV2019_1100_L1C_SGP.tif,3DIMG_07NOV2019_1100_L1C_SGP.tif,INSAT3D_TIR1_India,2019-11-07 11:00:00,Gujarat,Junagadh,21.5222,70.4579,542.33,35.09,Moderate Rain
INSAT3D_TIR1_India/3DIMG_07NOV2019_1100_L1C_SGP.tif,3DIMG_07NOV2019_1100_L1C_SGP.tif,INSAT3D_TIR1_India,2019-11-07 11:00:00,Gujarat,Kheda,22.6916,72.8634,554.89,32.79,Moderate Rain
INSAT3D_TIR1_India/3DIMG_07NOV2019_1100_L1C_SGP.tif,3DIMG_07NOV2019_1100_L1C_SGP.tif,INSAT3D_TIR1_India,2019-11-07 11:00:00,Gujarat,Kutch (Bhuj),23.242,69.6669,511.78,35.88,Heavy Rain
INSAT3D_TIR1_India/3DIMG_07NOV2019_1100_L1C_SGP.tif,3DIMG_07NOV2019_1100_L1C_SGP.tif,INSAT3D_TIR1_India,2019-11-07 11:00:00,Gujarat,Mahisagar,23.1311,73.6009,673.33,12.47,Moderate Rain
INSAT3D_TIR1_India/3DIMG_07NOV2019_1100_L1C_SGP.tif,3DIMG_07NOV2019_1100_L1C_SGP.tif,INSAT3D_TIR1_India,2019-11-07 11:00:00,Gujarat,Mehsana,23.588,72.3693,566.22,26.31,Moderate Rain
INSAT3D_TIR1_India/3DIMG_07NOV2019_1100_L1C_SGP.tif,3DIMG_07NOV2019_1100_L1C_SGP.tif,INSAT3D_TIR1_India,2019-11-07 11:00:00,Gujarat,Morbi,22.8173,70.8368,527.89,35.04,Moderate Rain
INSAT3D_TIR1_India/3DIMG_07NOV2019_1100_L1C_SGP.tif,3DIMG_07NOV2019_1100_L1C_SGP.tif,INSAT3D_TIR1_India,2019-11-07 11:00:00,Gujarat,Narmada,21.8719,73.5028,690.89,9.71,Moderate Rain
INSAT3D_TIR1_India/3DIMG_07NOV2019_1100_L1C_SGP.tif,3DIMG_07NOV2019_1100_L1C_SGP.tif,INSAT3D_TIR1_India,2019-11-07 11:00:00,Gujarat,Navsari,20.9467,72.952,794.33,0.11,Light Rain
INSAT3D_TIR1_India/3DIMG_07NOV2019_1100_L1C_SGP.tif,3DIMG_07NOV2019_1100_L1C_SGP.tif,INSAT3D_TIR1_India,2019-11-07 11:00:00,Gujarat,Panchmahal,22.778,73.6143,600.89,23.62,Moderate Rain
INSAT3D_TIR1_India/3DIMG_07NOV2019_1100_L1C_SGP.tif,3DIMG_07NOV2019_1100_L1C_SGP.tif,INSAT3D_TIR1_India,2019-11-07 11:00:00,Gujarat,Patan,23.8493,72.1266,540.56,31.52,Moderate Rain
INSAT3D_TIR1_India/3DIMG_07NOV2019_1100_L1C_SGP.tif,3DIMG_07NOV2019_1100_L1C_SGP.tif,INSAT3D_TIR1_India,2019-11-07 11:00:00,Gujarat,Porbandar,21.6417,69.6293,535.11,33.95,Moderate Rain
INSAT3D_TIR1_India/3DIMG_07NOV2019_1100_L1C_SGP.tif,3DIMG_07NOV2019_1100_L1C_SGP.tif,INSAT3D_TIR1_India,2019-11-07 11:00:00,Gujarat,Rajkot,22.3039,70.8022,545.44,29.86,Moderate Rain
INSAT3D_TIR1_India/3DIMG_07NOV2019_1100_L1C_SGP.tif,3DIMG_07NOV2019_1100_L1C_SGP.tif,INSAT3D_TIR1_India,2019-11-07 11:00:00,Gujarat,Sabarkantha,23.5977,72.9688,640.44,17.83,Moderate Rain
INSAT3D_TIR1_India/3DIMG_07NOV2019_1100_L1C_SGP.tif,3DIMG_07NOV2019_1100_L1C_SGP.tif,INSAT3D_TIR1_India,2019-11-07 11:00:00,Gujarat,Surat,21.1702,72.8311,816.22,0.21,Light Rain
INSAT3D_TIR1_India/3DIMG_07NOV2019_1100_L1C_SGP.tif,3DIMG_07NOV2019_1100_L1C_SGP.tif,INSAT3D_TIR1_India,2019-11-07 11:00:00,Gujarat,Surendranagar,22.7274,71.637,578.56,29.49,Moderate Rain
INSAT3D_TIR1_India/3DIMG_07NOV2019_1100_L1C_SGP.tif,3DIMG_07NOV2019_1100_L1C_SGP.tif,INSAT3D_TIR1_India,2019-11-07 11:00:00,Gujarat,Tapi,21.1147,73.3986,767.0,0.0,No Rain
INSAT3D_TIR1_India/3DIMG_07NOV2019_1100_L1C_SGP.tif,3DIMG_07NOV2019_1100_L1C_SGP.tif,INSAT3D_TIR1_India,2019-11-07 11:00:00,Gujarat,Vadodara,22.3072,73.1812,711.44,5.92,Light Rain
INSAT3D_TIR1_India/3DIMG_07NOV2019_1100_L1C_SGP.tif,3DIMG_07NOV2019_1100_L1C_SGP.tif,INSAT3D_TIR1_India,2019-11-07 11:00:00,Gujarat,Valsad,20.5992,72.9342,761.22,2.39,Light Rain
INSAT3D_TIR1_India/3DIMG_07NOV2019_1130_L1C_SGP.tif,3DIMG_07NOV2019_1130_L1C_SGP.tif,INSAT3D_TIR1_India,2019-11-07 11:30:00,Gujarat,Ahmedabad,23.0225,72.5714,604.89,24.63,Moderate Rain
INSAT3D_TIR1_India/3DIMG_07NOV2019_1130_L1C_SGP.tif,3DIMG_07NOV2019_1130_L1C_SGP.tif,INSAT3D_TIR1_India,2019-11-07 11:30:00,Gujarat,Amreli,21.6032,71.2221,632.0,19.93,Moderate Rain
INSAT3D_TIR1_India/3DIMG_07NOV2019_1130_L1C_SGP.tif,3DIMG_07NOV2019_1130_L1C_SGP.tif,INSAT3D_TIR1_India,2019-11-07 11:30:00,Gujarat,Anand,22.5645,72.9289,574.22,28.92,Moderate Rain
INSAT3D_TIR1_India/3DIMG_07NOV2019_1130_L1C_SGP.tif,3DIMG_07NOV2019_1130_L1C_SGP.tif,INSAT3D_TIR1_India,2019-11-07 11:30:00,Gujarat,Aravalli,23.4619,73.3039,643.44,15.42,Moderate Rain
INSAT3D_TIR1_India/3DIMG_07NOV2019_1130_L1C_SGP.tif,3DIMG_07NOV2019_1130_L1C_SGP.tif,INSAT3D_TIR1_India,2019-11-07 11:30:00,Gujarat,Banaskantha,24.1724,72.4346,541.22,33.37,Moderate Rain
INSAT3D_TIR1_India/3DIMG_07NOV2019_1130_L1C_SGP.tif,3DIMG_07NOV2019_1130_L1C_SGP.tif,INSAT3D_TIR1_India,2019-11-07 11:30:00,Gujarat,Bharuch,21.7051,72.9959,853.67,2.76,Light Rain
INSAT3D_TIR1_India/3DIMG_07NOV2019_1130_L1C_SGP.tif,3DIMG_07NOV2019_1130_L1C_SGP.tif,INSAT3D_TIR1_India,2019-11-07 11:30:00,Gujarat,Bhavnagar,21.7645,72.1519,670.22,13.53,Moderate Rain
INSAT3D_TIR1_India/3DIMG_07NOV2019_1130_L1C_SGP.tif,3DIMG_07NOV2019_1130_L1C_SGP.tif,INSAT3D_TIR1_India,2019-11-07 11:30:00,Gujarat,Botad,22.1704,71.6662,657.56,15.67,Moderate Rain
INSAT3D_TIR1_India/3DIMG_07NOV2019_1130_L1C_SGP.tif,3DIMG_07NOV2019_1130_L1C_SGP.tif,INSAT3D_TIR1_India,2019-11-07 11:30:00,Gujarat,Chhota Udepur,22.3108,74.0125,638.33,17.95,Moderate Rain
INSAT3D_TIR1_India/3DIMG_07NOV2019_1130_L1C_SGP.tif,3DIMG_07NOV2019_1130_L1C_SGP.tif,INSAT3D_TIR1_India,2019-11-07 11:30:00,Gujarat,Dahod,22.8347,74.2552,643.11,20.12,Moderate Rain
INSAT3D_TIR1_India/3DIMG_07NOV2019_1130_L1C_SGP.tif,3DIMG_07NOV2019_1130_L1C_SGP.tif,INSAT3D_TIR1_India,2019-11-07 11:30:00,Gujarat,Dang,20.7554,73.6873,627.0,18.83,Moderate Rain
INSAT3D_TIR1_India/3DIMG_07NOV2019_1130_L1C_SGP.tif,3DIMG_07NOV2019_1130_L1C_SGP.tif,INSAT3D_TIR1_India,2019-11-07 11:30:00,Gujarat,Devbhumi Dwarka,22.2078,69.6582,521.44,33.09,Moderate Rain
INSAT3D_TIR1_India/3DIMG_07NOV2019_1130_L1C_SGP.tif,3DIMG_07NOV2019_1130_L1C_SGP.tif,INSAT3D_TIR1_India,2019-11-07 11:30:00,Gujarat,Gandhinagar,23.2156,72.6369,641.56,18.49,Moderate Rain
INSAT3D_TIR1_India/3DIMG_07NOV2019_1130_L1C_SGP.tif,3DIMG_07NOV2019_1130_L1C_SGP.tif,INSAT3D_TIR1_India,2019-11-07 11:30:00,Gujarat,Gir Somnath,20.9042,70.3644,586.56,26.39,Moderate Rain
INSAT3D_TIR1_India/3DIMG_07NOV2019_1130_L1C_SGP.tif,3DIMG_07NOV2019_1130_L1C_SGP.tif,INSAT3D_TIR1_India,2019-11-07 11:30:00,Gujarat,Jamnagar,22.4707,70.0577,522.0,34.69,Moderate Rain
INSAT3D_TIR1_India/3DIMG_07NOV2019_1130_L1C_SGP.tif,3DIMG_07NOV2019_1130_L1C_SGP.tif,INSAT3D_TIR1_India,2019-11-07 11:30:00,Gujarat,Junagadh,21.5222,70.4579,545.33,34.64,Moderate Rain
INSAT3D_TIR1_India/3DIMG_07NOV2019_1130_L1C_SGP.tif,3DIMG_07NOV2019_1130_L1C_SGP.tif,INSAT3D_TIR1_India,2019-11-07 11:30:00,Gujarat,Kheda,22.6916,72.8634,571.44,30.3,Moderate Rain
INSAT3D_TIR1_India/3DIMG_07NOV2019_1130_L1C_SGP.tif,3DIMG_07NOV2019_1130_L1C_SGP.tif,INSAT3D_TIR1_India,2019-11-07 11:30:00,Gujarat,Kutch (Bhuj),23.242,69.6669,515.11,35.39,Moderate Rain
INSAT3D_TIR1_India/3DIMG_07NOV2019_1130_L1C_SGP.tif,3DIMG_07NOV2019_1130_L1C_SGP.tif,INSAT3D_TIR1_India,2019-11-07 11:30:00,Gujarat,Mahisagar,23.1311,73.6009,646.11,16.55,Moderate Rain
INSAT3D_TIR1_India/3DIMG_07NOV2019_1130_L1C_SGP.tif,3DIMG_07NOV2019_1130_L1C_SGP.tif,INSAT3D_TIR1_India,2019-11-07 11:30:00,Gujarat,Mehsana,23.588,72.3693,550.11,28.73,Moderate Rain
INSAT3D_TIR1_India/3DIMG_07NOV2019_1130_L1C_SGP.tif,3DIMG_07NOV2019_1130_L1C_SGP.tif,INSAT3D_TIR1_India,2019-11-07 11:30:00,Gujarat,Morbi,22.8173,70.8368,553.67,31.18,Moderate Rain
INSAT3D_TIR1_India/3DIMG_07NOV2019_1130_L1C_SGP.tif,3DIMG_07NOV2019_1130_L1C_SGP.tif,INSAT3D_TIR1_India,2019-11-07 11:30:00,Gujarat,Narmada,21.8719,73.5028,787.11,0.0,No Rain
INSAT3D_TIR1_India/3DIMG_07NOV2019_1130_L1C_SGP.tif,3DIMG_07NOV2019_1130_L1C_SGP.tif,INSAT3D_TIR1_India,2019-11-07 11:30:00,Gujarat,Navsari,20.9467,72.952,802.56,0.11,Light Rain
INSAT3D_TIR1_India/3DIMG_07NOV2019_1130_L1C_SGP.tif,3DIMG_07NOV2019_1130_L1C_SGP.tif,INSAT3D_TIR1_India,2019-11-07 11:30:00,Gujarat,Panchmahal,22.778,73.6143,571.56,28.02,Moderate Rain
INSAT3D_TIR1_India/3DIMG_07NOV2019_1130_L1C_SGP.tif,3DIMG_07NOV2019_1130_L1C_SGP.tif,INSAT3D_TIR1_India,2019-11-07 11:30:00,Gujarat,Patan,23.8493,72.1266,551.22,29.92,Moderate Rain
INSAT3D_TIR1_India/3DIMG_07NOV2019_1130_L1C_SGP.tif,3DIMG_07NOV2019_1130_L1C_SGP.tif,INSAT3D_TIR1_India,2019-11-07 11:30:00,Gujarat,Porbandar,21.6417,69.6293,544.67,32.51,Moderate Rain
INSAT3D_TIR1_India/3DIMG_07NOV2019_1130_L1C_SGP.tif,3DIMG_07NOV2019_1130_L1C_SGP.tif,INSAT3D_TIR1_India,2019-11-07 11:30:00,Gujarat,Rajkot,22.3039,70.8022,548.67,29.38,Moderate Rain
INSAT3D_TIR1_India/3DIMG_07NOV2019_1130_L1C_SGP.tif,3DIMG_07NOV2019_1130_L1C_SGP.tif,INSAT3D_TIR1_India,2019-11-07 11:30:00,Gujarat,Sabarkantha,23.5977,72.9688,645.67,17.04,Moderate Rain
INSAT3D_TIR1_India/3DIMG_07NOV2019_1130_L1C_SGP.tif,3DIMG_07NOV2019_1130_L1C_SGP.tif,INSAT3D_TIR1_India,2019-11-07 11:30:00,Gujarat,Surat,21.1702,72.8311,784.11,0.21,Light Rain
INSAT3D_TIR1_India/3DIMG_07NOV2019_1130_L1C_SGP.tif,3DIMG_07NOV2019_1130_L1C_SGP.tif,INSAT3D_TIR1_India,2019-11-07 11:30:00,Gujarat,Surendranagar,22.7274,71.637,581.89,28.99,Moderate Rain
INSAT3D_TIR1_India/3DIMG_07NOV2019_1130_L1C_SGP.tif,3DIMG_07NOV2019_1130_L1C_SGP.tif,INSAT3D_TIR1_India,2019-11-07 11:30:00,Gujarat,Tapi,21.1147,73.3986,708.89,4.99,Light Rain
INSAT3D_TIR1_India/3DIMG_07NOV2019_1130_L1C_SGP.tif,3DIMG_07NOV2019_1130_L1C_SGP.tif,INSAT3D_TIR1_India,2019-11-07 11:30:00,Gujarat,Vadodara,22.3072,73.1812,780.0,0.0,No Rain
INSAT3D_TIR1_India/3DIMG_07NOV2019_1130_L1C_SGP.tif,3DIMG_07NOV2019_1130_L1C_SGP.tif,INSAT3D_TIR1_India,2019-11-07 11:30:00,Gujarat,Valsad,20.5992,72.9342,670.56,15.81,Moderate Rain
INSAT3D_TIR1_India/3DIMG_07NOV2019_1200_L1C_SGP.tif,3DIMG_07NOV2019_1200_L1C_SGP.tif,INSAT3D_TIR1_India,2019-11-07 12:00:00,Gujarat,Ahmedabad,23.0225,72.5714,590.11,26.84,Moderate Rain
INSAT3D_TIR1_India/3DIMG_07NOV2019_1200_L1C_SGP.tif,3DIMG_07NOV2019_1200_L1C_SGP.tif,INSAT3D_TIR1_India,2019-11-07 12:00:00,Gujarat,Amreli,21.6032,71.2221,645.44,17.92,Moderate Rain
INSAT3D_TIR1_India/3DIMG_07NOV2019_1200_L1C_SGP.tif,3DIMG_07NOV2019_1200_L1C_SGP.tif,INSAT3D_TIR1_India,2019-11-07 12:00:00,Gujarat,Anand,22.5645,72.9289,693.22,11.07,Moderate Rain
INSAT3D_TIR1_India/3DIMG_07NOV2019_1200_L1C_SGP.tif,3DIMG_07NOV2019_1200_L1C_SGP.tif,INSAT3D_TIR1_India,2019-11-07 12:00:00,Gujarat,Aravalli,23.4619,73.3039,648.33,14.68,Moderate Rain
INSAT3D_TIR1_India/3DIMG_07NOV2019_1200_L1C_SGP.tif,3DIMG_07NOV2019_1200_L1C_SGP.tif,INSAT3D_TIR1_India,2019-11-07 12:00:00,Gujarat,Banaskantha,24.1724,72.4346,547.22,32.47,Moderate Rain
INSAT3D_TIR1_India/3DIMG_07NOV2019_1200_L1C_SGP.tif,3DIMG_07NOV2019_1200_L1C_SGP.tif,INSAT3D_TIR1_India,2019-11-07 12:00:00,Gujarat,Bharuch,21.7051,72.9959,819.67,2.76,Light Rain
INSAT3D_TIR1_India/3DIMG_07NOV2019_1200_L1C_SGP.tif,3DIMG_07NOV2019_1200_L1C_SGP.tif,INSAT3D_TIR1_India,2019-11-07 12:00:00,Gujarat,Bhavnagar,21.7645,72.1519,668.22,13.83,Moderate Rain
INSAT3D_TIR1_India/3DIMG_07NOV2019_1200_L1C_SGP.tif,3DIMG_07NOV2019_1200_L1C_SGP.tif,INSAT3D_TIR1_India,2019-11-07 12:00:00,Gujarat,Botad,22.1704,71.6662,651.22,16.62,Moderate Rain
INSAT3D_TIR1_India/3DIMG_07NOV2019_1200_L1C_SGP.tif,3DIMG_07NOV2019_1200_L1C_SGP.tif,INSAT3D_TIR1_India,2019-11-07 12:00:00,Gujarat,Chhota Udepur,22.3108,74.0125,656.89,15.17,Moderate Rain
INSAT3D_TIR1_India/3DIMG_07NOV2019_1200_L1C_SGP.tif,3DIMG_07NOV2019_1200_L1C_SGP.tif,INSAT3D_TIR1_India,2019-11-07 12:00:00,Gujarat,Dahod,22.8347,74.2552,587.0,28.53,Moderate Rain
INSAT3D_TIR1_India/3DIMG_07NOV2019_1200_L1C_SGP.tif,3DIMG_07NOV2019_1200_L1C_SGP.tif,INSAT3D_TIR1_India,2019-11-07 12:00:00,Gujarat,Dang,20.7554,73.6873,618.0,20.18,Moderate Rain
INSAT3D_TIR1_India/3DIMG_07NOV2019_1200_L1C_SGP.tif,3DIMG_07NOV2019_1200_L1C_SGP.tif,INSAT3D_TIR1_India,2019-11-07 12:00:00,Gujarat,Devbhumi Dwarka,22.2078,69.6582,532.11,31.49,Moderate Rain
INSAT3D_TIR1_India/3DIMG_07NOV2019_1200_L1C_SGP.tif,3DIMG_07NOV2019_1200_L1C_SGP.tif,INSAT3D_TIR1_India,2019-11-07 12:00:00,Gujarat,Gandhinagar,23.2156,72.6369,637.89,19.04,Moderate Rain
INSAT3D_TIR1_India/3DIMG_07NOV2019_1200_L1C_SGP.tif,3DIMG_07NOV2019_1200_L1C_SGP.tif,INSAT3D_TIR1_India,2019-11-07 12:00:00,Gujarat,Gir Somnath,20.9042,70.3644,585.89,26.49,Moderate Rain
INSAT3D_TIR1_India/3DIMG_07NOV2019_1200_L1C_SGP.tif,3DIMG_07NOV2019_1200_L1C_SGP.tif,INSAT3D_TIR1_India,2019-11-07 12:00:00,Gujarat,Jamnagar,22.4707,70.0577,532.0,33.19,Moderate Rain
INSAT3D_TIR1_India/3DIMG_07NOV2019_1200_L1C_SGP.tif,3DIMG_07NOV2019_1200_L1C_SGP.tif,INSAT3D_TIR1_India,2019-11-07 12:00:00,Gujarat,Junagadh,21.5222,70.4579,548.67,34.14,Moderate Rain
INSAT3D_TIR1_India/3DIMG_07NOV2019_1200_L1C_SGP.tif,3DIMG_07NOV2019_1200_L1C_SGP.tif,INSAT3D_TIR1_India,2019-11-07 12:00:00,Gujarat,Kheda,22.6916,72.8634,670.89,15.39,Moderate Rain
INSAT3D_TIR1_India/3DIMG_07NOV2019_1200_L1C_SGP.tif,3DIMG_07NOV2019_1200_L1C_SGP.tif,INSAT3D_TIR1_India,2019-11-07 12:00:00,Gujarat,Kutch (Bhuj),23.242,69.6669,526.11,33.74,Moderate Rain
INSAT3D_TIR1_India/3DIMG_07NOV2019_1200_L1C_SGP.tif,3DIMG_07NOV2019_1200_L1C_SGP.tif,INSAT3D_TIR1_India,2019-11-07 12:00:00,Gujarat,Mahisagar,23.1311,73.6009,642.11,17.15,Moderate Rain
INSAT3D_TIR1_India/3DIMG_07NOV2019_1200_L1C_SGP.tif,3DIMG_07NOV2019_1200_L1C_SGP.tif,INSAT3D_TIR1_India,2019-11-07 12:00:00,Gujarat,Mehsana,23.588,72.3693,547.56,29.11,Moderate Rain
INSAT3D_TIR1_India/3DIMG_07NOV2019_1200_L1C_SGP.tif,3DIMG_07NOV2019_1200_L1C_SGP.tif,INSAT3D_TIR1_India,2019-11-07 12:00:00,Gujarat,Morbi,22.8173,70.8368,548.67,31.93,Moderate Rain
INSAT3D_TIR1_India/3DIMG_07NOV2019_1200_L1C_SGP.tif,3DIMG_07NOV2019_1200_L1C_SGP.tif,INSAT3D_TIR1_India,2019-11-07 12:00:00,Gujarat,Narmada,21.8719,73.5028,816.89,0.0,No Rain
INSAT3D_TIR1_India/3DIMG_07NOV2019_1200_L1C_SGP.tif,3DIMG_07NOV2019_1200_L1C_SGP.tif,INSAT3D_TIR1_India,2019-11-07 12:00:00,Gujarat,Navsari,20.9467,72.952,575.89,27.72,Moderate Rain
INSAT3D_TIR1_India/3DIMG_07NOV2019_1200_L1C_SGP.tif,3DIMG_07NOV2019_1200_L1C_SGP.tif,INSAT3D_TIR1_India,2019-11-07 12:00:00,Gujarat,Panchmahal,22.778,73.6143,596.22,24.32,Moderate Rain
INSAT3D_TIR1_India/3DIMG_07NOV2019_1200_L1C_SGP.tif,3DIMG_07NOV2019_1200_L1C_SGP.tif,INSAT3D_TIR1_India,2019-11-07 12:00:00,Gujarat,Patan,23.8493,72.1266,550.78,29.99,Moderate Rain
INSAT3D_TIR1_India/3DIMG_07NOV2019_1200_L1C_SGP.tif,3DIMG_07NOV2019_1200_L1C_SGP.tif,INSAT3D_TIR1_India,2019-11-07 12:00:00,Gujarat,Porbandar,21.6417,69.6293,556.44,30.75,Moderate Rain
INSAT3D_TIR1_India/3DIMG_07NOV2019_1200_L1C_SGP.tif,3DIMG_07NOV2019_1200_L1C_SGP.tif,INSAT3D_TIR1_India,2019-11-07 12:00:00,Gujarat,Rajkot,22.3039,70.8022,569.78,26.21,Moderate Rain
INSAT3D_TIR1_India/3DIMG_07NOV2019_1200_L1C_SGP.tif,3DIMG_07NOV2019_1200_L1C_SGP.tif,INSAT3D_TIR1_India,2019-11-07 12:00:00,Gujarat,Sabarkantha,23.5977,72.9688,641.33,17.69,Moderate Rain
INSAT3D_TIR1_India/3DIMG_07NOV2019_1200_L1C_SGP.tif,3DIMG_07NOV2019_1200_L1C_SGP.tif,INSAT3D_TIR1_India,2019-11-07 12:00:00,Gujarat,Surat,21.1702,72.8311,647.78,17.05,Moderate Rain
INSAT3D_TIR1_India/3DIMG_07NOV2019_1200_L1C_SGP.tif,3DIMG_07NOV2019_1200_L1C_SGP.tif,INSAT3D_TIR1_India,2019-11-07 12:00:00,Gujarat,Surendranagar,22.7274,71.637,562.78,31.85,Moderate Rain
INSAT3D_TIR1_India/3DIMG_07NOV2019_1200_L1C_SGP.tif,3DIMG_07NOV2019_1200_L1C_SGP.tif,INSAT3D_TIR1_India,2019-11-07 12:00:00,Gujarat,Tapi,21.1147,73.3986,714.67,4.12,Light Rain
INSAT3D_TIR1_India/3DIMG_07NOV2019_1200_L1C_SGP.tif,3DIMG_07NOV2019_1200_L1C_SGP.tif,INSAT3D_TIR1_India,2019-11-07 12:00:00,Gujarat,Vadodara,22.3072,73.1812,712.67,5.73,Light Rain
INSAT3D_TIR1_India/3DIMG_07NOV2019_1200_L1C_SGP.tif,3DIMG_07NOV2019_1200_L1C_SGP.tif,INSAT3D_TIR1_India,2019-11-07 12:00:00,Gujarat,Valsad,20.5992,72.9342,596.56,26.91,Moderate Rain
INSAT3D_TIR1_India/3DIMG_07NOV2019_1230_L1C_SGP.tif,3DIMG_07NOV2019_1230_L1C_SGP.tif,INSAT3D_TIR1_India,2019-11-07 12:30:00,Gujarat,Ahmedabad,23.0225,72.5714,595.89,25.98,Moderate Rain
INSAT3D_TIR1_India/3DIMG_07NOV2019_1230_L1C_SGP.tif,3DIMG_07NOV2019_1230_L1C_SGP.tif,INSAT3D_TIR1_India,2019-11-07 12:30:00,Gujarat,Amreli,21.6032,71.2221,625.33,20.93,Moderate Rain
INSAT3D_TIR1_India/3DIMG_07NOV2019_1230_L1C_SGP.tif,3DIMG_07NOV2019_1230_L1C_SGP.tif,INSAT3D_TIR1_India,2019-11-07 12:30:00,Gujarat,Anand,22.5645,72.9289,685.44,12.24,Moderate Rain
INSAT3D_TIR1_India/3DIMG_07NOV2019_1230_L1C_SGP.tif,3DIMG_07NOV2019_1230_L1C_SGP.tif,INSAT3D_TIR1_India,2019-11-07 12:30:00,Gujarat,Aravalli,23.4619,73.3039,650.67,14.33,Moderate Rain
INSAT3D_TIR1_India/3DIMG_07NOV2019_1230_L1C_SGP.tif,3DIMG_07NOV2019_1230_L1C_SGP.tif,INSAT3D_TIR1_India,2019-11-07 12:30:00,Gujarat,Banaskantha,24.1724,72.4346,554.78,31.33,Moderate Rain
INSAT3D_TIR1_India/3DIMG_07NOV2019_1230_L1C_SGP.tif,3DIMG_07NOV2019_1230_L1C_SGP.tif,INSAT3D_TIR1_India,2019-11-07 12:30:00,Gujarat,Bharuch,21.7051,72.9959,723.22,8.28,Moderate Rain
INSAT3D_TIR1_India/3DIMG_07NOV2019_1230_L1C_SGP.tif,3DIMG_07NOV2019_1230_L1C_SGP.tif,INSAT3D_TIR1_India,2019-11-07 12:30:00,Gujarat,Bhavnagar,21.7645,72.1519,610.89,22.43,Moderate Rain
INSAT3D_TIR1_India/3DIMG_07NOV2019_1230_L1C_SGP.tif,3DIMG_07NOV2019_1230_L1C_SGP.tif,INSAT3D_TIR1_India,2019-11-07 12:30:00,Gujarat,Botad,22.1704,71.6662,626.0,20.4,Moderate Rain
INSAT3D_TIR1_India/3DIMG_07NOV2019_1230_L1C_SGP.tif,3DIMG_07NOV2019_1230_L1C_SGP.tif,INSAT3D_TIR1_India,2019-11-07 12:30:00,Gujarat,Chhota Udepur,22.3108,74.0125,649.67,16.25,Moderate Rain
INSAT3D_TIR1_India/3DIMG_07NOV2019_1230_L1C_SGP.tif,3DIMG_07NOV2019_1230_L1C_SGP.tif,INSAT3D_TIR1_India,2019-11-07 12:30:00,Gujarat,Dahod,22.8347,74.2552,612.0,24.78,Moderate Rain
INSAT3D_TIR1_India/3DIMG_07NOV2019_1230_L1C_SGP.tif,3DIMG_07NOV2019_1230_L1C_SGP.tif,INSAT3D_TIR1_India,2019-11-07 12:30:00,Gujarat,Dang,20.7554,73.6873,600.11,22.86,Moderate Rain
INSAT3D_TIR1_India/3DIMG_07NOV2019_1230_L1C_SGP.tif,3DIMG_07NOV2019_1230_L1C_SGP.tif,INSAT3D_TIR1_India,2019-11-07 12:30:00,Gujarat,Devbhumi Dwarka,22.2078,69.6582,538.56,30.53,Moderate Rain
INSAT3D_TIR1_India/3DIMG_07NOV2019_1230_L1C_SGP.tif,3DIMG_07NOV2019_1230_L1C_SGP.tif,INSAT3D_TIR1_India,2019-11-07 12:30:00,Gujarat,Gandhinagar,23.2156,72.6369,587.33,26.63,Moderate Rain
INSAT3D_TIR1_India/3DIMG_07NOV2019_1230_L1C_SGP.tif,3DIMG_07NOV2019_1230_L1C_SGP.tif,INSAT3D_TIR1_India,2019-11-07 12:30:00,Gujarat,Gir Somnath,20.9042,70.3644,606.22,23.44,Moderate Rain
INSAT3D_TIR1_India/3DIMG_07NOV2019_1230_L1C_SGP.tif,3DIMG_07NOV2019_1230_L1C_SGP.tif,INSAT3D_TIR1_India,2019-11-07 12:30:00,Gujarat,Jamnagar,22.4707,70.0577,534.56,32.8,Moderate Rain
INSAT3D_TIR1_India/3DIMG_07NOV2019_1230_L1C_SGP.tif,3DIMG_07NOV2019_1230_L1C_SGP.tif,INSAT3D_TIR1_India,2019-11-07 12:30:00,Gujarat,Junagadh,21.5222,70.4579,549.89,33.95,Moderate Rain
INSAT3D_TIR1_India/3DIMG_07NOV2019_1230_L1C_SGP.tif,3DIMG_07NOV2019_1230_L1C_SGP.tif,INSAT3D_TIR1_India,2019-11-07 12:30:00,Gujarat,Kheda,22.6916,72.8634,673.44,15.0,Moderate Rain
INSAT3D_TIR1_India/3DIMG_07NOV2019_1230_L1C_SGP.tif,3DIMG_07NOV2019_1230_L1C_SGP.tif,INSAT3D_TIR1_India,2019-11-07 12:30:00,Gujarat,Kutch (Bhuj),23.242,69.6669,533.89,32.57,Moderate Rain
INSAT3D_TIR1_India/3DIMG_07NOV2019_1230_L1C_SGP.tif,3DIMG_07NOV2019_1230_L1C_SGP.tif,INSAT3D_TIR1_India,2019-11-07 12:30:00,Gujarat,Mahisagar,23.1311,73.6009,644.67,16.77,Moderate Rain
INSAT3D_TIR1_India/3DIMG_07NOV2019_1230_L1C_SGP.tif,3DIMG_07NOV2019_1230_L1C_SGP.tif,INSAT3D_TIR1_India,2019-11-07 12:30:00,Gujarat,Mehsana,23.588,72.3693,553.89,28.16,Moderate Rain
INSAT3D_TIR1_India/3DIMG_07NOV2019_1230_L1C_SGP.tif,3DIMG_07NOV2019_1230_L1C_SGP.tif,INSAT3D_TIR1_India,2019-11-07 12:30:00,Gujarat,Morbi,22.8173,70.8368,543.11,32.76,Moderate Rain
INSAT3D_TIR1_India/3DIMG_07NOV2019_1230_L1C_SGP.tif,3DIMG_07NOV2019_1230_L1C_SGP.tif,INSAT3D_TIR1_India,2019-11-07 12:30:00,Gujarat,Narmada,21.8719,73.5028,748.44,1.08,Light Rain
INSAT3D_TIR1_India/3DIMG_07NOV2019_1230_L1C_SGP.tif,3DIMG_07NOV2019_1230_L1C_SGP.tif,INSAT3D_TIR1_India,2019-11-07 12:30:00,Gujarat,Navsari,20.9467,72.952,600.22,24.07,Moderate Rain
INSAT3D_TIR1_India/3DIMG_07NOV2019_1230_L1C_SGP.tif,3DIMG_07NOV2019_1230_L1C_SGP.tif,INSAT3D_TIR1_India,2019-11-07 12:30:00,Gujarat,Panchmahal,22.778,73.6143,571.78,27.99,Moderate Rain
INSAT3D_TIR1_India/3DIMG_07NOV2019_1230_L1C_SGP.tif,3DIMG_07NOV2019_1230_L1C_SGP.tif,INSAT3D_TIR1_India,2019-11-07 12:30:00,Gujarat,Patan,23.8493,72.1266,553.11,29.64,Moderate Rain
INSAT3D_TIR1_India/3DIMG_07NOV2019_1230_L1C_SGP.tif,3DIMG_07NOV2019_1230_L1C_SGP.tif,INSAT3D_TIR1_India,2019-11-07 12:30:00,Gujarat,Porbandar,21.6417,69.6293,541.56,32.98,Moderate Rain
INSAT3D_TIR1_India/3DIMG_07NOV2019_1230_L1C_SGP.tif,3DIMG_07NOV2019_1230_L1C_SGP.tif,INSAT3D_TIR1_India,2019-11-07 12:30:00,Gujarat,Rajkot,22.3039,70.8022,544.78,29.96,Moderate Rain
INSAT3D_TIR1_India/3DIMG_07NOV2019_1230_L1C_SGP.tif,3DIMG_07NOV2019_1230_L1C_SGP.tif,INSAT3D_TIR1_India,2019-11-07 12:30:00,Gujarat,Sabarkantha,23.5977,72.9688,626.56,19.91,Moderate Rain
INSAT3D_TIR1_India/3DIMG_07NOV2019_1230_L1C_SGP.tif,3DIMG_07NOV2019_1230_L1C_SGP.tif,INSAT3D_TIR1_India,2019-11-07 12:30:00,Gujarat,Surat,21.1702,72.8311,616.0,21.81,Moderate Rain
INSAT3D_TIR1_India/3DIMG_07NOV2019_1230_L1C_SGP.tif,3DIMG_07NOV2019_1230_L1C_SGP.tif,INSAT3D_TIR1_India,2019-11-07 12:30:00,Gujarat,Surendranagar,22.7274,71.637,557.11,32.7,Moderate Rain
INSAT3D_TIR1_India/3DIMG_07NOV2019_1230_L1C_SGP.tif,3DIMG_07NOV2019_1230_L1C_SGP.tif,INSAT3D_TIR1_India,2019-11-07 12:30:00,Gujarat,Tapi,21.1147,73.3986,682.67,8.92,Moderate Rain
INSAT3D_TIR1_India/3DIMG_07NOV2019_1230_L1C_SGP.tif,3DIMG_07NOV2019_1230_L1C_SGP.tif,INSAT3D_TIR1_India,2019-11-07 12:30:00,Gujarat,Vadodara,22.3072,73.1812,685.67,9.78,Moderate Rain
INSAT3D_TIR1_India/3DIMG_07NOV2019_1230_L1C_SGP.tif,3DIMG_07NOV2019_1230_L1C_SGP.tif,INSAT3D_TIR1_India,2019-11-07 12:30:00,Gujarat,Valsad,20.5992,72.9342,580.33,29.34,Moderate Rain
INSAT3D_TIR1_India/3DIMG_07NOV2019_1300_L1C_SGP.tif,3DIMG_07NOV2019_1300_L1C_SGP.tif,INSAT3D_TIR1_India,2019-11-07 13:00:00,Gujarat,Ahmedabad,23.0225,72.5714,608.33,24.11,Moderate Rain
INSAT3D_TIR1_India/3DIMG_07NOV2019_1300_L1C_SGP.tif,3DIMG_07NOV2019_1300_L1C_SGP.tif,INSAT3D_TIR1_India,2019-11-07 13:00:00,Gujarat,Amreli,21.6032,71.2221,631.33,20.03,Moderate Rain
INSAT3D_TIR1_India/3DIMG_07NOV2019_1300_L1C_SGP.tif,3DIMG_07NOV2019_1300_L1C_SGP.tif,INSAT3D_TIR1_India,2019-11-07 13:00:00,Gujarat,Anand,22.5645,72.9289,684.78,12.34,Moderate Rain
INSAT3D_TIR1_India/3DIMG_07NOV2019_1300_L1C_SGP.tif,3DIMG_07NOV2019_1300_L1C_SGP.tif,INSAT3D_TIR1_India,2019-11-07 13:00:00,Gujarat,Aravalli,23.4619,73.3039,647.89,14.75,Moderate Rain
INSAT3D_TIR1_India/3DIMG_07NOV2019_1300_L1C_SGP.tif,3DIMG_07NOV2019_1300_L1C_SGP.tif,INSAT3D_TIR1_India,2019-11-07 13:00:00,Gujarat,Banaskantha,24.1724,72.4346,561.11,30.38,Moderate Rain
INSAT3D_TIR1_India/3DIMG_07NOV2019_1300_L1C_SGP.tif,3DIMG_07NOV2019_1300_L1C_SGP.tif,INSAT3D_TIR1_India,2019-11-07 13:00:00,Gujarat,Bharuch,21.7051,72.9959,822.22,2.76,Light Rain
INSAT3D_TIR1_India/3DIMG_07NOV2019_1300_L1C_SGP.tif,3DIMG_07NOV2019_1300_L1C_SGP.tif,INSAT3D_TIR1_India,2019-11-07 13:00:00,Gujarat,Bhavnagar,21.7645,72.1519,597.67,24.41,Moderate Rain
INSAT3D_TIR1_India/3DIMG_07NOV2019_1300_L1C_SGP.tif,3DIMG_07NOV2019_1300_L1C_SGP.tif,INSAT3D_TIR1_India,2019-11-07 13:00:00,Gujarat,Botad,22.1704,71.6662,617.56,21.67,Moderate Rain
INSAT3D_TIR1_India/3DIMG_07NOV2019_1300_L1C_SGP.tif,3DIMG_07NOV2019_1300_L1C_SGP.tif,INSAT3D_TIR1_India,2019-11-07 13:00:00,Gujarat,Chhota Udepur,22.3108,74.0125,648.0,16.5,Moderate Rain
INSAT3D_TIR1_India/3DIMG_07NOV2019_1300_L1C_SGP.tif,3DIMG_07NOV2019_1300_L1C_SGP.tif,INSAT3D_TIR1_India,2019-11-07 13:00:00,Gujarat,Dahod,22.8347,74.2552,665.89,16.7,Moderate Rain
INSAT3D_TIR1_India/3DIMG_07NOV2019_1300_L1C_SGP.tif,3DIMG_07NOV2019_1300_L1C_SGP.tif,INSAT3D_TIR1_India,2019-11-07 13:00:00,Gujarat,Dang,20.7554,73.6873,567.78,27.71,Moderate Rain
INSAT3D_TIR1_India/3DIMG_07NOV2019_1300_L1C_SGP.tif,3DIMG_07NOV2019_1300_L1C_SGP.tif,INSAT3D_TIR1_India,2019-11-07 13:00:00,Gujarat,Devbhumi Dwarka,22.2078,69.6582,542.0,30.01,Moderate Rain
INSAT3D_TIR1_India/3DIMG_07NOV2019_1300_L1C_SGP.tif,3DIMG_07NOV2019_1300_L1C_SGP.tif,INSAT3D_TIR1_India,2019-11-07 13:00:00,Gujarat,Gandhinagar,23.2156,72.6369,559.44,30.81,Moderate Rain
INSAT3D_TIR1_India/3DIMG_07NOV2019_1300_L1C_SGP.tif,3DIMG_07NOV2019_1300_L1C_SGP.tif,INSAT3D_TIR1_India,2019-11-07 13:00:00,Gujarat,Gir Somnath,20.9042,70.3644,615.56,22.04,Moderate Rain
INSAT3D_TIR1_India/3DIMG_07NOV2019_1300_L1C_SGP.tif,3DIMG_07NOV2019_1300_L1C_SGP.tif,INSAT3D_TIR1_India,2019-11-07 13:00:00,Gujarat,Jamnagar,22.4707,70.0577,542.0,31.69,Moderate Rain
INSAT3D_TIR1_India/3DIMG_07NOV2019_1300_L1C_SGP.tif,3DIMG_07NOV2019_1300_L1C_SGP.tif,INSAT3D_TIR1_India,2019-11-07 13:00:00,Gujarat,Junagadh,21.5222,70.4579,553.78,33.37,Moderate Rain
INSAT3D_TIR1_India/3DIMG_07NOV2019_1300_L1C_SGP.tif,3DIMG_07NOV2019_1300_L1C_SGP.tif,INSAT3D_TIR1_India,2019-11-07 13:00:00,Gujarat,Kheda,22.6916,72.8634,676.11,14.6,Moderate Rain
INSAT3D_TIR1_India/3DIMG_07NOV2019_1300_L1C_SGP.tif,3DIMG_07NOV2019_1300_L1C_SGP.tif,INSAT3D_TIR1_India,2019-11-07 13:00:00,Gujarat,Kutch (Bhuj),23.242,69.6669,534.78,32.43,Moderate Rain
INSAT3D_TIR1_India/3DIMG_07NOV2019_1300_L1C_SGP.tif,3DIMG_07NOV2019_1300_L1C_SGP.tif,INSAT3D_TIR1_India,2019-11-07 13:00:00,Gujarat,Mahisagar,23.1311,73.6009,600.56,23.38,Moderate Rain
INSAT3D_TIR1_India/3DIMG_07NOV2019_1300_L1C_SGP.tif,3DIMG_07NOV2019_1300_L1C_SGP.tif,INSAT3D_TIR1_India,2019-11-07 13:00:00,Gujarat,Mehsana,23.588,72.3693,555.89,27.86,Moderate Rain
INSAT3D_TIR1_India/3DIMG_07NOV2019_1300_L1C_SGP.tif,3DIMG_07NOV2019_1300_L1C_SGP.tif,INSAT3D_TIR1_India,2019-11-07 13:00:00,Gujarat,Morbi,22.8173,70.8368,541.22,33.04,Moderate Rain
INSAT3D_TIR1_India/3DIMG_07NOV2019_1300_L1C_SGP.tif,3DIMG_07NOV2019_1300_L1C_SGP.tif,INSAT3D_TIR1_India,2019-11-07 13:00:00,Gujarat,Narmada,21.8719,73.5028,699.11,8.48,Moderate Rain
INSAT3D_TIR1_India/3DIMG_07NOV2019_1300_L1C_SGP.tif,3DIMG_07NOV2019_1300_L1C_SGP.tif,INSAT3D_TIR1_India,2019-11-07 13:00:00,Gujarat,Navsari,20.9467,72.952,620.44,21.04,Moderate Rain
INSAT3D_TIR1_India/3DIMG_07NOV2019_1300_L1C_SGP.tif,3DIMG_07NOV2019_1300_L1C_SGP.tif,INSAT3D_TIR1_India,2019-11-07 13:00:00,Gujarat,Panchmahal,22.778,73.6143,597.56,24.12,Moderate Rain
INSAT3D_TIR1_India/3DIMG_07NOV2019_1300_L1C_SGP.tif,3DIMG_07NOV2019_1300_L1C_SGP.tif,INSAT3D_TIR1_India,2019-11-07 13:00:00,Gujarat,Patan,23.8493,72.1266,557.89,28.92,Moderate Rain
INSAT3D_TIR1_India/3DIMG_07NOV2019_1300_L1C_SGP.tif,3DIMG_07NOV2019_1300_L1C_SGP.tif,INSAT3D_TIR1_India,2019-11-07 13:00:00,Gujarat,Porbandar,21.6417,69.6293,539.89,33.23,Moderate Rain
INSAT3D_TIR1_India/3DIMG_07NOV2019_1300_L1C_SGP.tif,3DIMG_07NOV2019_1300_L1C_SGP.tif,INSAT3D_TIR1_India,2019-11-07 13:00:00,Gujarat,Rajkot,22.3039,70.8022,546.56,29.69,Moderate Rain
INSAT3D_TIR1_India/3DIMG_07NOV2019_1300_L1C_SGP.tif,3DIMG_07NOV2019_1300_L1C_SGP.tif,INSAT3D_TIR1_India,2019-11-07 13:00:00,Gujarat,Sabarkantha,23.5977,72.9688,579.67,26.94,Moderate Rain
INSAT3D_TIR1_India/3DIMG_07NOV2019_1300_L1C_SGP.tif,3DIMG_07NOV2019_1300_L1C_SGP.tif,INSAT3D_TIR1_India,2019-11-07 13:00:00,Gujarat,Surat,21.1702,72.8311,642.78,17.8,Moderate Rain
INSAT3D_TIR1_India/3DIMG_07NOV2019_1300_L1C_SGP.tif,3DIMG_07NOV2019_1300_L1C_SGP.tif,INSAT3D_TIR1_India,2019-11-07 13:00:00,Gujarat,Surendranagar,22.7274,71.637,551.0,33.62,Moderate Rain
INSAT3D_TIR1_India/3DIMG_07NOV2019_1300_L1C_SGP.tif,3DIMG_07NOV2019_1300_L1C_SGP.tif,INSAT3D_TIR1_India,2019-11-07 13:00:00,Gujarat,Tapi,21.1147,73.3986,584.78,23.6,Moderate Rain
INSAT3D_TIR1_India/3DIMG_07NOV2019_1300_L1C_SGP.tif,3DIMG_07NOV2019_1300_L1C_SGP.tif,INSAT3D_TIR1_India,2019-11-07 13:00:00,Gujarat,Vadodara,22.3072,73.1812,653.78,14.57,Moderate Rain
INSAT3D_TIR1_India/3DIMG_07NOV2019_1300_L1C_SGP.tif,3DIMG_07NOV2019_1300_L1C_SGP.tif,INSAT3D_TIR1_India,2019-11-07 13:00:00,Gujarat,Valsad,20.5992,72.9342,590.89,27.76,Moderate Rain
INSAT3D_TIR1_India/3DIMG_07NOV2019_1330_L1C_SGP.tif,3DIMG_07NOV2019_1330_L1C_SGP.tif,INSAT3D_TIR1_India,2019-11-07 13:30:00,Gujarat,Ahmedabad,23.0225,72.5714,576.22,28.93,Moderate Rain
INSAT3D_TIR1_India/3DIMG_07NOV2019_1330_L1C_SGP.tif,3DIMG_07NOV2019_1330_L1C_SGP.tif,INSAT3D_TIR1_India,2019-11-07 13:30:00,Gujarat,Amreli,21.6032,71.2221,616.56,22.25,Moderate Rain
INSAT3D_TIR1_India/3DIMG_07NOV2019_1330_L1C_SGP.tif,3DIMG_07NOV2019_1330_L1C_SGP.tif,INSAT3D_TIR1_India,2019-11-07 13:30:00,Gujarat,Anand,22.5645,72.9289,693.22,11.07,Moderate Rain
INSAT3D_TIR1_India/3DIMG_07NOV2019_1330_L1C_SGP.tif,3DIMG_07NOV2019_1330_L1C_SGP.tif,INSAT3D_TIR1_India,2019-11-07 13:30:00,Gujarat,Aravalli,23.4619,73.3039,605.33,21.13,Moderate Rain
INSAT3D_TIR1_India/3DIMG_07NOV2019_1330_L1C_SGP.tif,3DIMG_07NOV2019_1330_L1C_SGP.tif,INSAT3D_TIR1_India,2019-11-07 13:30:00,Gujarat,Banaskantha,24.1724,72.4346,566.11,29.63,Moderate Rain
INSAT3D_TIR1_India/3DIMG_07NOV2019_1330_L1C_SGP.tif,3DIMG_07NOV2019_1330_L1C_SGP.tif,INSAT3D_TIR1_India,2019-11-07 13:30:00,Gujarat,Bharuch,21.7051,72.9959,830.78,2.76,Light Rain
INSAT3D_TIR1_India/3DIMG_07NOV2019_1330_L1C_SGP.tif,3DIMG_07NOV2019_1330_L1C_SGP.tif,INSAT3D_TIR1_India,2019-11-07 13:30:00,Gujarat,Bhavnagar,21.7645,72.1519,620.0,21.06,Moderate Rain
INSAT3D_TIR1_India/3DIMG_07NOV2019_1330_L1C_SGP.tif,3DIMG_07NOV2019_1330_L1C_SGP.tif,INSAT3D_TIR1_India,2019-11-07 13:30:00,Gujarat,Botad,22.1704,71.6662,608.89,22.97,Moderate Rain
INSAT3D_TIR1_India/3DIMG_07NOV2019_1330_L1C_SGP.tif,3DIMG_07NOV2019_1330_L1C_SGP.tif,INSAT3D_TIR1_India,2019-11-07 13:30:00,Gujarat,Chhota Udepur,22.3108,74.0125,601.89,23.42,Moderate Rain
INSAT3D_TIR1_India/3DIMG_07NOV2019_1330_L1C_SGP.tif,3DIMG_07NOV2019_1330_L1C_SGP.tif,INSAT3D_TIR1_India,2019-11-07 13:30:00,Gujarat,Dahod,22.8347,74.2552,600.44,26.52,Moderate Rain
INSAT3D_TIR1_India/3DIMG_07NOV2019_1330_L1C_SGP.tif,3DIMG_07NOV2019_1330_L1C_SGP.tif,INSAT3D_TIR1_India,2019-11-07 13:30:00,Gujarat,Dang,20.7554,73.6873,565.22,28.09,Moderate Rain
INSAT3D_TIR1_India/3DIMG_07NOV2019_1330_L1C_SGP.tif,3DIMG_07NOV2019_1330_L1C_SGP.tif,INSAT3D_TIR1_India,2019-11-07 13:30:00,Gujarat,Devbhumi Dwarka,22.2078,69.6582,544.22,29.68,Moderate Rain
INSAT3D_TIR1_India/3DIMG_07NOV2019_1330_L1C_SGP.tif,3DIMG_07NOV2019_1330_L1C_SGP.tif,INSAT3D_TIR1_India,2019-11-07 13:30:00,Gujarat,Gandhinagar,23.2156,72.6369,564.11,30.11,Moderate Rain
INSAT3D_TIR1_India/3DIMG_07NOV2019_1330_L1C_SGP.tif,3DIMG_07NOV2019_1330_L1C_SGP.tif,INSAT3D_TIR1_India,2019-11-07 13:30:00,Gujarat,Gir Somnath,20.9042,70.3644,607.44,23.26,Moderate Rain
INSAT3D_TIR1_India/3DIMG_07NOV2019_1330_L1C_SGP.tif,3DIMG_07NOV2019_1330_L1C_SGP.tif,INSAT3D_TIR1_India,2019-11-07 13:30:00,Gujarat,Jamnagar,22.4707,70.0577,544.89,31.25,Moderate Rain
INSAT3D_TIR1_India/3DIMG_07NOV2019_1330_L1C_SGP.tif,3DIMG_07NOV2019_1330_L1C_SGP.tif,INSAT3D_TIR1_India,2019-11-07 13:30:00,Gujarat,Junagadh,21.5222,70.4579,554.33,33.29,Moderate Rain
INSAT3D_TIR1_India/3DIMG_07NOV2019_1330_L1C_SGP.tif,3DIMG_07NOV2019_1330_L1C_SGP.tif,INSAT3D_TIR1_India,2019-11-07 13:30:00,Gujarat,Kheda,22.6916,72.8634,675.33,14.72,Moderate Rain
INSAT3D_TIR1_India/3DIMG_07NOV2019_1330_L1C_SGP.tif,3DIMG_07NOV2019_1330_L1C_SGP.tif,INSAT3D_TIR1_India,2019-11-07 13:30:00,Gujarat,Kutch (Bhuj),23.242,69.6669,540.67,31.55,Moderate Rain
INSAT3D_TIR1_India/3DIMG_07NOV2019_1330_L1C_SGP.tif,3DIMG_07NOV2019_1330_L1C_SGP.tif,INSAT3D_TIR1_India,2019-11-07 13:30:00,Gujarat,Mahisagar,23.1311,73.6009,623.33,19.97,Moderate Rain
INSAT3D_TIR1_India/3DIMG_07NOV2019_1330_L1C_SGP.tif,3DIMG_07NOV2019_1330_L1C_SGP.tif,INSAT3D_TIR1_India,2019-11-07 13:30:00,Gujarat,Mehsana,23.588,72.3693,559.44,27.33,Moderate Rain
INSAT3D_TIR1_India/3DIMG_07NOV2019_1330_L1C_SGP.tif,3DIMG_07NOV2019_1330_L1C_SGP.tif,INSAT3D_TIR1_India,2019-11-07 13:30:00,Gujarat,Morbi,22.8173,70.8368,547.67,32.08,Moderate Rain
INSAT3D_TIR1_India/3DIMG_07NOV2019_1330_L1C_SGP.tif,3DIMG_07NOV2019_1330_L1C_SGP.tif,INSAT3D_TIR1_India,2019-11-07 13:30:00,Gujarat,Narmada,21.8719,73.5028,826.56,0.0,No Rain
INSAT3D_TIR1_India/3DIMG_07NOV2019_1330_L1C_SGP.tif,3DIMG_07NOV2019_1330_L1C_SGP.tif,INSAT3D_TIR1_India,2019-11-07 13:30:00,Gujarat,Navsari,20.9467,72.952,642.56,17.72,Moderate Rain
INSAT3D_TIR1_India/3DIMG_07NOV2019_1330_L1C_SGP.tif,3DIMG_07NOV2019_1330_L1C_SGP.tif,INSAT3D_TIR1_India,2019-11-07 13:30:00,Gujarat,Panchmahal,22.778,73.6143,602.78,23.34,Moderate Rain
INSAT3D_TIR1_India/3DIMG_07NOV2019_1330_L1C_SGP.tif,3DIMG_07NOV2019_1330_L1C_SGP.tif,INSAT3D_TIR1_India,2019-11-07 13:30:00,Gujarat,Patan,23.8493,72.1266,593.44,23.59,Moderate Rain
INSAT3D_TIR1_India/3DIMG_07NOV2019_1330_L1C_SGP.tif,3DIMG_07NOV2019_1330_L1C_SGP.tif,INSAT3D_TIR1_India,2019-11-07 13:30:00,Gujarat,Porbandar,21.6417,69.6293,540.0,33.21,Moderate Rain
INSAT3D_TIR1_India/3DIMG_07NOV2019_1330_L1C_SGP.tif,3DIMG_07NOV2019_1330_L1C_SGP.tif,INSAT3D_TIR1_India,2019-11-07 13:30:00,Gujarat,Rajkot,22.3039,70.8022,546.78,29.66,Moderate Rain
INSAT3D_TIR1_India/3DIMG_07NOV2019_1330_L1C_SGP.tif,3DIMG_07NOV2019_1330_L1C_SGP.tif,INSAT3D_TIR1_India,2019-11-07 13:30:00,Gujarat,Sabarkantha,23.5977,72.9688,572.22,28.06,Moderate Rain
INSAT3D_TIR1_India/3DIMG_07NOV2019_1330_L1C_SGP.tif,3DIMG_07NOV2019_1330_L1C_SGP.tif,INSAT3D_TIR1_India,2019-11-07 13:30:00,Gujarat,Surat,21.1702,72.8311,608.89,22.88,Moderate Rain
INSAT3D_TIR1_India/3DIMG_07NOV2019_1330_L1C_SGP.tif,3DIMG_07NOV2019_1330_L1C_SGP.tif,INSAT3D_TIR1_India,2019-11-07 13:30:00,Gujarat,Surendranagar,22.7274,71.637,553.56,33.24,Moderate Rain
INSAT3D_TIR1_India/3DIMG_07NOV2019_1330_L1C_SGP.tif,3DIMG_07NOV2019_1330_L1C_SGP.tif,INSAT3D_TIR1_India,2019-11-07 13:30:00,Gujarat,Tapi,21.1147,73.3986,562.56,26.94,Moderate Rain
INSAT3D_TIR1_India/3DIMG_07NOV2019_1330_L1C_SGP.tif,3DIMG_07NOV2019_1330_L1C_SGP.tif,INSAT3D_TIR1_India,2019-11-07 13:30:00,Gujarat,Vadodara,22.3072,73.1812,642.33,16.28,Moderate Rain
INSAT3D_TIR1_India/3DIMG_07NOV2019_1330_L1C_SGP.tif,3DIMG_07NOV2019_1330_L1C_SGP.tif,INSAT3D_TIR1_India,2019-11-07 13:30:00,Gujarat,Valsad,20.5992,72.9342,563.0,31.94,Moderate Rain
INSAT3D_TIR1_India/3DIMG_07NOV2019_1400_L1C_SGP.tif,3DIMG_07NOV2019_1400_L1C_SGP.tif,INSAT3D_TIR1_India,2019-11-07 14:00:00,Gujarat,Ahmedabad,23.0225,72.5714,595.44,26.04,Moderate Rain
INSAT3D_TIR1_India/3DIMG_07NOV2019_1400_L1C_SGP.tif,3DIMG_07NOV2019_1400_L1C_SGP.tif,INSAT3D_TIR1_India,2019-11-07 14:00:00,Gujarat,Amreli,21.6032,71.2221,606.56,23.75,Moderate Rain
INSAT3D_TIR1_India/3DIMG_07NOV2019_1400_L1C_SGP.tif,3DIMG_07NOV2019_1400_L1C_SGP.tif,INSAT3D_TIR1_India,2019-11-07 14:00:00,Gujarat,Anand,22.5645,72.9289,678.11,13.34,Moderate Rain
INSAT3D_TIR1_India/3DIMG_07NOV2019_1400_L1C_SGP.tif,3DIMG_07NOV2019_1400_L1C_SGP.tif,INSAT3D_TIR1_India,2019-11-07 14:00:00,Gujarat,Aravalli,23.4619,73.3039,563.33,27.43,Moderate Rain
INSAT3D_TIR1_India/3DIMG_07NOV2019_1400_L1C_SGP.tif,3DIMG_07NOV2019_1400_L1C_SGP.tif,INSAT3D_TIR1_India,2019-11-07 14:00:00,Gujarat,Banaskantha,24.1724,72.4346,563.89,29.97,Moderate Rain
INSAT3D_TIR1_India/3DIMG_07NOV2019_1400_L1C_SGP.tif,3DIMG_07NOV2019_1400_L1C_SGP.tif,INSAT3D_TIR1_India,2019-11-07 14:00:00,Gujarat,Bharuch,21.7051,72.9959,794.56,2.76,Light Rain
INSAT3D_TIR1_India/3DIMG_07NOV2019_1400_L1C_SGP.tif,3DIMG_07NOV2019_1400_L1C_SGP.tif,INSAT3D_TIR1_India,2019-11-07 14:00:00,Gujarat,Bhavnagar,21.7645,72.1519,607.67,22.91,Moderate Rain
INSAT3D_TIR1_India/3DIMG_07NOV2019_1400_L1C_SGP.tif,3DIMG_07NOV2019_1400_L1C_SGP.tif,INSAT3D_TIR1_India,2019-11-07 14:00:00,Gujarat,Botad,22.1704,71.6662,623.89,20.72,Moderate Rain
INSAT3D_TIR1_India/3DIMG_07NOV2019_1400_L1C_SGP.tif,3DIMG_07NOV2019_1400_L1C_SGP.tif,INSAT3D_TIR1_India,2019-11-07 14:00:00,Gujarat,Chhota Udepur,22.3108,74.0125,640.22,17.67,Moderate Rain
INSAT3D_TIR1_India/3DIMG_07NOV2019_1400_L1C_SGP.tif,3DIMG_07NOV2019_1400_L1C_SGP.tif,INSAT3D_TIR1_India,2019-11-07 14:00:00,Gujarat,Dahod,22.8347,74.2552,611.11,24.92,Moderate Rain
INSAT3D_TIR1_India/3DIMG_07NOV2019_1400_L1C_SGP.tif,3DIMG_07NOV2019_1400_L1C_SGP.tif,INSAT3D_TIR1_India,2019-11-07 14:00:00,Gujarat,Dang,20.7554,73.6873,575.33,26.58,Moderate Rain
INSAT3D_TIR1_India/3DIMG_07NOV2019_1400_L1C_SGP.tif,3DIMG_07NOV2019_1400_L1C_SGP.tif,INSAT3D_TIR1_India,2019-11-07 14:00:00,Gujarat,Devbhumi Dwarka,22.2078,69.6582,548.22,29.08,Moderate Rain
INSAT3D_TIR1_India/3DIMG_07NOV2019_1400_L1C_SGP.tif,3DIMG_07NOV2019_1400_L1C_SGP.tif,INSAT3D_TIR1_India,2019-11-07 14:00:00,Gujarat,Gandhinagar,23.2156,72.6369,560.11,30.71,Moderate Rain
INSAT3D_TIR1_India/3DIMG_07NOV2019_1400_L1C_SGP.tif,3DIMG_07NOV2019_1400_L1C_SGP.tif,INSAT3D_TIR1_India,2019-11-07 14:00:00,Gujarat,Gir Somnath,20.9042,70.3644,600.89,24.24,Moderate Rain
INSAT3D_TIR1_India/3DIMG_07NOV2019_1400_L1C_SGP.tif,3DIMG_07NOV2019_1400_L1C_SGP.tif,INSAT3D_TIR1_India,2019-11-07 14:00:00,Gujarat,Jamnagar,22.4707,70.0577,545.56,31.15,Moderate Rain
INSAT3D_TIR1_India/3DIMG_07NOV2019_1400_L1C_SGP.tif,3DIMG_07NOV2019_1400_L1C_SGP.tif,INSAT3D_TIR1_India,2019-11-07 14:00:00,Gujarat,Junagadh,21.5222,70.4579,552.67,33.54,Moderate Rain
INSAT3D_TIR1_India/3DIMG_07NOV2019_1400_L1C_SGP.tif,3DIMG_07NOV2019_1400_L1C_SGP.tif,INSAT3D_TIR1_India,2019-11-07 14:00:00,Gujarat,Kheda,22.6916,72.8634,684.11,13.4,Moderate Rain
INSAT3D_TIR1_India/3DIMG_07NOV2019_1400_L1C_SGP.tif,3DIMG_07NOV2019_1400_L1C_SGP.tif,INSAT3D_TIR1_India,2019-11-07 14:00:00,Gujarat,Kutch (Bhuj),23.242,69.6669,545.89,30.77,Moderate Rain
INSAT3D_TIR1_India/3DIMG_07NOV2019_1400_L1C_SGP.tif,3DIMG_07NOV2019_1400_L1C_SGP.tif,INSAT3D_TIR1_India,2019-11-07 14:00:00,Gujarat,Mahisagar,23.1311,73.6009,598.44,23.7,Moderate Rain
INSAT3D_TIR1_India/3DIMG_07NOV2019_1400_L1C_SGP.tif,3DIMG_07NOV2019_1400_L1C_SGP.tif,INSAT3D_TIR1_India,2019-11-07 14:00:00,Gujarat,Mehsana,23.588,72.3693,560.56,27.16,Moderate Rain
INSAT3D_TIR1_India/3DIMG_07NOV2019_1400_L1C_SGP.tif,3DIMG_07NOV2019_1400_L1C_SGP.tif,INSAT3D_TIR1_India,2019-11-07 14:00:00,Gujarat,Morbi,22.8173,70.8368,547.44,32.11,Moderate Rain
INSAT3D_TIR1_India/3DIMG_07NOV2019_1400_L1C_SGP.tif,3DIMG_07NOV2019_1400_L1C_SGP.tif,INSAT3D_TIR1_India,2019-11-07 14:00:00,Gujarat,Narmada,21.8719,73.5028,808.0,0.0,No Rain
INSAT3D_TIR1_India/3DIMG_07NOV2019_1400_L1C_SGP.tif,3DIMG_07NOV2019_1400_L1C_SGP.tif,INSAT3D_TIR1_India,2019-11-07 14:00:00,Gujarat,Navsari,20.9467,72.952,601.22,23.92,Moderate Rain
INSAT3D_TIR1_India/3DIMG_07NOV2019_1400_L1C_SGP.tif,3DIMG_07NOV2019_1400_L1C_SGP.tif,INSAT3D_TIR1_India,2019-11-07 14:00:00,Gujarat,Panchmahal,22.778,73.6143,668.11,13.54,Moderate Rain
INSAT3D_TIR1_India/3DIMG_07NOV2019_1400_L1C_SGP.tif,3DIMG_07NOV2019_1400_L1C_SGP.tif,INSAT3D_TIR1_India,2019-11-07 14:00:00,Gujarat,Patan,23.8493,72.1266,621.33,19.41,Moderate Rain
INSAT3D_TIR1_India/3DIMG_07NOV2019_1400_L1C_SGP.tif,3DIMG_07NOV2019_1400_L1C_SGP.tif,INSAT3D_TIR1_India,2019-11-07 14:00:00,Gujarat,Porbandar,21.6417,69.6293,542.33,32.86,Moderate Rain
INSAT3D_TIR1_India/3DIMG_07NOV2019_1400_L1C_SGP.tif,3DIMG_07NOV2019_1400_L1C_SGP.tif,INSAT3D_TIR1_India,2019-11-07 14:00:00,Gujarat,Rajkot,22.3039,70.8022,547.44,29.56,Moderate Rain
INSAT3D_TIR1_India/3DIMG_07NOV2019_1400_L1C_SGP.tif,3DIMG_07NOV2019_1400_L1C_SGP.tif,INSAT3D_TIR1_India,2019-11-07 14:00:00,Gujarat,Sabarkantha,23.5977,72.9688,563.89,29.31,Moderate Rain
INSAT3D_TIR1_India/3DIMG_07NOV2019_1400_L1C_SGP.tif,3DIMG_07NOV2019_1400_L1C_SGP.tif,INSAT3D_TIR1_India,2019-11-07 14:00:00,Gujarat,Surat,21.1702,72.8311,583.89,26.63,Moderate Rain
INSAT3D_TIR1_India/3DIMG_07NOV2019_1400_L1C_SGP.tif,3DIMG_07NOV2019_1400_L1C_SGP.tif,INSAT3D_TIR1_India,2019-11-07 14:00:00,Gujarat,Surendranagar,22.7274,71.637,551.33,33.57,Moderate Rain
INSAT3D_TIR1_India/3DIMG_07NOV2019_1400_L1C_SGP.tif,3DIMG_07NOV2019_1400_L1C_SGP.tif,INSAT3D_TIR1_India,2019-11-07 14:00:00,Gujarat,Tapi,21.1147,73.3986,567.67,26.17,Moderate Rain
INSAT3D_TIR1_India/3DIMG_07NOV2019_1400_L1C_SGP.tif,3DIMG_07NOV2019_1400_L1C_SGP.tif,INSAT3D_TIR1_India,2019-11-07 14:00:00,Gujarat,Vadodara,22.3072,73.1812,682.22,10.3,Moderate Rain
INSAT3D_TIR1_India/3DIMG_07NOV2019_1400_L1C_SGP.tif,3DIMG_07NOV2019_1400_L1C_SGP.tif,INSAT3D_TIR1_India,2019-11-07 14:00:00,Gujarat,Valsad,20.5992,72.9342,578.67,29.59,Moderate Rain
INSAT3D_TIR1_India/3DIMG_07NOV2019_1430_L1C_SGP.tif,3DIMG_07NOV2019_1430_L1C_SGP.tif,INSAT3D_TIR1_India,2019-11-07 14:30:00,Gujarat,Ahmedabad,23.0225,72.5714,632.67,20.46,Moderate Rain
INSAT3D_TIR1_India/3DIMG_07NOV2019_1430_L1C_SGP.tif,3DIMG_07NOV2019_1430_L1C_SGP.tif,INSAT3D_TIR1_India,2019-11-07 14:30:00,Gujarat,Amreli,21.6032,71.2221,606.0,23.83,Moderate Rain
INSAT3D_TIR1_India/3DIMG_07NOV2019_1430_L1C_SGP.tif,3DIMG_07NOV2019_1430_L1C_SGP.tif,INSAT3D_TIR1_India,2019-11-07 14:30:00,Gujarat,Anand,22.5645,72.9289,667.11,14.99,Moderate Rain
INSAT3D_TIR1_India/3DIMG_07NOV2019_1430_L1C_SGP.tif,3DIMG_07NOV2019_1430_L1C_SGP.tif,INSAT3D_TIR1_India,2019-11-07 14:30:00,Gujarat,Aravalli,23.4619,73.3039,566.67,26.93,Moderate Rain
INSAT3D_TIR1_India/3DIMG_07NOV2019_1430_L1C_SGP.tif,3DIMG_07NOV2019_1430_L1C_SGP.tif,INSAT3D_TIR1_India,2019-11-07 14:30:00,Gujarat,Banaskantha,24.1724,72.4346,564.89,29.82,Moderate Rain
INSAT3D_TIR1_India/3DIMG_07NOV2019_1430_L1C_SGP.tif,3DIMG_07NOV2019_1430_L1C_SGP.tif,INSAT3D_TIR1_India,2019-11-07 14:30:00,Gujarat,Bharuch,21.7051,72.9959,629.11,22.39,Moderate Rain
INSAT3D_TIR1_India/3DIMG_07NOV2019_1430_L1C_SGP.tif,3DIMG_07NOV2019_1430_L1C_SGP.tif,INSAT3D_TIR1_India,2019-11-07 14:30:00,Gujarat,Bhavnagar,21.7645,72.1519,614.56,21.88,Moderate Rain
INSAT3D_TIR1_India/3DIMG_07NOV2019_1430_L1C_SGP.tif,3DIMG_07NOV2019_1430_L1C_SGP.tif,INSAT3D_TIR1_India,2019-11-07 14:30:00,Gujarat,Botad,22.1704,71.6662,589.67,25.85,Moderate Rain
INSAT3D_TIR1_India/3DIMG_07NOV2019_1430_L1C_SGP.tif,3DIMG_07NOV2019_1430_L1C_SGP.tif,INSAT3D_TIR1_India,2019-11-07 14:30:00,Gujarat,Chhota Udepur,22.3108,74.0125,675.33,12.4,Moderate Rain
INSAT3D_TIR1_India/3DIMG_07NOV2019_1430_L1C_SGP.tif,3DIMG_07NOV2019_1430_L1C_SGP.tif,INSAT3D_TIR1_India,2019-11-07 14:30:00,Gujarat,Dahod,22.8347,74.2552,651.67,18.83,Moderate Rain
INSAT3D_TIR1_India/3DIMG_07NOV2019_1430_L1C_SGP.tif,3DIMG_07NOV2019_1430_L1C_SGP.tif,INSAT3D_TIR1_India,2019-11-07 14:30:00,Gujarat,Dang,20.7554,73.6873,601.33,22.68,Moderate Rain
INSAT3D_TIR1_India/3DIMG_07NOV2019_1430_L1C_SGP.tif,3DIMG_07NOV2019_1430_L1C_SGP.tif,INSAT3D_TIR1_India,2019-11-07 14:30:00,Gujarat,Devbhumi Dwarka,22.2078,69.6582,551.22,28.63,Moderate Rain
INSAT3D_TIR1_India/3DIMG_07NOV2019_1430_L1C_SGP.tif,3DIMG_07NOV2019_1430_L1C_SGP.tif,INSAT3D_TIR1_India,2019-11-07 14:30:00,Gujarat,Gandhinagar,23.2156,72.6369,558.67,30.93,Moderate Rain
INSAT3D_TIR1_India/3DIMG_07NOV2019_1430_L1C_SGP.tif,3DIMG_07NOV2019_1430_L1C_SGP.tif,INSAT3D_TIR1_India,2019-11-07 14:30:00,Gujarat,Gir Somnath,20.9042,70.3644,572.67,28.47,Moderate Rain
INSAT3D_TIR1_India/3DIMG_07NOV2019_1430_L1C_SGP.tif,3DIMG_07NOV2019_1430_L1C_SGP.tif,INSAT3D_TIR1_India,2019-11-07 14:30:00,Gujarat,Jamnagar,22.4707,70.0577,552.11,30.17,Moderate Rain
INSAT3D_TIR1_India/3DIMG_07NOV2019_1430_L1C_SGP.tif,3DIMG_07NOV2019_1430_L1C_SGP.tif,INSAT3D_TIR1_India,2019-11-07 14:30:00,Gujarat,Junagadh,21.5222,70.4579,553.78,33.37,Moderate Rain
INSAT3D_TIR1_India/3DIMG_07NOV2019_1430_L1C_SGP.tif,3DIMG_07NOV2019_1430_L1C_SGP.tif,INSAT3D_TIR1_India,2019-11-07 14:30:00,Gujarat,Kheda,22.6916,72.8634,664.89,16.29,Moderate Rain
INSAT3D_TIR1_India/3DIMG_07NOV2019_1430_L1C_SGP.tif,3DIMG_07NOV2019_1430_L1C_SGP.tif,INSAT3D_TIR1_India,2019-11-07 14:30:00,Gujarat,Kutch (Bhuj),23.242,69.6669,544.78,30.93,Moderate Rain
INSAT3D_TIR1_India/3DIMG_07NOV2019_1430_L1C_SGP.tif,3DIMG_07NOV2019_1430_L1C_SGP.tif,INSAT3D_TIR1_India,2019-11-07 14:30:00,Gujarat,Mahisagar,23.1311,73.6009,597.44,23.85,Moderate Rain
INSAT3D_TIR1_India/3DIMG_07NOV2019_1430_L1C_SGP.tif,3DIMG_07NOV2019_1430_L1C_SGP.tif,INSAT3D_TIR1_India,2019-11-07 14:30:00,Gujarat,Mehsana,23.588,72.3693,560.56,27.16,Moderate Rain
INSAT3D_TIR1_India/3DIMG_07NOV2019_1430_L1C_SGP.tif,3DIMG_07NOV2019_1430_L1C_SGP.tif,INSAT3D_TIR1_India,2019-11-07 14:30:00,Gujarat,Morbi,22.8173,70.8368,549.56,31.79,Moderate Rain
INSAT3D_TIR1_India/3DIMG_07NOV2019_1430_L1C_SGP.tif,3DIMG_07NOV2019_1430_L1C_SGP.tif,INSAT3D_TIR1_India,2019-11-07 14:30:00,Gujarat,Narmada,21.8719,73.5028,800.56,0.0,No Rain
INSAT3D_TIR1_India/3DIMG_07NOV2019_1430_L1C_SGP.tif,3DIMG_07NOV2019_1430_L1C_SGP.tif,INSAT3D_TIR1_India,2019-11-07 14:30:00,Gujarat,Navsari,20.9467,72.952,604.0,23.51,Moderate Rain
INSAT3D_TIR1_India/3DIMG_07NOV2019_1430_L1C_SGP.tif,3DIMG_07NOV2019_1430_L1C_SGP.tif,INSAT3D_TIR1_India,2019-11-07 14:30:00,Gujarat,Panchmahal,22.778,73.6143,686.89,10.72,Moderate Rain
INSAT3D_TIR1_India/3DIMG_07NOV2019_1430_L1C_SGP.tif,3DIMG_07NOV2019_1430_L1C_SGP.tif,INSAT3D_TIR1_India,2019-11-07 14:30:00,Gujarat,Patan,23.8493,72.1266,626.67,18.61,Moderate Rain
INSAT3D_TIR1_India/3DIMG_07NOV2019_1430_L1C_SGP.tif,3DIMG_07NOV2019_1430_L1C_SGP.tif,INSAT3D_TIR1_India,2019-11-07 14:30:00,Gujarat,Porbandar,21.6417,69.6293,537.44,33.6,Moderate Rain
INSAT3D_TIR1_India/3DIMG_07NOV2019_1430_L1C_SGP.tif,3DIMG_07NOV2019_1430_L1C_SGP.tif,INSAT3D_TIR1_India,2019-11-07 14:30:00,Gujarat,Rajkot,22.3039,70.8022,548.22,29.44,Moderate Rain
INSAT3D_TIR1_India/3DIMG_07NOV2019_1430_L1C_SGP.tif,3DIMG_07NOV2019_1430_L1C_SGP.tif,INSAT3D_TIR1_India,2019-11-07 14:30:00,Gujarat,Sabarkantha,23.5977,72.9688,566.33,28.94,Moderate Rain
INSAT3D_TIR1_India/3DIMG_07NOV2019_1430_L1C_SGP.tif,3DIMG_07NOV2019_1430_L1C_SGP.tif,INSAT3D_TIR1_India,2019-11-07 14:30:00,Gujarat,Surat,21.1702,72.8311,597.56,24.58,Moderate Rain
INSAT3D_TIR1_India/3DIMG_07NOV2019_1430_L1C_SGP.tif,3DIMG_07NOV2019_1430_L1C_SGP.tif,INSAT3D_TIR1_India,2019-11-07 14:30:00,Gujarat,Surendranagar,22.7274,71.637,550.22,33.74,Moderate Rain
INSAT3D_TIR1_India/3DIMG_07NOV2019_1430_L1C_SGP.tif,3DIMG_07NOV2019_1430_L1C_SGP.tif,INSAT3D_TIR1_India,2019-11-07 14:30:00,Gujarat,Tapi,21.1147,73.3986,581.67,24.07,Moderate Rain
INSAT3D_TIR1_India/3DIMG_07NOV2019_1430_L1C_SGP.tif,3DIMG_07NOV2019_1430_L1C_SGP.tif,INSAT3D_TIR1_India,2019-11-07 14:30:00,Gujarat,Vadodara,22.3072,73.1812,674.22,11.5,Moderate Rain
INSAT3D_TIR1_India/3DIMG_07NOV2019_1430_L1C_SGP.tif,3DIMG_07NOV2019_1430_L1C_SGP.tif,INSAT3D_TIR1_India,2019-11-07 14:30:00,Gujarat,Valsad,20.5992,72.9342,564.0,31.79,Moderate Rain
INSAT3D_TIR1_India/3DIMG_07NOV2019_1500_L1C_SGP.tif,3DIMG_07NOV2019_1500_L1C_SGP.tif,INSAT3D_TIR1_India,2019-11-07 15:00:00,Gujarat,Ahmedabad,23.0225,72.5714,608.22,24.13,Moderate Rain
INSAT3D_TIR1_India/3DIMG_07NOV2019_1500_L1C_SGP.tif,3DIMG_07NOV2019_1500_L1C_SGP.tif,INSAT3D_TIR1_India,2019-11-07 15:00:00,Gujarat,Amreli,21.6032,71.2221,600.67,24.63,Moderate Rain
INSAT3D_TIR1_India/3DIMG_07NOV2019_1500_L1C_SGP.tif,3DIMG_07NOV2019_1500_L1C_SGP.tif,INSAT3D_TIR1_India,2019-11-07 15:00:00,Gujarat,Anand,22.5645,72.9289,664.78,15.34,Moderate Rain
INSAT3D_TIR1_India/3DIMG_07NOV2019_1500_L1C_SGP.tif,3DIMG_07NOV2019_1500_L1C_SGP.tif,INSAT3D_TIR1_India,2019-11-07 15:00:00,Gujarat,Aravalli,23.4619,73.3039,568.11,26.72,Moderate Rain
INSAT3D_TIR1_India/3DIMG_07NOV2019_1500_L1C_SGP.tif,3DIMG_07NOV2019_1500_L1C_SGP.tif,INSAT3D_TIR1_India,2019-11-07 15:00:00,Gujarat,Banaskantha,24.1724,72.4346,563.33,30.05,Moderate Rain
INSAT3D_TIR1_India/3DIMG_07NOV2019_1500_L1C_SGP.tif,3DIMG_07NOV2019_1500_L1C_SGP.tif,INSAT3D_TIR1_India,2019-11-07 15:00:00,Gujarat,Bharuch,21.7051,72.9959,657.11,18.19,Moderate Rain
INSAT3D_TIR1_India/3DIMG_07NOV2019_1500_L1C_SGP.tif,3DIMG_07NOV2019_1500_L1C_SGP.tif,INSAT3D_TIR1_India,2019-11-07 15:00:00,Gujarat,Bhavnagar,21.7645,72.1519,620.89,20.93,Moderate Rain
INSAT3D_TIR1_India/3DIMG_07NOV2019_1500_L1C_SGP.tif,3DIMG_07NOV2019_1500_L1C_SGP.tif,INSAT3D_TIR1_India,2019-11-07 15:00:00,Gujarat,Botad,22.1704,71.6662,597.0,24.75,Moderate Rain
INSAT3D_TIR1_India/3DIMG_07NOV2019_1500_L1C_SGP.tif,3DIMG_07NOV2019_1500_L1C_SGP.tif,INSAT3D_TIR1_India,2019-11-07 15:00:00,Gujarat,Chhota Udepur,22.3108,74.0125,709.67,7.25,Light Rain
INSAT3D_TIR1_India/3DIMG_07NOV2019_1500_L1C_SGP.tif,3DIMG_07NOV2019_1500_L1C_SGP.tif,INSAT3D_TIR1_India,2019-11-07 15:00:00,Gujarat,Dahod,22.8347,74.2552,697.11,12.02,Moderate Rain
INSAT3D_TIR1_India/3DIMG_07NOV2019_1500_L1C_SGP.tif,3DIMG_07NOV2019_1500_L1C_SGP.tif,INSAT3D_TIR1_India,2019-11-07 15:00:00,Gujarat,Dang,20.7554,73.6873,579.67,25.93,Moderate Rain
INSAT3D_TIR1_India/3DIMG_07NOV2019_1500_L1C_SGP.tif,3DIMG_07NOV2019_1500_L1C_SGP.tif,INSAT3D_TIR1_India,2019-11-07 15:00:00,Gujarat,Devbhumi Dwarka,22.2078,69.6582,551.33,28.61,Moderate Rain
INSAT3D_TIR1_India/3DIMG_07NOV2019_1500_L1C_SGP.tif,3DIMG_07NOV2019_1500_L1C_SGP.tif,INSAT3D_TIR1_India,2019-11-07 15:00:00,Gujarat,Gandhinagar,23.2156,72.6369,564.11,30.11,Moderate Rain
INSAT3D_TIR1_India/3DIMG_07NOV2019_1500_L1C_SGP.tif,3DIMG_07NOV2019_1500_L1C_SGP.tif,INSAT3D_TIR1_India,2019-11-07 15:00:00,Gujarat,Gir Somnath,20.9042,70.3644,563.22,29.89,Moderate Rain
INSAT3D_TIR1_India/3DIMG_07NOV2019_1500_L1C_SGP.tif,3DIMG_07NOV2019_1500_L1C_SGP.tif,INSAT3D_TIR1_India,2019-11-07 15:00:00,Gujarat,Jamnagar,22.4707,70.0577,554.33,29.84,Moderate Rain
INSAT3D_TIR1_India/3DIMG_07NOV2019_1500_L1C_SGP.tif,3DIMG_07NOV2019_1500_L1C_SGP.tif,INSAT3D_TIR1_India,2019-11-07 15:00:00,Gujarat,Junagadh,21.5222,70.4579,555.67,33.09,Moderate Rain
INSAT3D_TIR1_India/3DIMG_07NOV2019_1500_L1C_SGP.tif,3DIMG_07NOV2019_1500_L1C_SGP.tif,INSAT3D_TIR1_India,2019-11-07 15:00:00,Gujarat,Kheda,22.6916,72.8634,657.33,17.42,Moderate Rain
INSAT3D_TIR1_India/3DIMG_07NOV2019_1500_L1C_SGP.tif,3DIMG_07NOV2019_1500_L1C_SGP.tif,INSAT3D_TIR1_India,2019-11-07 15:00:00,Gujarat,Kutch (Bhuj),23.242,69.6669,550.11,30.14,Moderate Rain
INSAT3D_TIR1_India/3DIMG_07NOV2019_1500_L1C_SGP.tif,3DIMG_07NOV2019_1500_L1C_SGP.tif,INSAT3D_TIR1_India,2019-11-07 15:00:00,Gujarat,Mahisagar,23.1311,73.6009,648.0,16.27,Moderate Rain
INSAT3D_TIR1_India/3DIMG_07NOV2019_1500_L1C_SGP.tif,3DIMG_07NOV2019_1500_L1C_SGP.tif,INSAT3D_TIR1_India,2019-11-07 15:00:00,Gujarat,Mehsana,23.588,72.3693,561.22,27.06,Moderate Rain
INSAT3D_TIR1_India/3DIMG_07NOV2019_1500_L1C_SGP.tif,3DIMG_07NOV2019_1500_L1C_SGP.tif,INSAT3D_TIR1_India,2019-11-07 15:00:00,Gujarat,Morbi,22.8173,70.8368,556.0,30.83,Moderate Rain
INSAT3D_TIR1_India/3DIMG_07NOV2019_1500_L1C_SGP.tif,3DIMG_07NOV2019_1500_L1C_SGP.tif,INSAT3D_TIR1_India,2019-11-07 15:00:00,Gujarat,Narmada,21.8719,73.5028,717.33,5.74,Light Rain
INSAT3D_TIR1_India/3DIMG_07NOV2019_1500_L1C_SGP.tif,3DIMG_07NOV2019_1500_L1C_SGP.tif,INSAT3D_TIR1_India,2019-11-07 15:00:00,Gujarat,Navsari,20.9467,72.952,602.22,23.77,Moderate Rain
INSAT3D_TIR1_India/3DIMG_07NOV2019_1500_L1C_SGP.tif,3DIMG_07NOV2019_1500_L1C_SGP.tif,INSAT3D_TIR1_India,2019-11-07 15:00:00,Gujarat,Panchmahal,22.778,73.6143,693.22,9.77,Moderate Rain
INSAT3D_TIR1_India/3DIMG_07NOV2019_1500_L1C_SGP.tif,3DIMG_07NOV2019_1500_L1C_SGP.tif,INSAT3D_TIR1_India,2019-11-07 15:00:00,Gujarat,Patan,23.8493,72.1266,625.89,18.72,Moderate Rain
INSAT3D_TIR1_India/3DIMG_07NOV2019_1500_L1C_SGP.tif,3DIMG_07NOV2019_1500_L1C_SGP.tif,INSAT3D_TIR1_India,2019-11-07 15:00:00,Gujarat,Porbandar,21.6417,69.6293,535.33,33.91,Moderate Rain
INSAT3D_TIR1_India/3DIMG_07NOV2019_1500_L1C_SGP.tif,3DIMG_07NOV2019_1500_L1C_SGP.tif,INSAT3D_TIR1_India,2019-11-07 15:00:00,Gujarat,Rajkot,22.3039,70.8022,548.89,29.34,Moderate Rain
INSAT3D_TIR1_India/3DIMG_07NOV2019_1500_L1C_SGP.tif,3DIMG_07NOV2019_1500_L1C_SGP.tif,INSAT3D_TIR1_India,2019-11-07 15:00:00,Gujarat,Sabarkantha,23.5977,72.9688,564.11,29.28,Moderate Rain
INSAT3D_TIR1_India/3DIMG_07NOV2019_1500_L1C_SGP.tif,3DIMG_07NOV2019_1500_L1C_SGP.tif,INSAT3D_TIR1_India,2019-11-07 15:00:00,Gujarat,Surat,21.1702,72.8311,588.67,25.91,Moderate Rain
INSAT3D_TIR1_India/3DIMG_07NOV2019_1500_L1C_SGP.tif,3DIMG_07NOV2019_1500_L1C_SGP.tif,INSAT3D_TIR1_India,2019-11-07 15:00:00,Gujarat,Surendranagar,22.7274,71.637,554.22,33.14,Moderate Rain
INSAT3D_TIR1_India/3DIMG_07NOV2019_1500_L1C_SGP.tif,3DIMG_07NOV2019_1500_L1C_SGP.tif,INSAT3D_TIR1_India,2019-11-07 15:00:00,Gujarat,Tapi,21.1147,73.3986,559.56,27.39,Moderate Rain
INSAT3D_TIR1_India/3DIMG_07NOV2019_1500_L1C_SGP.tif,3DIMG_07NOV2019_1500_L1C_SGP.tif,INSAT3D_TIR1_India,2019-11-07 15:00:00,Gujarat,Vadodara,22.3072,73.1812,672.89,11.7,Moderate Rain
INSAT3D_TIR1_India/3DIMG_07NOV2019_1500_L1C_SGP.tif,3DIMG_07NOV2019_1500_L1C_SGP.tif,INSAT3D_TIR1_India,2019-11-07 15:00:00,Gujarat,Valsad,20.5992,72.9342,554.11,33.28,Moderate Rain
INSAT3D_TIR1_India/3DIMG_07NOV2019_1530_L1C_SGP.tif,3DIMG_07NOV2019_1530_L1C_SGP.tif,INSAT3D_TIR1_India,2019-11-07 15:30:00,Gujarat,Ahmedabad,23.0225,72.5714,617.67,22.71,Moderate Rain
INSAT3D_TIR1_India/3DIMG_07NOV2019_1530_L1C_SGP.tif,3DIMG_07NOV2019_1530_L1C_SGP.tif,INSAT3D_TIR1_India,2019-11-07 15:30:00,Gujarat,Amreli,21.6032,71.2221,620.11,21.72,Moderate Rain
INSAT3D_TIR1_India/3DIMG_07NOV2019_1530_L1C_SGP.tif,3DIMG_07NOV2019_1530_L1C_SGP.tif,INSAT3D_TIR1_India,2019-11-07 15:30:00,Gujarat,Anand,22.5645,72.9289,656.44,16.59,Moderate Rain
INSAT3D_TIR1_India/3DIMG_07NOV2019_1530_L1C_SGP.tif,3DIMG_07NOV2019_1530_L1C_SGP.tif,INSAT3D_TIR1_India,2019-11-07 15:30:00,Gujarat,Aravalli,23.4619,73.3039,570.22,26.4,Moderate Rain
INSAT3D_TIR1_India/3DIMG_07NOV2019_1530_L1C_SGP.tif,3DIMG_07NOV2019_1530_L1C_SGP.tif,INSAT3D_TIR1_India,2019-11-07 15:30:00,Gujarat,Banaskantha,24.1724,72.4346,570.0,29.05,Moderate Rain
INSAT3D_TIR1_India/3DIMG_07NOV2019_1530_L1C_SGP.tif,3DIMG_07NOV2019_1530_L1C_SGP.tif,INSAT3D_TIR1_India,2019-11-07 15:30:00,Gujarat,Bharuch,21.7051,72.9959,773.0,2.76,Light Rain
INSAT3D_TIR1_India/3DIMG_07NOV2019_1530_L1C_SGP.tif,3DIMG_07NOV2019_1530_L1C_SGP.tif,INSAT3D_TIR1_India,2019-11-07 15:30:00,Gujarat,Bhavnagar,21.7645,72.1519,652.89,16.13,Moderate Rain
INSAT3D_TIR1_India/3DIMG_07NOV2019_1530_L1C_SGP.tif,3DIMG_07NOV2019_1530_L1C_SGP.tif,INSAT3D_TIR1_India,2019-11-07 15:30:00,Gujarat,Botad,22.1704,71.6662,608.0,23.1,Moderate Rain
INSAT3D_TIR1_India/3DIMG_07NOV2019_1530_L1C_SGP.tif,3DIMG_07NOV2019_1530_L1C_SGP.tif,INSAT3D_TIR1_India,2019-11-07 15:30:00,Gujarat,Chhota Udepur,22.3108,74.0125,666.22,13.77,Moderate Rain
INSAT3D_TIR1_India/3DIMG_07NOV2019_1530_L1C_SGP.tif,3DIMG_07NOV2019_1530_L1C_SGP.tif,INSAT3D_TIR1_India,2019-11-07 15:30:00,Gujarat,Dahod,22.8347,74.2552,702.33,11.23,Moderate Rain
INSAT3D_TIR1_India/3DIMG_07NOV2019_1530_L1C_SGP.tif,3DIMG_07NOV2019_1530_L1C_SGP.tif,INSAT3D_TIR1_India,2019-11-07 15:30:00,Gujarat,Dang,20.7554,73.6873,572.0,27.08,Moderate Rain
INSAT3D_TIR1_India/3DIMG_07NOV2019_1530_L1C_SGP.tif,3DIMG_07NOV2019_1530_L1C_SGP.tif,INSAT3D_TIR1_India,2019-11-07 15:30:00,Gujarat,Devbhumi Dwarka,22.2078,69.6582,553.89,28.23,Moderate Rain
INSAT3D_TIR1_India/3DIMG_07NOV2019_1530_L1C_SGP.tif,3DIMG_07NOV2019_1530_L1C_SGP.tif,INSAT3D_TIR1_India,2019-11-07 15:30:00,Gujarat,Gandhinagar,23.2156,72.6369,582.78,27.31,Moderate Rain
INSAT3D_TIR1_India/3DIMG_07NOV2019_1530_L1C_SGP.tif,3DIMG_07NOV2019_1530_L1C_SGP.tif,INSAT3D_TIR1_India,2019-11-07 15:30:00,Gujarat,Gir Somnath,20.9042,70.3644,590.56,25.79,Moderate Rain
INSAT3D_TIR1_India/3DIMG_07NOV2019_1530_L1C_SGP.tif,3DIMG_07NOV2019_1530_L1C_SGP.tif,INSAT3D_TIR1_India,2019-11-07 15:30:00,Gujarat,Jamnagar,22.4707,70.0577,557.11,29.42,Moderate Rain
INSAT3D_TIR1_India/3DIMG_07NOV2019_1530_L1C_SGP.tif,3DIMG_07NOV2019_1530_L1C_SGP.tif,INSAT3D_TIR1_India,2019-11-07 15:30:00,Gujarat,Junagadh,21.5222,70.4579,557.0,32.89,Moderate Rain
INSAT3D_TIR1_India/3DIMG_07NOV2019_1530_L1C_SGP.tif,3DIMG_07NOV2019_1530_L1C_SGP.tif,INSAT3D_TIR1_India,2019-11-07 15:30:00,Gujarat,Kheda,22.6916,72.8634,650.22,18.49,Moderate Rain
INSAT3D_TIR1_India/3DIMG_07NOV2019_1530_L1C_SGP.tif,3DIMG_07NOV2019_1530_L1C_SGP.tif,INSAT3D_TIR1_India,2019-11-07 15:30:00,Gujarat,Kutch (Bhuj),23.242,69.6669,552.33,29.8,Moderate Rain
INSAT3D_TIR1_India/3DIMG_07NOV2019_1530_L1C_SGP.tif,3DIMG_07NOV2019_1530_L1C_SGP.tif,INSAT3D_TIR1_India,2019-11-07 15:30:00,Gujarat,Mahisagar,23.1311,73.6009,687.78,10.3,Moderate Rain
INSAT3D_TIR1_India/3DIMG_07NOV2019_1530_L1C_SGP.tif,3DIMG_07NOV2019_1530_L1C_SGP.tif,INSAT3D_TIR1_India,2019-11-07 15:30:00,Gujarat,Mehsana,23.588,72.3693,566.11,26.33,Moderate Rain
INSAT3D_TIR1_India/3DIMG_07NOV2019_1530_L1C_SGP.tif,3DIMG_07NOV2019_1530_L1C_SGP.tif,INSAT3D_TIR1_India,2019-11-07 15:30:00,Gujarat,Morbi,22.8173,70.8368,553.56,31.19,Moderate Rain
INSAT3D_TIR1_India/3DIMG_07NOV2019_1530_L1C_SGP.tif,3DIMG_07NOV2019_1530_L1C_SGP.tif,INSAT3D_TIR1_India,2019-11-07 15:30:00,Gujarat,Narmada,21.8719,73.5028,596.33,23.89,Moderate Rain
INSAT3D_TIR1_India/3DIMG_07NOV2019_1530_L1C_SGP.tif,3DIMG_07NOV2019_1530_L1C_SGP.tif,INSAT3D_TIR1_India,2019-11-07 15:30:00,Gujarat,Navsari,20.9467,72.952,594.89,24.87,Moderate Rain
INSAT3D_TIR1_India/3DIMG_07NOV2019_1530_L1C_SGP.tif,3DIMG_07NOV2019_1530_L1C_SGP.tif,INSAT3D_TIR1_India,2019-11-07 15:30:00,Gujarat,Panchmahal,22.778,73.6143,685.33,10.96,Moderate Rain
INSAT3D_TIR1_India/3DIMG_07NOV2019_1530_L1C_SGP.tif,3DIMG_07NOV2019_1530_L1C_SGP.tif,INSAT3D_TIR1_India,2019-11-07 15:30:00,Gujarat,Patan,23.8493,72.1266,633.33,17.61,Moderate Rain
INSAT3D_TIR1_India/3DIMG_07NOV2019_1530_L1C_SGP.tif,3DIMG_07NOV2019_1530_L1C_SGP.tif,INSAT3D_TIR1_India,2019-11-07 15:30:00,Gujarat,Porbandar,21.6417,69.6293,537.0,33.66,Moderate Rain
INSAT3D_TIR1_India/3DIMG_07NOV2019_1530_L1C_SGP.tif,3DIMG_07NOV2019_1530_L1C_SGP.tif,INSAT3D_TIR1_India,2019-11-07 15:30:00,Gujarat,Rajkot,22.3039,70.8022,552.89,28.74,Moderate Rain
INSAT3D_TIR1_India/3DIMG_07NOV2019_1530_L1C_SGP.tif,3DIMG_07NOV2019_1530_L1C_SGP.tif,INSAT3D_TIR1_India,2019-11-07 15:30:00,Gujarat,Sabarkantha,23.5977,72.9688,568.11,28.68,Moderate Rain
INSAT3D_TIR1_India/3DIMG_07NOV2019_1530_L1C_SGP.tif,3DIMG_07NOV2019_1530_L1C_SGP.tif,INSAT3D_TIR1_India,2019-11-07 15:30:00,Gujarat,Surat,21.1702,72.8311,580.89,27.08,Moderate Rain
INSAT3D_TIR1_India/3DIMG_07NOV2019_1530_L1C_SGP.tif,3DIMG_07NOV2019_1530_L1C_SGP.tif,INSAT3D_TIR1_India,2019-11-07 15:30:00,Gujarat,Surendranagar,22.7274,71.637,553.44,33.25,Moderate Rain
INSAT3D_TIR1_India/3DIMG_07NOV2019_1530_L1C_SGP.tif,3DIMG_07NOV2019_1530_L1C_SGP.tif,INSAT3D_TIR1_India,2019-11-07 15:30:00,Gujarat,Tapi,21.1147,73.3986,558.22,27.59,Moderate Rain
INSAT3D_TIR1_India/3DIMG_07NOV2019_1530_L1C_SGP.tif,3DIMG_07NOV2019_1530_L1C_SGP.tif,INSAT3D_TIR1_India,2019-11-07 15:30:00,Gujarat,Vadodara,22.3072,73.1812,665.78,12.77,Moderate Rain
INSAT3D_TIR1_India/3DIMG_07NOV2019_1530_L1C_SGP.tif,3DIMG_07NOV2019_1530_L1C_SGP.tif,INSAT3D_TIR1_India,2019-11-07 15:30:00,Gujarat,Valsad,20.5992,72.9342,558.11,32.68,Moderate Rain
INSAT3D_TIR1_India/3DIMG_07NOV2019_1600_L1C_SGP.tif,3DIMG_07NOV2019_1600_L1C_SGP.tif,INSAT3D_TIR1_India,2019-11-07 16:00:00,Gujarat,Ahmedabad,23.0225,72.5714,648.56,18.08,Moderate Rain
INSAT3D_TIR1_India/3DIMG_07NOV2019_1600_L1C_SGP.tif,3DIMG_07NOV2019_1600_L1C_SGP.tif,INSAT3D_TIR1_India,2019-11-07 16:00:00,Gujarat,Amreli,21.6032,71.2221,616.22,22.3,Moderate Rain
INSAT3D_TIR1_India/3DIMG_07NOV2019_1600_L1C_SGP.tif,3DIMG_07NOV2019_1600_L1C_SGP.tif,INSAT3D_TIR1_India,2019-11-07 16:00:00,Gujarat,Anand,22.5645,72.9289,736.89,4.52,Light Rain
INSAT3D_TIR1_India/3DIMG_07NOV2019_1600_L1C_SGP.tif,3DIMG_07NOV2019_1600_L1C_SGP.tif,INSAT3D_TIR1_India,2019-11-07 16:00:00,Gujarat,Aravalli,23.4619,73.3039,609.44,20.52,Moderate Rain
INSAT3D_TIR1_India/3DIMG_07NOV2019_1600_L1C_SGP.tif,3DIMG_07NOV2019_1600_L1C_SGP.tif,INSAT3D_TIR1_India,2019-11-07 16:00:00,Gujarat,Banaskantha,24.1724,72.4346,607.89,23.37,Moderate Rain
INSAT3D_TIR1_India/3DIMG_07NOV2019_1600_L1C_SGP.tif,3DIMG_07NOV2019_1600_L1C_SGP.tif,INSAT3D_TIR1_India,2019-11-07 16:00:00,Gujarat,Bharuch,21.7051,72.9959,782.22,2.76,Light Rain
INSAT3D_TIR1_India/3DIMG_07NOV2019_1600_L1C_SGP.tif,3DIMG_07NOV2019_1600_L1C_SGP.tif,INSAT3D_TIR1_India,2019-11-07 16:00:00,Gujarat,Bhavnagar,21.7645,72.1519,668.11,13.84,Moderate Rain
INSAT3D_TIR1_India/3DIMG_07NOV2019_1600_L1C_SGP.tif,3DIMG_07NOV2019_1600_L1C_SGP.tif,INSAT3D_TIR1_India,2019-11-07 16:00:00,Gujarat,Botad,22.1704,71.6662,609.44,22.89,Moderate Rain
INSAT3D_TIR1_India/3DIMG_07NOV2019_1600_L1C_SGP.tif,3DIMG_07NOV2019_1600_L1C_SGP.tif,INSAT3D_TIR1_India,2019-11-07 16:00:00,Gujarat,Chhota Udepur,22.3108,74.0125,631.56,18.97,Moderate Rain
INSAT3D_TIR1_India/3DIMG_07NOV2019_1600_L1C_SGP.tif,3DIMG_07NOV2019_1600_L1C_SGP.tif,INSAT3D_TIR1_India,2019-11-07 16:00:00,Gujarat,Dahod,22.8347,74.2552,699.0,11.73,Moderate Rain
INSAT3D_TIR1_India/3DIMG_07NOV2019_1600_L1C_SGP.tif,3DIMG_07NOV2019_1600_L1C_SGP.tif,INSAT3D_TIR1_India,2019-11-07 16:00:00,Gujarat,Dang,20.7554,73.6873,577.11,26.31,Moderate Rain
INSAT3D_TIR1_India/3DIMG_07NOV2019_1600_L1C_SGP.tif,3DIMG_07NOV2019_1600_L1C_SGP.tif,INSAT3D_TIR1_India,2019-11-07 16:00:00,Gujarat,Devbhumi Dwarka,22.2078,69.6582,557.89,27.63,Moderate Rain
INSAT3D_TIR1_India/3DIMG_07NOV2019_1600_L1C_SGP.tif,3DIMG_07NOV2019_1600_L1C_SGP.tif,INSAT3D_TIR1_India,2019-11-07 16:00:00,Gujarat,Gandhinagar,23.2156,72.6369,606.33,23.78,Moderate Rain
INSAT3D_TIR1_India/3DIMG_07NOV2019_1600_L1C_SGP.tif,3DIMG_07NOV2019_1600_L1C_SGP.tif,INSAT3D_TIR1_India,2019-11-07 16:00:00,Gujarat,Gir Somnath,20.9042,70.3644,578.89,27.54,Moderate Rain
INSAT3D_TIR1_India/3DIMG_07NOV2019_1600_L1C_SGP.tif,3DIMG_07NOV2019_1600_L1C_SGP.tif,INSAT3D_TIR1_India,2019-11-07 16:00:00,Gujarat,Jamnagar,22.4707,70.0577,567.0,27.94,Moderate Rain
INSAT3D_TIR1_India/3DIMG_07NOV2019_1600_L1C_SGP.tif,3DIMG_07NOV2019_1600_L1C_SGP.tif,INSAT3D_TIR1_India,2019-11-07 16:00:00,Gujarat,Junagadh,21.5222,70.4579,559.11,32.57,Moderate Rain
INSAT3D_TIR1_India/3DIMG_07NOV2019_1600_L1C_SGP.tif,3DIMG_07NOV2019_1600_L1C_SGP.tif,INSAT3D_TIR1_India,2019-11-07 16:00:00,Gujarat,Kheda,22.6916,72.8634,671.44,15.3,Moderate Rain
INSAT3D_TIR1_India/3DIMG_07NOV2019_1600_L1C_SGP.tif,3DIMG_07NOV2019_1600_L1C_SGP.tif,INSAT3D_TIR1_India,2019-11-07 16:00:00,Gujarat,Kutch (Bhuj),23.242,69.6669,556.0,29.25,Moderate Rain
INSAT3D_TIR1_India/3DIMG_07NOV2019_1600_L1C_SGP.tif,3DIMG_07NOV2019_1600_L1C_SGP.tif,INSAT3D_TIR1_India,2019-11-07 16:00:00,Gujarat,Mahisagar,23.1311,73.6009,684.56,10.78,Moderate Rain
INSAT3D_TIR1_India/3DIMG_07NOV2019_1600_L1C_SGP.tif,3DIMG_07NOV2019_1600_L1C_SGP.tif,INSAT3D_TIR1_India,2019-11-07 16:00:00,Gujarat,Mehsana,23.588,72.3693,567.33,26.14,Moderate Rain
INSAT3D_TIR1_India/3DIMG_07NOV2019_1600_L1C_SGP.tif,3DIMG_07NOV2019_1600_L1C_SGP.tif,INSAT3D_TIR1_India,2019-11-07 16:00:00,Gujarat,Morbi,22.8173,70.8368,576.44,27.76,Moderate Rain
INSAT3D_TIR1_India/3DIMG_07NOV2019_1600_L1C_SGP.tif,3DIMG_07NOV2019_1600_L1C_SGP.tif,INSAT3D_TIR1_India,2019-11-07 16:00:00,Gujarat,Narmada,21.8719,73.5028,625.44,19.53,Moderate Rain
INSAT3D_TIR1_India/3DIMG_07NOV2019_1600_L1C_SGP.tif,3DIMG_07NOV2019_1600_L1C_SGP.tif,INSAT3D_TIR1_India,2019-11-07 16:00:00,Gujarat,Navsari,20.9467,72.952,587.22,26.02,Moderate Rain
INSAT3D_TIR1_India/3DIMG_07NOV2019_1600_L1C_SGP.tif,3DIMG_07NOV2019_1600_L1C_SGP.tif,INSAT3D_TIR1_India,2019-11-07 16:00:00,Gujarat,Panchmahal,22.778,73.6143,672.33,12.91,Moderate Rain
INSAT3D_TIR1_India/3DIMG_07NOV2019_1600_L1C_SGP.tif,3DIMG_07NOV2019_1600_L1C_SGP.tif,INSAT3D_TIR1_India,2019-11-07 16:00:00,Gujarat,Patan,23.8493,72.1266,633.11,17.64,Moderate Rain
INSAT3D_TIR1_India/3DIMG_07NOV2019_1600_L1C_SGP.tif,3DIMG_07NOV2019_1600_L1C_SGP.tif,INSAT3D_TIR1_India,2019-11-07 16:00:00,Gujarat,Porbandar,21.6417,69.6293,537.44,33.6,Moderate Rain
INSAT3D_TIR1_India/3DIMG_07NOV2019_1600_L1C_SGP.tif,3DIMG_07NOV2019_1600_L1C_SGP.tif,INSAT3D_TIR1_India,2019-11-07 16:00:00,Gujarat,Rajkot,22.3039,70.8022,554.56,28.49,Moderate Rain
INSAT3D_TIR1_India/3DIMG_07NOV2019_1600_L1C_SGP.tif,3DIMG_07NOV2019_1600_L1C_SGP.tif,INSAT3D_TIR1_India,2019-11-07 16:00:00,Gujarat,Sabarkantha,23.5977,72.9688,572.0,28.09,Moderate Rain
INSAT3D_TIR1_India/3DIMG_07NOV2019_1600_L1C_SGP.tif,3DIMG_07NOV2019_1600_L1C_SGP.tif,INSAT3D_TIR1_India,2019-11-07 16:00:00,Gujarat,Surat,21.1702,72.8311,589.33,25.81,Moderate Rain
INSAT3D_TIR1_India/3DIMG_07NOV2019_1600_L1C_SGP.tif,3DIMG_07NOV2019_1600_L1C_SGP.tif,INSAT3D_TIR1_India,2019-11-07 16:00:00,Gujarat,Surendranagar,22.7274,71.637,555.44,32.95,Moderate Rain
INSAT3D_TIR1_India/3DIMG_07NOV2019_1600_L1C_SGP.tif,3DIMG_07NOV2019_1600_L1C_SGP.tif,INSAT3D_TIR1_India,2019-11-07 16:00:00,Gujarat,Tapi,21.1147,73.3986,563.89,26.74,Moderate Rain
INSAT3D_TIR1_India/3DIMG_07NOV2019_1600_L1C_SGP.tif,3DIMG_07NOV2019_1600_L1C_SGP.tif,INSAT3D_TIR1_India,2019-11-07 16:00:00,Gujarat,Vadodara,22.3072,73.1812,796.89,0.0,No Rain
INSAT3D_TIR1_India/3DIMG_07NOV2019_1600_L1C_SGP.tif,3DIMG_07NOV2019_1600_L1C_SGP.tif,INSAT3D_TIR1_India,2019-11-07 16:00:00,Gujarat,Valsad,20.5992,72.9342,574.11,30.28,Moderate Rain
INSAT3D_TIR1_India/3DIMG_07NOV2019_1630_L1C_SGP.tif,3DIMG_07NOV2019_1630_L1C_SGP.tif,INSAT3D_TIR1_India,2019-11-07 16:30:00,Gujarat,Ahmedabad,23.0225,72.5714,660.89,16.23,Moderate Rain
INSAT3D_TIR1_India/3DIMG_07NOV2019_1630_L1C_SGP.tif,3DIMG_07NOV2019_1630_L1C_SGP.tif,INSAT3D_TIR1_India,2019-11-07 16:30:00,Gujarat,Amreli,21.6032,71.2221,616.11,22.32,Moderate Rain
INSAT3D_TIR1_India/3DIMG_07NOV2019_1630_L1C_SGP.tif,3DIMG_07NOV2019_1630_L1C_SGP.tif,INSAT3D_TIR1_India,2019-11-07 16:30:00,Gujarat,Anand,22.5645,72.9289,689.0,11.71,Moderate Rain
INSAT3D_TIR1_India/3DIMG_07NOV2019_1630_L1C_SGP.tif,3DIMG_07NOV2019_1630_L1C_SGP.tif,INSAT3D_TIR1_India,2019-11-07 16:30:00,Gujarat,Aravalli,23.4619,73.3039,649.89,14.45,Moderate Rain
INSAT3D_TIR1_India/3DIMG_07NOV2019_1630_L1C_SGP.tif,3DIMG_07NOV2019_1630_L1C_SGP.tif,INSAT3D_TIR1_India,2019-11-07 16:30:00,Gujarat,Banaskantha,24.1724,72.4346,639.56,18.62,Moderate Rain
INSAT3D_TIR1_India/3DIMG_07NOV2019_1630_L1C_SGP.tif,3DIMG_07NOV2019_1630_L1C_SGP.tif,INSAT3D_TIR1_India,2019-11-07 16:30:00,Gujarat,Bharuch,21.7051,72.9959,721.56,8.53,Moderate Rain
INSAT3D_TIR1_India/3DIMG_07NOV2019_1630_L1C_SGP.tif,3DIMG_07NOV2019_1630_L1C_SGP.tif,INSAT3D_TIR1_India,2019-11-07 16:30:00,Gujarat,Bhavnagar,21.7645,72.1519,671.67,13.31,Moderate Rain
INSAT3D_TIR1_India/3DIMG_07NOV2019_1630_L1C_SGP.tif,3DIMG_07NOV2019_1630_L1C_SGP.tif,INSAT3D_TIR1_India,2019-11-07 16:30:00,Gujarat,Botad,22.1704,71.6662,613.67,22.25,Moderate Rain
INSAT3D_TIR1_India/3DIMG_07NOV2019_1630_L1C_SGP.tif,3DIMG_07NOV2019_1630_L1C_SGP.tif,INSAT3D_TIR1_India,2019-11-07 16:30:00,Gujarat,Chhota Udepur,22.3108,74.0125,686.78,10.68,Moderate Rain
INSAT3D_TIR1_India/3DIMG_07NOV2019_1630_L1C_SGP.tif,3DIMG_07NOV2019_1630_L1C_SGP.tif,INSAT3D_TIR1_India,2019-11-07 16:30:00,Gujarat,Dahod,22.8347,74.2552,697.11,12.02,Moderate Rain
INSAT3D_TIR1_India/3DIMG_07NOV2019_1630_L1C_SGP.tif,3DIMG_07NOV2019_1630_L1C_SGP.tif,INSAT3D_TIR1_India,2019-11-07 16:30:00,Gujarat,Dang,20.7554,73.6873,575.0,26.63,Moderate Rain
INSAT3D_TIR1_India/3DIMG_07NOV2019_1630_L1C_SGP.tif,3DIMG_07NOV2019_1630_L1C_SGP.tif,INSAT3D_TIR1_India,2019-11-07 16:30:00,Gujarat,Devbhumi Dwarka,22.2078,69.6582,561.0,27.16,Moderate Rain
INSAT3D_TIR1_India/3DIMG_07NOV2019_1630_L1C_SGP.tif,3DIMG_07NOV2019_1630_L1C_SGP.tif,INSAT3D_TIR1_India,2019-11-07 16:30:00,Gujarat,Gandhinagar,23.2156,72.6369,618.11,22.01,Moderate Rain
INSAT3D_TIR1_India/3DIMG_07NOV2019_1630_L1C_SGP.tif,3DIMG_07NOV2019_1630_L1C_SGP.tif,INSAT3D_TIR1_India,2019-11-07 16:30:00,Gujarat,Gir Somnath,20.9042,70.3644,579.89,27.39,Moderate Rain
INSAT3D_TIR1_India/3DIMG_07NOV2019_1630_L1C_SGP.tif,3DIMG_07NOV2019_1630_L1C_SGP.tif,INSAT3D_TIR1_India,2019-11-07 16:30:00,Gujarat,Jamnagar,22.4707,70.0577,570.11,27.47,Moderate Rain
INSAT3D_TIR1_India/3DIMG_07NOV2019_1630_L1C_SGP.tif,3DIMG_07NOV2019_1630_L1C_SGP.tif,INSAT3D_TIR1_India,2019-11-07 16:30:00,Gujarat,Junagadh,21.5222,70.4579,559.0,32.59,Moderate Rain
INSAT3D_TIR1_India/3DIMG_07NOV2019_1630_L1C_SGP.tif,3DIMG_07NOV2019_1630_L1C_SGP.tif,INSAT3D_TIR1_India,2019-11-07 16:30:00,Gujarat,Kheda,22.6916,72.8634,656.89,17.49,Moderate Rain
INSAT3D_TIR1_India/3DIMG_07NOV2019_1630_L1C_SGP.tif,3DIMG_07NOV2019_1630_L1C_SGP.tif,INSAT3D_TIR1_India,2019-11-07 16:30:00,Gujarat,Kutch (Bhuj),23.242,69.6669,562.56,28.27,Moderate Rain
INSAT3D_TIR1_India/3DIMG_07NOV2019_1630_L1C_SGP.tif,3DIMG_07NOV2019_1630_L1C_SGP.tif,INSAT3D_TIR1_India,2019-11-07 16:30:00,Gujarat,Mahisagar,23.1311,73.6009,684.89,10.73,Moderate Rain
INSAT3D_TIR1_India/3DIMG_07NOV2019_1630_L1C_SGP.tif,3DIMG_07NOV2019_1630_L1C_SGP.tif,INSAT3D_TIR1_India,2019-11-07 16:30:00,Gujarat,Mehsana,23.588,72.3693,573.44,25.23,Moderate Rain
INSAT3D_TIR1_India/3DIMG_07NOV2019_1630_L1C_SGP.tif,3DIMG_07NOV2019_1630_L1C_SGP.tif,INSAT3D_TIR1_India,2019-11-07 16:30:00,Gujarat,Morbi,22.8173,70.8368,590.89,25.59,Moderate Rain
INSAT3D_TIR1_India/3DIMG_07NOV2019_1630_L1C_SGP.tif,3DIMG_07NOV2019_1630_L1C_SGP.tif,INSAT3D_TIR1_India,2019-11-07 16:30:00,Gujarat,Narmada,21.8719,73.5028,659.44,14.43,Moderate Rain
INSAT3D_TIR1_India/3DIMG_07NOV2019_1630_L1C_SGP.tif,3DIMG_07NOV2019_1630_L1C_SGP.tif,INSAT3D_TIR1_India,2019-11-07 16:30:00,Gujarat,Navsari,20.9467,72.952,587.89,25.92,Moderate Rain
INSAT3D_TIR1_India/3DIMG_07NOV2019_1630_L1C_SGP.tif,3DIMG_07NOV2019_1630_L1C_SGP.tif,INSAT3D_TIR1_India,2019-11-07 16:30:00,Gujarat,Panchmahal,22.778,73.6143,705.89,7.87,Moderate Rain
INSAT3D_TIR1_India/3DIMG_07NOV2019_1630_L1C_SGP.tif,3DIMG_07NOV2019_1630_L1C_SGP.tif,INSAT3D_TIR1_India,2019-11-07 16:30:00,Gujarat,Patan,23.8493,72.1266,616.22,20.17,Moderate Rain
INSAT3D_TIR1_India/3DIMG_07NOV2019_1630_L1C_SGP.tif,3DIMG_07NOV2019_1630_L1C_SGP.tif,INSAT3D_TIR1_India,2019-11-07 16:30:00,Gujarat,Porbandar,21.6417,69.6293,543.0,32.76,Moderate Rain
INSAT3D_TIR1_India/3DIMG_07NOV2019_1630_L1C_SGP.tif,3DIMG_07NOV2019_1630_L1C_SGP.tif,INSAT3D_TIR1_India,2019-11-07 16:30:00,Gujarat,Rajkot,22.3039,70.8022,560.56,27.59,Moderate Rain
INSAT3D_TIR1_India/3DIMG_07NOV2019_1630_L1C_SGP.tif,3DIMG_07NOV2019_1630_L1C_SGP.tif,INSAT3D_TIR1_India,2019-11-07 16:30:00,Gujarat,Sabarkantha,23.5977,72.9688,575.78,27.53,Moderate Rain
INSAT3D_TIR1_India/3DIMG_07NOV2019_1630_L1C_SGP.tif,3DIMG_07NOV2019_1630_L1C_SGP.tif,INSAT3D_TIR1_India,2019-11-07 16:30:00,Gujarat,Surat,21.1702,72.8311,577.67,27.56,Moderate Rain
INSAT3D_TIR1_India/3DIMG_07NOV2019_1630_L1C_SGP.tif,3DIMG_07NOV2019_1630_L1C_SGP.tif,INSAT3D_TIR1_India,2019-11-07 16:30:00,Gujarat,Surendranagar,22.7274,71.637,562.11,31.95,Moderate Rain
INSAT3D_TIR1_India/3DIMG_07NOV2019_1630_L1C_SGP.tif,3DIMG_07NOV2019_1630_L1C_SGP.tif,INSAT3D_TIR1_India,2019-11-07 16:30:00,Gujarat,Tapi,21.1147,73.3986,595.33,22.02,Moderate Rain
INSAT3D_TIR1_India/3DIMG_07NOV2019_1630_L1C_SGP.tif,3DIMG_07NOV2019_1630_L1C_SGP.tif,INSAT3D_TIR1_India,2019-11-07 16:30:00,Gujarat,Vadodara,22.3072,73.1812,679.22,10.75,Moderate Rain
INSAT3D_TIR1_India/3DIMG_07NOV2019_1630_L1C_SGP.tif,3DIMG_07NOV2019_1630_L1C_SGP.tif,INSAT3D_TIR1_India,2019-11-07 16:30:00,Gujarat,Valsad,20.5992,72.9342,609.89,24.91,Moderate Rain
INSAT3D_TIR1_India/3DIMG_07NOV2019_2000_L1C_SGP.tif,3DIMG_07NOV2019_2000_L1C_SGP.tif,INSAT3D_TIR1_India,2019-11-07 20:00:00,Gujarat,Ahmedabad,23.0225,72.5714,620.89,22.23,Moderate Rain
INSAT3D_TIR1_India/3DIMG_07NOV2019_2000_L1C_SGP.tif,3DIMG_07NOV2019_2000_L1C_SGP.tif,INSAT3D_TIR1_India,2019-11-07 20:00:00,Gujarat,Amreli,21.6032,71.2221,590.22,26.2,Moderate Rain
INSAT3D_TIR1_India/3DIMG_07NOV2019_2000_L1C_SGP.tif,3DIMG_07NOV2019_2000_L1C_SGP.tif,INSAT3D_TIR1_India,2019-11-07 20:00:00,Gujarat,Anand,22.5645,72.9289,682.78,12.64,Moderate Rain
INSAT3D_TIR1_India/3DIMG_07NOV2019_2000_L1C_SGP.tif,3DIMG_07NOV2019_2000_L1C_SGP.tif,INSAT3D_TIR1_India,2019-11-07 20:00:00,Gujarat,Aravalli,23.4619,73.3039,653.11,13.97,Moderate Rain
INSAT3D_TIR1_India/3DIMG_07NOV2019_2000_L1C_SGP.tif,3DIMG_07NOV2019_2000_L1C_SGP.tif,INSAT3D_TIR1_India,2019-11-07 20:00:00,Gujarat,Banaskantha,24.1724,72.4346,626.89,20.52,Moderate Rain
INSAT3D_TIR1_India/3DIMG_07NOV2019_2000_L1C_SGP.tif,3DIMG_07NOV2019_2000_L1C_SGP.tif,INSAT3D_TIR1_India,2019-11-07 20:00:00,Gujarat,Bharuch,21.7051,72.9959,835.89,2.76,Light Rain
INSAT3D_TIR1_India/3DIMG_07NOV2019_2000_L1C_SGP.tif,3DIMG_07NOV2019_2000_L1C_SGP.tif,INSAT3D_TIR1_India,2019-11-07 20:00:00,Gujarat,Bhavnagar,21.7645,72.1519,664.56,14.38,Moderate Rain
INSAT3D_TIR1_India/3DIMG_07NOV2019_2000_L1C_SGP.tif,3DIMG_07NOV2019_2000_L1C_SGP.tif,INSAT3D_TIR1_India,2019-11-07 20:00:00,Gujarat,Botad,22.1704,71.6662,592.44,25.44,Moderate Rain
INSAT3D_TIR1_India/3DIMG_07NOV2019_2000_L1C_SGP.tif,3DIMG_07NOV2019_2000_L1C_SGP.tif,INSAT3D_TIR1_India,2019-11-07 20:00:00,Gujarat,Chhota Udepur,22.3108,74.0125,665.56,13.87,Moderate Rain
INSAT3D_TIR1_India/3DIMG_07NOV2019_2000_L1C_SGP.tif,3DIMG_07NOV2019_2000_L1C_SGP.tif,INSAT3D_TIR1_India,2019-11-07 20:00:00,Gujarat,Dahod,22.8347,74.2552,705.0,10.83,Moderate Rain
INSAT3D_TIR1_India/3DIMG_07NOV2019_2000_L1C_SGP.tif,3DIMG_07NOV2019_2000_L1C_SGP.tif,INSAT3D_TIR1_India,2019-11-07 20:00:00,Gujarat,Dang,20.7554,73.6873,612.33,21.03,Moderate Rain
INSAT3D_TIR1_India/3DIMG_07NOV2019_2000_L1C_SGP.tif,3DIMG_07NOV2019_2000_L1C_SGP.tif,INSAT3D_TIR1_India,2019-11-07 20:00:00,Gujarat,Devbhumi Dwarka,22.2078,69.6582,587.78,23.14,Moderate Rain
INSAT3D_TIR1_India/3DIMG_07NOV2019_2000_L1C_SGP.tif,3DIMG_07NOV2019_2000_L1C_SGP.tif,INSAT3D_TIR1_India,2019-11-07 20:00:00,Gujarat,Gandhinagar,23.2156,72.6369,592.11,25.91,Moderate Rain
INSAT3D_TIR1_India/3DIMG_07NOV2019_2000_L1C_SGP.tif,3DIMG_07NOV2019_2000_L1C_SGP.tif,INSAT3D_TIR1_India,2019-11-07 20:00:00,Gujarat,Gir Somnath,20.9042,70.3644,566.44,29.41,Moderate Rain
INSAT3D_TIR1_India/3DIMG_07NOV2019_2000_L1C_SGP.tif,3DIMG_07NOV2019_2000_L1C_SGP.tif,INSAT3D_TIR1_India,2019-11-07 20:00:00,Gujarat,Jamnagar,22.4707,70.0577,583.22,25.5,Moderate Rain
INSAT3D_TIR1_India/3DIMG_07NOV2019_2000_L1C_SGP.tif,3DIMG_07NOV2019_2000_L1C_SGP.tif,INSAT3D_TIR1_India,2019-11-07 20:00:00,Gujarat,Junagadh,21.5222,70.4579,587.11,28.37,Moderate Rain
INSAT3D_TIR1_India/3DIMG_07NOV2019_2000_L1C_SGP.tif,3DIMG_07NOV2019_2000_L1C_SGP.tif,INSAT3D_TIR1_India,2019-11-07 20:00:00,Gujarat,Kheda,22.6916,72.8634,687.44,12.9,Moderate Rain
INSAT3D_TIR1_India/3DIMG_07NOV2019_2000_L1C_SGP.tif,3DIMG_07NOV2019_2000_L1C_SGP.tif,INSAT3D_TIR1_India,2019-11-07 20:00:00,Gujarat,Kutch (Bhuj),23.242,69.6669,595.56,23.32,Moderate Rain
INSAT3D_TIR1_India/3DIMG_07NOV2019_2000_L1C_SGP.tif,3DIMG_07NOV2019_2000_L1C_SGP.tif,INSAT3D_TIR1_India,2019-11-07 20:00:00,Gujarat,Mahisagar,23.1311,73.6009,695.89,9.08,Moderate Rain
INSAT3D_TIR1_India/3DIMG_07NOV2019_2000_L1C_SGP.tif,3DIMG_07NOV2019_2000_L1C_SGP.tif,INSAT3D_TIR1_India,2019-11-07 20:00:00,Gujarat,Mehsana,23.588,72.3693,603.67,20.69,Moderate Rain
INSAT3D_TIR1_India/3DIMG_07NOV2019_2000_L1C_SGP.tif,3DIMG_07NOV2019_2000_L1C_SGP.tif,INSAT3D_TIR1_India,2019-11-07 20:00:00,Gujarat,Morbi,22.8173,70.8368,598.0,24.53,Moderate Rain
INSAT3D_TIR1_India/3DIMG_07NOV2019_2000_L1C_SGP.tif,3DIMG_07NOV2019_2000_L1C_SGP.tif,INSAT3D_TIR1_India,2019-11-07 20:00:00,Gujarat,Narmada,21.8719,73.5028,629.56,18.91,Moderate Rain
INSAT3D_TIR1_India/3DIMG_07NOV2019_2000_L1C_SGP.tif,3DIMG_07NOV2019_2000_L1C_SGP.tif,INSAT3D_TIR1_India,2019-11-07 20:00:00,Gujarat,Navsari,20.9467,72.952,845.22,0.11,Light Rain
INSAT3D_TIR1_India/3DIMG_07NOV2019_2000_L1C_SGP.tif,3DIMG_07NOV2019_2000_L1C_SGP.tif,INSAT3D_TIR1_India,2019-11-07 20:00:00,Gujarat,Panchmahal,22.778,73.6143,700.67,8.66,Moderate Rain
INSAT3D_TIR1_India/3DIMG_07NOV2019_2000_L1C_SGP.tif,3DIMG_07NOV2019_2000_L1C_SGP.tif,INSAT3D_TIR1_India,2019-11-07 20:00:00,Gujarat,Patan,23.8493,72.1266,624.44,18.94,Moderate Rain
INSAT3D_TIR1_India/3DIMG_07NOV2019_2000_L1C_SGP.tif,3DIMG_07NOV2019_2000_L1C_SGP.tif,INSAT3D_TIR1_India,2019-11-07 20:00:00,Gujarat,Porbandar,21.6417,69.6293,567.11,29.15,Moderate Rain
INSAT3D_TIR1_India/3DIMG_07NOV2019_2000_L1C_SGP.tif,3DIMG_07NOV2019_2000_L1C_SGP.tif,INSAT3D_TIR1_India,2019-11-07 20:00:00,Gujarat,Rajkot,22.3039,70.8022,592.11,22.86,Moderate Rain
INSAT3D_TIR1_India/3DIMG_07NOV2019_2000_L1C_SGP.tif,3DIMG_07NOV2019_2000_L1C_SGP.tif,INSAT3D_TIR1_India,2019-11-07 20:00:00,Gujarat,Sabarkantha,23.5977,72.9688,599.67,23.94,Moderate Rain
INSAT3D_TIR1_India/3DIMG_07NOV2019_2000_L1C_SGP.tif,3DIMG_07NOV2019_2000_L1C_SGP.tif,INSAT3D_TIR1_India,2019-11-07 20:00:00,Gujarat,Surat,21.1702,72.8311,854.89,0.21,Light Rain
INSAT3D_TIR1_India/3DIMG_07NOV2019_2000_L1C_SGP.tif,3DIMG_07NOV2019_2000_L1C_SGP.tif,INSAT3D_TIR1_India,2019-11-07 20:00:00,Gujarat,Surendranagar,22.7274,71.637,587.67,28.12,Moderate Rain
INSAT3D_TIR1_India/3DIMG_07NOV2019_2000_L1C_SGP.tif,3DIMG_07NOV2019_2000_L1C_SGP.tif,INSAT3D_TIR1_India,2019-11-07 20:00:00,Gujarat,Tapi,21.1147,73.3986,680.44,9.25,Moderate Rain
INSAT3D_TIR1_India/3DIMG_07NOV2019_2000_L1C_SGP.tif,3DIMG_07NOV2019_2000_L1C_SGP.tif,INSAT3D_TIR1_India,2019-11-07 20:00:00,Gujarat,Vadodara,22.3072,73.1812,725.56,3.8,Light Rain
INSAT3D_TIR1_India/3DIMG_07NOV2019_2000_L1C_SGP.tif,3DIMG_07NOV2019_2000_L1C_SGP.tif,INSAT3D_TIR1_India,2019-11-07 20:00:00,Gujarat,Valsad,20.5992,72.9342,668.44,16.13,Moderate Rain
INSAT3D_TIR1_India/3DIMG_07NOV2019_2030_L1C_SGP.tif,3DIMG_07NOV2019_2030_L1C_SGP.tif,INSAT3D_TIR1_India,2019-11-07 20:30:00,Gujarat,Ahmedabad,23.0225,72.5714,603.22,24.88,Moderate Rain
INSAT3D_TIR1_India/3DIMG_07NOV2019_2030_L1C_SGP.tif,3DIMG_07NOV2019_2030_L1C_SGP.tif,INSAT3D_TIR1_India,2019-11-07 20:30:00,Gujarat,Amreli,21.6032,71.2221,588.33,26.48,Moderate Rain
INSAT3D_TIR1_India/3DIMG_07NOV2019_2030_L1C_SGP.tif,3DIMG_07NOV2019_2030_L1C_SGP.tif,INSAT3D_TIR1_India,2019-11-07 20:30:00,Gujarat,Anand,22.5645,72.9289,694.0,10.96,Moderate Rain
INSAT3D_TIR1_India/3DIMG_07NOV2019_2030_L1C_SGP.tif,3DIMG_07NOV2019_2030_L1C_SGP.tif,INSAT3D_TIR1_India,2019-11-07 20:30:00,Gujarat,Aravalli,23.4619,73.3039,639.89,15.95,Moderate Rain
INSAT3D_TIR1_India/3DIMG_07NOV2019_2030_L1C_SGP.tif,3DIMG_07NOV2019_2030_L1C_SGP.tif,INSAT3D_TIR1_India,2019-11-07 20:30:00,Gujarat,Banaskantha,24.1724,72.4346,612.67,22.65,Moderate Rain
INSAT3D_TIR1_India/3DIMG_07NOV2019_2030_L1C_SGP.tif,3DIMG_07NOV2019_2030_L1C_SGP.tif,INSAT3D_TIR1_India,2019-11-07 20:30:00,Gujarat,Bharuch,21.7051,72.9959,803.89,2.76,Light Rain
INSAT3D_TIR1_India/3DIMG_07NOV2019_2030_L1C_SGP.tif,3DIMG_07NOV2019_2030_L1C_SGP.tif,INSAT3D_TIR1_India,2019-11-07 20:30:00,Gujarat,Bhavnagar,21.7645,72.1519,661.11,14.89,Moderate Rain
INSAT3D_TIR1_India/3DIMG_07NOV2019_2030_L1C_SGP.tif,3DIMG_07NOV2019_2030_L1C_SGP.tif,INSAT3D_TIR1_India,2019-11-07 20:30:00,Gujarat,Botad,22.1704,71.6662,609.78,22.84,Moderate Rain
INSAT3D_TIR1_India/3DIMG_07NOV2019_2030_L1C_SGP.tif,3DIMG_07NOV2019_2030_L1C_SGP.tif,INSAT3D_TIR1_India,2019-11-07 20:30:00,Gujarat,Chhota Udepur,22.3108,74.0125,668.67,13.4,Moderate Rain
INSAT3D_TIR1_India/3DIMG_07NOV2019_2030_L1C_SGP.tif,3DIMG_07NOV2019_2030_L1C_SGP.tif,INSAT3D_TIR1_India,2019-11-07 20:30:00,Gujarat,Dahod,22.8347,74.2552,712.0,9.78,Moderate Rain
INSAT3D_TIR1_India/3DIMG_07NOV2019_2030_L1C_SGP.tif,3DIMG_07NOV2019_2030_L1C_SGP.tif,INSAT3D_TIR1_India,2019-11-07 20:30:00,Gujarat,Dang,20.7554,73.6873,602.44,22.51,Moderate Rain
INSAT3D_TIR1_India/3DIMG_07NOV2019_2030_L1C_SGP.tif,3DIMG_07NOV2019_2030_L1C_SGP.tif,INSAT3D_TIR1_India,2019-11-07 20:30:00,Gujarat,Devbhumi Dwarka,22.2078,69.6582,591.11,22.64,Moderate Rain
INSAT3D_TIR1_India/3DIMG_07NOV2019_2030_L1C_SGP.tif,3DIMG_07NOV2019_2030_L1C_SGP.tif,INSAT3D_TIR1_India,2019-11-07 20:30:00,Gujarat,Gandhinagar,23.2156,72.6369,594.44,25.56,Moderate Rain
INSAT3D_TIR1_India/3DIMG_07NOV2019_2030_L1C_SGP.tif,3DIMG_07NOV2019_2030_L1C_SGP.tif,INSAT3D_TIR1_India,2019-11-07 20:30:00,Gujarat,Gir Somnath,20.9042,70.3644,573.0,28.42,Moderate Rain
INSAT3D_TIR1_India/3DIMG_07NOV2019_2030_L1C_SGP.tif,3DIMG_07NOV2019_2030_L1C_SGP.tif,INSAT3D_TIR1_India,2019-11-07 20:30:00,Gujarat,Jamnagar,22.4707,70.0577,584.33,25.34,Moderate Rain
INSAT3D_TIR1_India/3DIMG_07NOV2019_2030_L1C_SGP.tif,3DIMG_07NOV2019_2030_L1C_SGP.tif,INSAT3D_TIR1_India,2019-11-07 20:30:00,Gujarat,Junagadh,21.5222,70.4579,589.44,28.02,Moderate Rain
INSAT3D_TIR1_India/3DIMG_07NOV2019_2030_L1C_SGP.tif,3DIMG_07NOV2019_2030_L1C_SGP.tif,INSAT3D_TIR1_India,2019-11-07 20:30:00,Gujarat,Kheda,22.6916,72.8634,676.33,14.57,Moderate Rain
INSAT3D_TIR1_India/3DIMG_07NOV2019_2030_L1C_SGP.tif,3DIMG_07NOV2019_2030_L1C_SGP.tif,INSAT3D_TIR1_India,2019-11-07 20:30:00,Gujarat,Kutch (Bhuj),23.242,69.6669,594.11,23.54,Moderate Rain
INSAT3D_TIR1_India/3DIMG_07NOV2019_2030_L1C_SGP.tif,3DIMG_07NOV2019_2030_L1C_SGP.tif,INSAT3D_TIR1_India,2019-11-07 20:30:00,Gujarat,Mahisagar,23.1311,73.6009,694.78,9.25,Moderate Rain
INSAT3D_TIR1_India/3DIMG_07NOV2019_2030_L1C_SGP.tif,3DIMG_07NOV2019_2030_L1C_SGP.tif,INSAT3D_TIR1_India,2019-11-07 20:30:00,Gujarat,Mehsana,23.588,72.3693,593.78,22.18,Moderate Rain
INSAT3D_TIR1_India/3DIMG_07NOV2019_2030_L1C_SGP.tif,3DIMG_07NOV2019_2030_L1C_SGP.tif,INSAT3D_TIR1_India,2019-11-07 20:30:00,Gujarat,Morbi,22.8173,70.8368,614.11,22.11,Moderate Rain
INSAT3D_TIR1_India/3DIMG_07NOV2019_2030_L1C_SGP.tif,3DIMG_07NOV2019_2030_L1C_SGP.tif,INSAT3D_TIR1_India,2019-11-07 20:30:00,Gujarat,Narmada,21.8719,73.5028,680.56,11.26,Moderate Rain
INSAT3D_TIR1_India/3DIMG_07NOV2019_2030_L1C_SGP.tif,3DIMG_07NOV2019_2030_L1C_SGP.tif,INSAT3D_TIR1_India,2019-11-07 20:30:00,Gujarat,Navsari,20.9467,72.952,830.33,0.11,Light Rain
INSAT3D_TIR1_India/3DIMG_07NOV2019_2030_L1C_SGP.tif,3DIMG_07NOV2019_2030_L1C_SGP.tif,INSAT3D_TIR1_India,2019-11-07 20:30:00,Gujarat,Panchmahal,22.778,73.6143,695.78,9.39,Moderate Rain
INSAT3D_TIR1_India/3DIMG_07NOV2019_2030_L1C_SGP.tif,3DIMG_07NOV2019_2030_L1C_SGP.tif,INSAT3D_TIR1_India,2019-11-07 20:30:00,Gujarat,Patan,23.8493,72.1266,620.78,19.49,Moderate Rain
INSAT3D_TIR1_India/3DIMG_07NOV2019_2030_L1C_SGP.tif,3DIMG_07NOV2019_2030_L1C_SGP.tif,INSAT3D_TIR1_India,2019-11-07 20:30:00,Gujarat,Porbandar,21.6417,69.6293,573.0,28.26,Moderate Rain
INSAT3D_TIR1_India/3DIMG_07NOV2019_2030_L1C_SGP.tif,3DIMG_07NOV2019_2030_L1C_SGP.tif,INSAT3D_TIR1_India,2019-11-07 20:30:00,Gujarat,Rajkot,22.3039,70.8022,586.33,23.73,Moderate Rain
INSAT3D_TIR1_India/3DIMG_07NOV2019_2030_L1C_SGP.tif,3DIMG_07NOV2019_2030_L1C_SGP.tif,INSAT3D_TIR1_India,2019-11-07 20:30:00,Gujarat,Sabarkantha,23.5977,72.9688,598.22,24.16,Moderate Rain
INSAT3D_TIR1_India/3DIMG_07NOV2019_2030_L1C_SGP.tif,3DIMG_07NOV2019_2030_L1C_SGP.tif,INSAT3D_TIR1_India,2019-11-07 20:30:00,Gujarat,Surat,21.1702,72.8311,842.44,0.21,Light Rain
INSAT3D_TIR1_India/3DIMG_07NOV2019_2030_L1C_SGP.tif,3DIMG_07NOV2019_2030_L1C_SGP.tif,INSAT3D_TIR1_India,2019-11-07 20:30:00,Gujarat,Surendranagar,22.7274,71.637,584.56,28.59,Moderate Rain
INSAT3D_TIR1_India/3DIMG_07NOV2019_2030_L1C_SGP.tif,3DIMG_07NOV2019_2030_L1C_SGP.tif,INSAT3D_TIR1_India,2019-11-07 20:30:00,Gujarat,Tapi,21.1147,73.3986,770.11,0.0,No Rain
INSAT3D_TIR1_India/3DIMG_07NOV2019_2030_L1C_SGP.tif,3DIMG_07NOV2019_2030_L1C_SGP.tif,INSAT3D_TIR1_India,2019-11-07 20:30:00,Gujarat,Vadodara,22.3072,73.1812,745.89,0.75,Light Rain
INSAT3D_TIR1_India/3DIMG_07NOV2019_2030_L1C_SGP.tif,3DIMG_07NOV2019_2030_L1C_SGP.tif,INSAT3D_TIR1_India,2019-11-07 20:30:00,Gujarat,Valsad,20.5992,72.9342,651.0,18.74,Moderate Rain
INSAT3D_TIR1_India/3DIMG_07NOV2019_2100_L1C_SGP.tif,3DIMG_07NOV2019_2100_L1C_SGP.tif,INSAT3D_TIR1_India,2019-11-07 21:00:00,Gujarat,Ahmedabad,23.0225,72.5714,631.0,20.71,Moderate Rain
INSAT3D_TIR1_India/3DIMG_07NOV2019_2100_L1C_SGP.tif,3DIMG_07NOV2019_2100_L1C_SGP.tif,INSAT3D_TIR1_India,2019-11-07 21:00:00,Gujarat,Amreli,21.6032,71.2221,591.22,26.05,Moderate Rain
INSAT3D_TIR1_India/3DIMG_07NOV2019_2100_L1C_SGP.tif,3DIMG_07NOV2019_2100_L1C_SGP.tif,INSAT3D_TIR1_India,2019-11-07 21:00:00,Gujarat,Anand,22.5645,72.9289,699.44,10.14,Moderate Rain
INSAT3D_TIR1_India/3DIMG_07NOV2019_2100_L1C_SGP.tif,3DIMG_07NOV2019_2100_L1C_SGP.tif,INSAT3D_TIR1_India,2019-11-07 21:00:00,Gujarat,Aravalli,23.4619,73.3039,655.89,13.55,Moderate Rain
INSAT3D_TIR1_India/3DIMG_07NOV2019_2100_L1C_SGP.tif,3DIMG_07NOV2019_2100_L1C_SGP.tif,INSAT3D_TIR1_India,2019-11-07 21:00:00,Gujarat,Banaskantha,24.1724,72.4346,609.56,23.12,Moderate Rain
INSAT3D_TIR1_India/3DIMG_07NOV2019_2100_L1C_SGP.tif,3DIMG_07NOV2019_2100_L1C_SGP.tif,INSAT3D_TIR1_India,2019-11-07 21:00:00,Gujarat,Bharuch,21.7051,72.9959,803.78,2.76,Light Rain
INSAT3D_TIR1_India/3DIMG_07NOV2019_2100_L1C_SGP.tif,3DIMG_07NOV2019_2100_L1C_SGP.tif,INSAT3D_TIR1_India,2019-11-07 21:00:00,Gujarat,Bhavnagar,21.7645,72.1519,678.89,12.23,Moderate Rain
INSAT3D_TIR1_India/3DIMG_07NOV2019_2100_L1C_SGP.tif,3DIMG_07NOV2019_2100_L1C_SGP.tif,INSAT3D_TIR1_India,2019-11-07 21:00:00,Gujarat,Botad,22.1704,71.6662,591.22,25.62,Moderate Rain
INSAT3D_TIR1_India/3DIMG_07NOV2019_2100_L1C_SGP.tif,3DIMG_07NOV2019_2100_L1C_SGP.tif,INSAT3D_TIR1_India,2019-11-07 21:00:00,Gujarat,Chhota Udepur,22.3108,74.0125,622.33,20.35,Moderate Rain
INSAT3D_TIR1_India/3DIMG_07NOV2019_2100_L1C_SGP.tif,3DIMG_07NOV2019_2100_L1C_SGP.tif,INSAT3D_TIR1_India,2019-11-07 21:00:00,Gujarat,Dahod,22.8347,74.2552,705.56,10.75,Moderate Rain
INSAT3D_TIR1_India/3DIMG_07NOV2019_2100_L1C_SGP.tif,3DIMG_07NOV2019_2100_L1C_SGP.tif,INSAT3D_TIR1_India,2019-11-07 21:00:00,Gujarat,Dang,20.7554,73.6873,604.0,22.28,Moderate Rain
INSAT3D_TIR1_India/3DIMG_07NOV2019_2100_L1C_SGP.tif,3DIMG_07NOV2019_2100_L1C_SGP.tif,INSAT3D_TIR1_India,2019-11-07 21:00:00,Gujarat,Devbhumi Dwarka,22.2078,69.6582,591.11,22.64,Moderate Rain
INSAT3D_TIR1_India/3DIMG_07NOV2019_2100_L1C_SGP.tif,3DIMG_07NOV2019_2100_L1C_SGP.tif,INSAT3D_TIR1_India,2019-11-07 21:00:00,Gujarat,Gandhinagar,23.2156,72.6369,608.56,23.44,Moderate Rain
INSAT3D_TIR1_India/3DIMG_07NOV2019_2100_L1C_SGP.tif,3DIMG_07NOV2019_2100_L1C_SGP.tif,INSAT3D_TIR1_India,2019-11-07 21:00:00,Gujarat,Gir Somnath,20.9042,70.3644,568.22,29.14,Moderate Rain
INSAT3D_TIR1_India/3DIMG_07NOV2019_2100_L1C_SGP.tif,3DIMG_07NOV2019_2100_L1C_SGP.tif,INSAT3D_TIR1_India,2019-11-07 21:00:00,Gujarat,Jamnagar,22.4707,70.0577,588.44,24.72,Moderate Rain
INSAT3D_TIR1_India/3DIMG_07NOV2019_2100_L1C_SGP.tif,3DIMG_07NOV2019_2100_L1C_SGP.tif,INSAT3D_TIR1_India,2019-11-07 21:00:00,Gujarat,Junagadh,21.5222,70.4579,591.33,27.74,Moderate Rain
INSAT3D_TIR1_India/3DIMG_07NOV2019_2100_L1C_SGP.tif,3DIMG_07NOV2019_2100_L1C_SGP.tif,INSAT3D_TIR1_India,2019-11-07 21:00:00,Gujarat,Kheda,22.6916,72.8634,692.0,12.22,Moderate Rain
INSAT3D_TIR1_India/3DIMG_07NOV2019_2100_L1C_SGP.tif,3DIMG_07NOV2019_2100_L1C_SGP.tif,INSAT3D_TIR1_India,2019-11-07 21:00:00,Gujarat,Kutch (Bhuj),23.242,69.6669,595.22,23.37,Moderate Rain
INSAT3D_TIR1_India/3DIMG_07NOV2019_2100_L1C_SGP.tif,3DIMG_07NOV2019_2100_L1C_SGP.tif,INSAT3D_TIR1_India,2019-11-07 21:00:00,Gujarat,Mahisagar,23.1311,73.6009,733.56,3.43,Light Rain
INSAT3D_TIR1_India/3DIMG_07NOV2019_2100_L1C_SGP.tif,3DIMG_07NOV2019_2100_L1C_SGP.tif,INSAT3D_TIR1_India,2019-11-07 21:00:00,Gujarat,Mehsana,23.588,72.3693,598.78,21.43,Moderate Rain
INSAT3D_TIR1_India/3DIMG_07NOV2019_2100_L1C_SGP.tif,3DIMG_07NOV2019_2100_L1C_SGP.tif,INSAT3D_TIR1_India,2019-11-07 21:00:00,Gujarat,Morbi,22.8173,70.8368,605.56,23.39,Moderate Rain
INSAT3D_TIR1_India/3DIMG_07NOV2019_2100_L1C_SGP.tif,3DIMG_07NOV2019_2100_L1C_SGP.tif,INSAT3D_TIR1_India,2019-11-07 21:00:00,Gujarat,Narmada,21.8719,73.5028,794.33,0.0,No Rain
INSAT3D_TIR1_India/3DIMG_07NOV2019_2100_L1C_SGP.tif,3DIMG_07NOV2019_2100_L1C_SGP.tif,INSAT3D_TIR1_India,2019-11-07 21:00:00,Gujarat,Navsari,20.9467,72.952,820.67,0.11,Light Rain
INSAT3D_TIR1_India/3DIMG_07NOV2019_2100_L1C_SGP.tif,3DIMG_07NOV2019_2100_L1C_SGP.tif,INSAT3D_TIR1_India,2019-11-07 21:00:00,Gujarat,Panchmahal,22.778,73.6143,709.67,7.31,Light Rain
INSAT3D_TIR1_India/3DIMG_07NOV2019_2100_L1C_SGP.tif,3DIMG_07NOV2019_2100_L1C_SGP.tif,INSAT3D_TIR1_India,2019-11-07 21:00:00,Gujarat,Patan,23.8493,72.1266,593.0,23.66,Moderate Rain
INSAT3D_TIR1_India/3DIMG_07NOV2019_2100_L1C_SGP.tif,3DIMG_07NOV2019_2100_L1C_SGP.tif,INSAT3D_TIR1_India,2019-11-07 21:00:00,Gujarat,Porbandar,21.6417,69.6293,567.44,29.1,Moderate Rain
INSAT3D_TIR1_India/3DIMG_07NOV2019_2100_L1C_SGP.tif,3DIMG_07NOV2019_2100_L1C_SGP.tif,INSAT3D_TIR1_India,2019-11-07 21:00:00,Gujarat,Rajkot,22.3039,70.8022,589.22,23.29,Moderate Rain
INSAT3D_TIR1_India/3DIMG_07NOV2019_2100_L1C_SGP.tif,3DIMG_07NOV2019_2100_L1C_SGP.tif,INSAT3D_TIR1_India,2019-11-07 21:00:00,Gujarat,Sabarkantha,23.5977,72.9688,600.33,23.84,Moderate Rain
INSAT3D_TIR1_India/3DIMG_07NOV2019_2100_L1C_SGP.tif,3DIMG_07NOV2019_2100_L1C_SGP.tif,INSAT3D_TIR1_India,2019-11-07 21:00:00,Gujarat,Surat,21.1702,72.8311,841.56,0.21,Light Rain
INSAT3D_TIR1_India/3DIMG_07NOV2019_2100_L1C_SGP.tif,3DIMG_07NOV2019_2100_L1C_SGP.tif,INSAT3D_TIR1_India,2019-11-07 21:00:00,Gujarat,Surendranagar,22.7274,71.637,588.22,28.04,Moderate Rain
INSAT3D_TIR1_India/3DIMG_07NOV2019_2100_L1C_SGP.tif,3DIMG_07NOV2019_2100_L1C_SGP.tif,INSAT3D_TIR1_India,2019-11-07 21:00:00,Gujarat,Tapi,21.1147,73.3986,790.0,0.0,No Rain
INSAT3D_TIR1_India/3DIMG_07NOV2019_2100_L1C_SGP.tif,3DIMG_07NOV2019_2100_L1C_SGP.tif,INSAT3D_TIR1_India,2019-11-07 21:00:00,Gujarat,Vadodara,22.3072,73.1812,715.56,5.3,Light Rain
INSAT3D_TIR1_India/3DIMG_07NOV2019_2100_L1C_SGP.tif,3DIMG_07NOV2019_2100_L1C_SGP.tif,INSAT3D_TIR1_India,2019-11-07 21:00:00,Gujarat,Valsad,20.5992,72.9342,649.44,18.98,Moderate Rain
INSAT3D_TIR1_India/3DIMG_07NOV2019_2130_L1C_SGP.tif,3DIMG_07NOV2019_2130_L1C_SGP.tif,INSAT3D_TIR1_India,2019-11-07 21:30:00,Gujarat,Ahmedabad,23.0225,72.5714,659.0,16.51,Moderate Rain
INSAT3D_TIR1_India/3DIMG_07NOV2019_2130_L1C_SGP.tif,3DIMG_07NOV2019_2130_L1C_SGP.tif,INSAT3D_TIR1_India,2019-11-07 21:30:00,Gujarat,Amreli,21.6032,71.2221,593.89,25.65,Moderate Rain
INSAT3D_TIR1_India/3DIMG_07NOV2019_2130_L1C_SGP.tif,3DIMG_07NOV2019_2130_L1C_SGP.tif,INSAT3D_TIR1_India,2019-11-07 21:30:00,Gujarat,Anand,22.5645,72.9289,703.89,9.47,Moderate Rain
INSAT3D_TIR1_India/3DIMG_07NOV2019_2130_L1C_SGP.tif,3DIMG_07NOV2019_2130_L1C_SGP.tif,INSAT3D_TIR1_India,2019-11-07 21:30:00,Gujarat,Aravalli,23.4619,73.3039,682.89,9.5,Moderate Rain
INSAT3D_TIR1_India/3DIMG_07NOV2019_2130_L1C_SGP.tif,3DIMG_07NOV2019_2130_L1C_SGP.tif,INSAT3D_TIR1_India,2019-11-07 21:30:00,Gujarat,Banaskantha,24.1724,72.4346,600.11,24.53,Moderate Rain
INSAT3D_TIR1_India/3DIMG_07NOV2019_2130_L1C_SGP.tif,3DIMG_07NOV2019_2130_L1C_SGP.tif,INSAT3D_TIR1_India,2019-11-07 21:30:00,Gujarat,Bharuch,21.7051,72.9959,842.56,2.76,Light Rain
INSAT3D_TIR1_India/3DIMG_07NOV2019_2130_L1C_SGP.tif,3DIMG_07NOV2019_2130_L1C_SGP.tif,INSAT3D_TIR1_India,2019-11-07 21:30:00,Gujarat,Bhavnagar,21.7645,72.1519,660.56,14.98,Moderate Rain
INSAT3D_TIR1_India/3DIMG_07NOV2019_2130_L1C_SGP.tif,3DIMG_07NOV2019_2130_L1C_SGP.tif,INSAT3D_TIR1_India,2019-11-07 21:30:00,Gujarat,Botad,22.1704,71.6662,596.78,24.79,Moderate Rain
INSAT3D_TIR1_India/3DIMG_07NOV2019_2130_L1C_SGP.tif,3DIMG_07NOV2019_2130_L1C_SGP.tif,INSAT3D_TIR1_India,2019-11-07 21:30:00,Gujarat,Chhota Udepur,22.3108,74.0125,656.22,15.27,Moderate Rain
INSAT3D_TIR1_India/3DIMG_07NOV2019_2130_L1C_SGP.tif,3DIMG_07NOV2019_2130_L1C_SGP.tif,INSAT3D_TIR1_India,2019-11-07 21:30:00,Gujarat,Dahod,22.8347,74.2552,693.44,12.57,Moderate Rain
INSAT3D_TIR1_India/3DIMG_07NOV2019_2130_L1C_SGP.tif,3DIMG_07NOV2019_2130_L1C_SGP.tif,INSAT3D_TIR1_India,2019-11-07 21:30:00,Gujarat,Dang,20.7554,73.6873,671.33,12.18,Moderate Rain
INSAT3D_TIR1_India/3DIMG_07NOV2019_2130_L1C_SGP.tif,3DIMG_07NOV2019_2130_L1C_SGP.tif,INSAT3D_TIR1_India,2019-11-07 21:30:00,Gujarat,Devbhumi Dwarka,22.2078,69.6582,591.11,22.64,Moderate Rain
INSAT3D_TIR1_India/3DIMG_07NOV2019_2130_L1C_SGP.tif,3DIMG_07NOV2019_2130_L1C_SGP.tif,INSAT3D_TIR1_India,2019-11-07 21:30:00,Gujarat,Gandhinagar,23.2156,72.6369,622.44,21.36,Moderate Rain
INSAT3D_TIR1_India/3DIMG_07NOV2019_2130_L1C_SGP.tif,3DIMG_07NOV2019_2130_L1C_SGP.tif,INSAT3D_TIR1_India,2019-11-07 21:30:00,Gujarat,Gir Somnath,20.9042,70.3644,564.56,29.69,Moderate Rain
INSAT3D_TIR1_India/3DIMG_07NOV2019_2130_L1C_SGP.tif,3DIMG_07NOV2019_2130_L1C_SGP.tif,INSAT3D_TIR1_India,2019-11-07 21:30:00,Gujarat,Jamnagar,22.4707,70.0577,584.33,25.34,Moderate Rain
INSAT3D_TIR1_India/3DIMG_07NOV2019_2130_L1C_SGP.tif,3DIMG_07NOV2019_2130_L1C_SGP.tif,INSAT3D_TIR1_India,2019-11-07 21:30:00,Gujarat,Junagadh,21.5222,70.4579,585.56,28.6,Moderate Rain
INSAT3D_TIR1_India/3DIMG_07NOV2019_2130_L1C_SGP.tif,3DIMG_07NOV2019_2130_L1C_SGP.tif,INSAT3D_TIR1_India,2019-11-07 21:30:00,Gujarat,Kheda,22.6916,72.8634,683.56,13.49,Moderate Rain
INSAT3D_TIR1_India/3DIMG_07NOV2019_2130_L1C_SGP.tif,3DIMG_07NOV2019_2130_L1C_SGP.tif,INSAT3D_TIR1_India,2019-11-07 21:30:00,Gujarat,Kutch (Bhuj),23.242,69.6669,596.78,23.13,Moderate Rain
INSAT3D_TIR1_India/3DIMG_07NOV2019_2130_L1C_SGP.tif,3DIMG_07NOV2019_2130_L1C_SGP.tif,INSAT3D_TIR1_India,2019-11-07 21:30:00,Gujarat,Mahisagar,23.1311,73.6009,692.56,9.58,Moderate Rain
INSAT3D_TIR1_India/3DIMG_07NOV2019_2130_L1C_SGP.tif,3DIMG_07NOV2019_2130_L1C_SGP.tif,INSAT3D_TIR1_India,2019-11-07 21:30:00,Gujarat,Mehsana,23.588,72.3693,593.11,22.28,Moderate Rain
INSAT3D_TIR1_India/3DIMG_07NOV2019_2130_L1C_SGP.tif,3DIMG_07NOV2019_2130_L1C_SGP.tif,INSAT3D_TIR1_India,2019-11-07 21:30:00,Gujarat,Morbi,22.8173,70.8368,586.78,26.21,Moderate Rain
INSAT3D_TIR1_India/3DIMG_07NOV2019_2130_L1C_SGP.tif,3DIMG_07NOV2019_2130_L1C_SGP.tif,INSAT3D_TIR1_India,2019-11-07 21:30:00,Gujarat,Narmada,21.8719,73.5028,677.56,11.71,Moderate Rain
INSAT3D_TIR1_India/3DIMG_07NOV2019_2130_L1C_SGP.tif,3DIMG_07NOV2019_2130_L1C_SGP.tif,INSAT3D_TIR1_India,2019-11-07 21:30:00,Gujarat,Navsari,20.9467,72.952,838.33,0.11,Light Rain
INSAT3D_TIR1_India/3DIMG_07NOV2019_2130_L1C_SGP.tif,3DIMG_07NOV2019_2130_L1C_SGP.tif,INSAT3D_TIR1_India,2019-11-07 21:30:00,Gujarat,Panchmahal,22.778,73.6143,707.89,7.57,Moderate Rain
INSAT3D_TIR1_India/3DIMG_07NOV2019_2130_L1C_SGP.tif,3DIMG_07NOV2019_2130_L1C_SGP.tif,INSAT3D_TIR1_India,2019-11-07 21:30:00,Gujarat,Patan,23.8493,72.1266,592.78,23.69,Moderate Rain
INSAT3D_TIR1_India/3DIMG_07NOV2019_2130_L1C_SGP.tif,3DIMG_07NOV2019_2130_L1C_SGP.tif,INSAT3D_TIR1_India,2019-11-07 21:30:00,Gujarat,Porbandar,21.6417,69.6293,560.89,30.08,Moderate Rain
INSAT3D_TIR1_India/3DIMG_07NOV2019_2130_L1C_SGP.tif,3DIMG_07NOV2019_2130_L1C_SGP.tif,INSAT3D_TIR1_India,2019-11-07 21:30:00,Gujarat,Rajkot,22.3039,70.8022,589.22,23.29,Moderate Rain
INSAT3D_TIR1_India/3DIMG_07NOV2019_2130_L1C_SGP.tif,3DIMG_07NOV2019_2130_L1C_SGP.tif,INSAT3D_TIR1_India,2019-11-07 21:30:00,Gujarat,Sabarkantha,23.5977,72.9688,602.33,23.54,Moderate Rain
INSAT3D_TIR1_India/3DIMG_07NOV2019_2130_L1C_SGP.tif,3DIMG_07NOV2019_2130_L1C_SGP.tif,INSAT3D_TIR1_India,2019-11-07 21:30:00,Gujarat,Surat,21.1702,72.8311,843.67,0.21,Light Rain
INSAT3D_TIR1_India/3DIMG_07NOV2019_2130_L1C_SGP.tif,3DIMG_07NOV2019_2130_L1C_SGP.tif,INSAT3D_TIR1_India,2019-11-07 21:30:00,Gujarat,Surendranagar,22.7274,71.637,591.11,27.6,Moderate Rain
INSAT3D_TIR1_India/3DIMG_07NOV2019_2130_L1C_SGP.tif,3DIMG_07NOV2019_2130_L1C_SGP.tif,INSAT3D_TIR1_India,2019-11-07 21:30:00,Gujarat,Tapi,21.1147,73.3986,796.22,0.0,No Rain
INSAT3D_TIR1_India/3DIMG_07NOV2019_2130_L1C_SGP.tif,3DIMG_07NOV2019_2130_L1C_SGP.tif,INSAT3D_TIR1_India,2019-11-07 21:30:00,Gujarat,Vadodara,22.3072,73.1812,690.22,9.1,Moderate Rain
INSAT3D_TIR1_India/3DIMG_07NOV2019_2130_L1C_SGP.tif,3DIMG_07NOV2019_2130_L1C_SGP.tif,INSAT3D_TIR1_India,2019-11-07 21:30:00,Gujarat,Valsad,20.5992,72.9342,647.22,19.31,Moderate Rain
INSAT3D_TIR1_India/3DIMG_07NOV2019_2200_L1C_SGP.tif,3DIMG_07NOV2019_2200_L1C_SGP.tif,INSAT3D_TIR1_India,2019-11-07 22:00:00,Gujarat,Ahmedabad,23.0225,72.5714,674.78,14.14,Moderate Rain
INSAT3D_TIR1_India/3DIMG_07NOV2019_2200_L1C_SGP.tif,3DIMG_07NOV2019_2200_L1C_SGP.tif,INSAT3D_TIR1_India,2019-11-07 22:00:00,Gujarat,Amreli,21.6032,71.2221,589.56,26.3,Moderate Rain
INSAT3D_TIR1_India/3DIMG_07NOV2019_2200_L1C_SGP.tif,3DIMG_07NOV2019_2200_L1C_SGP.tif,INSAT3D_TIR1_India,2019-11-07 22:00:00,Gujarat,Anand,22.5645,72.9289,686.0,12.16,Moderate Rain
INSAT3D_TIR1_India/3DIMG_07NOV2019_2200_L1C_SGP.tif,3DIMG_07NOV2019_2200_L1C_SGP.tif,INSAT3D_TIR1_India,2019-11-07 22:00:00,Gujarat,Aravalli,23.4619,73.3039,680.33,9.88,Moderate Rain
INSAT3D_TIR1_India/3DIMG_07NOV2019_2200_L1C_SGP.tif,3DIMG_07NOV2019_2200_L1C_SGP.tif,INSAT3D_TIR1_India,2019-11-07 22:00:00,Gujarat,Banaskantha,24.1724,72.4346,601.67,24.3,Moderate Rain
INSAT3D_TIR1_India/3DIMG_07NOV2019_2200_L1C_SGP.tif,3DIMG_07NOV2019_2200_L1C_SGP.tif,INSAT3D_TIR1_India,2019-11-07 22:00:00,Gujarat,Bharuch,21.7051,72.9959,864.89,2.76,Light Rain
INSAT3D_TIR1_India/3DIMG_07NOV2019_2200_L1C_SGP.tif,3DIMG_07NOV2019_2200_L1C_SGP.tif,INSAT3D_TIR1_India,2019-11-07 22:00:00,Gujarat,Bhavnagar,21.7645,72.1519,647.11,16.99,Moderate Rain
INSAT3D_TIR1_India/3DIMG_07NOV2019_2200_L1C_SGP.tif,3DIMG_07NOV2019_2200_L1C_SGP.tif,INSAT3D_TIR1_India,2019-11-07 22:00:00,Gujarat,Botad,22.1704,71.6662,625.67,20.45,Moderate Rain
INSAT3D_TIR1_India/3DIMG_07NOV2019_2200_L1C_SGP.tif,3DIMG_07NOV2019_2200_L1C_SGP.tif,INSAT3D_TIR1_India,2019-11-07 22:00:00,Gujarat,Chhota Udepur,22.3108,74.0125,665.44,13.88,Moderate Rain
INSAT3D_TIR1_India/3DIMG_07NOV2019_2200_L1C_SGP.tif,3DIMG_07NOV2019_2200_L1C_SGP.tif,INSAT3D_TIR1_India,2019-11-07 22:00:00,Gujarat,Dahod,22.8347,74.2552,682.56,14.2,Moderate Rain
INSAT3D_TIR1_India/3DIMG_07NOV2019_2200_L1C_SGP.tif,3DIMG_07NOV2019_2200_L1C_SGP.tif,INSAT3D_TIR1_India,2019-11-07 22:00:00,Gujarat,Dang,20.7554,73.6873,664.22,13.24,Moderate Rain
INSAT3D_TIR1_India/3DIMG_07NOV2019_2200_L1C_SGP.tif,3DIMG_07NOV2019_2200_L1C_SGP.tif,INSAT3D_TIR1_India,2019-11-07 22:00:00,Gujarat,Devbhumi Dwarka,22.2078,69.6582,591.11,22.64,Moderate Rain
INSAT3D_TIR1_India/3DIMG_07NOV2019_2200_L1C_SGP.tif,3DIMG_07NOV2019_2200_L1C_SGP.tif,INSAT3D_TIR1_India,2019-11-07 22:00:00,Gujarat,Gandhinagar,23.2156,72.6369,649.67,17.28,Moderate Rain
INSAT3D_TIR1_India/3DIMG_07NOV2019_2200_L1C_SGP.tif,3DIMG_07NOV2019_2200_L1C_SGP.tif,INSAT3D_TIR1_India,2019-11-07 22:00:00,Gujarat,Gir Somnath,20.9042,70.3644,566.0,29.47,Moderate Rain
INSAT3D_TIR1_India/3DIMG_07NOV2019_2200_L1C_SGP.tif,3DIMG_07NOV2019_2200_L1C_SGP.tif,INSAT3D_TIR1_India,2019-11-07 22:00:00,Gujarat,Jamnagar,22.4707,70.0577,585.67,25.14,Moderate Rain
INSAT3D_TIR1_India/3DIMG_07NOV2019_2200_L1C_SGP.tif,3DIMG_07NOV2019_2200_L1C_SGP.tif,INSAT3D_TIR1_India,2019-11-07 22:00:00,Gujarat,Junagadh,21.5222,70.4579,586.11,28.52,Moderate Rain
INSAT3D_TIR1_India/3DIMG_07NOV2019_2200_L1C_SGP.tif,3DIMG_07NOV2019_2200_L1C_SGP.tif,INSAT3D_TIR1_India,2019-11-07 22:00:00,Gujarat,Kheda,22.6916,72.8634,683.89,13.44,Moderate Rain
INSAT3D_TIR1_India/3DIMG_07NOV2019_2200_L1C_SGP.tif,3DIMG_07NOV2019_2200_L1C_SGP.tif,INSAT3D_TIR1_India,2019-11-07 22:00:00,Gujarat,Kutch (Bhuj),23.242,69.6669,601.78,22.38,Moderate Rain
INSAT3D_TIR1_India/3DIMG_07NOV2019_2200_L1C_SGP.tif,3DIMG_07NOV2019_2200_L1C_SGP.tif,INSAT3D_TIR1_India,2019-11-07 22:00:00,Gujarat,Mahisagar,23.1311,73.6009,694.22,9.33,Moderate Rain
INSAT3D_TIR1_India/3DIMG_07NOV2019_2200_L1C_SGP.tif,3DIMG_07NOV2019_2200_L1C_SGP.tif,INSAT3D_TIR1_India,2019-11-07 22:00:00,Gujarat,Mehsana,23.588,72.3693,589.33,22.84,Moderate Rain
INSAT3D_TIR1_India/3DIMG_07NOV2019_2200_L1C_SGP.tif,3DIMG_07NOV2019_2200_L1C_SGP.tif,INSAT3D_TIR1_India,2019-11-07 22:00:00,Gujarat,Morbi,22.8173,70.8368,588.11,26.01,Moderate Rain
INSAT3D_TIR1_India/3DIMG_07NOV2019_2200_L1C_SGP.tif,3DIMG_07NOV2019_2200_L1C_SGP.tif,INSAT3D_TIR1_India,2019-11-07 22:00:00,Gujarat,Narmada,21.8719,73.5028,674.44,12.18,Moderate Rain
INSAT3D_TIR1_India/3DIMG_07NOV2019_2200_L1C_SGP.tif,3DIMG_07NOV2019_2200_L1C_SGP.tif,INSAT3D_TIR1_India,2019-11-07 22:00:00,Gujarat,Navsari,20.9467,72.952,831.22,0.11,Light Rain
INSAT3D_TIR1_India/3DIMG_07NOV2019_2200_L1C_SGP.tif,3DIMG_07NOV2019_2200_L1C_SGP.tif,INSAT3D_TIR1_India,2019-11-07 22:00:00,Gujarat,Panchmahal,22.778,73.6143,700.67,8.66,Moderate Rain
INSAT3D_TIR1_India/3DIMG_07NOV2019_2200_L1C_SGP.tif,3DIMG_07NOV2019_2200_L1C_SGP.tif,INSAT3D_TIR1_India,2019-11-07 22:00:00,Gujarat,Patan,23.8493,72.1266,591.0,23.96,Moderate Rain
INSAT3D_TIR1_India/3DIMG_07NOV2019_2200_L1C_SGP.tif,3DIMG_07NOV2019_2200_L1C_SGP.tif,INSAT3D_TIR1_India,2019-11-07 22:00:00,Gujarat,Porbandar,21.6417,69.6293,565.89,29.33,Moderate Rain
INSAT3D_TIR1_India/3DIMG_07NOV2019_2200_L1C_SGP.tif,3DIMG_07NOV2019_2200_L1C_SGP.tif,INSAT3D_TIR1_India,2019-11-07 22:00:00,Gujarat,Rajkot,22.3039,70.8022,587.22,23.59,Moderate Rain
INSAT3D_TIR1_India/3DIMG_07NOV2019_2200_L1C_SGP.tif,3DIMG_07NOV2019_2200_L1C_SGP.tif,INSAT3D_TIR1_India,2019-11-07 22:00:00,Gujarat,Sabarkantha,23.5977,72.9688,607.56,22.76,Moderate Rain
INSAT3D_TIR1_India/3DIMG_07NOV2019_2200_L1C_SGP.tif,3DIMG_07NOV2019_2200_L1C_SGP.tif,INSAT3D_TIR1_India,2019-11-07 22:00:00,Gujarat,Surat,21.1702,72.8311,847.44,0.21,Light Rain
INSAT3D_TIR1_India/3DIMG_07NOV2019_2200_L1C_SGP.tif,3DIMG_07NOV2019_2200_L1C_SGP.tif,INSAT3D_TIR1_India,2019-11-07 22:00:00,Gujarat,Surendranagar,22.7274,71.637,586.56,28.29,Moderate Rain
INSAT3D_TIR1_India/3DIMG_07NOV2019_2200_L1C_SGP.tif,3DIMG_07NOV2019_2200_L1C_SGP.tif,INSAT3D_TIR1_India,2019-11-07 22:00:00,Gujarat,Tapi,21.1147,73.3986,816.89,0.0,No Rain
INSAT3D_TIR1_India/3DIMG_07NOV2019_2200_L1C_SGP.tif,3DIMG_07NOV2019_2200_L1C_SGP.tif,INSAT3D_TIR1_India,2019-11-07 22:00:00,Gujarat,Vadodara,22.3072,73.1812,751.11,0.0,No Rain
INSAT3D_TIR1_India/3DIMG_07NOV2019_2200_L1C_SGP.tif,3DIMG_07NOV2019_2200_L1C_SGP.tif,INSAT3D_TIR1_India,2019-11-07 22:00:00,Gujarat,Valsad,20.5992,72.9342,746.22,4.46,Light Rain
INSAT3D_TIR1_India/3DIMG_07NOV2019_2230_L1C_SGP.tif,3DIMG_07NOV2019_2230_L1C_SGP.tif,INSAT3D_TIR1_India,2019-11-07 22:30:00,Gujarat,Ahmedabad,23.0225,72.5714,666.78,15.34,Moderate Rain
INSAT3D_TIR1_India/3DIMG_07NOV2019_2230_L1C_SGP.tif,3DIMG_07NOV2019_2230_L1C_SGP.tif,INSAT3D_TIR1_India,2019-11-07 22:30:00,Gujarat,Amreli,21.6032,71.2221,587.11,26.67,Moderate Rain
INSAT3D_TIR1_India/3DIMG_07NOV2019_2230_L1C_SGP.tif,3DIMG_07NOV2019_2230_L1C_SGP.tif,INSAT3D_TIR1_India,2019-11-07 22:30:00,Gujarat,Anand,22.5645,72.9289,683.22,12.57,Moderate Rain
INSAT3D_TIR1_India/3DIMG_07NOV2019_2230_L1C_SGP.tif,3DIMG_07NOV2019_2230_L1C_SGP.tif,INSAT3D_TIR1_India,2019-11-07 22:30:00,Gujarat,Aravalli,23.4619,73.3039,678.22,10.2,Moderate Rain
INSAT3D_TIR1_India/3DIMG_07NOV2019_2230_L1C_SGP.tif,3DIMG_07NOV2019_2230_L1C_SGP.tif,INSAT3D_TIR1_India,2019-11-07 22:30:00,Gujarat,Banaskantha,24.1724,72.4346,602.44,24.18,Moderate Rain
INSAT3D_TIR1_India/3DIMG_07NOV2019_2230_L1C_SGP.tif,3DIMG_07NOV2019_2230_L1C_SGP.tif,INSAT3D_TIR1_India,2019-11-07 22:30:00,Gujarat,Bharuch,21.7051,72.9959,840.22,2.76,Light Rain
INSAT3D_TIR1_India/3DIMG_07NOV2019_2230_L1C_SGP.tif,3DIMG_07NOV2019_2230_L1C_SGP.tif,INSAT3D_TIR1_India,2019-11-07 22:30:00,Gujarat,Bhavnagar,21.7645,72.1519,629.56,19.63,Moderate Rain
INSAT3D_TIR1_India/3DIMG_07NOV2019_2230_L1C_SGP.tif,3DIMG_07NOV2019_2230_L1C_SGP.tif,INSAT3D_TIR1_India,2019-11-07 22:30:00,Gujarat,Botad,22.1704,71.6662,601.22,24.12,Moderate Rain
INSAT3D_TIR1_India/3DIMG_07NOV2019_2230_L1C_SGP.tif,3DIMG_07NOV2019_2230_L1C_SGP.tif,INSAT3D_TIR1_India,2019-11-07 22:30:00,Gujarat,Chhota Udepur,22.3108,74.0125,627.67,19.55,Moderate Rain
INSAT3D_TIR1_India/3DIMG_07NOV2019_2230_L1C_SGP.tif,3DIMG_07NOV2019_2230_L1C_SGP.tif,INSAT3D_TIR1_India,2019-11-07 22:30:00,Gujarat,Dahod,22.8347,74.2552,693.11,12.62,Moderate Rain
INSAT3D_TIR1_India/3DIMG_07NOV2019_2230_L1C_SGP.tif,3DIMG_07NOV2019_2230_L1C_SGP.tif,INSAT3D_TIR1_India,2019-11-07 22:30:00,Gujarat,Dang,20.7554,73.6873,681.56,10.64,Moderate Rain
INSAT3D_TIR1_India/3DIMG_07NOV2019_2230_L1C_SGP.tif,3DIMG_07NOV2019_2230_L1C_SGP.tif,INSAT3D_TIR1_India,2019-11-07 22:30:00,Gujarat,Devbhumi Dwarka,22.2078,69.6582,589.67,22.86,Moderate Rain
INSAT3D_TIR1_India/3DIMG_07NOV2019_2230_L1C_SGP.tif,3DIMG_07NOV2019_2230_L1C_SGP.tif,INSAT3D_TIR1_India,2019-11-07 22:30:00,Gujarat,Gandhinagar,23.2156,72.6369,633.44,19.71,Moderate Rain
INSAT3D_TIR1_India/3DIMG_07NOV2019_2230_L1C_SGP.tif,3DIMG_07NOV2019_2230_L1C_SGP.tif,INSAT3D_TIR1_India,2019-11-07 22:30:00,Gujarat,Gir Somnath,20.9042,70.3644,560.78,30.26,Moderate Rain
INSAT3D_TIR1_India/3DIMG_07NOV2019_2230_L1C_SGP.tif,3DIMG_07NOV2019_2230_L1C_SGP.tif,INSAT3D_TIR1_India,2019-11-07 22:30:00,Gujarat,Jamnagar,22.4707,70.0577,586.0,25.09,Moderate Rain
INSAT3D_TIR1_India/3DIMG_07NOV2019_2230_L1C_SGP.tif,3DIMG_07NOV2019_2230_L1C_SGP.tif,INSAT3D_TIR1_India,2019-11-07 22:30:00,Gujarat,Junagadh,21.5222,70.4579,583.44,28.92,Moderate Rain
INSAT3D_TIR1_India/3DIMG_07NOV2019_2230_L1C_SGP.tif,3DIMG_07NOV2019_2230_L1C_SGP.tif,INSAT3D_TIR1_India,2019-11-07 22:30:00,Gujarat,Kheda,22.6916,72.8634,679.44,14.1,Moderate Rain
INSAT3D_TIR1_India/3DIMG_07NOV2019_2230_L1C_SGP.tif,3DIMG_07NOV2019_2230_L1C_SGP.tif,INSAT3D_TIR1_India,2019-11-07 22:30:00,Gujarat,Kutch (Bhuj),23.242,69.6669,595.56,23.32,Moderate Rain
INSAT3D_TIR1_India/3DIMG_07NOV2019_2230_L1C_SGP.tif,3DIMG_07NOV2019_2230_L1C_SGP.tif,INSAT3D_TIR1_India,2019-11-07 22:30:00,Gujarat,Mahisagar,23.1311,73.6009,699.44,8.55,Moderate Rain
INSAT3D_TIR1_India/3DIMG_07NOV2019_2230_L1C_SGP.tif,3DIMG_07NOV2019_2230_L1C_SGP.tif,INSAT3D_TIR1_India,2019-11-07 22:30:00,Gujarat,Mehsana,23.588,72.3693,588.78,22.93,Moderate Rain
INSAT3D_TIR1_India/3DIMG_07NOV2019_2230_L1C_SGP.tif,3DIMG_07NOV2019_2230_L1C_SGP.tif,INSAT3D_TIR1_India,2019-11-07 22:30:00,Gujarat,Morbi,22.8173,70.8368,588.67,25.93,Moderate Rain
INSAT3D_TIR1_India/3DIMG_07NOV2019_2230_L1C_SGP.tif,3DIMG_07NOV2019_2230_L1C_SGP.tif,INSAT3D_TIR1_India,2019-11-07 22:30:00,Gujarat,Narmada,21.8719,73.5028,736.56,2.86,Light Rain
INSAT3D_TIR1_India/3DIMG_07NOV2019_2230_L1C_SGP.tif,3DIMG_07NOV2019_2230_L1C_SGP.tif,INSAT3D_TIR1_India,2019-11-07 22:30:00,Gujarat,Navsari,20.9467,72.952,828.33,0.11,Light Rain
INSAT3D_TIR1_India/3DIMG_07NOV2019_2230_L1C_SGP.tif,3DIMG_07NOV2019_2230_L1C_SGP.tif,INSAT3D_TIR1_India,2019-11-07 22:30:00,Gujarat,Panchmahal,22.778,73.6143,719.89,5.77,Light Rain
INSAT3D_TIR1_India/3DIMG_07NOV2019_2230_L1C_SGP.tif,3DIMG_07NOV2019_2230_L1C_SGP.tif,INSAT3D_TIR1_India,2019-11-07 22:30:00,Gujarat,Patan,23.8493,72.1266,589.33,24.21,Moderate Rain
INSAT3D_TIR1_India/3DIMG_07NOV2019_2230_L1C_SGP.tif,3DIMG_07NOV2019_2230_L1C_SGP.tif,INSAT3D_TIR1_India,2019-11-07 22:30:00,Gujarat,Porbandar,21.6417,69.6293,556.89,30.68,Moderate Rain
INSAT3D_TIR1_India/3DIMG_07NOV2019_2230_L1C_SGP.tif,3DIMG_07NOV2019_2230_L1C_SGP.tif,INSAT3D_TIR1_India,2019-11-07 22:30:00,Gujarat,Rajkot,22.3039,70.8022,587.67,23.53,Moderate Rain
INSAT3D_TIR1_India/3DIMG_07NOV2019_2230_L1C_SGP.tif,3DIMG_07NOV2019_2230_L1C_SGP.tif,INSAT3D_TIR1_India,2019-11-07 22:30:00,Gujarat,Sabarkantha,23.5977,72.9688,601.0,23.74,Moderate Rain
INSAT3D_TIR1_India/3DIMG_07NOV2019_2230_L1C_SGP.tif,3DIMG_07NOV2019_2230_L1C_SGP.tif,INSAT3D_TIR1_India,2019-11-07 22:30:00,Gujarat,Surat,21.1702,72.8311,840.89,0.21,Light Rain
INSAT3D_TIR1_India/3DIMG_07NOV2019_2230_L1C_SGP.tif,3DIMG_07NOV2019_2230_L1C_SGP.tif,INSAT3D_TIR1_India,2019-11-07 22:30:00,Gujarat,Surendranagar,22.7274,71.637,584.11,28.65,Moderate Rain
INSAT3D_TIR1_India/3DIMG_07NOV2019_2230_L1C_SGP.tif,3DIMG_07NOV2019_2230_L1C_SGP.tif,INSAT3D_TIR1_India,2019-11-07 22:30:00,Gujarat,Tapi,21.1147,73.3986,820.89,0.0,No Rain
INSAT3D_TIR1_India/3DIMG_07NOV2019_2230_L1C_SGP.tif,3DIMG_07NOV2019_2230_L1C_SGP.tif,INSAT3D_TIR1_India,2019-11-07 22:30:00,Gujarat,Vadodara,22.3072,73.1812,827.11,0.0,No Rain
INSAT3D_TIR1_India/3DIMG_07NOV2019_2230_L1C_SGP.tif,3DIMG_07NOV2019_2230_L1C_SGP.tif,INSAT3D_TIR1_India,2019-11-07 22:30:00,Gujarat,Valsad,20.5992,72.9342,773.22,2.39,Light Rain
INSAT3D_TIR1_India/3DIMG_07NOV2019_2300_L1C_SGP.tif,3DIMG_07NOV2019_2300_L1C_SGP.tif,INSAT3D_TIR1_India,2019-11-07 23:00:00,Gujarat,Ahmedabad,23.0225,72.5714,637.56,19.73,Moderate Rain
INSAT3D_TIR1_India/3DIMG_07NOV2019_2300_L1C_SGP.tif,3DIMG_07NOV2019_2300_L1C_SGP.tif,INSAT3D_TIR1_India,2019-11-07 23:00:00,Gujarat,Amreli,21.6032,71.2221,584.56,27.05,Moderate Rain
INSAT3D_TIR1_India/3DIMG_07NOV2019_2300_L1C_SGP.tif,3DIMG_07NOV2019_2300_L1C_SGP.tif,INSAT3D_TIR1_India,2019-11-07 23:00:00,Gujarat,Anand,22.5645,72.9289,680.22,13.02,Moderate Rain
INSAT3D_TIR1_India/3DIMG_07NOV2019_2300_L1C_SGP.tif,3DIMG_07NOV2019_2300_L1C_SGP.tif,INSAT3D_TIR1_India,2019-11-07 23:00:00,Gujarat,Aravalli,23.4619,73.3039,659.0,13.08,Moderate Rain
INSAT3D_TIR1_India/3DIMG_07NOV2019_2300_L1C_SGP.tif,3DIMG_07NOV2019_2300_L1C_SGP.tif,INSAT3D_TIR1_India,2019-11-07 23:00:00,Gujarat,Banaskantha,24.1724,72.4346,610.78,22.93,Moderate Rain
INSAT3D_TIR1_India/3DIMG_07NOV2019_2300_L1C_SGP.tif,3DIMG_07NOV2019_2300_L1C_SGP.tif,INSAT3D_TIR1_India,2019-11-07 23:00:00,Gujarat,Bharuch,21.7051,72.9959,690.0,13.26,Moderate Rain
INSAT3D_TIR1_India/3DIMG_07NOV2019_2300_L1C_SGP.tif,3DIMG_07NOV2019_2300_L1C_SGP.tif,INSAT3D_TIR1_India,2019-11-07 23:00:00,Gujarat,Bhavnagar,21.7645,72.1519,632.89,19.13,Moderate Rain
INSAT3D_TIR1_India/3DIMG_07NOV2019_2300_L1C_SGP.tif,3DIMG_07NOV2019_2300_L1C_SGP.tif,INSAT3D_TIR1_India,2019-11-07 23:00:00,Gujarat,Botad,22.1704,71.6662,603.0,23.85,Moderate Rain
INSAT3D_TIR1_India/3DIMG_07NOV2019_2300_L1C_SGP.tif,3DIMG_07NOV2019_2300_L1C_SGP.tif,INSAT3D_TIR1_India,2019-11-07 23:00:00,Gujarat,Chhota Udepur,22.3108,74.0125,634.44,18.53,Moderate Rain
INSAT3D_TIR1_India/3DIMG_07NOV2019_2300_L1C_SGP.tif,3DIMG_07NOV2019_2300_L1C_SGP.tif,INSAT3D_TIR1_India,2019-11-07 23:00:00,Gujarat,Dahod,22.8347,74.2552,687.89,13.4,Moderate Rain
INSAT3D_TIR1_India/3DIMG_07NOV2019_2300_L1C_SGP.tif,3DIMG_07NOV2019_2300_L1C_SGP.tif,INSAT3D_TIR1_India,2019-11-07 23:00:00,Gujarat,Dang,20.7554,73.6873,787.78,0.0,No Rain
INSAT3D_TIR1_India/3DIMG_07NOV2019_2300_L1C_SGP.tif,3DIMG_07NOV2019_2300_L1C_SGP.tif,INSAT3D_TIR1_India,2019-11-07 23:00:00,Gujarat,Devbhumi Dwarka,22.2078,69.6582,584.67,23.61,Moderate Rain
INSAT3D_TIR1_India/3DIMG_07NOV2019_2300_L1C_SGP.tif,3DIMG_07NOV2019_2300_L1C_SGP.tif,INSAT3D_TIR1_India,2019-11-07 23:00:00,Gujarat,Gandhinagar,23.2156,72.6369,602.67,24.33,Moderate Rain
INSAT3D_TIR1_India/3DIMG_07NOV2019_2300_L1C_SGP.tif,3DIMG_07NOV2019_2300_L1C_SGP.tif,INSAT3D_TIR1_India,2019-11-07 23:00:00,Gujarat,Gir Somnath,20.9042,70.3644,567.0,29.32,Moderate Rain
INSAT3D_TIR1_India/3DIMG_07NOV2019_2300_L1C_SGP.tif,3DIMG_07NOV2019_2300_L1C_SGP.tif,INSAT3D_TIR1_India,2019-11-07 23:00:00,Gujarat,Jamnagar,22.4707,70.0577,582.78,25.57,Moderate Rain
INSAT3D_TIR1_India/3DIMG_07NOV2019_2300_L1C_SGP.tif,3DIMG_07NOV2019_2300_L1C_SGP.tif,INSAT3D_TIR1_India,2019-11-07 23:00:00,Gujarat,Junagadh,21.5222,70.4579,584.33,28.79,Moderate Rain
INSAT3D_TIR1_India/3DIMG_07NOV2019_2300_L1C_SGP.tif,3DIMG_07NOV2019_2300_L1C_SGP.tif,INSAT3D_TIR1_India,2019-11-07 23:00:00,Gujarat,Kheda,22.6916,72.8634,680.11,14.0,Moderate Rain
INSAT3D_TIR1_India/3DIMG_07NOV2019_2300_L1C_SGP.tif,3DIMG_07NOV2019_2300_L1C_SGP.tif,INSAT3D_TIR1_India,2019-11-07 23:00:00,Gujarat,Kutch (Bhuj),23.242,69.6669,598.89,22.82,Moderate Rain
INSAT3D_TIR1_India/3DIMG_07NOV2019_2300_L1C_SGP.tif,3DIMG_07NOV2019_2300_L1C_SGP.tif,INSAT3D_TIR1_India,2019-11-07 23:00:00,Gujarat,Mahisagar,23.1311,73.6009,718.44,5.7,Light Rain
INSAT3D_TIR1_India/3DIMG_07NOV2019_2300_L1C_SGP.tif,3DIMG_07NOV2019_2300_L1C_SGP.tif,INSAT3D_TIR1_India,2019-11-07 23:00:00,Gujarat,Mehsana,23.588,72.3693,600.56,21.16,Moderate Rain
INSAT3D_TIR1_India/3DIMG_07NOV2019_2300_L1C_SGP.tif,3DIMG_07NOV2019_2300_L1C_SGP.tif,INSAT3D_TIR1_India,2019-11-07 23:00:00,Gujarat,Morbi,22.8173,70.8368,588.0,26.03,Moderate Rain
INSAT3D_TIR1_India/3DIMG_07NOV2019_2300_L1C_SGP.tif,3DIMG_07NOV2019_2300_L1C_SGP.tif,INSAT3D_TIR1_India,2019-11-07 23:00:00,Gujarat,Narmada,21.8719,73.5028,729.22,3.96,Light Rain
INSAT3D_TIR1_India/3DIMG_07NOV2019_2300_L1C_SGP.tif,3DIMG_07NOV2019_2300_L1C_SGP.tif,INSAT3D_TIR1_India,2019-11-07 23:00:00,Gujarat,Navsari,20.9467,72.952,795.89,0.11,Light Rain
INSAT3D_TIR1_India/3DIMG_07NOV2019_2300_L1C_SGP.tif,3DIMG_07NOV2019_2300_L1C_SGP.tif,INSAT3D_TIR1_India,2019-11-07 23:00:00,Gujarat,Panchmahal,22.778,73.6143,716.11,6.34,Light Rain
INSAT3D_TIR1_India/3DIMG_07NOV2019_2300_L1C_SGP.tif,3DIMG_07NOV2019_2300_L1C_SGP.tif,INSAT3D_TIR1_India,2019-11-07 23:00:00,Gujarat,Patan,23.8493,72.1266,587.44,24.49,Moderate Rain
INSAT3D_TIR1_India/3DIMG_07NOV2019_2300_L1C_SGP.tif,3DIMG_07NOV2019_2300_L1C_SGP.tif,INSAT3D_TIR1_India,2019-11-07 23:00:00,Gujarat,Porbandar,21.6417,69.6293,569.56,28.78,Moderate Rain
INSAT3D_TIR1_India/3DIMG_07NOV2019_2300_L1C_SGP.tif,3DIMG_07NOV2019_2300_L1C_SGP.tif,INSAT3D_TIR1_India,2019-11-07 23:00:00,Gujarat,Rajkot,22.3039,70.8022,582.22,24.34,Moderate Rain
INSAT3D_TIR1_India/3DIMG_07NOV2019_2300_L1C_SGP.tif,3DIMG_07NOV2019_2300_L1C_SGP.tif,INSAT3D_TIR1_India,2019-11-07 23:00:00,Gujarat,Sabarkantha,23.5977,72.9688,596.78,24.38,Moderate Rain
INSAT3D_TIR1_India/3DIMG_07NOV2019_2300_L1C_SGP.tif,3DIMG_07NOV2019_2300_L1C_SGP.tif,INSAT3D_TIR1_India,2019-11-07 23:00:00,Gujarat,Surat,21.1702,72.8311,830.33,0.21,Light Rain
INSAT3D_TIR1_India/3DIMG_07NOV2019_2300_L1C_SGP.tif,3DIMG_07NOV2019_2300_L1C_SGP.tif,INSAT3D_TIR1_India,2019-11-07 23:00:00,Gujarat,Surendranagar,22.7274,71.637,579.56,29.34,Moderate Rain
INSAT3D_TIR1_India/3DIMG_07NOV2019_2300_L1C_SGP.tif,3DIMG_07NOV2019_2300_L1C_SGP.tif,INSAT3D_TIR1_India,2019-11-07 23:00:00,Gujarat,Tapi,21.1147,73.3986,732.78,1.4,Light Rain
INSAT3D_TIR1_India/3DIMG_07NOV2019_2300_L1C_SGP.tif,3DIMG_07NOV2019_2300_L1C_SGP.tif,INSAT3D_TIR1_India,2019-11-07 23:00:00,Gujarat,Vadodara,22.3072,73.1812,737.0,2.08,Light Rain
INSAT3D_TIR1_India/3DIMG_07NOV2019_2300_L1C_SGP.tif,3DIMG_07NOV2019_2300_L1C_SGP.tif,INSAT3D_TIR1_India,2019-11-07 23:00:00,Gujarat,Valsad,20.5992,72.9342,684.0,13.79,Moderate Rain
INSAT3D_TIR1_India/3DIMG_07NOV2019_2330_L1C_SGP.tif,3DIMG_07NOV2019_2330_L1C_SGP.tif,INSAT3D_TIR1_India,2019-11-07 23:30:00,Gujarat,Ahmedabad,23.0225,72.5714,602.78,24.94,Moderate Rain
INSAT3D_TIR1_India/3DIMG_07NOV2019_2330_L1C_SGP.tif,3DIMG_07NOV2019_2330_L1C_SGP.tif,INSAT3D_TIR1_India,2019-11-07 23:30:00,Gujarat,Amreli,21.6032,71.2221,583.11,27.27,Moderate Rain
INSAT3D_TIR1_India/3DIMG_07NOV2019_2330_L1C_SGP.tif,3DIMG_07NOV2019_2330_L1C_SGP.tif,INSAT3D_TIR1_India,2019-11-07 23:30:00,Gujarat,Anand,22.5645,72.9289,669.89,14.57,Moderate Rain
INSAT3D_TIR1_India/3DIMG_07NOV2019_2330_L1C_SGP.tif,3DIMG_07NOV2019_2330_L1C_SGP.tif,INSAT3D_TIR1_India,2019-11-07 23:30:00,Gujarat,Aravalli,23.4619,73.3039,634.56,16.75,Moderate Rain
INSAT3D_TIR1_India/3DIMG_07NOV2019_2330_L1C_SGP.tif,3DIMG_07NOV2019_2330_L1C_SGP.tif,INSAT3D_TIR1_India,2019-11-07 23:30:00,Gujarat,Banaskantha,24.1724,72.4346,596.22,25.12,Moderate Rain
INSAT3D_TIR1_India/3DIMG_07NOV2019_2330_L1C_SGP.tif,3DIMG_07NOV2019_2330_L1C_SGP.tif,INSAT3D_TIR1_India,2019-11-07 23:30:00,Gujarat,Bharuch,21.7051,72.9959,644.22,20.13,Moderate Rain
INSAT3D_TIR1_India/3DIMG_07NOV2019_2330_L1C_SGP.tif,3DIMG_07NOV2019_2330_L1C_SGP.tif,INSAT3D_TIR1_India,2019-11-07 23:30:00,Gujarat,Bhavnagar,21.7645,72.1519,642.11,17.74,Moderate Rain
INSAT3D_TIR1_India/3DIMG_07NOV2019_2330_L1C_SGP.tif,3DIMG_07NOV2019_2330_L1C_SGP.tif,INSAT3D_TIR1_India,2019-11-07 23:30:00,Gujarat,Botad,22.1704,71.6662,593.44,25.29,Moderate Rain
INSAT3D_TIR1_India/3DIMG_07NOV2019_2330_L1C_SGP.tif,3DIMG_07NOV2019_2330_L1C_SGP.tif,INSAT3D_TIR1_India,2019-11-07 23:30:00,Gujarat,Chhota Udepur,22.3108,74.0125,664.11,14.08,Moderate Rain
INSAT3D_TIR1_India/3DIMG_07NOV2019_2330_L1C_SGP.tif,3DIMG_07NOV2019_2330_L1C_SGP.tif,INSAT3D_TIR1_India,2019-11-07 23:30:00,Gujarat,Dahod,22.8347,74.2552,690.22,13.05,Moderate Rain
INSAT3D_TIR1_India/3DIMG_07NOV2019_2330_L1C_SGP.tif,3DIMG_07NOV2019_2330_L1C_SGP.tif,INSAT3D_TIR1_India,2019-11-07 23:30:00,Gujarat,Dang,20.7554,73.6873,673.78,11.81,Moderate Rain
INSAT3D_TIR1_India/3DIMG_07NOV2019_2330_L1C_SGP.tif,3DIMG_07NOV2019_2330_L1C_SGP.tif,INSAT3D_TIR1_India,2019-11-07 23:30:00,Gujarat,Devbhumi Dwarka,22.2078,69.6582,585.33,23.51,Moderate Rain
INSAT3D_TIR1_India/3DIMG_07NOV2019_2330_L1C_SGP.tif,3DIMG_07NOV2019_2330_L1C_SGP.tif,INSAT3D_TIR1_India,2019-11-07 23:30:00,Gujarat,Gandhinagar,23.2156,72.6369,595.78,25.36,Moderate Rain
INSAT3D_TIR1_India/3DIMG_07NOV2019_2330_L1C_SGP.tif,3DIMG_07NOV2019_2330_L1C_SGP.tif,INSAT3D_TIR1_India,2019-11-07 23:30:00,Gujarat,Gir Somnath,20.9042,70.3644,563.67,29.82,Moderate Rain
INSAT3D_TIR1_India/3DIMG_07NOV2019_2330_L1C_SGP.tif,3DIMG_07NOV2019_2330_L1C_SGP.tif,INSAT3D_TIR1_India,2019-11-07 23:30:00,Gujarat,Jamnagar,22.4707,70.0577,579.56,26.05,Moderate Rain
INSAT3D_TIR1_India/3DIMG_07NOV2019_2330_L1C_SGP.tif,3DIMG_07NOV2019_2330_L1C_SGP.tif,INSAT3D_TIR1_India,2019-11-07 23:30:00,Gujarat,Junagadh,21.5222,70.4579,579.56,29.5,Moderate Rain
INSAT3D_TIR1_India/3DIMG_07NOV2019_2330_L1C_SGP.tif,3DIMG_07NOV2019_2330_L1C_SGP.tif,INSAT3D_TIR1_India,2019-11-07 23:30:00,Gujarat,Kheda,22.6916,72.8634,670.78,15.4,Moderate Rain
INSAT3D_TIR1_India/3DIMG_07NOV2019_2330_L1C_SGP.tif,3DIMG_07NOV2019_2330_L1C_SGP.tif,INSAT3D_TIR1_India,2019-11-07 23:30:00,Gujarat,Kutch (Bhuj),23.242,69.6669,595.67,23.3,Moderate Rain
INSAT3D_TIR1_India/3DIMG_07NOV2019_2330_L1C_SGP.tif,3DIMG_07NOV2019_2330_L1C_SGP.tif,INSAT3D_TIR1_India,2019-11-07 23:30:00,Gujarat,Mahisagar,23.1311,73.6009,717.33,5.87,Light Rain
INSAT3D_TIR1_India/3DIMG_07NOV2019_2330_L1C_SGP.tif,3DIMG_07NOV2019_2330_L1C_SGP.tif,INSAT3D_TIR1_India,2019-11-07 23:30:00,Gujarat,Mehsana,23.588,72.3693,582.44,23.88,Moderate Rain
INSAT3D_TIR1_India/3DIMG_07NOV2019_2330_L1C_SGP.tif,3DIMG_07NOV2019_2330_L1C_SGP.tif,INSAT3D_TIR1_India,2019-11-07 23:30:00,Gujarat,Morbi,22.8173,70.8368,592.0,25.43,Moderate Rain
INSAT3D_TIR1_India/3DIMG_07NOV2019_2330_L1C_SGP.tif,3DIMG_07NOV2019_2330_L1C_SGP.tif,INSAT3D_TIR1_India,2019-11-07 23:30:00,Gujarat,Narmada,21.8719,73.5028,661.56,14.11,Moderate Rain
INSAT3D_TIR1_India/3DIMG_07NOV2019_2330_L1C_SGP.tif,3DIMG_07NOV2019_2330_L1C_SGP.tif,INSAT3D_TIR1_India,2019-11-07 23:30:00,Gujarat,Navsari,20.9467,72.952,717.56,6.47,Light Rain
INSAT3D_TIR1_India/3DIMG_07NOV2019_2330_L1C_SGP.tif,3DIMG_07NOV2019_2330_L1C_SGP.tif,INSAT3D_TIR1_India,2019-11-07 23:30:00,Gujarat,Panchmahal,22.778,73.6143,689.0,10.41,Moderate Rain
INSAT3D_TIR1_India/3DIMG_07NOV2019_2330_L1C_SGP.tif,3DIMG_07NOV2019_2330_L1C_SGP.tif,INSAT3D_TIR1_India,2019-11-07 23:30:00,Gujarat,Patan,23.8493,72.1266,603.89,22.02,Moderate Rain
INSAT3D_TIR1_India/3DIMG_07NOV2019_2330_L1C_SGP.tif,3DIMG_07NOV2019_2330_L1C_SGP.tif,INSAT3D_TIR1_India,2019-11-07 23:30:00,Gujarat,Porbandar,21.6417,69.6293,562.56,29.83,Moderate Rain
INSAT3D_TIR1_India/3DIMG_07NOV2019_2330_L1C_SGP.tif,3DIMG_07NOV2019_2330_L1C_SGP.tif,INSAT3D_TIR1_India,2019-11-07 23:30:00,Gujarat,Rajkot,22.3039,70.8022,580.67,24.58,Moderate Rain
INSAT3D_TIR1_India/3DIMG_07NOV2019_2330_L1C_SGP.tif,3DIMG_07NOV2019_2330_L1C_SGP.tif,INSAT3D_TIR1_India,2019-11-07 23:30:00,Gujarat,Sabarkantha,23.5977,72.9688,589.78,25.43,Moderate Rain
INSAT3D_TIR1_India/3DIMG_07NOV2019_2330_L1C_SGP.tif,3DIMG_07NOV2019_2330_L1C_SGP.tif,INSAT3D_TIR1_India,2019-11-07 23:30:00,Gujarat,Surat,21.1702,72.8311,698.67,9.41,Moderate Rain
INSAT3D_TIR1_India/3DIMG_07NOV2019_2330_L1C_SGP.tif,3DIMG_07NOV2019_2330_L1C_SGP.tif,INSAT3D_TIR1_India,2019-11-07 23:30:00,Gujarat,Surendranagar,22.7274,71.637,578.44,29.5,Moderate Rain
INSAT3D_TIR1_India/3DIMG_07NOV2019_2330_L1C_SGP.tif,3DIMG_07NOV2019_2330_L1C_SGP.tif,INSAT3D_TIR1_India,2019-11-07 23:30:00,Gujarat,Tapi,21.1147,73.3986,704.67,5.62,Light Rain
INSAT3D_TIR1_India/3DIMG_07NOV2019_2330_L1C_SGP.tif,3DIMG_07NOV2019_2330_L1C_SGP.tif,INSAT3D_TIR1_India,2019-11-07 23:30:00,Gujarat,Vadodara,22.3072,73.1812,677.33,11.03,Moderate Rain
INSAT3D_TIR1_India/3DIMG_07NOV2019_2330_L1C_SGP.tif,3DIMG_07NOV2019_2330_L1C_SGP.tif,INSAT3D_TIR1_India,2019-11-07 23:30:00,Gujarat,Valsad,20.5992,72.9342,643.22,19.91,Moderate Rain
INSAT3D_VIS_India/3DIMG_07NOV2019_0000_L1C_SGP_vis.tif,3DIMG_07NOV2019_0000_L1C_SGP_vis.tif,INSAT3D_VIS_India,2019-11-07 00:00:00,Gujarat,Ahmedabad,23.0225,72.5714,16.11,4.0,Light Rain
INSAT3D_VIS_India/3DIMG_07NOV2019_0000_L1C_SGP_vis.tif,3DIMG_07NOV2019_0000_L1C_SGP_vis.tif,INSAT3D_VIS_India,2019-11-07 00:00:00,Gujarat,Amreli,21.6032,71.2221,16.67,5.0,Light Rain
INSAT3D_VIS_India/3DIMG_07NOV2019_0000_L1C_SGP_vis.tif,3DIMG_07NOV2019_0000_L1C_SGP_vis.tif,INSAT3D_VIS_India,2019-11-07 00:00:00,Gujarat,Anand,22.5645,72.9289,17.56,4.9,Light Rain
INSAT3D_VIS_India/3DIMG_07NOV2019_0000_L1C_SGP_vis.tif,3DIMG_07NOV2019_0000_L1C_SGP_vis.tif,INSAT3D_VIS_India,2019-11-07 00:00:00,Gujarat,Aravalli,23.4619,73.3039,15.67,3.9,Light Rain
INSAT3D_VIS_India/3DIMG_07NOV2019_0000_L1C_SGP_vis.tif,3DIMG_07NOV2019_0000_L1C_SGP_vis.tif,INSAT3D_VIS_India,2019-11-07 00:00:00,Gujarat,Banaskantha,24.1724,72.4346,17.11,0.0,No Rain
INSAT3D_VIS_India/3DIMG_07NOV2019_0000_L1C_SGP_vis.tif,3DIMG_07NOV2019_0000_L1C_SGP_vis.tif,INSAT3D_VIS_India,2019-11-07 00:00:00,Gujarat,Bharuch,21.7051,72.9959,17.11,0.0,No Rain
INSAT3D_VIS_India/3DIMG_07NOV2019_0000_L1C_SGP_vis.tif,3DIMG_07NOV2019_0000_L1C_SGP_vis.tif,INSAT3D_VIS_India,2019-11-07 00:00:00,Gujarat,Bhavnagar,21.7645,72.1519,16.44,2.6,Light Rain
INSAT3D_VIS_India/3DIMG_07NOV2019_0000_L1C_SGP_vis.tif,3DIMG_07NOV2019_0000_L1C_SGP_vis.tif,INSAT3D_VIS_India,2019-11-07 00:00:00,Gujarat,Botad,22.1704,71.6662,16.56,1.6,Light Rain
INSAT3D_VIS_India/3DIMG_07NOV2019_0000_L1C_SGP_vis.tif,3DIMG_07NOV2019_0000_L1C_SGP_vis.tif,INSAT3D_VIS_India,2019-11-07 00:00:00,Gujarat,Chhota Udepur,22.3108,74.0125,17.0,0.0,No Rain
INSAT3D_VIS_India/3DIMG_07NOV2019_0000_L1C_SGP_vis.tif,3DIMG_07NOV2019_0000_L1C_SGP_vis.tif,INSAT3D_VIS_India,2019-11-07 00:00:00,Gujarat,Dahod,22.8347,74.2552,16.67,3.2,Light Rain
INSAT3D_VIS_India/3DIMG_07NOV2019_0000_L1C_SGP_vis.tif,3DIMG_07NOV2019_0000_L1C_SGP_vis.tif,INSAT3D_VIS_India,2019-11-07 00:00:00,Gujarat,Dang,20.7554,73.6873,17.11,0.0,No Rain
INSAT3D_VIS_India/3DIMG_07NOV2019_0000_L1C_SGP_vis.tif,3DIMG_07NOV2019_0000_L1C_SGP_vis.tif,INSAT3D_VIS_India,2019-11-07 00:00:00,Gujarat,Devbhumi Dwarka,22.2078,69.6582,17.0,2.8,Light Rain
INSAT3D_VIS_India/3DIMG_07NOV2019_0000_L1C_SGP_vis.tif,3DIMG_07NOV2019_0000_L1C_SGP_vis.tif,INSAT3D_VIS_India,2019-11-07 00:00:00,Gujarat,Gandhinagar,23.2156,72.6369,15.67,2.6,Light Rain
INSAT3D_VIS_India/3DIMG_07NOV2019_0000_L1C_SGP_vis.tif,3DIMG_07NOV2019_0000_L1C_SGP_vis.tif,INSAT3D_VIS_India,2019-11-07 00:00:00,Gujarat,Gir Somnath,20.9042,70.3644,17.22,4.0,Light Rain
INSAT3D_VIS_India/3DIMG_07NOV2019_0000_L1C_SGP_vis.tif,3DIMG_07NOV2019_0000_L1C_SGP_vis.tif,INSAT3D_VIS_India,2019-11-07 00:00:00,Gujarat,Jamnagar,22.4707,70.0577,17.0,3.1,Light Rain
INSAT3D_VIS_India/3DIMG_07NOV2019_0000_L1C_SGP_vis.tif,3DIMG_07NOV2019_0000_L1C_SGP_vis.tif,INSAT3D_VIS_India,2019-11-07 00:00:00,Gujarat,Junagadh,21.5222,70.4579,16.33,1.3,Light Rain
INSAT3D_VIS_India/3DIMG_07NOV2019_0000_L1C_SGP_vis.tif,3DIMG_07NOV2019_0000_L1C_SGP_vis.tif,INSAT3D_VIS_India,2019-11-07 00:00:00,Gujarat,Kheda,22.6916,72.8634,16.67,3.3,Light Rain
INSAT3D_VIS_India/3DIMG_07NOV2019_0000_L1C_SGP_vis.tif,3DIMG_07NOV2019_0000_L1C_SGP_vis.tif,INSAT3D_VIS_India,2019-11-07 00:00:00,Gujarat,Kutch (Bhuj),23.242,69.6669,16.22,2.9,Light Rain
INSAT3D_VIS_India/3DIMG_07NOV2019_0000_L1C_SGP_vis.tif,3DIMG_07NOV2019_0000_L1C_SGP_vis.tif,INSAT3D_VIS_India,2019-11-07 00:00:00,Gujarat,Mahisagar,23.1311,73.6009,15.89,1.2,Light Rain
INSAT3D_VIS_India/3DIMG_07NOV2019_0000_L1C_SGP_vis.tif,3DIMG_07NOV2019_0000_L1C_SGP_vis.tif,INSAT3D_VIS_India,2019-11-07 00:00:00,Gujarat,Mehsana,23.588,72.3693,16.44,3.7,Light Rain
INSAT3D_VIS_India/3DIMG_07NOV2019_0000_L1C_SGP_vis.tif,3DIMG_07NOV2019_0000_L1C_SGP_vis.tif,INSAT3D_VIS_India,2019-11-07 00:00:00,Gujarat,Morbi,22.8173,70.8368,16.22,0.3,Light Rain
INSAT3D_VIS_India/3DIMG_07NOV2019_0000_L1C_SGP_vis.tif,3DIMG_07NOV2019_0000_L1C_SGP_vis.tif,INSAT3D_VIS_India,2019-11-07 00:00:00,Gujarat,Narmada,21.8719,73.5028,16.56,0.0,No Rain
INSAT3D_VIS_India/3DIMG_07NOV2019_0000_L1C_SGP_vis.tif,3DIMG_07NOV2019_0000_L1C_SGP_vis.tif,INSAT3D_VIS_India,2019-11-07 00:00:00,Gujarat,Navsari,20.9467,72.952,17.89,4.8,Light Rain
INSAT3D_VIS_India/3DIMG_07NOV2019_0000_L1C_SGP_vis.tif,3DIMG_07NOV2019_0000_L1C_SGP_vis.tif,INSAT3D_VIS_India,2019-11-07 00:00:00,Gujarat,Panchmahal,22.778,73.6143,16.22,0.0,No Rain
INSAT3D_VIS_India/3DIMG_07NOV2019_0000_L1C_SGP_vis.tif,3DIMG_07NOV2019_0000_L1C_SGP_vis.tif,INSAT3D_VIS_India,2019-11-07 00:00:00,Gujarat,Patan,23.8493,72.1266,17.33,3.6,Light Rain
INSAT3D_VIS_India/3DIMG_07NOV2019_0000_L1C_SGP_vis.tif,3DIMG_07NOV2019_0000_L1C_SGP_vis.tif,INSAT3D_VIS_India,2019-11-07 00:00:00,Gujarat,Porbandar,21.6417,69.6293,17.78,4.9,Light Rain
INSAT3D_VIS_India/3DIMG_07NOV2019_0000_L1C_SGP_vis.tif,3DIMG_07NOV2019_0000_L1C_SGP_vis.tif,INSAT3D_VIS_India,2019-11-07 00:00:00,Gujarat,Rajkot,22.3039,70.8022,16.89,2.8,Light Rain
INSAT3D_VIS_India/3DIMG_07NOV2019_0000_L1C_SGP_vis.tif,3DIMG_07NOV2019_0000_L1C_SGP_vis.tif,INSAT3D_VIS_India,2019-11-07 00:00:00,Gujarat,Sabarkantha,23.5977,72.9688,16.33,0.0,No Rain
INSAT3D_VIS_India/3DIMG_07NOV2019_0000_L1C_SGP_vis.tif,3DIMG_07NOV2019_0000_L1C_SGP_vis.tif,INSAT3D_VIS_India,2019-11-07 00:00:00,Gujarat,Surat,21.1702,72.8311,17.44,2.5,Light Rain
INSAT3D_VIS_India/3DIMG_07NOV2019_0000_L1C_SGP_vis.tif,3DIMG_07NOV2019_0000_L1C_SGP_vis.tif,INSAT3D_VIS_India,2019-11-07 00:00:00,Gujarat,Surendranagar,22.7274,71.637,16.22,0.5,Light Rain
INSAT3D_VIS_India/3DIMG_07NOV2019_0000_L1C_SGP_vis.tif,3DIMG_07NOV2019_0000_L1C_SGP_vis.tif,INSAT3D_VIS_India,2019-11-07 00:00:00,Gujarat,Tapi,21.1147,73.3986,17.0,3.7,Light Rain
INSAT3D_VIS_India/3DIMG_07NOV2019_0000_L1C_SGP_vis.tif,3DIMG_07NOV2019_0000_L1C_SGP_vis.tif,INSAT3D_VIS_India,2019-11-07 00:00:00,Gujarat,Vadodara,22.3072,73.1812,16.89,0.0,No Rain
INSAT3D_VIS_India/3DIMG_07NOV2019_0000_L1C_SGP_vis.tif,3DIMG_07NOV2019_0000_L1C_SGP_vis.tif,INSAT3D_VIS_India,2019-11-07 00:00:00,Gujarat,Valsad,20.5992,72.9342,16.67,0.0,No Rain
INSAT3D_VIS_India/3DIMG_07NOV2019_0030_L1C_SGP_vis.tif,3DIMG_07NOV2019_0030_L1C_SGP_vis.tif,INSAT3D_VIS_India,2019-11-07 00:30:00,Gujarat,Ahmedabad,23.0225,72.5714,16.44,0.0,No Rain
INSAT3D_VIS_India/3DIMG_07NOV2019_0030_L1C_SGP_vis.tif,3DIMG_07NOV2019_0030_L1C_SGP_vis.tif,INSAT3D_VIS_India,2019-11-07 00:30:00,Gujarat,Amreli,21.6032,71.2221,17.33,4.6,Light Rain
INSAT3D_VIS_India/3DIMG_07NOV2019_0030_L1C_SGP_vis.tif,3DIMG_07NOV2019_0030_L1C_SGP_vis.tif,INSAT3D_VIS_India,2019-11-07 00:30:00,Gujarat,Anand,22.5645,72.9289,17.56,4.4,Light Rain
INSAT3D_VIS_India/3DIMG_07NOV2019_0030_L1C_SGP_vis.tif,3DIMG_07NOV2019_0030_L1C_SGP_vis.tif,INSAT3D_VIS_India,2019-11-07 00:30:00,Gujarat,Aravalli,23.4619,73.3039,16.33,0.0,No Rain
INSAT3D_VIS_India/3DIMG_07NOV2019_0030_L1C_SGP_vis.tif,3DIMG_07NOV2019_0030_L1C_SGP_vis.tif,INSAT3D_VIS_India,2019-11-07 00:30:00,Gujarat,Banaskantha,24.1724,72.4346,16.56,0.0,No Rain
INSAT3D_VIS_India/3DIMG_07NOV2019_0030_L1C_SGP_vis.tif,3DIMG_07NOV2019_0030_L1C_SGP_vis.tif,INSAT3D_VIS_India,2019-11-07 00:30:00,Gujarat,Bharuch,21.7051,72.9959,17.11,0.4,Light Rain
INSAT3D_VIS_India/3DIMG_07NOV2019_0030_L1C_SGP_vis.tif,3DIMG_07NOV2019_0030_L1C_SGP_vis.tif,INSAT3D_VIS_India,2019-11-07 00:30:00,Gujarat,Bhavnagar,21.7645,72.1519,17.11,0.3,Light Rain
INSAT3D_VIS_India/3DIMG_07NOV2019_0030_L1C_SGP_vis.tif,3DIMG_07NOV2019_0030_L1C_SGP_vis.tif,INSAT3D_VIS_India,2019-11-07 00:30:00,Gujarat,Botad,22.1704,71.6662,16.33,0.0,No Rain
INSAT3D_VIS_India/3DIMG_07NOV2019_0030_L1C_SGP_vis.tif,3DIMG_07NOV2019_0030_L1C_SGP_vis.tif,INSAT3D_VIS_India,2019-11-07 00:30:00,Gujarat,Chhota Udepur,22.3108,74.0125,16.56,5.9,Light Rain
INSAT3D_VIS_India/3DIMG_07NOV2019_0030_L1C_SGP_vis.tif,3DIMG_07NOV2019_0030_L1C_SGP_vis.tif,INSAT3D_VIS_India,2019-11-07 00:30:00,Gujarat,Dahod,22.8347,74.2552,17.44,0.3,Light Rain
INSAT3D_VIS_India/3DIMG_07NOV2019_0030_L1C_SGP_vis.tif,3DIMG_07NOV2019_0030_L1C_SGP_vis.tif,INSAT3D_VIS_India,2019-11-07 00:30:00,Gujarat,Dang,20.7554,73.6873,17.11,0.0,No Rain
INSAT3D_VIS_India/3DIMG_07NOV2019_0030_L1C_SGP_vis.tif,3DIMG_07NOV2019_0030_L1C_SGP_vis.tif,INSAT3D_VIS_India,2019-11-07 00:30:00,Gujarat,Devbhumi Dwarka,22.2078,69.6582,16.89,3.4,Light Rain
INSAT3D_VIS_India/3DIMG_07NOV2019_0030_L1C_SGP_vis.tif,3DIMG_07NOV2019_0030_L1C_SGP_vis.tif,INSAT3D_VIS_India,2019-11-07 00:30:00,Gujarat,Gandhinagar,23.2156,72.6369,16.56,4.1,Light Rain
INSAT3D_VIS_India/3DIMG_07NOV2019_0030_L1C_SGP_vis.tif,3DIMG_07NOV2019_0030_L1C_SGP_vis.tif,INSAT3D_VIS_India,2019-11-07 00:30:00,Gujarat,Gir Somnath,20.9042,70.3644,17.0,0.0,No Rain
INSAT3D_VIS_India/3DIMG_07NOV2019_0030_L1C_SGP_vis.tif,3DIMG_07NOV2019_0030_L1C_SGP_vis.tif,INSAT3D_VIS_India,2019-11-07 00:30:00,Gujarat,Jamnagar,22.4707,70.0577,16.78,4.3,Light Rain
INSAT3D_VIS_India/3DIMG_07NOV2019_0030_L1C_SGP_vis.tif,3DIMG_07NOV2019_0030_L1C_SGP_vis.tif,INSAT3D_VIS_India,2019-11-07 00:30:00,Gujarat,Junagadh,21.5222,70.4579,17.89,2.4,Light Rain
INSAT3D_VIS_India/3DIMG_07NOV2019_0030_L1C_SGP_vis.tif,3DIMG_07NOV2019_0030_L1C_SGP_vis.tif,INSAT3D_VIS_India,2019-11-07 00:30:00,Gujarat,Kheda,22.6916,72.8634,17.56,3.9,Light Rain
INSAT3D_VIS_India/3DIMG_07NOV2019_0030_L1C_SGP_vis.tif,3DIMG_07NOV2019_0030_L1C_SGP_vis.tif,INSAT3D_VIS_India,2019-11-07 00:30:00,Gujarat,Kutch (Bhuj),23.242,69.6669,16.67,0.0,No Rain
INSAT3D_VIS_India/3DIMG_07NOV2019_0030_L1C_SGP_vis.tif,3DIMG_07NOV2019_0030_L1C_SGP_vis.tif,INSAT3D_VIS_India,2019-11-07 00:30:00,Gujarat,Mahisagar,23.1311,73.6009,16.89,3.3,Light Rain
INSAT3D_VIS_India/3DIMG_07NOV2019_0030_L1C_SGP_vis.tif,3DIMG_07NOV2019_0030_L1C_SGP_vis.tif,INSAT3D_VIS_India,2019-11-07 00:30:00,Gujarat,Mehsana,23.588,72.3693,16.44,1.6,Light Rain
INSAT3D_VIS_India/3DIMG_07NOV2019_0030_L1C_SGP_vis.tif,3DIMG_07NOV2019_0030_L1C_SGP_vis.tif,INSAT3D_VIS_India,2019-11-07 00:30:00,Gujarat,Morbi,22.8173,70.8368,17.11,2.6,Light Rain
INSAT3D_VIS_India/3DIMG_07NOV2019_0030_L1C_SGP_vis.tif,3DIMG_07NOV2019_0030_L1C_SGP_vis.tif,INSAT3D_VIS_India,2019-11-07 00:30:00,Gujarat,Narmada,21.8719,73.5028,17.44,0.1,Light Rain
INSAT3D_VIS_India/3DIMG_07NOV2019_0030_L1C_SGP_vis.tif,3DIMG_07NOV2019_0030_L1C_SGP_vis.tif,INSAT3D_VIS_India,2019-11-07 00:30:00,Gujarat,Navsari,20.9467,72.952,16.78,3.3,Light Rain
INSAT3D_VIS_India/3DIMG_07NOV2019_0030_L1C_SGP_vis.tif,3DIMG_07NOV2019_0030_L1C_SGP_vis.tif,INSAT3D_VIS_India,2019-11-07 00:30:00,Gujarat,Panchmahal,22.778,73.6143,16.33,0.7,Light Rain
INSAT3D_VIS_India/3DIMG_07NOV2019_0030_L1C_SGP_vis.tif,3DIMG_07NOV2019_0030_L1C_SGP_vis.tif,INSAT3D_VIS_India,2019-11-07 00:30:00,Gujarat,Patan,23.8493,72.1266,18.0,2.2,Light Rain
INSAT3D_VIS_India/3DIMG_07NOV2019_0030_L1C_SGP_vis.tif,3DIMG_07NOV2019_0030_L1C_SGP_vis.tif,INSAT3D_VIS_India,2019-11-07 00:30:00,Gujarat,Porbandar,21.6417,69.6293,17.33,2.7,Light Rain
INSAT3D_VIS_India/3DIMG_07NOV2019_0030_L1C_SGP_vis.tif,3DIMG_07NOV2019_0030_L1C_SGP_vis.tif,INSAT3D_VIS_India,2019-11-07 00:30:00,Gujarat,Rajkot,22.3039,70.8022,16.67,0.0,No Rain
INSAT3D_VIS_India/3DIMG_07NOV2019_0030_L1C_SGP_vis.tif,3DIMG_07NOV2019_0030_L1C_SGP_vis.tif,INSAT3D_VIS_India,2019-11-07 00:30:00,Gujarat,Sabarkantha,23.5977,72.9688,16.78,0.0,No Rain
INSAT3D_VIS_India/3DIMG_07NOV2019_0030_L1C_SGP_vis.tif,3DIMG_07NOV2019_0030_L1C_SGP_vis.tif,INSAT3D_VIS_India,2019-11-07 00:30:00,Gujarat,Surat,21.1702,72.8311,17.44,2.2,Light Rain
INSAT3D_VIS_India/3DIMG_07NOV2019_0030_L1C_SGP_vis.tif,3DIMG_07NOV2019_0030_L1C_SGP_vis.tif,INSAT3D_VIS_India,2019-11-07 00:30:00,Gujarat,Surendranagar,22.7274,71.637,16.56,0.7,Light Rain
INSAT3D_VIS_India/3DIMG_07NOV2019_0030_L1C_SGP_vis.tif,3DIMG_07NOV2019_0030_L1C_SGP_vis.tif,INSAT3D_VIS_India,2019-11-07 00:30:00,Gujarat,Tapi,21.1147,73.3986,17.89,2.0,Light Rain
INSAT3D_VIS_India/3DIMG_07NOV2019_0030_L1C_SGP_vis.tif,3DIMG_07NOV2019_0030_L1C_SGP_vis.tif,INSAT3D_VIS_India,2019-11-07 00:30:00,Gujarat,Vadodara,22.3072,73.1812,16.67,0.0,No Rain
INSAT3D_VIS_India/3DIMG_07NOV2019_0030_L1C_SGP_vis.tif,3DIMG_07NOV2019_0030_L1C_SGP_vis.tif,INSAT3D_VIS_India,2019-11-07 00:30:00,Gujarat,Valsad,20.5992,72.9342,17.11,3.7,Light Rain
INSAT3D_VIS_India/3DIMG_07NOV2019_0100_L1C_SGP_vis.tif,3DIMG_07NOV2019_0100_L1C_SGP_vis.tif,INSAT3D_VIS_India,2019-11-07 01:00:00,Gujarat,Ahmedabad,23.0225,72.5714,19.11,2.7,Light Rain
INSAT3D_VIS_India/3DIMG_07NOV2019_0100_L1C_SGP_vis.tif,3DIMG_07NOV2019_0100_L1C_SGP_vis.tif,INSAT3D_VIS_India,2019-11-07 01:00:00,Gujarat,Amreli,21.6032,71.2221,18.44,2.4,Light Rain
INSAT3D_VIS_India/3DIMG_07NOV2019_0100_L1C_SGP_vis.tif,3DIMG_07NOV2019_0100_L1C_SGP_vis.tif,INSAT3D_VIS_India,2019-11-07 01:00:00,Gujarat,Anand,22.5645,72.9289,20.33,0.0,No Rain
INSAT3D_VIS_India/3DIMG_07NOV2019_0100_L1C_SGP_vis.tif,3DIMG_07NOV2019_0100_L1C_SGP_vis.tif,INSAT3D_VIS_India,2019-11-07 01:00:00,Gujarat,Aravalli,23.4619,73.3039,18.67,0.0,No Rain
INSAT3D_VIS_India/3DIMG_07NOV2019_0100_L1C_SGP_vis.tif,3DIMG_07NOV2019_0100_L1C_SGP_vis.tif,INSAT3D_VIS_India,2019-11-07 01:00:00,Gujarat,Banaskantha,24.1724,72.4346,18.67,1.2,Light Rain
INSAT3D_VIS_India/3DIMG_07NOV2019_0100_L1C_SGP_vis.tif,3DIMG_07NOV2019_0100_L1C_SGP_vis.tif,INSAT3D_VIS_India,2019-11-07 01:00:00,Gujarat,Bharuch,21.7051,72.9959,19.11,0.0,No Rain
INSAT3D_VIS_India/3DIMG_07NOV2019_0100_L1C_SGP_vis.tif,3DIMG_07NOV2019_0100_L1C_SGP_vis.tif,INSAT3D_VIS_India,2019-11-07 01:00:00,Gujarat,Bhavnagar,21.7645,72.1519,18.33,2.7,Light Rain
INSAT3D_VIS_India/3DIMG_07NOV2019_0100_L1C_SGP_vis.tif,3DIMG_07NOV2019_0100_L1C_SGP_vis.tif,INSAT3D_VIS_India,2019-11-07 01:00:00,Gujarat,Botad,22.1704,71.6662,17.78,0.0,No Rain
INSAT3D_VIS_India/3DIMG_07NOV2019_0100_L1C_SGP_vis.tif,3DIMG_07NOV2019_0100_L1C_SGP_vis.tif,INSAT3D_VIS_India,2019-11-07 01:00:00,Gujarat,Chhota Udepur,22.3108,74.0125,20.67,0.0,No Rain
INSAT3D_VIS_India/3DIMG_07NOV2019_0100_L1C_SGP_vis.tif,3DIMG_07NOV2019_0100_L1C_SGP_vis.tif,INSAT3D_VIS_India,2019-11-07 01:00:00,Gujarat,Dahod,22.8347,74.2552,20.44,0.0,No Rain
INSAT3D_VIS_India/3DIMG_07NOV2019_0100_L1C_SGP_vis.tif,3DIMG_07NOV2019_0100_L1C_SGP_vis.tif,INSAT3D_VIS_India,2019-11-07 01:00:00,Gujarat,Dang,20.7554,73.6873,24.0,5.6,Light Rain
INSAT3D_VIS_India/3DIMG_07NOV2019_0100_L1C_SGP_vis.tif,3DIMG_07NOV2019_0100_L1C_SGP_vis.tif,INSAT3D_VIS_India,2019-11-07 01:00:00,Gujarat,Devbhumi Dwarka,22.2078,69.6582,17.67,2.0,Light Rain
INSAT3D_VIS_India/3DIMG_07NOV2019_0100_L1C_SGP_vis.tif,3DIMG_07NOV2019_0100_L1C_SGP_vis.tif,INSAT3D_VIS_India,2019-11-07 01:00:00,Gujarat,Gandhinagar,23.2156,72.6369,18.44,5.5,Light Rain
INSAT3D_VIS_India/3DIMG_07NOV2019_0100_L1C_SGP_vis.tif,3DIMG_07NOV2019_0100_L1C_SGP_vis.tif,INSAT3D_VIS_India,2019-11-07 01:00:00,Gujarat,Gir Somnath,20.9042,70.3644,17.78,0.7,Light Rain
INSAT3D_VIS_India/3DIMG_07NOV2019_0100_L1C_SGP_vis.tif,3DIMG_07NOV2019_0100_L1C_SGP_vis.tif,INSAT3D_VIS_India,2019-11-07 01:00:00,Gujarat,Jamnagar,22.4707,70.0577,18.22,1.9,Light Rain
INSAT3D_VIS_India/3DIMG_07NOV2019_0100_L1C_SGP_vis.tif,3DIMG_07NOV2019_0100_L1C_SGP_vis.tif,INSAT3D_VIS_India,2019-11-07 01:00:00,Gujarat,Junagadh,21.5222,70.4579,17.56,3.9,Light Rain
INSAT3D_VIS_India/3DIMG_07NOV2019_0100_L1C_SGP_vis.tif,3DIMG_07NOV2019_0100_L1C_SGP_vis.tif,INSAT3D_VIS_India,2019-11-07 01:00:00,Gujarat,Kheda,22.6916,72.8634,21.0,0.0,No Rain
INSAT3D_VIS_India/3DIMG_07NOV2019_0100_L1C_SGP_vis.tif,3DIMG_07NOV2019_0100_L1C_SGP_vis.tif,INSAT3D_VIS_India,2019-11-07 01:00:00,Gujarat,Kutch (Bhuj),23.242,69.6669,17.67,0.0,No Rain
INSAT3D_VIS_India/3DIMG_07NOV2019_0100_L1C_SGP_vis.tif,3DIMG_07NOV2019_0100_L1C_SGP_vis.tif,INSAT3D_VIS_India,2019-11-07 01:00:00,Gujarat,Mahisagar,23.1311,73.6009,19.0,3.6,Light Rain
INSAT3D_VIS_India/3DIMG_07NOV2019_0100_L1C_SGP_vis.tif,3DIMG_07NOV2019_0100_L1C_SGP_vis.tif,INSAT3D_VIS_India,2019-11-07 01:00:00,Gujarat,Mehsana,23.588,72.3693,17.44,3.8,Light Rain
INSAT3D_VIS_India/3DIMG_07NOV2019_0100_L1C_SGP_vis.tif,3DIMG_07NOV2019_0100_L1C_SGP_vis.tif,INSAT3D_VIS_India,2019-11-07 01:00:00,Gujarat,Morbi,22.8173,70.8368,18.22,0.0,No Rain
INSAT3D_VIS_India/3DIMG_07NOV2019_0100_L1C_SGP_vis.tif,3DIMG_07NOV2019_0100_L1C_SGP_vis.tif,INSAT3D_VIS_India,2019-11-07 01:00:00,Gujarat,Narmada,21.8719,73.5028,19.67,4.4,Light Rain
INSAT3D_VIS_India/3DIMG_07NOV2019_0100_L1C_SGP_vis.tif,3DIMG_07NOV2019_0100_L1C_SGP_vis.tif,INSAT3D_VIS_India,2019-11-07 01:00:00,Gujarat,Navsari,20.9467,72.952,18.44,0.0,No Rain
INSAT3D_VIS_India/3DIMG_07NOV2019_0100_L1C_SGP_vis.tif,3DIMG_07NOV2019_0100_L1C_SGP_vis.tif,INSAT3D_VIS_India,2019-11-07 01:00:00,Gujarat,Panchmahal,22.778,73.6143,19.78,0.0,No Rain
INSAT3D_VIS_India/3DIMG_07NOV2019_0100_L1C_SGP_vis.tif,3DIMG_07NOV2019_0100_L1C_SGP_vis.tif,INSAT3D_VIS_India,2019-11-07 01:00:00,Gujarat,Patan,23.8493,72.1266,19.11,1.8,Light Rain
INSAT3D_VIS_India/3DIMG_07NOV2019_0100_L1C_SGP_vis.tif,3DIMG_07NOV2019_0100_L1C_SGP_vis.tif,INSAT3D_VIS_India,2019-11-07 01:00:00,Gujarat,Porbandar,21.6417,69.6293,18.56,0.1,Light Rain
INSAT3D_VIS_India/3DIMG_07NOV2019_0100_L1C_SGP_vis.tif,3DIMG_07NOV2019_0100_L1C_SGP_vis.tif,INSAT3D_VIS_India,2019-11-07 01:00:00,Gujarat,Rajkot,22.3039,70.8022,17.0,0.0,No Rain
INSAT3D_VIS_India/3DIMG_07NOV2019_0100_L1C_SGP_vis.tif,3DIMG_07NOV2019_0100_L1C_SGP_vis.tif,INSAT3D_VIS_India,2019-11-07 01:00:00,Gujarat,Sabarkantha,23.5977,72.9688,18.44,0.0,No Rain
INSAT3D_VIS_India/3DIMG_07NOV2019_0100_L1C_SGP_vis.tif,3DIMG_07NOV2019_0100_L1C_SGP_vis.tif,INSAT3D_VIS_India,2019-11-07 01:00:00,Gujarat,Surat,21.1702,72.8311,19.44,0.2,Light Rain
INSAT3D_VIS_India/3DIMG_07NOV2019_0100_L1C_SGP_vis.tif,3DIMG_07NOV2019_0100_L1C_SGP_vis.tif,INSAT3D_VIS_India,2019-11-07 01:00:00,Gujarat,Surendranagar,22.7274,71.637,17.67,0.7,Light Rain
INSAT3D_VIS_India/3DIMG_07NOV2019_0100_L1C_SGP_vis.tif,3DIMG_07NOV2019_0100_L1C_SGP_vis.tif,INSAT3D_VIS_India,2019-11-07 01:00:00,Gujarat,Tapi,21.1147,73.3986,19.44,0.0,No Rain
INSAT3D_VIS_India/3DIMG_07NOV2019_0100_L1C_SGP_vis.tif,3DIMG_07NOV2019_0100_L1C_SGP_vis.tif,INSAT3D_VIS_India,2019-11-07 01:00:00,Gujarat,Vadodara,22.3072,73.1812,18.89,0.0,No Rain
INSAT3D_VIS_India/3DIMG_07NOV2019_0100_L1C_SGP_vis.tif,3DIMG_07NOV2019_0100_L1C_SGP_vis.tif,INSAT3D_VIS_India,2019-11-07 01:00:00,Gujarat,Valsad,20.5992,72.9342,19.67,3.0,Light Rain
INSAT3D_VIS_India/3DIMG_07NOV2019_0130_L1C_SGP_vis.tif,3DIMG_07NOV2019_0130_L1C_SGP_vis.tif,INSAT3D_VIS_India,2019-11-07 01:30:00,Gujarat,Ahmedabad,23.0225,72.5714,33.33,1.49,Light Rain
INSAT3D_VIS_India/3DIMG_07NOV2019_0130_L1C_SGP_vis.tif,3DIMG_07NOV2019_0130_L1C_SGP_vis.tif,INSAT3D_VIS_India,2019-11-07 01:30:00,Gujarat,Amreli,21.6032,71.2221,24.78,5.9,Light Rain
INSAT3D_VIS_India/3DIMG_07NOV2019_0130_L1C_SGP_vis.tif,3DIMG_07NOV2019_0130_L1C_SGP_vis.tif,INSAT3D_VIS_India,2019-11-07 01:30:00,Gujarat,Anand,22.5645,72.9289,34.56,1.39,Light Rain
INSAT3D_VIS_India/3DIMG_07NOV2019_0130_L1C_SGP_vis.tif,3DIMG_07NOV2019_0130_L1C_SGP_vis.tif,INSAT3D_VIS_India,2019-11-07 01:30:00,Gujarat,Aravalli,23.4619,73.3039,36.56,0.0,No Rain
INSAT3D_VIS_India/3DIMG_07NOV2019_0130_L1C_SGP_vis.tif,3DIMG_07NOV2019_0130_L1C_SGP_vis.tif,INSAT3D_VIS_India,2019-11-07 01:30:00,Gujarat,Banaskantha,24.1724,72.4346,22.0,0.0,No Rain
INSAT3D_VIS_India/3DIMG_07NOV2019_0130_L1C_SGP_vis.tif,3DIMG_07NOV2019_0130_L1C_SGP_vis.tif,INSAT3D_VIS_India,2019-11-07 01:30:00,Gujarat,Bharuch,21.7051,72.9959,45.78,4.1,Light Rain
INSAT3D_VIS_India/3DIMG_07NOV2019_0130_L1C_SGP_vis.tif,3DIMG_07NOV2019_0130_L1C_SGP_vis.tif,INSAT3D_VIS_India,2019-11-07 01:30:00,Gujarat,Bhavnagar,21.7645,72.1519,28.44,0.7,Light Rain
INSAT3D_VIS_India/3DIMG_07NOV2019_0130_L1C_SGP_vis.tif,3DIMG_07NOV2019_0130_L1C_SGP_vis.tif,INSAT3D_VIS_India,2019-11-07 01:30:00,Gujarat,Botad,22.1704,71.6662,25.33,0.0,No Rain
INSAT3D_VIS_India/3DIMG_07NOV2019_0130_L1C_SGP_vis.tif,3DIMG_07NOV2019_0130_L1C_SGP_vis.tif,INSAT3D_VIS_India,2019-11-07 01:30:00,Gujarat,Chhota Udepur,22.3108,74.0125,54.33,2.68,Light Rain
INSAT3D_VIS_India/3DIMG_07NOV2019_0130_L1C_SGP_vis.tif,3DIMG_07NOV2019_0130_L1C_SGP_vis.tif,INSAT3D_VIS_India,2019-11-07 01:30:00,Gujarat,Dahod,22.8347,74.2552,37.56,2.97,Light Rain
INSAT3D_VIS_India/3DIMG_07NOV2019_0130_L1C_SGP_vis.tif,3DIMG_07NOV2019_0130_L1C_SGP_vis.tif,INSAT3D_VIS_India,2019-11-07 01:30:00,Gujarat,Dang,20.7554,73.6873,28.22,1.8,Light Rain
INSAT3D_VIS_India/3DIMG_07NOV2019_0130_L1C_SGP_vis.tif,3DIMG_07NOV2019_0130_L1C_SGP_vis.tif,INSAT3D_VIS_India,2019-11-07 01:30:00,Gujarat,Devbhumi Dwarka,22.2078,69.6582,19.78,0.0,No Rain
INSAT3D_VIS_India/3DIMG_07NOV2019_0130_L1C_SGP_vis.tif,3DIMG_07NOV2019_0130_L1C_SGP_vis.tif,INSAT3D_VIS_India,2019-11-07 01:30:00,Gujarat,Gandhinagar,23.2156,72.6369,37.33,1.46,Light Rain
INSAT3D_VIS_India/3DIMG_07NOV2019_0130_L1C_SGP_vis.tif,3DIMG_07NOV2019_0130_L1C_SGP_vis.tif,INSAT3D_VIS_India,2019-11-07 01:30:00,Gujarat,Gir Somnath,20.9042,70.3644,30.89,0.41,Light Rain
INSAT3D_VIS_India/3DIMG_07NOV2019_0130_L1C_SGP_vis.tif,3DIMG_07NOV2019_0130_L1C_SGP_vis.tif,INSAT3D_VIS_India,2019-11-07 01:30:00,Gujarat,Jamnagar,22.4707,70.0577,20.67,3.0,Light Rain
INSAT3D_VIS_India/3DIMG_07NOV2019_0130_L1C_SGP_vis.tif,3DIMG_07NOV2019_0130_L1C_SGP_vis.tif,INSAT3D_VIS_India,2019-11-07 01:30:00,Gujarat,Junagadh,21.5222,70.4579,27.67,3.9,Light Rain
INSAT3D_VIS_India/3DIMG_07NOV2019_0130_L1C_SGP_vis.tif,3DIMG_07NOV2019_0130_L1C_SGP_vis.tif,INSAT3D_VIS_India,2019-11-07 01:30:00,Gujarat,Kheda,22.6916,72.8634,42.33,3.1,Light Rain
INSAT3D_VIS_India/3DIMG_07NOV2019_0130_L1C_SGP_vis.tif,3DIMG_07NOV2019_0130_L1C_SGP_vis.tif,INSAT3D_VIS_India,2019-11-07 01:30:00,Gujarat,Kutch (Bhuj),23.242,69.6669,20.11,0.0,No Rain
INSAT3D_VIS_India/3DIMG_07NOV2019_0130_L1C_SGP_vis.tif,3DIMG_07NOV2019_0130_L1C_SGP_vis.tif,INSAT3D_VIS_India,2019-11-07 01:30:00,Gujarat,Mahisagar,23.1311,73.6009,45.89,1.48,Light Rain
INSAT3D_VIS_India/3DIMG_07NOV2019_0130_L1C_SGP_vis.tif,3DIMG_07NOV2019_0130_L1C_SGP_vis.tif,INSAT3D_VIS_India,2019-11-07 01:30:00,Gujarat,Mehsana,23.588,72.3693,26.78,0.2,Light Rain
INSAT3D_VIS_India/3DIMG_07NOV2019_0130_L1C_SGP_vis.tif,3DIMG_07NOV2019_0130_L1C_SGP_vis.tif,INSAT3D_VIS_India,2019-11-07 01:30:00,Gujarat,Morbi,22.8173,70.8368,20.56,0.0,No Rain
INSAT3D_VIS_India/3DIMG_07NOV2019_0130_L1C_SGP_vis.tif,3DIMG_07NOV2019_0130_L1C_SGP_vis.tif,INSAT3D_VIS_India,2019-11-07 01:30:00,Gujarat,Narmada,21.8719,73.5028,45.56,1.34,Light Rain
INSAT3D_VIS_India/3DIMG_07NOV2019_0130_L1C_SGP_vis.tif,3DIMG_07NOV2019_0130_L1C_SGP_vis.tif,INSAT3D_VIS_India,2019-11-07 01:30:00,Gujarat,Navsari,20.9467,72.952,47.44,2.18,Light Rain
INSAT3D_VIS_India/3DIMG_07NOV2019_0130_L1C_SGP_vis.tif,3DIMG_07NOV2019_0130_L1C_SGP_vis.tif,INSAT3D_VIS_India,2019-11-07 01:30:00,Gujarat,Panchmahal,22.778,73.6143,33.67,0.24,Light Rain
INSAT3D_VIS_India/3DIMG_07NOV2019_0130_L1C_SGP_vis.tif,3DIMG_07NOV2019_0130_L1C_SGP_vis.tif,INSAT3D_VIS_India,2019-11-07 01:30:00,Gujarat,Patan,23.8493,72.1266,24.22,3.8,Light Rain
INSAT3D_VIS_India/3DIMG_07NOV2019_0130_L1C_SGP_vis.tif,3DIMG_07NOV2019_0130_L1C_SGP_vis.tif,INSAT3D_VIS_India,2019-11-07 01:30:00,Gujarat,Porbandar,21.6417,69.6293,19.67,5.1,Light Rain
INSAT3D_VIS_India/3DIMG_07NOV2019_0130_L1C_SGP_vis.tif,3DIMG_07NOV2019_0130_L1C_SGP_vis.tif,INSAT3D_VIS_India,2019-11-07 01:30:00,Gujarat,Rajkot,22.3039,70.8022,21.22,4.0,Light Rain
INSAT3D_VIS_India/3DIMG_07NOV2019_0130_L1C_SGP_vis.tif,3DIMG_07NOV2019_0130_L1C_SGP_vis.tif,INSAT3D_VIS_India,2019-11-07 01:30:00,Gujarat,Sabarkantha,23.5977,72.9688,37.78,0.85,Light Rain
INSAT3D_VIS_India/3DIMG_07NOV2019_0130_L1C_SGP_vis.tif,3DIMG_07NOV2019_0130_L1C_SGP_vis.tif,INSAT3D_VIS_India,2019-11-07 01:30:00,Gujarat,Surat,21.1702,72.8311,41.78,1.58,Light Rain
INSAT3D_VIS_India/3DIMG_07NOV2019_0130_L1C_SGP_vis.tif,3DIMG_07NOV2019_0130_L1C_SGP_vis.tif,INSAT3D_VIS_India,2019-11-07 01:30:00,Gujarat,Surendranagar,22.7274,71.637,23.11,0.0,No Rain
INSAT3D_VIS_India/3DIMG_07NOV2019_0130_L1C_SGP_vis.tif,3DIMG_07NOV2019_0130_L1C_SGP_vis.tif,INSAT3D_VIS_India,2019-11-07 01:30:00,Gujarat,Tapi,21.1147,73.3986,32.22,0.0,No Rain
INSAT3D_VIS_India/3DIMG_07NOV2019_0130_L1C_SGP_vis.tif,3DIMG_07NOV2019_0130_L1C_SGP_vis.tif,INSAT3D_VIS_India,2019-11-07 01:30:00,Gujarat,Vadodara,22.3072,73.1812,45.67,0.79,Light Rain
INSAT3D_VIS_India/3DIMG_07NOV2019_0130_L1C_SGP_vis.tif,3DIMG_07NOV2019_0130_L1C_SGP_vis.tif,INSAT3D_VIS_India,2019-11-07 01:30:00,Gujarat,Valsad,20.5992,72.9342,45.11,3.73,Light Rain
INSAT3D_VIS_India/3DIMG_07NOV2019_0200_L1C_SGP_vis.tif,3DIMG_07NOV2019_0200_L1C_SGP_vis.tif,INSAT3D_VIS_India,2019-11-07 02:00:00,Gujarat,Ahmedabad,23.0225,72.5714,54.89,4.07,Light Rain
INSAT3D_VIS_India/3DIMG_07NOV2019_0200_L1C_SGP_vis.tif,3DIMG_07NOV2019_0200_L1C_SGP_vis.tif,INSAT3D_VIS_India,2019-11-07 02:00:00,Gujarat,Amreli,21.6032,71.2221,56.56,3.77,Light Rain
INSAT3D_VIS_India/3DIMG_07NOV2019_0200_L1C_SGP_vis.tif,3DIMG_07NOV2019_0200_L1C_SGP_vis.tif,INSAT3D_VIS_India,2019-11-07 02:00:00,Gujarat,Anand,22.5645,72.9289,60.22,4.47,Light Rain
INSAT3D_VIS_India/3DIMG_07NOV2019_0200_L1C_SGP_vis.tif,3DIMG_07NOV2019_0200_L1C_SGP_vis.tif,INSAT3D_VIS_India,2019-11-07 02:00:00,Gujarat,Aravalli,23.4619,73.3039,80.78,4.44,Light Rain
INSAT3D_VIS_India/3DIMG_07NOV2019_0200_L1C_SGP_vis.tif,3DIMG_07NOV2019_0200_L1C_SGP_vis.tif,INSAT3D_VIS_India,2019-11-07 02:00:00,Gujarat,Banaskantha,24.1724,72.4346,35.11,1.05,Light Rain
INSAT3D_VIS_India/3DIMG_07NOV2019_0200_L1C_SGP_vis.tif,3DIMG_07NOV2019_0200_L1C_SGP_vis.tif,INSAT3D_VIS_India,2019-11-07 02:00:00,Gujarat,Bharuch,21.7051,72.9959,68.56,6.83,Light Rain
INSAT3D_VIS_India/3DIMG_07NOV2019_0200_L1C_SGP_vis.tif,3DIMG_07NOV2019_0200_L1C_SGP_vis.tif,INSAT3D_VIS_India,2019-11-07 02:00:00,Gujarat,Bhavnagar,21.7645,72.1519,61.44,3.82,Light Rain
INSAT3D_VIS_India/3DIMG_07NOV2019_0200_L1C_SGP_vis.tif,3DIMG_07NOV2019_0200_L1C_SGP_vis.tif,INSAT3D_VIS_India,2019-11-07 02:00:00,Gujarat,Botad,22.1704,71.6662,52.22,2.91,Light Rain
INSAT3D_VIS_India/3DIMG_07NOV2019_0200_L1C_SGP_vis.tif,3DIMG_07NOV2019_0200_L1C_SGP_vis.tif,INSAT3D_VIS_India,2019-11-07 02:00:00,Gujarat,Chhota Udepur,22.3108,74.0125,58.11,3.13,Light Rain
INSAT3D_VIS_India/3DIMG_07NOV2019_0200_L1C_SGP_vis.tif,3DIMG_07NOV2019_0200_L1C_SGP_vis.tif,INSAT3D_VIS_India,2019-11-07 02:00:00,Gujarat,Dahod,22.8347,74.2552,39.67,3.23,Light Rain
INSAT3D_VIS_India/3DIMG_07NOV2019_0200_L1C_SGP_vis.tif,3DIMG_07NOV2019_0200_L1C_SGP_vis.tif,INSAT3D_VIS_India,2019-11-07 02:00:00,Gujarat,Dang,20.7554,73.6873,50.0,1.5,Light Rain
INSAT3D_VIS_India/3DIMG_07NOV2019_0200_L1C_SGP_vis.tif,3DIMG_07NOV2019_0200_L1C_SGP_vis.tif,INSAT3D_VIS_India,2019-11-07 02:00:00,Gujarat,Devbhumi Dwarka,22.2078,69.6582,26.78,0.0,No Rain
INSAT3D_VIS_India/3DIMG_07NOV2019_0200_L1C_SGP_vis.tif,3DIMG_07NOV2019_0200_L1C_SGP_vis.tif,INSAT3D_VIS_India,2019-11-07 02:00:00,Gujarat,Gandhinagar,23.2156,72.6369,50.11,3.0,Light Rain
INSAT3D_VIS_India/3DIMG_07NOV2019_0200_L1C_SGP_vis.tif,3DIMG_07NOV2019_0200_L1C_SGP_vis.tif,INSAT3D_VIS_India,2019-11-07 02:00:00,Gujarat,Gir Somnath,20.9042,70.3644,68.78,4.95,Light Rain
INSAT3D_VIS_India/3DIMG_07NOV2019_0200_L1C_SGP_vis.tif,3DIMG_07NOV2019_0200_L1C_SGP_vis.tif,INSAT3D_VIS_India,2019-11-07 02:00:00,Gujarat,Jamnagar,22.4707,70.0577,31.56,0.0,No Rain
INSAT3D_VIS_India/3DIMG_07NOV2019_0200_L1C_SGP_vis.tif,3DIMG_07NOV2019_0200_L1C_SGP_vis.tif,INSAT3D_VIS_India,2019-11-07 02:00:00,Gujarat,Junagadh,21.5222,70.4579,46.11,3.88,Light Rain
INSAT3D_VIS_India/3DIMG_07NOV2019_0200_L1C_SGP_vis.tif,3DIMG_07NOV2019_0200_L1C_SGP_vis.tif,INSAT3D_VIS_India,2019-11-07 02:00:00,Gujarat,Kheda,22.6916,72.8634,67.78,6.15,Light Rain
INSAT3D_VIS_India/3DIMG_07NOV2019_0200_L1C_SGP_vis.tif,3DIMG_07NOV2019_0200_L1C_SGP_vis.tif,INSAT3D_VIS_India,2019-11-07 02:00:00,Gujarat,Kutch (Bhuj),23.242,69.6669,28.89,4.9,Light Rain
INSAT3D_VIS_India/3DIMG_07NOV2019_0200_L1C_SGP_vis.tif,3DIMG_07NOV2019_0200_L1C_SGP_vis.tif,INSAT3D_VIS_India,2019-11-07 02:00:00,Gujarat,Mahisagar,23.1311,73.6009,53.22,2.36,Light Rain
INSAT3D_VIS_India/3DIMG_07NOV2019_0200_L1C_SGP_vis.tif,3DIMG_07NOV2019_0200_L1C_SGP_vis.tif,INSAT3D_VIS_India,2019-11-07 02:00:00,Gujarat,Mehsana,23.588,72.3693,47.44,0.0,No Rain
INSAT3D_VIS_India/3DIMG_07NOV2019_0200_L1C_SGP_vis.tif,3DIMG_07NOV2019_0200_L1C_SGP_vis.tif,INSAT3D_VIS_India,2019-11-07 02:00:00,Gujarat,Morbi,22.8173,70.8368,28.0,0.6,Light Rain
INSAT3D_VIS_India/3DIMG_07NOV2019_0200_L1C_SGP_vis.tif,3DIMG_07NOV2019_0200_L1C_SGP_vis.tif,INSAT3D_VIS_India,2019-11-07 02:00:00,Gujarat,Narmada,21.8719,73.5028,63.11,3.45,Light Rain
INSAT3D_VIS_India/3DIMG_07NOV2019_0200_L1C_SGP_vis.tif,3DIMG_07NOV2019_0200_L1C_SGP_vis.tif,INSAT3D_VIS_India,2019-11-07 02:00:00,Gujarat,Navsari,20.9467,72.952,115.89,10.39,Moderate Rain
INSAT3D_VIS_India/3DIMG_07NOV2019_0200_L1C_SGP_vis.tif,3DIMG_07NOV2019_0200_L1C_SGP_vis.tif,INSAT3D_VIS_India,2019-11-07 02:00:00,Gujarat,Panchmahal,22.778,73.6143,74.33,5.12,Light Rain
INSAT3D_VIS_India/3DIMG_07NOV2019_0200_L1C_SGP_vis.tif,3DIMG_07NOV2019_0200_L1C_SGP_vis.tif,INSAT3D_VIS_India,2019-11-07 02:00:00,Gujarat,Patan,23.8493,72.1266,24.33,5.0,Light Rain
INSAT3D_VIS_India/3DIMG_07NOV2019_0200_L1C_SGP_vis.tif,3DIMG_07NOV2019_0200_L1C_SGP_vis.tif,INSAT3D_VIS_India,2019-11-07 02:00:00,Gujarat,Porbandar,21.6417,69.6293,22.89,0.0,No Rain
INSAT3D_VIS_India/3DIMG_07NOV2019_0200_L1C_SGP_vis.tif,3DIMG_07NOV2019_0200_L1C_SGP_vis.tif,INSAT3D_VIS_India,2019-11-07 02:00:00,Gujarat,Rajkot,22.3039,70.8022,30.56,0.0,No Rain
INSAT3D_VIS_India/3DIMG_07NOV2019_0200_L1C_SGP_vis.tif,3DIMG_07NOV2019_0200_L1C_SGP_vis.tif,INSAT3D_VIS_India,2019-11-07 02:00:00,Gujarat,Sabarkantha,23.5977,72.9688,51.11,2.45,Light Rain
INSAT3D_VIS_India/3DIMG_07NOV2019_0200_L1C_SGP_vis.tif,3DIMG_07NOV2019_0200_L1C_SGP_vis.tif,INSAT3D_VIS_India,2019-11-07 02:00:00,Gujarat,Surat,21.1702,72.8311,76.67,5.77,Light Rain
INSAT3D_VIS_India/3DIMG_07NOV2019_0200_L1C_SGP_vis.tif,3DIMG_07NOV2019_0200_L1C_SGP_vis.tif,INSAT3D_VIS_India,2019-11-07 02:00:00,Gujarat,Surendranagar,22.7274,71.637,35.67,2.5,Light Rain
INSAT3D_VIS_India/3DIMG_07NOV2019_0200_L1C_SGP_vis.tif,3DIMG_07NOV2019_0200_L1C_SGP_vis.tif,INSAT3D_VIS_India,2019-11-07 02:00:00,Gujarat,Tapi,21.1147,73.3986,100.22,6.28,Light Rain
INSAT3D_VIS_India/3DIMG_07NOV2019_0200_L1C_SGP_vis.tif,3DIMG_07NOV2019_0200_L1C_SGP_vis.tif,INSAT3D_VIS_India,2019-11-07 02:00:00,Gujarat,Vadodara,22.3072,73.1812,59.11,2.4,Light Rain
INSAT3D_VIS_India/3DIMG_07NOV2019_0200_L1C_SGP_vis.tif,3DIMG_07NOV2019_0200_L1C_SGP_vis.tif,INSAT3D_VIS_India,2019-11-07 02:00:00,Gujarat,Valsad,20.5992,72.9342,67.56,6.42,Light Rain
INSAT3D_VIS_India/3DIMG_07NOV2019_0230_L1C_SGP_vis.tif,3DIMG_07NOV2019_0230_L1C_SGP_vis.tif,INSAT3D_VIS_India,2019-11-07 02:30:00,Gujarat,Ahmedabad,23.0225,72.5714,81.22,7.23,Light Rain
INSAT3D_VIS_India/3DIMG_07NOV2019_0230_L1C_SGP_vis.tif,3DIMG_07NOV2019_0230_L1C_SGP_vis.tif,INSAT3D_VIS_India,2019-11-07 02:30:00,Gujarat,Amreli,21.6032,71.2221,104.89,9.57,Moderate Rain
INSAT3D_VIS_India/3DIMG_07NOV2019_0230_L1C_SGP_vis.tif,3DIMG_07NOV2019_0230_L1C_SGP_vis.tif,INSAT3D_VIS_India,2019-11-07 02:30:00,Gujarat,Anand,22.5645,72.9289,100.78,9.34,Moderate Rain
INSAT3D_VIS_India/3DIMG_07NOV2019_0230_L1C_SGP_vis.tif,3DIMG_07NOV2019_0230_L1C_SGP_vis.tif,INSAT3D_VIS_India,2019-11-07 02:30:00,Gujarat,Aravalli,23.4619,73.3039,110.56,8.01,Moderate Rain
INSAT3D_VIS_India/3DIMG_07NOV2019_0230_L1C_SGP_vis.tif,3DIMG_07NOV2019_0230_L1C_SGP_vis.tif,INSAT3D_VIS_India,2019-11-07 02:30:00,Gujarat,Banaskantha,24.1724,72.4346,42.56,1.95,Light Rain
INSAT3D_VIS_India/3DIMG_07NOV2019_0230_L1C_SGP_vis.tif,3DIMG_07NOV2019_0230_L1C_SGP_vis.tif,INSAT3D_VIS_India,2019-11-07 02:30:00,Gujarat,Bharuch,21.7051,72.9959,100.22,10.63,Moderate Rain
INSAT3D_VIS_India/3DIMG_07NOV2019_0230_L1C_SGP_vis.tif,3DIMG_07NOV2019_0230_L1C_SGP_vis.tif,INSAT3D_VIS_India,2019-11-07 02:30:00,Gujarat,Bhavnagar,21.7645,72.1519,102.67,8.77,Moderate Rain
INSAT3D_VIS_India/3DIMG_07NOV2019_0230_L1C_SGP_vis.tif,3DIMG_07NOV2019_0230_L1C_SGP_vis.tif,INSAT3D_VIS_India,2019-11-07 02:30:00,Gujarat,Botad,22.1704,71.6662,65.56,4.51,Light Rain
INSAT3D_VIS_India/3DIMG_07NOV2019_0230_L1C_SGP_vis.tif,3DIMG_07NOV2019_0230_L1C_SGP_vis.tif,INSAT3D_VIS_India,2019-11-07 02:30:00,Gujarat,Chhota Udepur,22.3108,74.0125,87.67,6.68,Light Rain
INSAT3D_VIS_India/3DIMG_07NOV2019_0230_L1C_SGP_vis.tif,3DIMG_07NOV2019_0230_L1C_SGP_vis.tif,INSAT3D_VIS_India,2019-11-07 02:30:00,Gujarat,Dahod,22.8347,74.2552,43.89,3.73,Light Rain
INSAT3D_VIS_India/3DIMG_07NOV2019_0230_L1C_SGP_vis.tif,3DIMG_07NOV2019_0230_L1C_SGP_vis.tif,INSAT3D_VIS_India,2019-11-07 02:30:00,Gujarat,Dang,20.7554,73.6873,71.78,4.11,Light Rain
INSAT3D_VIS_India/3DIMG_07NOV2019_0230_L1C_SGP_vis.tif,3DIMG_07NOV2019_0230_L1C_SGP_vis.tif,INSAT3D_VIS_India,2019-11-07 02:30:00,Gujarat,Devbhumi Dwarka,22.2078,69.6582,38.78,0.0,No Rain
INSAT3D_VIS_India/3DIMG_07NOV2019_0230_L1C_SGP_vis.tif,3DIMG_07NOV2019_0230_L1C_SGP_vis.tif,INSAT3D_VIS_India,2019-11-07 02:30:00,Gujarat,Gandhinagar,23.2156,72.6369,86.44,7.36,Light Rain
INSAT3D_VIS_India/3DIMG_07NOV2019_0230_L1C_SGP_vis.tif,3DIMG_07NOV2019_0230_L1C_SGP_vis.tif,INSAT3D_VIS_India,2019-11-07 02:30:00,Gujarat,Gir Somnath,20.9042,70.3644,82.33,6.58,Light Rain
INSAT3D_VIS_India/3DIMG_07NOV2019_0230_L1C_SGP_vis.tif,3DIMG_07NOV2019_0230_L1C_SGP_vis.tif,INSAT3D_VIS_India,2019-11-07 02:30:00,Gujarat,Jamnagar,22.4707,70.0577,39.89,0.38,Light Rain
INSAT3D_VIS_India/3DIMG_07NOV2019_0230_L1C_SGP_vis.tif,3DIMG_07NOV2019_0230_L1C_SGP_vis.tif,INSAT3D_VIS_India,2019-11-07 02:30:00,Gujarat,Junagadh,21.5222,70.4579,56.0,5.07,Light Rain
INSAT3D_VIS_India/3DIMG_07NOV2019_0230_L1C_SGP_vis.tif,3DIMG_07NOV2019_0230_L1C_SGP_vis.tif,INSAT3D_VIS_India,2019-11-07 02:30:00,Gujarat,Kheda,22.6916,72.8634,114.89,11.8,Moderate Rain
INSAT3D_VIS_India/3DIMG_07NOV2019_0230_L1C_SGP_vis.tif,3DIMG_07NOV2019_0230_L1C_SGP_vis.tif,INSAT3D_VIS_India,2019-11-07 02:30:00,Gujarat,Kutch (Bhuj),23.242,69.6669,42.0,0.36,Light Rain
INSAT3D_VIS_India/3DIMG_07NOV2019_0230_L1C_SGP_vis.tif,3DIMG_07NOV2019_0230_L1C_SGP_vis.tif,INSAT3D_VIS_India,2019-11-07 02:30:00,Gujarat,Mahisagar,23.1311,73.6009,86.78,6.39,Light Rain
INSAT3D_VIS_India/3DIMG_07NOV2019_0230_L1C_SGP_vis.tif,3DIMG_07NOV2019_0230_L1C_SGP_vis.tif,INSAT3D_VIS_India,2019-11-07 02:30:00,Gujarat,Mehsana,23.588,72.3693,52.0,0.44,Light Rain
INSAT3D_VIS_India/3DIMG_07NOV2019_0230_L1C_SGP_vis.tif,3DIMG_07NOV2019_0230_L1C_SGP_vis.tif,INSAT3D_VIS_India,2019-11-07 02:30:00,Gujarat,Morbi,22.8173,70.8368,50.11,2.59,Light Rain
INSAT3D_VIS_India/3DIMG_07NOV2019_0230_L1C_SGP_vis.tif,3DIMG_07NOV2019_0230_L1C_SGP_vis.tif,INSAT3D_VIS_India,2019-11-07 02:30:00,Gujarat,Narmada,21.8719,73.5028,86.0,6.2,Light Rain
INSAT3D_VIS_India/3DIMG_07NOV2019_0230_L1C_SGP_vis.tif,3DIMG_07NOV2019_0230_L1C_SGP_vis.tif,INSAT3D_VIS_India,2019-11-07 02:30:00,Gujarat,Navsari,20.9467,72.952,158.78,15.54,Moderate Rain
INSAT3D_VIS_India/3DIMG_07NOV2019_0230_L1C_SGP_vis.tif,3DIMG_07NOV2019_0230_L1C_SGP_vis.tif,INSAT3D_VIS_India,2019-11-07 02:30:00,Gujarat,Panchmahal,22.778,73.6143,82.0,6.04,Light Rain
INSAT3D_VIS_India/3DIMG_07NOV2019_0230_L1C_SGP_vis.tif,3DIMG_07NOV2019_0230_L1C_SGP_vis.tif,INSAT3D_VIS_India,2019-11-07 02:30:00,Gujarat,Patan,23.8493,72.1266,51.44,1.46,Light Rain
INSAT3D_VIS_India/3DIMG_07NOV2019_0230_L1C_SGP_vis.tif,3DIMG_07NOV2019_0230_L1C_SGP_vis.tif,INSAT3D_VIS_India,2019-11-07 02:30:00,Gujarat,Porbandar,21.6417,69.6293,32.22,0.44,Light Rain
INSAT3D_VIS_India/3DIMG_07NOV2019_0230_L1C_SGP_vis.tif,3DIMG_07NOV2019_0230_L1C_SGP_vis.tif,INSAT3D_VIS_India,2019-11-07 02:30:00,Gujarat,Rajkot,22.3039,70.8022,42.89,0.0,No Rain
INSAT3D_VIS_India/3DIMG_07NOV2019_0230_L1C_SGP_vis.tif,3DIMG_07NOV2019_0230_L1C_SGP_vis.tif,INSAT3D_VIS_India,2019-11-07 02:30:00,Gujarat,Sabarkantha,23.5977,72.9688,70.78,4.81,Light Rain
INSAT3D_VIS_India/3DIMG_07NOV2019_0230_L1C_SGP_vis.tif,3DIMG_07NOV2019_0230_L1C_SGP_vis.tif,INSAT3D_VIS_India,2019-11-07 02:30:00,Gujarat,Surat,21.1702,72.8311,150.89,14.68,Moderate Rain
INSAT3D_VIS_India/3DIMG_07NOV2019_0230_L1C_SGP_vis.tif,3DIMG_07NOV2019_0230_L1C_SGP_vis.tif,INSAT3D_VIS_India,2019-11-07 02:30:00,Gujarat,Surendranagar,22.7274,71.637,62.22,5.68,Light Rain
INSAT3D_VIS_India/3DIMG_07NOV2019_0230_L1C_SGP_vis.tif,3DIMG_07NOV2019_0230_L1C_SGP_vis.tif,INSAT3D_VIS_India,2019-11-07 02:30:00,Gujarat,Tapi,21.1147,73.3986,123.0,9.02,Moderate Rain
INSAT3D_VIS_India/3DIMG_07NOV2019_0230_L1C_SGP_vis.tif,3DIMG_07NOV2019_0230_L1C_SGP_vis.tif,INSAT3D_VIS_India,2019-11-07 02:30:00,Gujarat,Vadodara,22.3072,73.1812,121.11,9.84,Moderate Rain
INSAT3D_VIS_India/3DIMG_07NOV2019_0230_L1C_SGP_vis.tif,3DIMG_07NOV2019_0230_L1C_SGP_vis.tif,INSAT3D_VIS_India,2019-11-07 02:30:00,Gujarat,Valsad,20.5992,72.9342,140.89,15.22,Moderate Rain
INSAT3D_VIS_India/3DIMG_07NOV2019_0300_L1C_SGP_vis.tif,3DIMG_07NOV2019_0300_L1C_SGP_vis.tif,INSAT3D_VIS_India,2019-11-07 03:00:00,Gujarat,Ahmedabad,23.0225,72.5714,101.0,9.61,Moderate Rain
INSAT3D_VIS_India/3DIMG_07NOV2019_0300_L1C_SGP_vis.tif,3DIMG_07NOV2019_0300_L1C_SGP_vis.tif,INSAT3D_VIS_India,2019-11-07 03:00:00,Gujarat,Amreli,21.6032,71.2221,139.89,13.77,Moderate Rain
INSAT3D_VIS_India/3DIMG_07NOV2019_0300_L1C_SGP_vis.tif,3DIMG_07NOV2019_0300_L1C_SGP_vis.tif,INSAT3D_VIS_India,2019-11-07 03:00:00,Gujarat,Anand,22.5645,72.9289,118.0,11.41,Moderate Rain
INSAT3D_VIS_India/3DIMG_07NOV2019_0300_L1C_SGP_vis.tif,3DIMG_07NOV2019_0300_L1C_SGP_vis.tif,INSAT3D_VIS_India,2019-11-07 03:00:00,Gujarat,Aravalli,23.4619,73.3039,168.56,14.97,Moderate Rain
INSAT3D_VIS_India/3DIMG_07NOV2019_0300_L1C_SGP_vis.tif,3DIMG_07NOV2019_0300_L1C_SGP_vis.tif,INSAT3D_VIS_India,2019-11-07 03:00:00,Gujarat,Banaskantha,24.1724,72.4346,58.33,3.84,Light Rain
INSAT3D_VIS_India/3DIMG_07NOV2019_0300_L1C_SGP_vis.tif,3DIMG_07NOV2019_0300_L1C_SGP_vis.tif,INSAT3D_VIS_India,2019-11-07 03:00:00,Gujarat,Bharuch,21.7051,72.9959,99.67,10.57,Moderate Rain
INSAT3D_VIS_India/3DIMG_07NOV2019_0300_L1C_SGP_vis.tif,3DIMG_07NOV2019_0300_L1C_SGP_vis.tif,INSAT3D_VIS_India,2019-11-07 03:00:00,Gujarat,Bhavnagar,21.7645,72.1519,152.78,14.78,Moderate Rain
INSAT3D_VIS_India/3DIMG_07NOV2019_0300_L1C_SGP_vis.tif,3DIMG_07NOV2019_0300_L1C_SGP_vis.tif,INSAT3D_VIS_India,2019-11-07 03:00:00,Gujarat,Botad,22.1704,71.6662,98.22,8.43,Moderate Rain
INSAT3D_VIS_India/3DIMG_07NOV2019_0300_L1C_SGP_vis.tif,3DIMG_07NOV2019_0300_L1C_SGP_vis.tif,INSAT3D_VIS_India,2019-11-07 03:00:00,Gujarat,Chhota Udepur,22.3108,74.0125,167.33,16.24,Moderate Rain
INSAT3D_VIS_India/3DIMG_07NOV2019_0300_L1C_SGP_vis.tif,3DIMG_07NOV2019_0300_L1C_SGP_vis.tif,INSAT3D_VIS_India,2019-11-07 03:00:00,Gujarat,Dahod,22.8347,74.2552,62.67,5.99,Light Rain
INSAT3D_VIS_India/3DIMG_07NOV2019_0300_L1C_SGP_vis.tif,3DIMG_07NOV2019_0300_L1C_SGP_vis.tif,INSAT3D_VIS_India,2019-11-07 03:00:00,Gujarat,Dang,20.7554,73.6873,96.11,7.03,Light Rain
INSAT3D_VIS_India/3DIMG_07NOV2019_0300_L1C_SGP_vis.tif,3DIMG_07NOV2019_0300_L1C_SGP_vis.tif,INSAT3D_VIS_India,2019-11-07 03:00:00,Gujarat,Devbhumi Dwarka,22.2078,69.6582,47.33,0.0,No Rain
INSAT3D_VIS_India/3DIMG_07NOV2019_0300_L1C_SGP_vis.tif,3DIMG_07NOV2019_0300_L1C_SGP_vis.tif,INSAT3D_VIS_India,2019-11-07 03:00:00,Gujarat,Gandhinagar,23.2156,72.6369,103.33,9.38,Moderate Rain
INSAT3D_VIS_India/3DIMG_07NOV2019_0300_L1C_SGP_vis.tif,3DIMG_07NOV2019_0300_L1C_SGP_vis.tif,INSAT3D_VIS_India,2019-11-07 03:00:00,Gujarat,Gir Somnath,20.9042,70.3644,93.89,7.97,Moderate Rain
INSAT3D_VIS_India/3DIMG_07NOV2019_0300_L1C_SGP_vis.tif,3DIMG_07NOV2019_0300_L1C_SGP_vis.tif,INSAT3D_VIS_India,2019-11-07 03:00:00,Gujarat,Jamnagar,22.4707,70.0577,46.78,1.2,Light Rain
INSAT3D_VIS_India/3DIMG_07NOV2019_0300_L1C_SGP_vis.tif,3DIMG_07NOV2019_0300_L1C_SGP_vis.tif,INSAT3D_VIS_India,2019-11-07 03:00:00,Gujarat,Junagadh,21.5222,70.4579,80.89,8.06,Moderate Rain
INSAT3D_VIS_India/3DIMG_07NOV2019_0300_L1C_SGP_vis.tif,3DIMG_07NOV2019_0300_L1C_SGP_vis.tif,INSAT3D_VIS_India,2019-11-07 03:00:00,Gujarat,Kheda,22.6916,72.8634,129.89,13.6,Moderate Rain
INSAT3D_VIS_India/3DIMG_07NOV2019_0300_L1C_SGP_vis.tif,3DIMG_07NOV2019_0300_L1C_SGP_vis.tif,INSAT3D_VIS_India,2019-11-07 03:00:00,Gujarat,Kutch (Bhuj),23.242,69.6669,49.22,1.23,Light Rain
INSAT3D_VIS_India/3DIMG_07NOV2019_0300_L1C_SGP_vis.tif,3DIMG_07NOV2019_0300_L1C_SGP_vis.tif,INSAT3D_VIS_India,2019-11-07 03:00:00,Gujarat,Mahisagar,23.1311,73.6009,97.89,7.72,Moderate Rain
INSAT3D_VIS_India/3DIMG_07NOV2019_0300_L1C_SGP_vis.tif,3DIMG_07NOV2019_0300_L1C_SGP_vis.tif,INSAT3D_VIS_India,2019-11-07 03:00:00,Gujarat,Mehsana,23.588,72.3693,55.44,0.85,Light Rain
INSAT3D_VIS_India/3DIMG_07NOV2019_0300_L1C_SGP_vis.tif,3DIMG_07NOV2019_0300_L1C_SGP_vis.tif,INSAT3D_VIS_India,2019-11-07 03:00:00,Gujarat,Morbi,22.8173,70.8368,46.11,2.11,Light Rain
INSAT3D_VIS_India/3DIMG_07NOV2019_0300_L1C_SGP_vis.tif,3DIMG_07NOV2019_0300_L1C_SGP_vis.tif,INSAT3D_VIS_India,2019-11-07 03:00:00,Gujarat,Narmada,21.8719,73.5028,156.33,14.64,Moderate Rain
INSAT3D_VIS_India/3DIMG_07NOV2019_0300_L1C_SGP_vis.tif,3DIMG_07NOV2019_0300_L1C_SGP_vis.tif,INSAT3D_VIS_India,2019-11-07 03:00:00,Gujarat,Navsari,20.9467,72.952,179.67,18.05,Moderate Rain
INSAT3D_VIS_India/3DIMG_07NOV2019_0300_L1C_SGP_vis.tif,3DIMG_07NOV2019_0300_L1C_SGP_vis.tif,INSAT3D_VIS_India,2019-11-07 03:00:00,Gujarat,Panchmahal,22.778,73.6143,69.44,4.54,Light Rain
INSAT3D_VIS_India/3DIMG_07NOV2019_0300_L1C_SGP_vis.tif,3DIMG_07NOV2019_0300_L1C_SGP_vis.tif,INSAT3D_VIS_India,2019-11-07 03:00:00,Gujarat,Patan,23.8493,72.1266,58.56,2.31,Light Rain
INSAT3D_VIS_India/3DIMG_07NOV2019_0300_L1C_SGP_vis.tif,3DIMG_07NOV2019_0300_L1C_SGP_vis.tif,INSAT3D_VIS_India,2019-11-07 03:00:00,Gujarat,Porbandar,21.6417,69.6293,43.11,1.74,Light Rain
INSAT3D_VIS_India/3DIMG_07NOV2019_0300_L1C_SGP_vis.tif,3DIMG_07NOV2019_0300_L1C_SGP_vis.tif,INSAT3D_VIS_India,2019-11-07 03:00:00,Gujarat,Rajkot,22.3039,70.8022,51.67,0.74,Light Rain
INSAT3D_VIS_India/3DIMG_07NOV2019_0300_L1C_SGP_vis.tif,3DIMG_07NOV2019_0300_L1C_SGP_vis.tif,INSAT3D_VIS_India,2019-11-07 03:00:00,Gujarat,Sabarkantha,23.5977,72.9688,137.56,12.82,Moderate Rain
INSAT3D_VIS_India/3DIMG_07NOV2019_0300_L1C_SGP_vis.tif,3DIMG_07NOV2019_0300_L1C_SGP_vis.tif,INSAT3D_VIS_India,2019-11-07 03:00:00,Gujarat,Surat,21.1702,72.8311,183.22,18.56,Moderate Rain
INSAT3D_VIS_India/3DIMG_07NOV2019_0300_L1C_SGP_vis.tif,3DIMG_07NOV2019_0300_L1C_SGP_vis.tif,INSAT3D_VIS_India,2019-11-07 03:00:00,Gujarat,Surendranagar,22.7274,71.637,69.33,6.54,Light Rain
INSAT3D_VIS_India/3DIMG_07NOV2019_0300_L1C_SGP_vis.tif,3DIMG_07NOV2019_0300_L1C_SGP_vis.tif,INSAT3D_VIS_India,2019-11-07 03:00:00,Gujarat,Tapi,21.1147,73.3986,144.0,11.54,Moderate Rain
INSAT3D_VIS_India/3DIMG_07NOV2019_0300_L1C_SGP_vis.tif,3DIMG_07NOV2019_0300_L1C_SGP_vis.tif,INSAT3D_VIS_India,2019-11-07 03:00:00,Gujarat,Vadodara,22.3072,73.1812,207.56,20.21,Moderate Rain
INSAT3D_VIS_India/3DIMG_07NOV2019_0300_L1C_SGP_vis.tif,3DIMG_07NOV2019_0300_L1C_SGP_vis.tif,INSAT3D_VIS_India,2019-11-07 03:00:00,Gujarat,Valsad,20.5992,72.9342,187.0,20.76,Moderate Rain
INSAT3D_VIS_India/3DIMG_07NOV2019_0330_L1C_SGP_vis.tif,3DIMG_07NOV2019_0330_L1C_SGP_vis.tif,INSAT3D_VIS_India,2019-11-07 03:30:00,Gujarat,Ahmedabad,23.0225,72.5714,74.11,6.38,Light Rain
INSAT3D_VIS_India/3DIMG_07NOV2019_0330_L1C_SGP_vis.tif,3DIMG_07NOV2019_0330_L1C_SGP_vis.tif,INSAT3D_VIS_India,2019-11-07 03:30:00,Gujarat,Amreli,21.6032,71.2221,149.11,14.88,Moderate Rain
INSAT3D_VIS_India/3DIMG_07NOV2019_0330_L1C_SGP_vis.tif,3DIMG_07NOV2019_0330_L1C_SGP_vis.tif,INSAT3D_VIS_India,2019-11-07 03:30:00,Gujarat,Anand,22.5645,72.9289,230.11,24.86,Moderate Rain
INSAT3D_VIS_India/3DIMG_07NOV2019_0330_L1C_SGP_vis.tif,3DIMG_07NOV2019_0330_L1C_SGP_vis.tif,INSAT3D_VIS_India,2019-11-07 03:30:00,Gujarat,Aravalli,23.4619,73.3039,150.78,12.84,Moderate Rain
INSAT3D_VIS_India/3DIMG_07NOV2019_0330_L1C_SGP_vis.tif,3DIMG_07NOV2019_0330_L1C_SGP_vis.tif,INSAT3D_VIS_India,2019-11-07 03:30:00,Gujarat,Banaskantha,24.1724,72.4346,74.11,5.73,Light Rain
INSAT3D_VIS_India/3DIMG_07NOV2019_0330_L1C_SGP_vis.tif,3DIMG_07NOV2019_0330_L1C_SGP_vis.tif,INSAT3D_VIS_India,2019-11-07 03:30:00,Gujarat,Bharuch,21.7051,72.9959,111.22,11.95,Moderate Rain
INSAT3D_VIS_India/3DIMG_07NOV2019_0330_L1C_SGP_vis.tif,3DIMG_07NOV2019_0330_L1C_SGP_vis.tif,INSAT3D_VIS_India,2019-11-07 03:30:00,Gujarat,Bhavnagar,21.7645,72.1519,184.56,18.59,Moderate Rain
INSAT3D_VIS_India/3DIMG_07NOV2019_0330_L1C_SGP_vis.tif,3DIMG_07NOV2019_0330_L1C_SGP_vis.tif,INSAT3D_VIS_India,2019-11-07 03:30:00,Gujarat,Botad,22.1704,71.6662,147.33,14.32,Moderate Rain
INSAT3D_VIS_India/3DIMG_07NOV2019_0330_L1C_SGP_vis.tif,3DIMG_07NOV2019_0330_L1C_SGP_vis.tif,INSAT3D_VIS_India,2019-11-07 03:30:00,Gujarat,Chhota Udepur,22.3108,74.0125,207.44,21.05,Moderate Rain
INSAT3D_VIS_India/3DIMG_07NOV2019_0330_L1C_SGP_vis.tif,3DIMG_07NOV2019_0330_L1C_SGP_vis.tif,INSAT3D_VIS_India,2019-11-07 03:30:00,Gujarat,Dahod,22.8347,74.2552,64.22,6.17,Light Rain
INSAT3D_VIS_India/3DIMG_07NOV2019_0330_L1C_SGP_vis.tif,3DIMG_07NOV2019_0330_L1C_SGP_vis.tif,INSAT3D_VIS_India,2019-11-07 03:30:00,Gujarat,Dang,20.7554,73.6873,99.56,7.45,Light Rain
INSAT3D_VIS_India/3DIMG_07NOV2019_0330_L1C_SGP_vis.tif,3DIMG_07NOV2019_0330_L1C_SGP_vis.tif,INSAT3D_VIS_India,2019-11-07 03:30:00,Gujarat,Devbhumi Dwarka,22.2078,69.6582,59.33,1.37,Light Rain
INSAT3D_VIS_India/3DIMG_07NOV2019_0330_L1C_SGP_vis.tif,3DIMG_07NOV2019_0330_L1C_SGP_vis.tif,INSAT3D_VIS_India,2019-11-07 03:30:00,Gujarat,Gandhinagar,23.2156,72.6369,149.78,14.96,Moderate Rain
INSAT3D_VIS_India/3DIMG_07NOV2019_0330_L1C_SGP_vis.tif,3DIMG_07NOV2019_0330_L1C_SGP_vis.tif,INSAT3D_VIS_India,2019-11-07 03:30:00,Gujarat,Gir Somnath,20.9042,70.3644,85.56,6.97,Light Rain
INSAT3D_VIS_India/3DIMG_07NOV2019_0330_L1C_SGP_vis.tif,3DIMG_07NOV2019_0330_L1C_SGP_vis.tif,INSAT3D_VIS_India,2019-11-07 03:30:00,Gujarat,Jamnagar,22.4707,70.0577,52.89,1.94,Light Rain
INSAT3D_VIS_India/3DIMG_07NOV2019_0330_L1C_SGP_vis.tif,3DIMG_07NOV2019_0330_L1C_SGP_vis.tif,INSAT3D_VIS_India,2019-11-07 03:30:00,Gujarat,Junagadh,21.5222,70.4579,92.56,9.46,Moderate Rain
INSAT3D_VIS_India/3DIMG_07NOV2019_0330_L1C_SGP_vis.tif,3DIMG_07NOV2019_0330_L1C_SGP_vis.tif,INSAT3D_VIS_India,2019-11-07 03:30:00,Gujarat,Kheda,22.6916,72.8634,162.89,17.56,Moderate Rain
INSAT3D_VIS_India/3DIMG_07NOV2019_0330_L1C_SGP_vis.tif,3DIMG_07NOV2019_0330_L1C_SGP_vis.tif,INSAT3D_VIS_India,2019-11-07 03:30:00,Gujarat,Kutch (Bhuj),23.242,69.6669,59.44,2.45,Light Rain
INSAT3D_VIS_India/3DIMG_07NOV2019_0330_L1C_SGP_vis.tif,3DIMG_07NOV2019_0330_L1C_SGP_vis.tif,INSAT3D_VIS_India,2019-11-07 03:30:00,Gujarat,Mahisagar,23.1311,73.6009,189.0,18.65,Moderate Rain
INSAT3D_VIS_India/3DIMG_07NOV2019_0330_L1C_SGP_vis.tif,3DIMG_07NOV2019_0330_L1C_SGP_vis.tif,INSAT3D_VIS_India,2019-11-07 03:30:00,Gujarat,Mehsana,23.588,72.3693,107.89,7.14,Light Rain
INSAT3D_VIS_India/3DIMG_07NOV2019_0330_L1C_SGP_vis.tif,3DIMG_07NOV2019_0330_L1C_SGP_vis.tif,INSAT3D_VIS_India,2019-11-07 03:30:00,Gujarat,Morbi,22.8173,70.8368,54.89,3.17,Light Rain
INSAT3D_VIS_India/3DIMG_07NOV2019_0330_L1C_SGP_vis.tif,3DIMG_07NOV2019_0330_L1C_SGP_vis.tif,INSAT3D_VIS_India,2019-11-07 03:30:00,Gujarat,Narmada,21.8719,73.5028,162.44,15.37,Moderate Rain
INSAT3D_VIS_India/3DIMG_07NOV2019_0330_L1C_SGP_vis.tif,3DIMG_07NOV2019_0330_L1C_SGP_vis.tif,INSAT3D_VIS_India,2019-11-07 03:30:00,Gujarat,Navsari,20.9467,72.952,213.0,22.05,Moderate Rain
INSAT3D_VIS_India/3DIMG_07NOV2019_0330_L1C_SGP_vis.tif,3DIMG_07NOV2019_0330_L1C_SGP_vis.tif,INSAT3D_VIS_India,2019-11-07 03:30:00,Gujarat,Panchmahal,22.778,73.6143,80.67,5.88,Light Rain
INSAT3D_VIS_India/3DIMG_07NOV2019_0330_L1C_SGP_vis.tif,3DIMG_07NOV2019_0330_L1C_SGP_vis.tif,INSAT3D_VIS_India,2019-11-07 03:30:00,Gujarat,Patan,23.8493,72.1266,60.33,2.52,Light Rain
INSAT3D_VIS_India/3DIMG_07NOV2019_0330_L1C_SGP_vis.tif,3DIMG_07NOV2019_0330_L1C_SGP_vis.tif,INSAT3D_VIS_India,2019-11-07 03:30:00,Gujarat,Porbandar,21.6417,69.6293,49.0,2.45,Light Rain
INSAT3D_VIS_India/3DIMG_07NOV2019_0330_L1C_SGP_vis.tif,3DIMG_07NOV2019_0330_L1C_SGP_vis.tif,INSAT3D_VIS_India,2019-11-07 03:30:00,Gujarat,Rajkot,22.3039,70.8022,57.22,1.41,Light Rain
INSAT3D_VIS_India/3DIMG_07NOV2019_0330_L1C_SGP_vis.tif,3DIMG_07NOV2019_0330_L1C_SGP_vis.tif,INSAT3D_VIS_India,2019-11-07 03:30:00,Gujarat,Sabarkantha,23.5977,72.9688,163.44,15.93,Moderate Rain
INSAT3D_VIS_India/3DIMG_07NOV2019_0330_L1C_SGP_vis.tif,3DIMG_07NOV2019_0330_L1C_SGP_vis.tif,INSAT3D_VIS_India,2019-11-07 03:30:00,Gujarat,Surat,21.1702,72.8311,197.0,20.21,Moderate Rain
INSAT3D_VIS_India/3DIMG_07NOV2019_0330_L1C_SGP_vis.tif,3DIMG_07NOV2019_0330_L1C_SGP_vis.tif,INSAT3D_VIS_India,2019-11-07 03:30:00,Gujarat,Surendranagar,22.7274,71.637,69.89,6.6,Light Rain
INSAT3D_VIS_India/3DIMG_07NOV2019_0330_L1C_SGP_vis.tif,3DIMG_07NOV2019_0330_L1C_SGP_vis.tif,INSAT3D_VIS_India,2019-11-07 03:30:00,Gujarat,Tapi,21.1147,73.3986,178.44,15.67,Moderate Rain
INSAT3D_VIS_India/3DIMG_07NOV2019_0330_L1C_SGP_vis.tif,3DIMG_07NOV2019_0330_L1C_SGP_vis.tif,INSAT3D_VIS_India,2019-11-07 03:30:00,Gujarat,Vadodara,22.3072,73.1812,203.67,19.75,Moderate Rain
INSAT3D_VIS_India/3DIMG_07NOV2019_0330_L1C_SGP_vis.tif,3DIMG_07NOV2019_0330_L1C_SGP_vis.tif,INSAT3D_VIS_India,2019-11-07 03:30:00,Gujarat,Valsad,20.5992,72.9342,111.89,11.74,Moderate Rain
INSAT3D_VIS_India/3DIMG_07NOV2019_0400_L1C_SGP_vis.tif,3DIMG_07NOV2019_0400_L1C_SGP_vis.tif,INSAT3D_VIS_India,2019-11-07 04:00:00,Gujarat,Ahmedabad,23.0225,72.5714,106.89,10.31,Moderate Rain
INSAT3D_VIS_India/3DIMG_07NOV2019_0400_L1C_SGP_vis.tif,3DIMG_07NOV2019_0400_L1C_SGP_vis.tif,INSAT3D_VIS_India,2019-11-07 04:00:00,Gujarat,Amreli,21.6032,71.2221,161.44,16.36,Moderate Rain
INSAT3D_VIS_India/3DIMG_07NOV2019_0400_L1C_SGP_vis.tif,3DIMG_07NOV2019_0400_L1C_SGP_vis.tif,INSAT3D_VIS_India,2019-11-07 04:00:00,Gujarat,Anand,22.5645,72.9289,248.44,27.06,Moderate Rain
INSAT3D_VIS_India/3DIMG_07NOV2019_0400_L1C_SGP_vis.tif,3DIMG_07NOV2019_0400_L1C_SGP_vis.tif,INSAT3D_VIS_India,2019-11-07 04:00:00,Gujarat,Aravalli,23.4619,73.3039,144.33,12.07,Moderate Rain
INSAT3D_VIS_India/3DIMG_07NOV2019_0400_L1C_SGP_vis.tif,3DIMG_07NOV2019_0400_L1C_SGP_vis.tif,INSAT3D_VIS_India,2019-11-07 04:00:00,Gujarat,Banaskantha,24.1724,72.4346,67.33,4.92,Light Rain
INSAT3D_VIS_India/3DIMG_07NOV2019_0400_L1C_SGP_vis.tif,3DIMG_07NOV2019_0400_L1C_SGP_vis.tif,INSAT3D_VIS_India,2019-11-07 04:00:00,Gujarat,Bharuch,21.7051,72.9959,159.89,17.79,Moderate Rain
INSAT3D_VIS_India/3DIMG_07NOV2019_0400_L1C_SGP_vis.tif,3DIMG_07NOV2019_0400_L1C_SGP_vis.tif,INSAT3D_VIS_India,2019-11-07 04:00:00,Gujarat,Bhavnagar,21.7645,72.1519,208.89,21.51,Moderate Rain
INSAT3D_VIS_India/3DIMG_07NOV2019_0400_L1C_SGP_vis.tif,3DIMG_07NOV2019_0400_L1C_SGP_vis.tif,INSAT3D_VIS_India,2019-11-07 04:00:00,Gujarat,Botad,22.1704,71.6662,147.67,14.36,Moderate Rain
INSAT3D_VIS_India/3DIMG_07NOV2019_0400_L1C_SGP_vis.tif,3DIMG_07NOV2019_0400_L1C_SGP_vis.tif,INSAT3D_VIS_India,2019-11-07 04:00:00,Gujarat,Chhota Udepur,22.3108,74.0125,291.56,31.15,Moderate Rain
INSAT3D_VIS_India/3DIMG_07NOV2019_0400_L1C_SGP_vis.tif,3DIMG_07NOV2019_0400_L1C_SGP_vis.tif,INSAT3D_VIS_India,2019-11-07 04:00:00,Gujarat,Dahod,22.8347,74.2552,88.78,9.12,Moderate Rain
INSAT3D_VIS_India/3DIMG_07NOV2019_0400_L1C_SGP_vis.tif,3DIMG_07NOV2019_0400_L1C_SGP_vis.tif,INSAT3D_VIS_India,2019-11-07 04:00:00,Gujarat,Dang,20.7554,73.6873,138.11,12.07,Moderate Rain
INSAT3D_VIS_India/3DIMG_07NOV2019_0400_L1C_SGP_vis.tif,3DIMG_07NOV2019_0400_L1C_SGP_vis.tif,INSAT3D_VIS_India,2019-11-07 04:00:00,Gujarat,Devbhumi Dwarka,22.2078,69.6582,60.11,1.46,Light Rain
INSAT3D_VIS_India/3DIMG_07NOV2019_0400_L1C_SGP_vis.tif,3DIMG_07NOV2019_0400_L1C_SGP_vis.tif,INSAT3D_VIS_India,2019-11-07 04:00:00,Gujarat,Gandhinagar,23.2156,72.6369,168.22,17.17,Moderate Rain
INSAT3D_VIS_India/3DIMG_07NOV2019_0400_L1C_SGP_vis.tif,3DIMG_07NOV2019_0400_L1C_SGP_vis.tif,INSAT3D_VIS_India,2019-11-07 04:00:00,Gujarat,Gir Somnath,20.9042,70.3644,123.56,11.53,Moderate Rain
INSAT3D_VIS_India/3DIMG_07NOV2019_0400_L1C_SGP_vis.tif,3DIMG_07NOV2019_0400_L1C_SGP_vis.tif,INSAT3D_VIS_India,2019-11-07 04:00:00,Gujarat,Jamnagar,22.4707,70.0577,57.0,2.43,Light Rain
INSAT3D_VIS_India/3DIMG_07NOV2019_0400_L1C_SGP_vis.tif,3DIMG_07NOV2019_0400_L1C_SGP_vis.tif,INSAT3D_VIS_India,2019-11-07 04:00:00,Gujarat,Junagadh,21.5222,70.4579,119.44,12.68,Moderate Rain
INSAT3D_VIS_India/3DIMG_07NOV2019_0400_L1C_SGP_vis.tif,3DIMG_07NOV2019_0400_L1C_SGP_vis.tif,INSAT3D_VIS_India,2019-11-07 04:00:00,Gujarat,Kheda,22.6916,72.8634,212.56,23.52,Moderate Rain
INSAT3D_VIS_India/3DIMG_07NOV2019_0400_L1C_SGP_vis.tif,3DIMG_07NOV2019_0400_L1C_SGP_vis.tif,INSAT3D_VIS_India,2019-11-07 04:00:00,Gujarat,Kutch (Bhuj),23.242,69.6669,63.89,2.99,Light Rain
INSAT3D_VIS_India/3DIMG_07NOV2019_0400_L1C_SGP_vis.tif,3DIMG_07NOV2019_0400_L1C_SGP_vis.tif,INSAT3D_VIS_India,2019-11-07 04:00:00,Gujarat,Mahisagar,23.1311,73.6009,127.22,11.24,Moderate Rain
INSAT3D_VIS_India/3DIMG_07NOV2019_0400_L1C_SGP_vis.tif,3DIMG_07NOV2019_0400_L1C_SGP_vis.tif,INSAT3D_VIS_India,2019-11-07 04:00:00,Gujarat,Mehsana,23.588,72.3693,78.56,3.62,Light Rain
INSAT3D_VIS_India/3DIMG_07NOV2019_0400_L1C_SGP_vis.tif,3DIMG_07NOV2019_0400_L1C_SGP_vis.tif,INSAT3D_VIS_India,2019-11-07 04:00:00,Gujarat,Morbi,22.8173,70.8368,59.0,3.66,Light Rain
INSAT3D_VIS_India/3DIMG_07NOV2019_0400_L1C_SGP_vis.tif,3DIMG_07NOV2019_0400_L1C_SGP_vis.tif,INSAT3D_VIS_India,2019-11-07 04:00:00,Gujarat,Narmada,21.8719,73.5028,227.33,23.16,Moderate Rain
INSAT3D_VIS_India/3DIMG_07NOV2019_0400_L1C_SGP_vis.tif,3DIMG_07NOV2019_0400_L1C_SGP_vis.tif,INSAT3D_VIS_India,2019-11-07 04:00:00,Gujarat,Navsari,20.9467,72.952,206.67,21.29,Moderate Rain
INSAT3D_VIS_India/3DIMG_07NOV2019_0400_L1C_SGP_vis.tif,3DIMG_07NOV2019_0400_L1C_SGP_vis.tif,INSAT3D_VIS_India,2019-11-07 04:00:00,Gujarat,Panchmahal,22.778,73.6143,229.33,23.72,Moderate Rain
INSAT3D_VIS_India/3DIMG_07NOV2019_0400_L1C_SGP_vis.tif,3DIMG_07NOV2019_0400_L1C_SGP_vis.tif,INSAT3D_VIS_India,2019-11-07 04:00:00,Gujarat,Patan,23.8493,72.1266,70.0,3.68,Light Rain
INSAT3D_VIS_India/3DIMG_07NOV2019_0400_L1C_SGP_vis.tif,3DIMG_07NOV2019_0400_L1C_SGP_vis.tif,INSAT3D_VIS_India,2019-11-07 04:00:00,Gujarat,Porbandar,21.6417,69.6293,55.78,3.26,Light Rain
INSAT3D_VIS_India/3DIMG_07NOV2019_0400_L1C_SGP_vis.tif,3DIMG_07NOV2019_0400_L1C_SGP_vis.tif,INSAT3D_VIS_India,2019-11-07 04:00:00,Gujarat,Rajkot,22.3039,70.8022,59.11,1.63,Light Rain
INSAT3D_VIS_India/3DIMG_07NOV2019_0400_L1C_SGP_vis.tif,3DIMG_07NOV2019_0400_L1C_SGP_vis.tif,INSAT3D_VIS_India,2019-11-07 04:00:00,Gujarat,Sabarkantha,23.5977,72.9688,141.67,13.32,Moderate Rain
INSAT3D_VIS_India/3DIMG_07NOV2019_0400_L1C_SGP_vis.tif,3DIMG_07NOV2019_0400_L1C_SGP_vis.tif,INSAT3D_VIS_India,2019-11-07 04:00:00,Gujarat,Surat,21.1702,72.8311,163.67,16.21,Moderate Rain
INSAT3D_VIS_India/3DIMG_07NOV2019_0400_L1C_SGP_vis.tif,3DIMG_07NOV2019_0400_L1C_SGP_vis.tif,INSAT3D_VIS_India,2019-11-07 04:00:00,Gujarat,Surendranagar,22.7274,71.637,82.67,8.14,Moderate Rain
INSAT3D_VIS_India/3DIMG_07NOV2019_0400_L1C_SGP_vis.tif,3DIMG_07NOV2019_0400_L1C_SGP_vis.tif,INSAT3D_VIS_India,2019-11-07 04:00:00,Gujarat,Tapi,21.1147,73.3986,159.11,13.35,Moderate Rain
INSAT3D_VIS_India/3DIMG_07NOV2019_0400_L1C_SGP_vis.tif,3DIMG_07NOV2019_0400_L1C_SGP_vis.tif,INSAT3D_VIS_India,2019-11-07 04:00:00,Gujarat,Vadodara,22.3072,73.1812,155.22,13.93,Moderate Rain
INSAT3D_VIS_India/3DIMG_07NOV2019_0400_L1C_SGP_vis.tif,3DIMG_07NOV2019_0400_L1C_SGP_vis.tif,INSAT3D_VIS_India,2019-11-07 04:00:00,Gujarat,Valsad,20.5992,72.9342,80.56,7.98,Moderate Rain
INSAT3D_VIS_India/3DIMG_07NOV2019_0430_L1C_SGP_vis.tif,3DIMG_07NOV2019_0430_L1C_SGP_vis.tif,INSAT3D_VIS_India,2019-11-07 04:30:00,Gujarat,Ahmedabad,23.0225,72.5714,173.78,18.34,Moderate Rain
INSAT3D_VIS_India/3DIMG_07NOV2019_0430_L1C_SGP_vis.tif,3DIMG_07NOV2019_0430_L1C_SGP_vis.tif,INSAT3D_VIS_India,2019-11-07 04:30:00,Gujarat,Amreli,21.6032,71.2221,175.22,18.01,Moderate Rain
INSAT3D_VIS_India/3DIMG_07NOV2019_0430_L1C_SGP_vis.tif,3DIMG_07NOV2019_0430_L1C_SGP_vis.tif,INSAT3D_VIS_India,2019-11-07 04:30:00,Gujarat,Anand,22.5645,72.9289,152.0,15.49,Moderate Rain
INSAT3D_VIS_India/3DIMG_07NOV2019_0430_L1C_SGP_vis.tif,3DIMG_07NOV2019_0430_L1C_SGP_vis.tif,INSAT3D_VIS_India,2019-11-07 04:30:00,Gujarat,Aravalli,23.4619,73.3039,221.11,21.28,Moderate Rain
INSAT3D_VIS_India/3DIMG_07NOV2019_0430_L1C_SGP_vis.tif,3DIMG_07NOV2019_0430_L1C_SGP_vis.tif,INSAT3D_VIS_India,2019-11-07 04:30:00,Gujarat,Banaskantha,24.1724,72.4346,72.78,5.57,Light Rain
INSAT3D_VIS_India/3DIMG_07NOV2019_0430_L1C_SGP_vis.tif,3DIMG_07NOV2019_0430_L1C_SGP_vis.tif,INSAT3D_VIS_India,2019-11-07 04:30:00,Gujarat,Bharuch,21.7051,72.9959,223.0,25.37,Moderate Rain
INSAT3D_VIS_India/3DIMG_07NOV2019_0430_L1C_SGP_vis.tif,3DIMG_07NOV2019_0430_L1C_SGP_vis.tif,INSAT3D_VIS_India,2019-11-07 04:30:00,Gujarat,Bhavnagar,21.7645,72.1519,220.67,22.93,Moderate Rain
INSAT3D_VIS_India/3DIMG_07NOV2019_0430_L1C_SGP_vis.tif,3DIMG_07NOV2019_0430_L1C_SGP_vis.tif,INSAT3D_VIS_India,2019-11-07 04:30:00,Gujarat,Botad,22.1704,71.6662,96.22,8.19,Moderate Rain
INSAT3D_VIS_India/3DIMG_07NOV2019_0430_L1C_SGP_vis.tif,3DIMG_07NOV2019_0430_L1C_SGP_vis.tif,INSAT3D_VIS_India,2019-11-07 04:30:00,Gujarat,Chhota Udepur,22.3108,74.0125,269.89,28.55,Moderate Rain
INSAT3D_VIS_India/3DIMG_07NOV2019_0430_L1C_SGP_vis.tif,3DIMG_07NOV2019_0430_L1C_SGP_vis.tif,INSAT3D_VIS_India,2019-11-07 04:30:00,Gujarat,Dahod,22.8347,74.2552,231.11,26.2,Moderate Rain
INSAT3D_VIS_India/3DIMG_07NOV2019_0430_L1C_SGP_vis.tif,3DIMG_07NOV2019_0430_L1C_SGP_vis.tif,INSAT3D_VIS_India,2019-11-07 04:30:00,Gujarat,Dang,20.7554,73.6873,122.44,10.19,Moderate Rain
INSAT3D_VIS_India/3DIMG_07NOV2019_0430_L1C_SGP_vis.tif,3DIMG_07NOV2019_0430_L1C_SGP_vis.tif,INSAT3D_VIS_India,2019-11-07 04:30:00,Gujarat,Devbhumi Dwarka,22.2078,69.6582,64.33,1.97,Light Rain
INSAT3D_VIS_India/3DIMG_07NOV2019_0430_L1C_SGP_vis.tif,3DIMG_07NOV2019_0430_L1C_SGP_vis.tif,INSAT3D_VIS_India,2019-11-07 04:30:00,Gujarat,Gandhinagar,23.2156,72.6369,135.33,13.22,Moderate Rain
INSAT3D_VIS_India/3DIMG_07NOV2019_0430_L1C_SGP_vis.tif,3DIMG_07NOV2019_0430_L1C_SGP_vis.tif,INSAT3D_VIS_India,2019-11-07 04:30:00,Gujarat,Gir Somnath,20.9042,70.3644,183.22,18.69,Moderate Rain
INSAT3D_VIS_India/3DIMG_07NOV2019_0430_L1C_SGP_vis.tif,3DIMG_07NOV2019_0430_L1C_SGP_vis.tif,INSAT3D_VIS_India,2019-11-07 04:30:00,Gujarat,Jamnagar,22.4707,70.0577,59.0,2.67,Light Rain
INSAT3D_VIS_India/3DIMG_07NOV2019_0430_L1C_SGP_vis.tif,3DIMG_07NOV2019_0430_L1C_SGP_vis.tif,INSAT3D_VIS_India,2019-11-07 04:30:00,Gujarat,Junagadh,21.5222,70.4579,97.11,10.0,Moderate Rain
INSAT3D_VIS_India/3DIMG_07NOV2019_0430_L1C_SGP_vis.tif,3DIMG_07NOV2019_0430_L1C_SGP_vis.tif,INSAT3D_VIS_India,2019-11-07 04:30:00,Gujarat,Kheda,22.6916,72.8634,174.11,18.91,Moderate Rain
INSAT3D_VIS_India/3DIMG_07NOV2019_0430_L1C_SGP_vis.tif,3DIMG_07NOV2019_0430_L1C_SGP_vis.tif,INSAT3D_VIS_India,2019-11-07 04:30:00,Gujarat,Kutch (Bhuj),23.242,69.6669,70.56,3.79,Light Rain
INSAT3D_VIS_India/3DIMG_07NOV2019_0430_L1C_SGP_vis.tif,3DIMG_07NOV2019_0430_L1C_SGP_vis.tif,INSAT3D_VIS_India,2019-11-07 04:30:00,Gujarat,Mahisagar,23.1311,73.6009,236.22,24.32,Moderate Rain
INSAT3D_VIS_India/3DIMG_07NOV2019_0430_L1C_SGP_vis.tif,3DIMG_07NOV2019_0430_L1C_SGP_vis.tif,INSAT3D_VIS_India,2019-11-07 04:30:00,Gujarat,Mehsana,23.588,72.3693,134.0,10.28,Moderate Rain
INSAT3D_VIS_India/3DIMG_07NOV2019_0430_L1C_SGP_vis.tif,3DIMG_07NOV2019_0430_L1C_SGP_vis.tif,INSAT3D_VIS_India,2019-11-07 04:30:00,Gujarat,Morbi,22.8173,70.8368,64.22,4.29,Light Rain
INSAT3D_VIS_India/3DIMG_07NOV2019_0430_L1C_SGP_vis.tif,3DIMG_07NOV2019_0430_L1C_SGP_vis.tif,INSAT3D_VIS_India,2019-11-07 04:30:00,Gujarat,Narmada,21.8719,73.5028,259.11,26.97,Moderate Rain
INSAT3D_VIS_India/3DIMG_07NOV2019_0430_L1C_SGP_vis.tif,3DIMG_07NOV2019_0430_L1C_SGP_vis.tif,INSAT3D_VIS_India,2019-11-07 04:30:00,Gujarat,Navsari,20.9467,72.952,141.56,13.47,Moderate Rain
INSAT3D_VIS_India/3DIMG_07NOV2019_0430_L1C_SGP_vis.tif,3DIMG_07NOV2019_0430_L1C_SGP_vis.tif,INSAT3D_VIS_India,2019-11-07 04:30:00,Gujarat,Panchmahal,22.778,73.6143,301.11,32.34,Moderate Rain
INSAT3D_VIS_India/3DIMG_07NOV2019_0430_L1C_SGP_vis.tif,3DIMG_07NOV2019_0430_L1C_SGP_vis.tif,INSAT3D_VIS_India,2019-11-07 04:30:00,Gujarat,Patan,23.8493,72.1266,70.56,3.75,Light Rain
INSAT3D_VIS_India/3DIMG_07NOV2019_0430_L1C_SGP_vis.tif,3DIMG_07NOV2019_0430_L1C_SGP_vis.tif,INSAT3D_VIS_India,2019-11-07 04:30:00,Gujarat,Porbandar,21.6417,69.6293,64.67,4.33,Light Rain
INSAT3D_VIS_India/3DIMG_07NOV2019_0430_L1C_SGP_vis.tif,3DIMG_07NOV2019_0430_L1C_SGP_vis.tif,INSAT3D_VIS_India,2019-11-07 04:30:00,Gujarat,Rajkot,22.3039,70.8022,62.44,2.03,Light Rain
INSAT3D_VIS_India/3DIMG_07NOV2019_0430_L1C_SGP_vis.tif,3DIMG_07NOV2019_0430_L1C_SGP_vis.tif,INSAT3D_VIS_India,2019-11-07 04:30:00,Gujarat,Sabarkantha,23.5977,72.9688,185.11,18.53,Moderate Rain
INSAT3D_VIS_India/3DIMG_07NOV2019_0430_L1C_SGP_vis.tif,3DIMG_07NOV2019_0430_L1C_SGP_vis.tif,INSAT3D_VIS_India,2019-11-07 04:30:00,Gujarat,Surat,21.1702,72.8311,235.11,24.78,Moderate Rain
INSAT3D_VIS_India/3DIMG_07NOV2019_0430_L1C_SGP_vis.tif,3DIMG_07NOV2019_0430_L1C_SGP_vis.tif,INSAT3D_VIS_India,2019-11-07 04:30:00,Gujarat,Surendranagar,22.7274,71.637,63.89,5.88,Light Rain
INSAT3D_VIS_India/3DIMG_07NOV2019_0430_L1C_SGP_vis.tif,3DIMG_07NOV2019_0430_L1C_SGP_vis.tif,INSAT3D_VIS_India,2019-11-07 04:30:00,Gujarat,Tapi,21.1147,73.3986,168.44,14.47,Moderate Rain
INSAT3D_VIS_India/3DIMG_07NOV2019_0430_L1C_SGP_vis.tif,3DIMG_07NOV2019_0430_L1C_SGP_vis.tif,INSAT3D_VIS_India,2019-11-07 04:30:00,Gujarat,Vadodara,22.3072,73.1812,172.67,16.03,Moderate Rain
INSAT3D_VIS_India/3DIMG_07NOV2019_0430_L1C_SGP_vis.tif,3DIMG_07NOV2019_0430_L1C_SGP_vis.tif,INSAT3D_VIS_India,2019-11-07 04:30:00,Gujarat,Valsad,20.5992,72.9342,118.67,12.56,Moderate Rain
INSAT3D_VIS_India/3DIMG_07NOV2019_0500_L1C_SGP_vis.tif,3DIMG_07NOV2019_0500_L1C_SGP_vis.tif,INSAT3D_VIS_India,2019-11-07 05:00:00,Gujarat,Ahmedabad,23.0225,72.5714,268.78,29.74,Moderate Rain
INSAT3D_VIS_India/3DIMG_07NOV2019_0500_L1C_SGP_vis.tif,3DIMG_07NOV2019_0500_L1C_SGP_vis.tif,INSAT3D_VIS_India,2019-11-07 05:00:00,Gujarat,Amreli,21.6032,71.2221,165.56,16.85,Moderate Rain
INSAT3D_VIS_India/3DIMG_07NOV2019_0500_L1C_SGP_vis.tif,3DIMG_07NOV2019_0500_L1C_SGP_vis.tif,INSAT3D_VIS_India,2019-11-07 05:00:00,Gujarat,Anand,22.5645,72.9289,207.22,22.11,Moderate Rain
INSAT3D_VIS_India/3DIMG_07NOV2019_0500_L1C_SGP_vis.tif,3DIMG_07NOV2019_0500_L1C_SGP_vis.tif,INSAT3D_VIS_India,2019-11-07 05:00:00,Gujarat,Aravalli,23.4619,73.3039,256.44,25.52,Moderate Rain
INSAT3D_VIS_India/3DIMG_07NOV2019_0500_L1C_SGP_vis.tif,3DIMG_07NOV2019_0500_L1C_SGP_vis.tif,INSAT3D_VIS_India,2019-11-07 05:00:00,Gujarat,Banaskantha,24.1724,72.4346,76.11,5.97,Light Rain
INSAT3D_VIS_India/3DIMG_07NOV2019_0500_L1C_SGP_vis.tif,3DIMG_07NOV2019_0500_L1C_SGP_vis.tif,INSAT3D_VIS_India,2019-11-07 05:00:00,Gujarat,Bharuch,21.7051,72.9959,245.67,28.09,Moderate Rain
INSAT3D_VIS_India/3DIMG_07NOV2019_0500_L1C_SGP_vis.tif,3DIMG_07NOV2019_0500_L1C_SGP_vis.tif,INSAT3D_VIS_India,2019-11-07 05:00:00,Gujarat,Bhavnagar,21.7645,72.1519,151.22,14.59,Moderate Rain
INSAT3D_VIS_India/3DIMG_07NOV2019_0500_L1C_SGP_vis.tif,3DIMG_07NOV2019_0500_L1C_SGP_vis.tif,INSAT3D_VIS_India,2019-11-07 05:00:00,Gujarat,Botad,22.1704,71.6662,145.67,14.12,Moderate Rain
INSAT3D_VIS_India/3DIMG_07NOV2019_0500_L1C_SGP_vis.tif,3DIMG_07NOV2019_0500_L1C_SGP_vis.tif,INSAT3D_VIS_India,2019-11-07 05:00:00,Gujarat,Chhota Udepur,22.3108,74.0125,295.56,31.63,Moderate Rain
INSAT3D_VIS_India/3DIMG_07NOV2019_0500_L1C_SGP_vis.tif,3DIMG_07NOV2019_0500_L1C_SGP_vis.tif,INSAT3D_VIS_India,2019-11-07 05:00:00,Gujarat,Dahod,22.8347,74.2552,333.0,38.43,Heavy Rain
INSAT3D_VIS_India/3DIMG_07NOV2019_0500_L1C_SGP_vis.tif,3DIMG_07NOV2019_0500_L1C_SGP_vis.tif,INSAT3D_VIS_India,2019-11-07 05:00:00,Gujarat,Dang,20.7554,73.6873,132.44,11.39,Moderate Rain
INSAT3D_VIS_India/3DIMG_07NOV2019_0500_L1C_SGP_vis.tif,3DIMG_07NOV2019_0500_L1C_SGP_vis.tif,INSAT3D_VIS_India,2019-11-07 05:00:00,Gujarat,Devbhumi Dwarka,22.2078,69.6582,71.56,2.83,Light Rain
INSAT3D_VIS_India/3DIMG_07NOV2019_0500_L1C_SGP_vis.tif,3DIMG_07NOV2019_0500_L1C_SGP_vis.tif,INSAT3D_VIS_India,2019-11-07 05:00:00,Gujarat,Gandhinagar,23.2156,72.6369,137.78,13.52,Moderate Rain
INSAT3D_VIS_India/3DIMG_07NOV2019_0500_L1C_SGP_vis.tif,3DIMG_07NOV2019_0500_L1C_SGP_vis.tif,INSAT3D_VIS_India,2019-11-07 05:00:00,Gujarat,Gir Somnath,20.9042,70.3644,95.33,8.14,Moderate Rain
INSAT3D_VIS_India/3DIMG_07NOV2019_0500_L1C_SGP_vis.tif,3DIMG_07NOV2019_0500_L1C_SGP_vis.tif,INSAT3D_VIS_India,2019-11-07 05:00:00,Gujarat,Jamnagar,22.4707,70.0577,78.0,4.95,Light Rain
INSAT3D_VIS_India/3DIMG_07NOV2019_0500_L1C_SGP_vis.tif,3DIMG_07NOV2019_0500_L1C_SGP_vis.tif,INSAT3D_VIS_India,2019-11-07 05:00:00,Gujarat,Junagadh,21.5222,70.4579,156.78,17.16,Moderate Rain
INSAT3D_VIS_India/3DIMG_07NOV2019_0500_L1C_SGP_vis.tif,3DIMG_07NOV2019_0500_L1C_SGP_vis.tif,INSAT3D_VIS_India,2019-11-07 05:00:00,Gujarat,Kheda,22.6916,72.8634,215.0,23.82,Moderate Rain
INSAT3D_VIS_India/3DIMG_07NOV2019_0500_L1C_SGP_vis.tif,3DIMG_07NOV2019_0500_L1C_SGP_vis.tif,INSAT3D_VIS_India,2019-11-07 05:00:00,Gujarat,Kutch (Bhuj),23.242,69.6669,78.0,4.68,Light Rain
INSAT3D_VIS_India/3DIMG_07NOV2019_0500_L1C_SGP_vis.tif,3DIMG_07NOV2019_0500_L1C_SGP_vis.tif,INSAT3D_VIS_India,2019-11-07 05:00:00,Gujarat,Mahisagar,23.1311,73.6009,256.78,26.79,Moderate Rain
INSAT3D_VIS_India/3DIMG_07NOV2019_0500_L1C_SGP_vis.tif,3DIMG_07NOV2019_0500_L1C_SGP_vis.tif,INSAT3D_VIS_India,2019-11-07 05:00:00,Gujarat,Mehsana,23.588,72.3693,124.11,9.09,Moderate Rain
INSAT3D_VIS_India/3DIMG_07NOV2019_0500_L1C_SGP_vis.tif,3DIMG_07NOV2019_0500_L1C_SGP_vis.tif,INSAT3D_VIS_India,2019-11-07 05:00:00,Gujarat,Morbi,22.8173,70.8368,72.89,5.33,Light Rain
INSAT3D_VIS_India/3DIMG_07NOV2019_0500_L1C_SGP_vis.tif,3DIMG_07NOV2019_0500_L1C_SGP_vis.tif,INSAT3D_VIS_India,2019-11-07 05:00:00,Gujarat,Narmada,21.8719,73.5028,294.0,31.16,Moderate Rain
INSAT3D_VIS_India/3DIMG_07NOV2019_0500_L1C_SGP_vis.tif,3DIMG_07NOV2019_0500_L1C_SGP_vis.tif,INSAT3D_VIS_India,2019-11-07 05:00:00,Gujarat,Navsari,20.9467,72.952,262.67,28.01,Moderate Rain
INSAT3D_VIS_India/3DIMG_07NOV2019_0500_L1C_SGP_vis.tif,3DIMG_07NOV2019_0500_L1C_SGP_vis.tif,INSAT3D_VIS_India,2019-11-07 05:00:00,Gujarat,Panchmahal,22.778,73.6143,298.56,32.03,Moderate Rain
INSAT3D_VIS_India/3DIMG_07NOV2019_0500_L1C_SGP_vis.tif,3DIMG_07NOV2019_0500_L1C_SGP_vis.tif,INSAT3D_VIS_India,2019-11-07 05:00:00,Gujarat,Patan,23.8493,72.1266,80.22,4.91,Light Rain
INSAT3D_VIS_India/3DIMG_07NOV2019_0500_L1C_SGP_vis.tif,3DIMG_07NOV2019_0500_L1C_SGP_vis.tif,INSAT3D_VIS_India,2019-11-07 05:00:00,Gujarat,Porbandar,21.6417,69.6293,64.78,4.34,Light Rain
INSAT3D_VIS_India/3DIMG_07NOV2019_0500_L1C_SGP_vis.tif,3DIMG_07NOV2019_0500_L1C_SGP_vis.tif,INSAT3D_VIS_India,2019-11-07 05:00:00,Gujarat,Rajkot,22.3039,70.8022,70.11,2.95,Light Rain
INSAT3D_VIS_India/3DIMG_07NOV2019_0500_L1C_SGP_vis.tif,3DIMG_07NOV2019_0500_L1C_SGP_vis.tif,INSAT3D_VIS_India,2019-11-07 05:00:00,Gujarat,Sabarkantha,23.5977,72.9688,191.67,19.32,Moderate Rain
INSAT3D_VIS_India/3DIMG_07NOV2019_0500_L1C_SGP_vis.tif,3DIMG_07NOV2019_0500_L1C_SGP_vis.tif,INSAT3D_VIS_India,2019-11-07 05:00:00,Gujarat,Surat,21.1702,72.8311,161.67,15.97,Moderate Rain
INSAT3D_VIS_India/3DIMG_07NOV2019_0500_L1C_SGP_vis.tif,3DIMG_07NOV2019_0500_L1C_SGP_vis.tif,INSAT3D_VIS_India,2019-11-07 05:00:00,Gujarat,Surendranagar,22.7274,71.637,69.67,6.58,Light Rain
INSAT3D_VIS_India/3DIMG_07NOV2019_0500_L1C_SGP_vis.tif,3DIMG_07NOV2019_0500_L1C_SGP_vis.tif,INSAT3D_VIS_India,2019-11-07 05:00:00,Gujarat,Tapi,21.1147,73.3986,159.11,13.35,Moderate Rain
INSAT3D_VIS_India/3DIMG_07NOV2019_0500_L1C_SGP_vis.tif,3DIMG_07NOV2019_0500_L1C_SGP_vis.tif,INSAT3D_VIS_India,2019-11-07 05:00:00,Gujarat,Vadodara,22.3072,73.1812,209.22,20.41,Moderate Rain
INSAT3D_VIS_India/3DIMG_07NOV2019_0500_L1C_SGP_vis.tif,3DIMG_07NOV2019_0500_L1C_SGP_vis.tif,INSAT3D_VIS_India,2019-11-07 05:00:00,Gujarat,Valsad,20.5992,72.9342,113.44,11.93,Moderate Rain
INSAT3D_VIS_India/3DIMG_07NOV2019_0530_L1C_SGP_vis.tif,3DIMG_07NOV2019_0530_L1C_SGP_vis.tif,INSAT3D_VIS_India,2019-11-07 05:30:00,Gujarat,Ahmedabad,23.0225,72.5714,246.33,27.05,Moderate Rain
INSAT3D_VIS_India/3DIMG_07NOV2019_0530_L1C_SGP_vis.tif,3DIMG_07NOV2019_0530_L1C_SGP_vis.tif,INSAT3D_VIS_India,2019-11-07 05:30:00,Gujarat,Amreli,21.6032,71.2221,95.33,8.43,Moderate Rain
INSAT3D_VIS_India/3DIMG_07NOV2019_0530_L1C_SGP_vis.tif,3DIMG_07NOV2019_0530_L1C_SGP_vis.tif,INSAT3D_VIS_India,2019-11-07 05:30:00,Gujarat,Anand,22.5645,72.9289,260.56,28.51,Moderate Rain
INSAT3D_VIS_India/3DIMG_07NOV2019_0530_L1C_SGP_vis.tif,3DIMG_07NOV2019_0530_L1C_SGP_vis.tif,INSAT3D_VIS_India,2019-11-07 05:30:00,Gujarat,Aravalli,23.4619,73.3039,341.22,35.69,Heavy Rain
INSAT3D_VIS_India/3DIMG_07NOV2019_0530_L1C_SGP_vis.tif,3DIMG_07NOV2019_0530_L1C_SGP_vis.tif,INSAT3D_VIS_India,2019-11-07 05:30:00,Gujarat,Banaskantha,24.1724,72.4346,82.44,6.73,Light Rain
INSAT3D_VIS_India/3DIMG_07NOV2019_0530_L1C_SGP_vis.tif,3DIMG_07NOV2019_0530_L1C_SGP_vis.tif,INSAT3D_VIS_India,2019-11-07 05:30:00,Gujarat,Bharuch,21.7051,72.9959,190.78,21.5,Moderate Rain
INSAT3D_VIS_India/3DIMG_07NOV2019_0530_L1C_SGP_vis.tif,3DIMG_07NOV2019_0530_L1C_SGP_vis.tif,INSAT3D_VIS_India,2019-11-07 05:30:00,Gujarat,Bhavnagar,21.7645,72.1519,153.33,14.85,Moderate Rain
INSAT3D_VIS_India/3DIMG_07NOV2019_0530_L1C_SGP_vis.tif,3DIMG_07NOV2019_0530_L1C_SGP_vis.tif,INSAT3D_VIS_India,2019-11-07 05:30:00,Gujarat,Botad,22.1704,71.6662,128.56,12.07,Moderate Rain
INSAT3D_VIS_India/3DIMG_07NOV2019_0530_L1C_SGP_vis.tif,3DIMG_07NOV2019_0530_L1C_SGP_vis.tif,INSAT3D_VIS_India,2019-11-07 05:30:00,Gujarat,Chhota Udepur,22.3108,74.0125,348.56,37.99,Heavy Rain
INSAT3D_VIS_India/3DIMG_07NOV2019_0530_L1C_SGP_vis.tif,3DIMG_07NOV2019_0530_L1C_SGP_vis.tif,INSAT3D_VIS_India,2019-11-07 05:30:00,Gujarat,Dahod,22.8347,74.2552,308.22,35.45,Moderate Rain
INSAT3D_VIS_India/3DIMG_07NOV2019_0530_L1C_SGP_vis.tif,3DIMG_07NOV2019_0530_L1C_SGP_vis.tif,INSAT3D_VIS_India,2019-11-07 05:30:00,Gujarat,Dang,20.7554,73.6873,140.67,12.38,Moderate Rain
INSAT3D_VIS_India/3DIMG_07NOV2019_0530_L1C_SGP_vis.tif,3DIMG_07NOV2019_0530_L1C_SGP_vis.tif,INSAT3D_VIS_India,2019-11-07 05:30:00,Gujarat,Devbhumi Dwarka,22.2078,69.6582,74.67,3.21,Light Rain
INSAT3D_VIS_India/3DIMG_07NOV2019_0530_L1C_SGP_vis.tif,3DIMG_07NOV2019_0530_L1C_SGP_vis.tif,INSAT3D_VIS_India,2019-11-07 05:30:00,Gujarat,Gandhinagar,23.2156,72.6369,243.56,26.21,Moderate Rain
INSAT3D_VIS_India/3DIMG_07NOV2019_0530_L1C_SGP_vis.tif,3DIMG_07NOV2019_0530_L1C_SGP_vis.tif,INSAT3D_VIS_India,2019-11-07 05:30:00,Gujarat,Gir Somnath,20.9042,70.3644,90.11,7.51,Moderate Rain
INSAT3D_VIS_India/3DIMG_07NOV2019_0530_L1C_SGP_vis.tif,3DIMG_07NOV2019_0530_L1C_SGP_vis.tif,INSAT3D_VIS_India,2019-11-07 05:30:00,Gujarat,Jamnagar,22.4707,70.0577,82.0,5.43,Light Rain
INSAT3D_VIS_India/3DIMG_07NOV2019_0530_L1C_SGP_vis.tif,3DIMG_07NOV2019_0530_L1C_SGP_vis.tif,INSAT3D_VIS_India,2019-11-07 05:30:00,Gujarat,Junagadh,21.5222,70.4579,183.33,20.35,Moderate Rain
INSAT3D_VIS_India/3DIMG_07NOV2019_0530_L1C_SGP_vis.tif,3DIMG_07NOV2019_0530_L1C_SGP_vis.tif,INSAT3D_VIS_India,2019-11-07 05:30:00,Gujarat,Kheda,22.6916,72.8634,194.22,21.32,Moderate Rain
INSAT3D_VIS_India/3DIMG_07NOV2019_0530_L1C_SGP_vis.tif,3DIMG_07NOV2019_0530_L1C_SGP_vis.tif,INSAT3D_VIS_India,2019-11-07 05:30:00,Gujarat,Kutch (Bhuj),23.242,69.6669,83.11,5.29,Light Rain
INSAT3D_VIS_India/3DIMG_07NOV2019_0530_L1C_SGP_vis.tif,3DIMG_07NOV2019_0530_L1C_SGP_vis.tif,INSAT3D_VIS_India,2019-11-07 05:30:00,Gujarat,Mahisagar,23.1311,73.6009,326.22,35.12,Moderate Rain
INSAT3D_VIS_India/3DIMG_07NOV2019_0530_L1C_SGP_vis.tif,3DIMG_07NOV2019_0530_L1C_SGP_vis.tif,INSAT3D_VIS_India,2019-11-07 05:30:00,Gujarat,Mehsana,23.588,72.3693,102.11,6.45,Light Rain
INSAT3D_VIS_India/3DIMG_07NOV2019_0530_L1C_SGP_vis.tif,3DIMG_07NOV2019_0530_L1C_SGP_vis.tif,INSAT3D_VIS_India,2019-11-07 05:30:00,Gujarat,Morbi,22.8173,70.8368,77.67,5.9,Light Rain
INSAT3D_VIS_India/3DIMG_07NOV2019_0530_L1C_SGP_vis.tif,3DIMG_07NOV2019_0530_L1C_SGP_vis.tif,INSAT3D_VIS_India,2019-11-07 05:30:00,Gujarat,Narmada,21.8719,73.5028,306.0,32.6,Moderate Rain
INSAT3D_VIS_India/3DIMG_07NOV2019_0530_L1C_SGP_vis.tif,3DIMG_07NOV2019_0530_L1C_SGP_vis.tif,INSAT3D_VIS_India,2019-11-07 05:30:00,Gujarat,Navsari,20.9467,72.952,169.44,16.82,Moderate Rain
INSAT3D_VIS_India/3DIMG_07NOV2019_0530_L1C_SGP_vis.tif,3DIMG_07NOV2019_0530_L1C_SGP_vis.tif,INSAT3D_VIS_India,2019-11-07 05:30:00,Gujarat,Panchmahal,22.778,73.6143,297.11,31.86,Moderate Rain
INSAT3D_VIS_India/3DIMG_07NOV2019_0530_L1C_SGP_vis.tif,3DIMG_07NOV2019_0530_L1C_SGP_vis.tif,INSAT3D_VIS_India,2019-11-07 05:30:00,Gujarat,Patan,23.8493,72.1266,87.89,5.83,Light Rain
INSAT3D_VIS_India/3DIMG_07NOV2019_0530_L1C_SGP_vis.tif,3DIMG_07NOV2019_0530_L1C_SGP_vis.tif,INSAT3D_VIS_India,2019-11-07 05:30:00,Gujarat,Porbandar,21.6417,69.6293,74.89,5.56,Light Rain
INSAT3D_VIS_India/3DIMG_07NOV2019_0530_L1C_SGP_vis.tif,3DIMG_07NOV2019_0530_L1C_SGP_vis.tif,INSAT3D_VIS_India,2019-11-07 05:30:00,Gujarat,Rajkot,22.3039,70.8022,74.89,3.53,Light Rain
INSAT3D_VIS_India/3DIMG_07NOV2019_0530_L1C_SGP_vis.tif,3DIMG_07NOV2019_0530_L1C_SGP_vis.tif,INSAT3D_VIS_India,2019-11-07 05:30:00,Gujarat,Sabarkantha,23.5977,72.9688,139.0,13.0,Moderate Rain
INSAT3D_VIS_India/3DIMG_07NOV2019_0530_L1C_SGP_vis.tif,3DIMG_07NOV2019_0530_L1C_SGP_vis.tif,INSAT3D_VIS_India,2019-11-07 05:30:00,Gujarat,Surat,21.1702,72.8311,125.89,11.68,Moderate Rain
INSAT3D_VIS_India/3DIMG_07NOV2019_0530_L1C_SGP_vis.tif,3DIMG_07NOV2019_0530_L1C_SGP_vis.tif,INSAT3D_VIS_India,2019-11-07 05:30:00,Gujarat,Surendranagar,22.7274,71.637,70.56,6.68,Light Rain
INSAT3D_VIS_India/3DIMG_07NOV2019_0530_L1C_SGP_vis.tif,3DIMG_07NOV2019_0530_L1C_SGP_vis.tif,INSAT3D_VIS_India,2019-11-07 05:30:00,Gujarat,Tapi,21.1147,73.3986,212.22,19.72,Moderate Rain
INSAT3D_VIS_India/3DIMG_07NOV2019_0530_L1C_SGP_vis.tif,3DIMG_07NOV2019_0530_L1C_SGP_vis.tif,INSAT3D_VIS_India,2019-11-07 05:30:00,Gujarat,Vadodara,22.3072,73.1812,271.67,27.91,Moderate Rain
INSAT3D_VIS_India/3DIMG_07NOV2019_0530_L1C_SGP_vis.tif,3DIMG_07NOV2019_0530_L1C_SGP_vis.tif,INSAT3D_VIS_India,2019-11-07 05:30:00,Gujarat,Valsad,20.5992,72.9342,213.11,23.89,Moderate Rain
INSAT3D_VIS_India/3DIMG_07NOV2019_0600_L1C_SGP_vis.tif,3DIMG_07NOV2019_0600_L1C_SGP_vis.tif,INSAT3D_VIS_India,2019-11-07 06:00:00,Gujarat,Ahmedabad,23.0225,72.5714,185.78,19.78,Moderate Rain
INSAT3D_VIS_India/3DIMG_07NOV2019_0600_L1C_SGP_vis.tif,3DIMG_07NOV2019_0600_L1C_SGP_vis.tif,INSAT3D_VIS_India,2019-11-07 06:00:00,Gujarat,Amreli,21.6032,71.2221,247.89,26.73,Moderate Rain
INSAT3D_VIS_India/3DIMG_07NOV2019_0600_L1C_SGP_vis.tif,3DIMG_07NOV2019_0600_L1C_SGP_vis.tif,INSAT3D_VIS_India,2019-11-07 06:00:00,Gujarat,Anand,22.5645,72.9289,208.11,22.22,Moderate Rain
INSAT3D_VIS_India/3DIMG_07NOV2019_0600_L1C_SGP_vis.tif,3DIMG_07NOV2019_0600_L1C_SGP_vis.tif,INSAT3D_VIS_India,2019-11-07 06:00:00,Gujarat,Aravalli,23.4619,73.3039,344.22,36.05,Heavy Rain
INSAT3D_VIS_India/3DIMG_07NOV2019_0600_L1C_SGP_vis.tif,3DIMG_07NOV2019_0600_L1C_SGP_vis.tif,INSAT3D_VIS_India,2019-11-07 06:00:00,Gujarat,Banaskantha,24.1724,72.4346,95.33,8.28,Moderate Rain
INSAT3D_VIS_India/3DIMG_07NOV2019_0600_L1C_SGP_vis.tif,3DIMG_07NOV2019_0600_L1C_SGP_vis.tif,INSAT3D_VIS_India,2019-11-07 06:00:00,Gujarat,Bharuch,21.7051,72.9959,175.11,19.62,Moderate Rain
INSAT3D_VIS_India/3DIMG_07NOV2019_0600_L1C_SGP_vis.tif,3DIMG_07NOV2019_0600_L1C_SGP_vis.tif,INSAT3D_VIS_India,2019-11-07 06:00:00,Gujarat,Bhavnagar,21.7645,72.1519,270.22,28.87,Moderate Rain
INSAT3D_VIS_India/3DIMG_07NOV2019_0600_L1C_SGP_vis.tif,3DIMG_07NOV2019_0600_L1C_SGP_vis.tif,INSAT3D_VIS_India,2019-11-07 06:00:00,Gujarat,Botad,22.1704,71.6662,92.89,7.79,Moderate Rain
INSAT3D_VIS_India/3DIMG_07NOV2019_0600_L1C_SGP_vis.tif,3DIMG_07NOV2019_0600_L1C_SGP_vis.tif,INSAT3D_VIS_India,2019-11-07 06:00:00,Gujarat,Chhota Udepur,22.3108,74.0125,340.67,37.04,Heavy Rain
INSAT3D_VIS_India/3DIMG_07NOV2019_0600_L1C_SGP_vis.tif,3DIMG_07NOV2019_0600_L1C_SGP_vis.tif,INSAT3D_VIS_India,2019-11-07 06:00:00,Gujarat,Dahod,22.8347,74.2552,344.33,39.79,Heavy Rain
INSAT3D_VIS_India/3DIMG_07NOV2019_0600_L1C_SGP_vis.tif,3DIMG_07NOV2019_0600_L1C_SGP_vis.tif,INSAT3D_VIS_India,2019-11-07 06:00:00,Gujarat,Dang,20.7554,73.6873,145.44,12.95,Moderate Rain
INSAT3D_VIS_India/3DIMG_07NOV2019_0600_L1C_SGP_vis.tif,3DIMG_07NOV2019_0600_L1C_SGP_vis.tif,INSAT3D_VIS_India,2019-11-07 06:00:00,Gujarat,Devbhumi Dwarka,22.2078,69.6582,83.56,4.27,Light Rain
INSAT3D_VIS_India/3DIMG_07NOV2019_0600_L1C_SGP_vis.tif,3DIMG_07NOV2019_0600_L1C_SGP_vis.tif,INSAT3D_VIS_India,2019-11-07 06:00:00,Gujarat,Gandhinagar,23.2156,72.6369,266.78,29.0,Moderate Rain
INSAT3D_VIS_India/3DIMG_07NOV2019_0600_L1C_SGP_vis.tif,3DIMG_07NOV2019_0600_L1C_SGP_vis.tif,INSAT3D_VIS_India,2019-11-07 06:00:00,Gujarat,Gir Somnath,20.9042,70.3644,175.11,17.71,Moderate Rain
INSAT3D_VIS_India/3DIMG_07NOV2019_0600_L1C_SGP_vis.tif,3DIMG_07NOV2019_0600_L1C_SGP_vis.tif,INSAT3D_VIS_India,2019-11-07 06:00:00,Gujarat,Jamnagar,22.4707,70.0577,78.44,5.0,Light Rain
INSAT3D_VIS_India/3DIMG_07NOV2019_0600_L1C_SGP_vis.tif,3DIMG_07NOV2019_0600_L1C_SGP_vis.tif,INSAT3D_VIS_India,2019-11-07 06:00:00,Gujarat,Junagadh,21.5222,70.4579,164.22,18.06,Moderate Rain
INSAT3D_VIS_India/3DIMG_07NOV2019_0600_L1C_SGP_vis.tif,3DIMG_07NOV2019_0600_L1C_SGP_vis.tif,INSAT3D_VIS_India,2019-11-07 06:00:00,Gujarat,Kheda,22.6916,72.8634,220.67,24.5,Moderate Rain
INSAT3D_VIS_India/3DIMG_07NOV2019_0600_L1C_SGP_vis.tif,3DIMG_07NOV2019_0600_L1C_SGP_vis.tif,INSAT3D_VIS_India,2019-11-07 06:00:00,Gujarat,Kutch (Bhuj),23.242,69.6669,89.78,6.09,Light Rain
INSAT3D_VIS_India/3DIMG_07NOV2019_0600_L1C_SGP_vis.tif,3DIMG_07NOV2019_0600_L1C_SGP_vis.tif,INSAT3D_VIS_India,2019-11-07 06:00:00,Gujarat,Mahisagar,23.1311,73.6009,251.22,26.12,Moderate Rain
INSAT3D_VIS_India/3DIMG_07NOV2019_0600_L1C_SGP_vis.tif,3DIMG_07NOV2019_0600_L1C_SGP_vis.tif,INSAT3D_VIS_India,2019-11-07 06:00:00,Gujarat,Mehsana,23.588,72.3693,99.89,6.18,Light Rain
INSAT3D_VIS_India/3DIMG_07NOV2019_0600_L1C_SGP_vis.tif,3DIMG_07NOV2019_0600_L1C_SGP_vis.tif,INSAT3D_VIS_India,2019-11-07 06:00:00,Gujarat,Morbi,22.8173,70.8368,84.78,6.75,Light Rain
INSAT3D_VIS_India/3DIMG_07NOV2019_0600_L1C_SGP_vis.tif,3DIMG_07NOV2019_0600_L1C_SGP_vis.tif,INSAT3D_VIS_India,2019-11-07 06:00:00,Gujarat,Narmada,21.8719,73.5028,245.44,25.33,Moderate Rain
INSAT3D_VIS_India/3DIMG_07NOV2019_0600_L1C_SGP_vis.tif,3DIMG_07NOV2019_0600_L1C_SGP_vis.tif,INSAT3D_VIS_India,2019-11-07 06:00:00,Gujarat,Navsari,20.9467,72.952,183.56,18.51,Moderate Rain
INSAT3D_VIS_India/3DIMG_07NOV2019_0600_L1C_SGP_vis.tif,3DIMG_07NOV2019_0600_L1C_SGP_vis.tif,INSAT3D_VIS_India,2019-11-07 06:00:00,Gujarat,Panchmahal,22.778,73.6143,258.78,27.26,Moderate Rain
INSAT3D_VIS_India/3DIMG_07NOV2019_0600_L1C_SGP_vis.tif,3DIMG_07NOV2019_0600_L1C_SGP_vis.tif,INSAT3D_VIS_India,2019-11-07 06:00:00,Gujarat,Patan,23.8493,72.1266,92.0,6.32,Light Rain
INSAT3D_VIS_India/3DIMG_07NOV2019_0600_L1C_SGP_vis.tif,3DIMG_07NOV2019_0600_L1C_SGP_vis.tif,INSAT3D_VIS_India,2019-11-07 06:00:00,Gujarat,Porbandar,21.6417,69.6293,75.0,5.57,Light Rain
INSAT3D_VIS_India/3DIMG_07NOV2019_0600_L1C_SGP_vis.tif,3DIMG_07NOV2019_0600_L1C_SGP_vis.tif,INSAT3D_VIS_India,2019-11-07 06:00:00,Gujarat,Rajkot,22.3039,70.8022,89.33,5.26,Light Rain
INSAT3D_VIS_India/3DIMG_07NOV2019_0600_L1C_SGP_vis.tif,3DIMG_07NOV2019_0600_L1C_SGP_vis.tif,INSAT3D_VIS_India,2019-11-07 06:00:00,Gujarat,Sabarkantha,23.5977,72.9688,222.89,23.06,Moderate Rain
INSAT3D_VIS_India/3DIMG_07NOV2019_0600_L1C_SGP_vis.tif,3DIMG_07NOV2019_0600_L1C_SGP_vis.tif,INSAT3D_VIS_India,2019-11-07 06:00:00,Gujarat,Surat,21.1702,72.8311,167.67,16.69,Moderate Rain
INSAT3D_VIS_India/3DIMG_07NOV2019_0600_L1C_SGP_vis.tif,3DIMG_07NOV2019_0600_L1C_SGP_vis.tif,INSAT3D_VIS_India,2019-11-07 06:00:00,Gujarat,Surendranagar,22.7274,71.637,75.22,7.24,Light Rain
INSAT3D_VIS_India/3DIMG_07NOV2019_0600_L1C_SGP_vis.tif,3DIMG_07NOV2019_0600_L1C_SGP_vis.tif,INSAT3D_VIS_India,2019-11-07 06:00:00,Gujarat,Tapi,21.1147,73.3986,171.33,14.82,Moderate Rain
INSAT3D_VIS_India/3DIMG_07NOV2019_0600_L1C_SGP_vis.tif,3DIMG_07NOV2019_0600_L1C_SGP_vis.tif,INSAT3D_VIS_India,2019-11-07 06:00:00,Gujarat,Vadodara,22.3072,73.1812,302.44,31.6,Moderate Rain
INSAT3D_VIS_India/3DIMG_07NOV2019_0600_L1C_SGP_vis.tif,3DIMG_07NOV2019_0600_L1C_SGP_vis.tif,INSAT3D_VIS_India,2019-11-07 06:00:00,Gujarat,Valsad,20.5992,72.9342,313.0,35.88,Heavy Rain
INSAT3D_VIS_India/3DIMG_07NOV2019_0630_L1C_SGP_vis.tif,3DIMG_07NOV2019_0630_L1C_SGP_vis.tif,INSAT3D_VIS_India,2019-11-07 06:30:00,Gujarat,Ahmedabad,23.0225,72.5714,180.33,19.13,Moderate Rain
INSAT3D_VIS_India/3DIMG_07NOV2019_0630_L1C_SGP_vis.tif,3DIMG_07NOV2019_0630_L1C_SGP_vis.tif,INSAT3D_VIS_India,2019-11-07 06:30:00,Gujarat,Amreli,21.6032,71.2221,216.22,22.93,Moderate Rain
INSAT3D_VIS_India/3DIMG_07NOV2019_0630_L1C_SGP_vis.tif,3DIMG_07NOV2019_0630_L1C_SGP_vis.tif,INSAT3D_VIS_India,2019-11-07 06:30:00,Gujarat,Anand,22.5645,72.9289,203.33,21.65,Moderate Rain
INSAT3D_VIS_India/3DIMG_07NOV2019_0630_L1C_SGP_vis.tif,3DIMG_07NOV2019_0630_L1C_SGP_vis.tif,INSAT3D_VIS_India,2019-11-07 06:30:00,Gujarat,Aravalli,23.4619,73.3039,368.67,38.99,Heavy Rain
INSAT3D_VIS_India/3DIMG_07NOV2019_0630_L1C_SGP_vis.tif,3DIMG_07NOV2019_0630_L1C_SGP_vis.tif,INSAT3D_VIS_India,2019-11-07 06:30:00,Gujarat,Banaskantha,24.1724,72.4346,104.33,9.36,Moderate Rain
INSAT3D_VIS_India/3DIMG_07NOV2019_0630_L1C_SGP_vis.tif,3DIMG_07NOV2019_0630_L1C_SGP_vis.tif,INSAT3D_VIS_India,2019-11-07 06:30:00,Gujarat,Bharuch,21.7051,72.9959,112.11,12.06,Moderate Rain
INSAT3D_VIS_India/3DIMG_07NOV2019_0630_L1C_SGP_vis.tif,3DIMG_07NOV2019_0630_L1C_SGP_vis.tif,INSAT3D_VIS_India,2019-11-07 06:30:00,Gujarat,Bhavnagar,21.7645,72.1519,260.78,27.74,Moderate Rain
INSAT3D_VIS_India/3DIMG_07NOV2019_0630_L1C_SGP_vis.tif,3DIMG_07NOV2019_0630_L1C_SGP_vis.tif,INSAT3D_VIS_India,2019-11-07 06:30:00,Gujarat,Botad,22.1704,71.6662,97.22,8.31,Moderate Rain
INSAT3D_VIS_India/3DIMG_07NOV2019_0630_L1C_SGP_vis.tif,3DIMG_07NOV2019_0630_L1C_SGP_vis.tif,INSAT3D_VIS_India,2019-11-07 06:30:00,Gujarat,Chhota Udepur,22.3108,74.0125,267.22,28.23,Moderate Rain
INSAT3D_VIS_India/3DIMG_07NOV2019_0630_L1C_SGP_vis.tif,3DIMG_07NOV2019_0630_L1C_SGP_vis.tif,INSAT3D_VIS_India,2019-11-07 06:30:00,Gujarat,Dahod,22.8347,74.2552,328.11,37.84,Heavy Rain
INSAT3D_VIS_India/3DIMG_07NOV2019_0630_L1C_SGP_vis.tif,3DIMG_07NOV2019_0630_L1C_SGP_vis.tif,INSAT3D_VIS_India,2019-11-07 06:30:00,Gujarat,Dang,20.7554,73.6873,178.44,16.91,Moderate Rain
INSAT3D_VIS_India/3DIMG_07NOV2019_0630_L1C_SGP_vis.tif,3DIMG_07NOV2019_0630_L1C_SGP_vis.tif,INSAT3D_VIS_India,2019-11-07 06:30:00,Gujarat,Devbhumi Dwarka,22.2078,69.6582,83.67,4.29,Light Rain
INSAT3D_VIS_India/3DIMG_07NOV2019_0630_L1C_SGP_vis.tif,3DIMG_07NOV2019_0630_L1C_SGP_vis.tif,INSAT3D_VIS_India,2019-11-07 06:30:00,Gujarat,Gandhinagar,23.2156,72.6369,253.67,27.42,Moderate Rain
INSAT3D_VIS_India/3DIMG_07NOV2019_0630_L1C_SGP_vis.tif,3DIMG_07NOV2019_0630_L1C_SGP_vis.tif,INSAT3D_VIS_India,2019-11-07 06:30:00,Gujarat,Gir Somnath,20.9042,70.3644,285.33,30.94,Moderate Rain
INSAT3D_VIS_India/3DIMG_07NOV2019_0630_L1C_SGP_vis.tif,3DIMG_07NOV2019_0630_L1C_SGP_vis.tif,INSAT3D_VIS_India,2019-11-07 06:30:00,Gujarat,Jamnagar,22.4707,70.0577,80.33,5.23,Light Rain
INSAT3D_VIS_India/3DIMG_07NOV2019_0630_L1C_SGP_vis.tif,3DIMG_07NOV2019_0630_L1C_SGP_vis.tif,INSAT3D_VIS_India,2019-11-07 06:30:00,Gujarat,Junagadh,21.5222,70.4579,113.33,11.95,Moderate Rain
INSAT3D_VIS_India/3DIMG_07NOV2019_0630_L1C_SGP_vis.tif,3DIMG_07NOV2019_0630_L1C_SGP_vis.tif,INSAT3D_VIS_India,2019-11-07 06:30:00,Gujarat,Kheda,22.6916,72.8634,171.33,18.58,Moderate Rain
INSAT3D_VIS_India/3DIMG_07NOV2019_0630_L1C_SGP_vis.tif,3DIMG_07NOV2019_0630_L1C_SGP_vis.tif,INSAT3D_VIS_India,2019-11-07 06:30:00,Gujarat,Kutch (Bhuj),23.242,69.6669,92.11,6.37,Light Rain
INSAT3D_VIS_India/3DIMG_07NOV2019_0630_L1C_SGP_vis.tif,3DIMG_07NOV2019_0630_L1C_SGP_vis.tif,INSAT3D_VIS_India,2019-11-07 06:30:00,Gujarat,Mahisagar,23.1311,73.6009,178.44,17.39,Moderate Rain
INSAT3D_VIS_India/3DIMG_07NOV2019_0630_L1C_SGP_vis.tif,3DIMG_07NOV2019_0630_L1C_SGP_vis.tif,INSAT3D_VIS_India,2019-11-07 06:30:00,Gujarat,Mehsana,23.588,72.3693,117.89,8.34,Moderate Rain
INSAT3D_VIS_India/3DIMG_07NOV2019_0630_L1C_SGP_vis.tif,3DIMG_07NOV2019_0630_L1C_SGP_vis.tif,INSAT3D_VIS_India,2019-11-07 06:30:00,Gujarat,Morbi,22.8173,70.8368,85.11,6.79,Light Rain
INSAT3D_VIS_India/3DIMG_07NOV2019_0630_L1C_SGP_vis.tif,3DIMG_07NOV2019_0630_L1C_SGP_vis.tif,INSAT3D_VIS_India,2019-11-07 06:30:00,Gujarat,Narmada,21.8719,73.5028,162.33,15.36,Moderate Rain
INSAT3D_VIS_India/3DIMG_07NOV2019_0630_L1C_SGP_vis.tif,3DIMG_07NOV2019_0630_L1C_SGP_vis.tif,INSAT3D_VIS_India,2019-11-07 06:30:00,Gujarat,Navsari,20.9467,72.952,226.11,23.62,Moderate Rain
INSAT3D_VIS_India/3DIMG_07NOV2019_0630_L1C_SGP_vis.tif,3DIMG_07NOV2019_0630_L1C_SGP_vis.tif,INSAT3D_VIS_India,2019-11-07 06:30:00,Gujarat,Panchmahal,22.778,73.6143,230.78,23.9,Moderate Rain
INSAT3D_VIS_India/3DIMG_07NOV2019_0630_L1C_SGP_vis.tif,3DIMG_07NOV2019_0630_L1C_SGP_vis.tif,INSAT3D_VIS_India,2019-11-07 06:30:00,Gujarat,Patan,23.8493,72.1266,103.33,7.68,Moderate Rain
INSAT3D_VIS_India/3DIMG_07NOV2019_0630_L1C_SGP_vis.tif,3DIMG_07NOV2019_0630_L1C_SGP_vis.tif,INSAT3D_VIS_India,2019-11-07 06:30:00,Gujarat,Porbandar,21.6417,69.6293,64.22,4.28,Light Rain
INSAT3D_VIS_India/3DIMG_07NOV2019_0630_L1C_SGP_vis.tif,3DIMG_07NOV2019_0630_L1C_SGP_vis.tif,INSAT3D_VIS_India,2019-11-07 06:30:00,Gujarat,Rajkot,22.3039,70.8022,127.78,9.87,Moderate Rain
INSAT3D_VIS_India/3DIMG_07NOV2019_0630_L1C_SGP_vis.tif,3DIMG_07NOV2019_0630_L1C_SGP_vis.tif,INSAT3D_VIS_India,2019-11-07 06:30:00,Gujarat,Sabarkantha,23.5977,72.9688,191.22,19.26,Moderate Rain
INSAT3D_VIS_India/3DIMG_07NOV2019_0630_L1C_SGP_vis.tif,3DIMG_07NOV2019_0630_L1C_SGP_vis.tif,INSAT3D_VIS_India,2019-11-07 06:30:00,Gujarat,Surat,21.1702,72.8311,147.33,14.25,Moderate Rain
INSAT3D_VIS_India/3DIMG_07NOV2019_0630_L1C_SGP_vis.tif,3DIMG_07NOV2019_0630_L1C_SGP_vis.tif,INSAT3D_VIS_India,2019-11-07 06:30:00,Gujarat,Surendranagar,22.7274,71.637,76.67,7.42,Light Rain
INSAT3D_VIS_India/3DIMG_07NOV2019_0630_L1C_SGP_vis.tif,3DIMG_07NOV2019_0630_L1C_SGP_vis.tif,INSAT3D_VIS_India,2019-11-07 06:30:00,Gujarat,Tapi,21.1147,73.3986,179.78,15.83,Moderate Rain
INSAT3D_VIS_India/3DIMG_07NOV2019_0630_L1C_SGP_vis.tif,3DIMG_07NOV2019_0630_L1C_SGP_vis.tif,INSAT3D_VIS_India,2019-11-07 06:30:00,Gujarat,Vadodara,22.3072,73.1812,218.0,21.47,Moderate Rain
INSAT3D_VIS_India/3DIMG_07NOV2019_0630_L1C_SGP_vis.tif,3DIMG_07NOV2019_0630_L1C_SGP_vis.tif,INSAT3D_VIS_India,2019-11-07 06:30:00,Gujarat,Valsad,20.5992,72.9342,262.11,29.77,Moderate Rain
INSAT3D_VIS_India/3DIMG_07NOV2019_0700_L1C_SGP_vis.tif,3DIMG_07NOV2019_0700_L1C_SGP_vis.tif,INSAT3D_VIS_India,2019-11-07 07:00:00,Gujarat,Ahmedabad,23.0225,72.5714,168.78,17.74,Moderate Rain
INSAT3D_VIS_India/3DIMG_07NOV2019_0700_L1C_SGP_vis.tif,3DIMG_07NOV2019_0700_L1C_SGP_vis.tif,INSAT3D_VIS_India,2019-11-07 07:00:00,Gujarat,Amreli,21.6032,71.2221,217.67,23.11,Moderate Rain
INSAT3D_VIS_India/3DIMG_07NOV2019_0700_L1C_SGP_vis.tif,3DIMG_07NOV2019_0700_L1C_SGP_vis.tif,INSAT3D_VIS_India,2019-11-07 07:00:00,Gujarat,Anand,22.5645,72.9289,243.0,26.41,Moderate Rain
INSAT3D_VIS_India/3DIMG_07NOV2019_0700_L1C_SGP_vis.tif,3DIMG_07NOV2019_0700_L1C_SGP_vis.tif,INSAT3D_VIS_India,2019-11-07 07:00:00,Gujarat,Aravalli,23.4619,73.3039,318.33,32.95,Moderate Rain
INSAT3D_VIS_India/3DIMG_07NOV2019_0700_L1C_SGP_vis.tif,3DIMG_07NOV2019_0700_L1C_SGP_vis.tif,INSAT3D_VIS_India,2019-11-07 07:00:00,Gujarat,Banaskantha,24.1724,72.4346,128.22,12.23,Moderate Rain
INSAT3D_VIS_India/3DIMG_07NOV2019_0700_L1C_SGP_vis.tif,3DIMG_07NOV2019_0700_L1C_SGP_vis.tif,INSAT3D_VIS_India,2019-11-07 07:00:00,Gujarat,Bharuch,21.7051,72.9959,123.56,13.43,Moderate Rain
INSAT3D_VIS_India/3DIMG_07NOV2019_0700_L1C_SGP_vis.tif,3DIMG_07NOV2019_0700_L1C_SGP_vis.tif,INSAT3D_VIS_India,2019-11-07 07:00:00,Gujarat,Bhavnagar,21.7645,72.1519,186.67,18.85,Moderate Rain
INSAT3D_VIS_India/3DIMG_07NOV2019_0700_L1C_SGP_vis.tif,3DIMG_07NOV2019_0700_L1C_SGP_vis.tif,INSAT3D_VIS_India,2019-11-07 07:00:00,Gujarat,Botad,22.1704,71.6662,106.44,9.41,Moderate Rain
INSAT3D_VIS_India/3DIMG_07NOV2019_0700_L1C_SGP_vis.tif,3DIMG_07NOV2019_0700_L1C_SGP_vis.tif,INSAT3D_VIS_India,2019-11-07 07:00:00,Gujarat,Chhota Udepur,22.3108,74.0125,252.0,26.4,Moderate Rain
INSAT3D_VIS_India/3DIMG_07NOV2019_0700_L1C_SGP_vis.tif,3DIMG_07NOV2019_0700_L1C_SGP_vis.tif,INSAT3D_VIS_India,2019-11-07 07:00:00,Gujarat,Dahod,22.8347,74.2552,328.33,37.87,Heavy Rain
INSAT3D_VIS_India/3DIMG_07NOV2019_0700_L1C_SGP_vis.tif,3DIMG_07NOV2019_0700_L1C_SGP_vis.tif,INSAT3D_VIS_India,2019-11-07 07:00:00,Gujarat,Dang,20.7554,73.6873,126.33,10.66,Moderate Rain
INSAT3D_VIS_India/3DIMG_07NOV2019_0700_L1C_SGP_vis.tif,3DIMG_07NOV2019_0700_L1C_SGP_vis.tif,INSAT3D_VIS_India,2019-11-07 07:00:00,Gujarat,Devbhumi Dwarka,22.2078,69.6582,102.44,6.54,Light Rain
INSAT3D_VIS_India/3DIMG_07NOV2019_0700_L1C_SGP_vis.tif,3DIMG_07NOV2019_0700_L1C_SGP_vis.tif,INSAT3D_VIS_India,2019-11-07 07:00:00,Gujarat,Gandhinagar,23.2156,72.6369,151.11,15.12,Moderate Rain
INSAT3D_VIS_India/3DIMG_07NOV2019_0700_L1C_SGP_vis.tif,3DIMG_07NOV2019_0700_L1C_SGP_vis.tif,INSAT3D_VIS_India,2019-11-07 07:00:00,Gujarat,Gir Somnath,20.9042,70.3644,270.89,29.21,Moderate Rain
INSAT3D_VIS_India/3DIMG_07NOV2019_0700_L1C_SGP_vis.tif,3DIMG_07NOV2019_0700_L1C_SGP_vis.tif,INSAT3D_VIS_India,2019-11-07 07:00:00,Gujarat,Jamnagar,22.4707,70.0577,74.22,4.5,Light Rain
INSAT3D_VIS_India/3DIMG_07NOV2019_0700_L1C_SGP_vis.tif,3DIMG_07NOV2019_0700_L1C_SGP_vis.tif,INSAT3D_VIS_India,2019-11-07 07:00:00,Gujarat,Junagadh,21.5222,70.4579,122.33,13.03,Moderate Rain
INSAT3D_VIS_India/3DIMG_07NOV2019_0700_L1C_SGP_vis.tif,3DIMG_07NOV2019_0700_L1C_SGP_vis.tif,INSAT3D_VIS_India,2019-11-07 07:00:00,Gujarat,Kheda,22.6916,72.8634,200.67,22.1,Moderate Rain
INSAT3D_VIS_India/3DIMG_07NOV2019_0700_L1C_SGP_vis.tif,3DIMG_07NOV2019_0700_L1C_SGP_vis.tif,INSAT3D_VIS_India,2019-11-07 07:00:00,Gujarat,Kutch (Bhuj),23.242,69.6669,93.89,6.59,Light Rain
INSAT3D_VIS_India/3DIMG_07NOV2019_0700_L1C_SGP_vis.tif,3DIMG_07NOV2019_0700_L1C_SGP_vis.tif,INSAT3D_VIS_India,2019-11-07 07:00:00,Gujarat,Mahisagar,23.1311,73.6009,246.78,25.59,Moderate Rain
INSAT3D_VIS_India/3DIMG_07NOV2019_0700_L1C_SGP_vis.tif,3DIMG_07NOV2019_0700_L1C_SGP_vis.tif,INSAT3D_VIS_India,2019-11-07 07:00:00,Gujarat,Mehsana,23.588,72.3693,125.89,9.3,Moderate Rain
INSAT3D_VIS_India/3DIMG_07NOV2019_0700_L1C_SGP_vis.tif,3DIMG_07NOV2019_0700_L1C_SGP_vis.tif,INSAT3D_VIS_India,2019-11-07 07:00:00,Gujarat,Morbi,22.8173,70.8368,83.56,6.61,Light Rain
INSAT3D_VIS_India/3DIMG_07NOV2019_0700_L1C_SGP_vis.tif,3DIMG_07NOV2019_0700_L1C_SGP_vis.tif,INSAT3D_VIS_India,2019-11-07 07:00:00,Gujarat,Narmada,21.8719,73.5028,135.78,12.17,Moderate Rain
INSAT3D_VIS_India/3DIMG_07NOV2019_0700_L1C_SGP_vis.tif,3DIMG_07NOV2019_0700_L1C_SGP_vis.tif,INSAT3D_VIS_India,2019-11-07 07:00:00,Gujarat,Navsari,20.9467,72.952,184.11,18.58,Moderate Rain
INSAT3D_VIS_India/3DIMG_07NOV2019_0700_L1C_SGP_vis.tif,3DIMG_07NOV2019_0700_L1C_SGP_vis.tif,INSAT3D_VIS_India,2019-11-07 07:00:00,Gujarat,Panchmahal,22.778,73.6143,232.56,24.11,Moderate Rain
INSAT3D_VIS_India/3DIMG_07NOV2019_0700_L1C_SGP_vis.tif,3DIMG_07NOV2019_0700_L1C_SGP_vis.tif,INSAT3D_VIS_India,2019-11-07 07:00:00,Gujarat,Patan,23.8493,72.1266,100.0,7.28,Light Rain
INSAT3D_VIS_India/3DIMG_07NOV2019_0700_L1C_SGP_vis.tif,3DIMG_07NOV2019_0700_L1C_SGP_vis.tif,INSAT3D_VIS_India,2019-11-07 07:00:00,Gujarat,Porbandar,21.6417,69.6293,78.33,5.97,Light Rain
INSAT3D_VIS_India/3DIMG_07NOV2019_0700_L1C_SGP_vis.tif,3DIMG_07NOV2019_0700_L1C_SGP_vis.tif,INSAT3D_VIS_India,2019-11-07 07:00:00,Gujarat,Rajkot,22.3039,70.8022,97.11,6.19,Light Rain
INSAT3D_VIS_India/3DIMG_07NOV2019_0700_L1C_SGP_vis.tif,3DIMG_07NOV2019_0700_L1C_SGP_vis.tif,INSAT3D_VIS_India,2019-11-07 07:00:00,Gujarat,Sabarkantha,23.5977,72.9688,176.11,17.45,Moderate Rain
INSAT3D_VIS_India/3DIMG_07NOV2019_0700_L1C_SGP_vis.tif,3DIMG_07NOV2019_0700_L1C_SGP_vis.tif,INSAT3D_VIS_India,2019-11-07 07:00:00,Gujarat,Surat,21.1702,72.8311,183.44,18.58,Moderate Rain
INSAT3D_VIS_India/3DIMG_07NOV2019_0700_L1C_SGP_vis.tif,3DIMG_07NOV2019_0700_L1C_SGP_vis.tif,INSAT3D_VIS_India,2019-11-07 07:00:00,Gujarat,Surendranagar,22.7274,71.637,97.89,9.96,Moderate Rain
INSAT3D_VIS_India/3DIMG_07NOV2019_0700_L1C_SGP_vis.tif,3DIMG_07NOV2019_0700_L1C_SGP_vis.tif,INSAT3D_VIS_India,2019-11-07 07:00:00,Gujarat,Tapi,21.1147,73.3986,183.33,16.26,Moderate Rain
INSAT3D_VIS_India/3DIMG_07NOV2019_0700_L1C_SGP_vis.tif,3DIMG_07NOV2019_0700_L1C_SGP_vis.tif,INSAT3D_VIS_India,2019-11-07 07:00:00,Gujarat,Vadodara,22.3072,73.1812,235.44,23.56,Moderate Rain
INSAT3D_VIS_India/3DIMG_07NOV2019_0700_L1C_SGP_vis.tif,3DIMG_07NOV2019_0700_L1C_SGP_vis.tif,INSAT3D_VIS_India,2019-11-07 07:00:00,Gujarat,Valsad,20.5992,72.9342,184.11,20.41,Moderate Rain
INSAT3D_VIS_India/3DIMG_07NOV2019_0730_L1C_SGP_vis.tif,3DIMG_07NOV2019_0730_L1C_SGP_vis.tif,INSAT3D_VIS_India,2019-11-07 07:30:00,Gujarat,Ahmedabad,23.0225,72.5714,160.0,16.69,Moderate Rain
INSAT3D_VIS_India/3DIMG_07NOV2019_0730_L1C_SGP_vis.tif,3DIMG_07NOV2019_0730_L1C_SGP_vis.tif,INSAT3D_VIS_India,2019-11-07 07:30:00,Gujarat,Amreli,21.6032,71.2221,201.11,21.12,Moderate Rain
INSAT3D_VIS_India/3DIMG_07NOV2019_0730_L1C_SGP_vis.tif,3DIMG_07NOV2019_0730_L1C_SGP_vis.tif,INSAT3D_VIS_India,2019-11-07 07:30:00,Gujarat,Anand,22.5645,72.9289,224.33,24.17,Moderate Rain
INSAT3D_VIS_India/3DIMG_07NOV2019_0730_L1C_SGP_vis.tif,3DIMG_07NOV2019_0730_L1C_SGP_vis.tif,INSAT3D_VIS_India,2019-11-07 07:30:00,Gujarat,Aravalli,23.4619,73.3039,331.44,34.52,Moderate Rain
INSAT3D_VIS_India/3DIMG_07NOV2019_0730_L1C_SGP_vis.tif,3DIMG_07NOV2019_0730_L1C_SGP_vis.tif,INSAT3D_VIS_India,2019-11-07 07:30:00,Gujarat,Banaskantha,24.1724,72.4346,145.89,14.35,Moderate Rain
INSAT3D_VIS_India/3DIMG_07NOV2019_0730_L1C_SGP_vis.tif,3DIMG_07NOV2019_0730_L1C_SGP_vis.tif,INSAT3D_VIS_India,2019-11-07 07:30:00,Gujarat,Bharuch,21.7051,72.9959,146.11,16.14,Moderate Rain
INSAT3D_VIS_India/3DIMG_07NOV2019_0730_L1C_SGP_vis.tif,3DIMG_07NOV2019_0730_L1C_SGP_vis.tif,INSAT3D_VIS_India,2019-11-07 07:30:00,Gujarat,Bhavnagar,21.7645,72.1519,183.67,18.49,Moderate Rain
INSAT3D_VIS_India/3DIMG_07NOV2019_0730_L1C_SGP_vis.tif,3DIMG_07NOV2019_0730_L1C_SGP_vis.tif,INSAT3D_VIS_India,2019-11-07 07:30:00,Gujarat,Botad,22.1704,71.6662,131.22,12.39,Moderate Rain
INSAT3D_VIS_India/3DIMG_07NOV2019_0730_L1C_SGP_vis.tif,3DIMG_07NOV2019_0730_L1C_SGP_vis.tif,INSAT3D_VIS_India,2019-11-07 07:30:00,Gujarat,Chhota Udepur,22.3108,74.0125,250.78,26.25,Moderate Rain
INSAT3D_VIS_India/3DIMG_07NOV2019_0730_L1C_SGP_vis.tif,3DIMG_07NOV2019_0730_L1C_SGP_vis.tif,INSAT3D_VIS_India,2019-11-07 07:30:00,Gujarat,Dahod,22.8347,74.2552,313.78,36.12,Heavy Rain
INSAT3D_VIS_India/3DIMG_07NOV2019_0730_L1C_SGP_vis.tif,3DIMG_07NOV2019_0730_L1C_SGP_vis.tif,INSAT3D_VIS_India,2019-11-07 07:30:00,Gujarat,Dang,20.7554,73.6873,145.33,12.94,Moderate Rain
INSAT3D_VIS_India/3DIMG_07NOV2019_0730_L1C_SGP_vis.tif,3DIMG_07NOV2019_0730_L1C_SGP_vis.tif,INSAT3D_VIS_India,2019-11-07 07:30:00,Gujarat,Devbhumi Dwarka,22.2078,69.6582,112.89,7.79,Moderate Rain
INSAT3D_VIS_India/3DIMG_07NOV2019_0730_L1C_SGP_vis.tif,3DIMG_07NOV2019_0730_L1C_SGP_vis.tif,INSAT3D_VIS_India,2019-11-07 07:30:00,Gujarat,Gandhinagar,23.2156,72.6369,121.89,11.61,Moderate Rain
INSAT3D_VIS_India/3DIMG_07NOV2019_0730_L1C_SGP_vis.tif,3DIMG_07NOV2019_0730_L1C_SGP_vis.tif,INSAT3D_VIS_India,2019-11-07 07:30:00,Gujarat,Gir Somnath,20.9042,70.3644,262.0,28.14,Moderate Rain
INSAT3D_VIS_India/3DIMG_07NOV2019_0730_L1C_SGP_vis.tif,3DIMG_07NOV2019_0730_L1C_SGP_vis.tif,INSAT3D_VIS_India,2019-11-07 07:30:00,Gujarat,Jamnagar,22.4707,70.0577,66.33,3.55,Light Rain
INSAT3D_VIS_India/3DIMG_07NOV2019_0730_L1C_SGP_vis.tif,3DIMG_07NOV2019_0730_L1C_SGP_vis.tif,INSAT3D_VIS_India,2019-11-07 07:30:00,Gujarat,Junagadh,21.5222,70.4579,168.44,18.56,Moderate Rain
INSAT3D_VIS_India/3DIMG_07NOV2019_0730_L1C_SGP_vis.tif,3DIMG_07NOV2019_0730_L1C_SGP_vis.tif,INSAT3D_VIS_India,2019-11-07 07:30:00,Gujarat,Kheda,22.6916,72.8634,239.11,26.71,Moderate Rain
INSAT3D_VIS_India/3DIMG_07NOV2019_0730_L1C_SGP_vis.tif,3DIMG_07NOV2019_0730_L1C_SGP_vis.tif,INSAT3D_VIS_India,2019-11-07 07:30:00,Gujarat,Kutch (Bhuj),23.242,69.6669,93.44,6.53,Light Rain
INSAT3D_VIS_India/3DIMG_07NOV2019_0730_L1C_SGP_vis.tif,3DIMG_07NOV2019_0730_L1C_SGP_vis.tif,INSAT3D_VIS_India,2019-11-07 07:30:00,Gujarat,Mahisagar,23.1311,73.6009,253.78,26.43,Moderate Rain
INSAT3D_VIS_India/3DIMG_07NOV2019_0730_L1C_SGP_vis.tif,3DIMG_07NOV2019_0730_L1C_SGP_vis.tif,INSAT3D_VIS_India,2019-11-07 07:30:00,Gujarat,Mehsana,23.588,72.3693,167.78,14.33,Moderate Rain
INSAT3D_VIS_India/3DIMG_07NOV2019_0730_L1C_SGP_vis.tif,3DIMG_07NOV2019_0730_L1C_SGP_vis.tif,INSAT3D_VIS_India,2019-11-07 07:30:00,Gujarat,Morbi,22.8173,70.8368,81.11,6.31,Light Rain
INSAT3D_VIS_India/3DIMG_07NOV2019_0730_L1C_SGP_vis.tif,3DIMG_07NOV2019_0730_L1C_SGP_vis.tif,INSAT3D_VIS_India,2019-11-07 07:30:00,Gujarat,Narmada,21.8719,73.5028,102.67,8.2,Moderate Rain
INSAT3D_VIS_India/3DIMG_07NOV2019_0730_L1C_SGP_vis.tif,3DIMG_07NOV2019_0730_L1C_SGP_vis.tif,INSAT3D_VIS_India,2019-11-07 07:30:00,Gujarat,Navsari,20.9467,72.952,219.67,22.85,Moderate Rain
INSAT3D_VIS_India/3DIMG_07NOV2019_0730_L1C_SGP_vis.tif,3DIMG_07NOV2019_0730_L1C_SGP_vis.tif,INSAT3D_VIS_India,2019-11-07 07:30:00,Gujarat,Panchmahal,22.778,73.6143,175.11,17.22,Moderate Rain
INSAT3D_VIS_India/3DIMG_07NOV2019_0730_L1C_SGP_vis.tif,3DIMG_07NOV2019_0730_L1C_SGP_vis.tif,INSAT3D_VIS_India,2019-11-07 07:30:00,Gujarat,Patan,23.8493,72.1266,115.22,9.11,Moderate Rain
INSAT3D_VIS_India/3DIMG_07NOV2019_0730_L1C_SGP_vis.tif,3DIMG_07NOV2019_0730_L1C_SGP_vis.tif,INSAT3D_VIS_India,2019-11-07 07:30:00,Gujarat,Porbandar,21.6417,69.6293,113.0,10.13,Moderate Rain
INSAT3D_VIS_India/3DIMG_07NOV2019_0730_L1C_SGP_vis.tif,3DIMG_07NOV2019_0730_L1C_SGP_vis.tif,INSAT3D_VIS_India,2019-11-07 07:30:00,Gujarat,Rajkot,22.3039,70.8022,91.56,5.53,Light Rain
INSAT3D_VIS_India/3DIMG_07NOV2019_0730_L1C_SGP_vis.tif,3DIMG_07NOV2019_0730_L1C_SGP_vis.tif,INSAT3D_VIS_India,2019-11-07 07:30:00,Gujarat,Sabarkantha,23.5977,72.9688,163.11,15.89,Moderate Rain
INSAT3D_VIS_India/3DIMG_07NOV2019_0730_L1C_SGP_vis.tif,3DIMG_07NOV2019_0730_L1C_SGP_vis.tif,INSAT3D_VIS_India,2019-11-07 07:30:00,Gujarat,Surat,21.1702,72.8311,169.22,16.88,Moderate Rain
INSAT3D_VIS_India/3DIMG_07NOV2019_0730_L1C_SGP_vis.tif,3DIMG_07NOV2019_0730_L1C_SGP_vis.tif,INSAT3D_VIS_India,2019-11-07 07:30:00,Gujarat,Surendranagar,22.7274,71.637,122.89,12.96,Moderate Rain
INSAT3D_VIS_India/3DIMG_07NOV2019_0730_L1C_SGP_vis.tif,3DIMG_07NOV2019_0730_L1C_SGP_vis.tif,INSAT3D_VIS_India,2019-11-07 07:30:00,Gujarat,Tapi,21.1147,73.3986,116.11,8.19,Moderate Rain
INSAT3D_VIS_India/3DIMG_07NOV2019_0730_L1C_SGP_vis.tif,3DIMG_07NOV2019_0730_L1C_SGP_vis.tif,INSAT3D_VIS_India,2019-11-07 07:30:00,Gujarat,Vadodara,22.3072,73.1812,266.89,27.33,Moderate Rain
INSAT3D_VIS_India/3DIMG_07NOV2019_0730_L1C_SGP_vis.tif,3DIMG_07NOV2019_0730_L1C_SGP_vis.tif,INSAT3D_VIS_India,2019-11-07 07:30:00,Gujarat,Valsad,20.5992,72.9342,144.0,15.6,Moderate Rain
INSAT3D_VIS_India/3DIMG_07NOV2019_0800_L1C_SGP_vis.tif,3DIMG_07NOV2019_0800_L1C_SGP_vis.tif,INSAT3D_VIS_India,2019-11-07 08:00:00,Gujarat,Ahmedabad,23.0225,72.5714,149.33,15.41,Moderate Rain
INSAT3D_VIS_India/3DIMG_07NOV2019_0800_L1C_SGP_vis.tif,3DIMG_07NOV2019_0800_L1C_SGP_vis.tif,INSAT3D_VIS_India,2019-11-07 08:00:00,Gujarat,Amreli,21.6032,71.2221,153.0,15.35,Moderate Rain
INSAT3D_VIS_India/3DIMG_07NOV2019_0800_L1C_SGP_vis.tif,3DIMG_07NOV2019_0800_L1C_SGP_vis.tif,INSAT3D_VIS_India,2019-11-07 08:00:00,Gujarat,Anand,22.5645,72.9289,120.67,11.73,Moderate Rain
INSAT3D_VIS_India/3DIMG_07NOV2019_0800_L1C_SGP_vis.tif,3DIMG_07NOV2019_0800_L1C_SGP_vis.tif,INSAT3D_VIS_India,2019-11-07 08:00:00,Gujarat,Aravalli,23.4619,73.3039,259.78,25.92,Moderate Rain
INSAT3D_VIS_India/3DIMG_07NOV2019_0800_L1C_SGP_vis.tif,3DIMG_07NOV2019_0800_L1C_SGP_vis.tif,INSAT3D_VIS_India,2019-11-07 08:00:00,Gujarat,Banaskantha,24.1724,72.4346,136.67,13.24,Moderate Rain
INSAT3D_VIS_India/3DIMG_07NOV2019_0800_L1C_SGP_vis.tif,3DIMG_07NOV2019_0800_L1C_SGP_vis.tif,INSAT3D_VIS_India,2019-11-07 08:00:00,Gujarat,Bharuch,21.7051,72.9959,145.89,16.11,Moderate Rain
INSAT3D_VIS_India/3DIMG_07NOV2019_0800_L1C_SGP_vis.tif,3DIMG_07NOV2019_0800_L1C_SGP_vis.tif,INSAT3D_VIS_India,2019-11-07 08:00:00,Gujarat,Bhavnagar,21.7645,72.1519,240.56,25.31,Moderate Rain
INSAT3D_VIS_India/3DIMG_07NOV2019_0800_L1C_SGP_vis.tif,3DIMG_07NOV2019_0800_L1C_SGP_vis.tif,INSAT3D_VIS_India,2019-11-07 08:00:00,Gujarat,Botad,22.1704,71.6662,135.67,12.92,Moderate Rain
INSAT3D_VIS_India/3DIMG_07NOV2019_0800_L1C_SGP_vis.tif,3DIMG_07NOV2019_0800_L1C_SGP_vis.tif,INSAT3D_VIS_India,2019-11-07 08:00:00,Gujarat,Chhota Udepur,22.3108,74.0125,237.78,24.69,Moderate Rain
INSAT3D_VIS_India/3DIMG_07NOV2019_0800_L1C_SGP_vis.tif,3DIMG_07NOV2019_0800_L1C_SGP_vis.tif,INSAT3D_VIS_India,2019-11-07 08:00:00,Gujarat,Dahod,22.8347,74.2552,326.11,37.6,Heavy Rain
INSAT3D_VIS_India/3DIMG_07NOV2019_0800_L1C_SGP_vis.tif,3DIMG_07NOV2019_0800_L1C_SGP_vis.tif,INSAT3D_VIS_India,2019-11-07 08:00:00,Gujarat,Dang,20.7554,73.6873,143.11,12.67,Moderate Rain
INSAT3D_VIS_India/3DIMG_07NOV2019_0800_L1C_SGP_vis.tif,3DIMG_07NOV2019_0800_L1C_SGP_vis.tif,INSAT3D_VIS_India,2019-11-07 08:00:00,Gujarat,Devbhumi Dwarka,22.2078,69.6582,92.78,5.38,Light Rain
INSAT3D_VIS_India/3DIMG_07NOV2019_0800_L1C_SGP_vis.tif,3DIMG_07NOV2019_0800_L1C_SGP_vis.tif,INSAT3D_VIS_India,2019-11-07 08:00:00,Gujarat,Gandhinagar,23.2156,72.6369,159.44,16.12,Moderate Rain
INSAT3D_VIS_India/3DIMG_07NOV2019_0800_L1C_SGP_vis.tif,3DIMG_07NOV2019_0800_L1C_SGP_vis.tif,INSAT3D_VIS_India,2019-11-07 08:00:00,Gujarat,Gir Somnath,20.9042,70.3644,214.89,22.49,Moderate Rain
INSAT3D_VIS_India/3DIMG_07NOV2019_0800_L1C_SGP_vis.tif,3DIMG_07NOV2019_0800_L1C_SGP_vis.tif,INSAT3D_VIS_India,2019-11-07 08:00:00,Gujarat,Jamnagar,22.4707,70.0577,67.22,3.66,Light Rain
INSAT3D_VIS_India/3DIMG_07NOV2019_0800_L1C_SGP_vis.tif,3DIMG_07NOV2019_0800_L1C_SGP_vis.tif,INSAT3D_VIS_India,2019-11-07 08:00:00,Gujarat,Junagadh,21.5222,70.4579,112.78,11.88,Moderate Rain
INSAT3D_VIS_India/3DIMG_07NOV2019_0800_L1C_SGP_vis.tif,3DIMG_07NOV2019_0800_L1C_SGP_vis.tif,INSAT3D_VIS_India,2019-11-07 08:00:00,Gujarat,Kheda,22.6916,72.8634,211.11,23.35,Moderate Rain
INSAT3D_VIS_India/3DIMG_07NOV2019_0800_L1C_SGP_vis.tif,3DIMG_07NOV2019_0800_L1C_SGP_vis.tif,INSAT3D_VIS_India,2019-11-07 08:00:00,Gujarat,Kutch (Bhuj),23.242,69.6669,108.22,8.31,Moderate Rain
INSAT3D_VIS_India/3DIMG_07NOV2019_0800_L1C_SGP_vis.tif,3DIMG_07NOV2019_0800_L1C_SGP_vis.tif,INSAT3D_VIS_India,2019-11-07 08:00:00,Gujarat,Mahisagar,23.1311,73.6009,233.22,23.96,Moderate Rain
INSAT3D_VIS_India/3DIMG_07NOV2019_0800_L1C_SGP_vis.tif,3DIMG_07NOV2019_0800_L1C_SGP_vis.tif,INSAT3D_VIS_India,2019-11-07 08:00:00,Gujarat,Mehsana,23.588,72.3693,135.0,10.4,Moderate Rain
INSAT3D_VIS_India/3DIMG_07NOV2019_0800_L1C_SGP_vis.tif,3DIMG_07NOV2019_0800_L1C_SGP_vis.tif,INSAT3D_VIS_India,2019-11-07 08:00:00,Gujarat,Morbi,22.8173,70.8368,75.67,5.66,Light Rain
INSAT3D_VIS_India/3DIMG_07NOV2019_0800_L1C_SGP_vis.tif,3DIMG_07NOV2019_0800_L1C_SGP_vis.tif,INSAT3D_VIS_India,2019-11-07 08:00:00,Gujarat,Narmada,21.8719,73.5028,95.89,7.38,Light Rain
INSAT3D_VIS_India/3DIMG_07NOV2019_0800_L1C_SGP_vis.tif,3DIMG_07NOV2019_0800_L1C_SGP_vis.tif,INSAT3D_VIS_India,2019-11-07 08:00:00,Gujarat,Navsari,20.9467,72.952,234.44,24.62,Moderate Rain
INSAT3D_VIS_India/3DIMG_07NOV2019_0800_L1C_SGP_vis.tif,3DIMG_07NOV2019_0800_L1C_SGP_vis.tif,INSAT3D_VIS_India,2019-11-07 08:00:00,Gujarat,Panchmahal,22.778,73.6143,206.44,20.98,Moderate Rain
INSAT3D_VIS_India/3DIMG_07NOV2019_0800_L1C_SGP_vis.tif,3DIMG_07NOV2019_0800_L1C_SGP_vis.tif,INSAT3D_VIS_India,2019-11-07 08:00:00,Gujarat,Patan,23.8493,72.1266,146.67,12.88,Moderate Rain
INSAT3D_VIS_India/3DIMG_07NOV2019_0800_L1C_SGP_vis.tif,3DIMG_07NOV2019_0800_L1C_SGP_vis.tif,INSAT3D_VIS_India,2019-11-07 08:00:00,Gujarat,Porbandar,21.6417,69.6293,89.11,7.26,Light Rain
INSAT3D_VIS_India/3DIMG_07NOV2019_0800_L1C_SGP_vis.tif,3DIMG_07NOV2019_0800_L1C_SGP_vis.tif,INSAT3D_VIS_India,2019-11-07 08:00:00,Gujarat,Rajkot,22.3039,70.8022,112.56,8.05,Moderate Rain
INSAT3D_VIS_India/3DIMG_07NOV2019_0800_L1C_SGP_vis.tif,3DIMG_07NOV2019_0800_L1C_SGP_vis.tif,INSAT3D_VIS_India,2019-11-07 08:00:00,Gujarat,Sabarkantha,23.5977,72.9688,219.67,22.68,Moderate Rain
INSAT3D_VIS_India/3DIMG_07NOV2019_0800_L1C_SGP_vis.tif,3DIMG_07NOV2019_0800_L1C_SGP_vis.tif,INSAT3D_VIS_India,2019-11-07 08:00:00,Gujarat,Surat,21.1702,72.8311,229.33,24.09,Moderate Rain
INSAT3D_VIS_India/3DIMG_07NOV2019_0800_L1C_SGP_vis.tif,3DIMG_07NOV2019_0800_L1C_SGP_vis.tif,INSAT3D_VIS_India,2019-11-07 08:00:00,Gujarat,Surendranagar,22.7274,71.637,91.0,9.14,Moderate Rain
INSAT3D_VIS_India/3DIMG_07NOV2019_0800_L1C_SGP_vis.tif,3DIMG_07NOV2019_0800_L1C_SGP_vis.tif,INSAT3D_VIS_India,2019-11-07 08:00:00,Gujarat,Tapi,21.1147,73.3986,187.89,16.8,Moderate Rain
INSAT3D_VIS_India/3DIMG_07NOV2019_0800_L1C_SGP_vis.tif,3DIMG_07NOV2019_0800_L1C_SGP_vis.tif,INSAT3D_VIS_India,2019-11-07 08:00:00,Gujarat,Vadodara,22.3072,73.1812,212.56,20.81,Moderate Rain
INSAT3D_VIS_India/3DIMG_07NOV2019_0800_L1C_SGP_vis.tif,3DIMG_07NOV2019_0800_L1C_SGP_vis.tif,INSAT3D_VIS_India,2019-11-07 08:00:00,Gujarat,Valsad,20.5992,72.9342,224.89,25.3,Moderate Rain
INSAT3D_VIS_India/3DIMG_07NOV2019_0830_L1C_SGP_vis.tif,3DIMG_07NOV2019_0830_L1C_SGP_vis.tif,INSAT3D_VIS_India,2019-11-07 08:30:00,Gujarat,Ahmedabad,23.0225,72.5714,90.33,8.33,Moderate Rain
INSAT3D_VIS_India/3DIMG_07NOV2019_0830_L1C_SGP_vis.tif,3DIMG_07NOV2019_0830_L1C_SGP_vis.tif,INSAT3D_VIS_India,2019-11-07 08:30:00,Gujarat,Amreli,21.6032,71.2221,182.22,18.85,Moderate Rain
INSAT3D_VIS_India/3DIMG_07NOV2019_0830_L1C_SGP_vis.tif,3DIMG_07NOV2019_0830_L1C_SGP_vis.tif,INSAT3D_VIS_India,2019-11-07 08:30:00,Gujarat,Anand,22.5645,72.9289,205.0,21.85,Moderate Rain
INSAT3D_VIS_India/3DIMG_07NOV2019_0830_L1C_SGP_vis.tif,3DIMG_07NOV2019_0830_L1C_SGP_vis.tif,INSAT3D_VIS_India,2019-11-07 08:30:00,Gujarat,Aravalli,23.4619,73.3039,282.33,28.63,Moderate Rain
INSAT3D_VIS_India/3DIMG_07NOV2019_0830_L1C_SGP_vis.tif,3DIMG_07NOV2019_0830_L1C_SGP_vis.tif,INSAT3D_VIS_India,2019-11-07 08:30:00,Gujarat,Banaskantha,24.1724,72.4346,151.11,14.97,Moderate Rain
INSAT3D_VIS_India/3DIMG_07NOV2019_0830_L1C_SGP_vis.tif,3DIMG_07NOV2019_0830_L1C_SGP_vis.tif,INSAT3D_VIS_India,2019-11-07 08:30:00,Gujarat,Bharuch,21.7051,72.9959,183.33,20.61,Moderate Rain
INSAT3D_VIS_India/3DIMG_07NOV2019_0830_L1C_SGP_vis.tif,3DIMG_07NOV2019_0830_L1C_SGP_vis.tif,INSAT3D_VIS_India,2019-11-07 08:30:00,Gujarat,Bhavnagar,21.7645,72.1519,156.22,15.19,Moderate Rain
INSAT3D_VIS_India/3DIMG_07NOV2019_0830_L1C_SGP_vis.tif,3DIMG_07NOV2019_0830_L1C_SGP_vis.tif,INSAT3D_VIS_India,2019-11-07 08:30:00,Gujarat,Botad,22.1704,71.6662,104.33,9.16,Moderate Rain
INSAT3D_VIS_India/3DIMG_07NOV2019_0830_L1C_SGP_vis.tif,3DIMG_07NOV2019_0830_L1C_SGP_vis.tif,INSAT3D_VIS_India,2019-11-07 08:30:00,Gujarat,Chhota Udepur,22.3108,74.0125,219.44,22.49,Moderate Rain
INSAT3D_VIS_India/3DIMG_07NOV2019_0830_L1C_SGP_vis.tif,3DIMG_07NOV2019_0830_L1C_SGP_vis.tif,INSAT3D_VIS_India,2019-11-07 08:30:00,Gujarat,Dahod,22.8347,74.2552,278.89,31.93,Moderate Rain
INSAT3D_VIS_India/3DIMG_07NOV2019_0830_L1C_SGP_vis.tif,3DIMG_07NOV2019_0830_L1C_SGP_vis.tif,INSAT3D_VIS_India,2019-11-07 08:30:00,Gujarat,Dang,20.7554,73.6873,126.56,10.69,Moderate Rain
INSAT3D_VIS_India/3DIMG_07NOV2019_0830_L1C_SGP_vis.tif,3DIMG_07NOV2019_0830_L1C_SGP_vis.tif,INSAT3D_VIS_India,2019-11-07 08:30:00,Gujarat,Devbhumi Dwarka,22.2078,69.6582,81.78,4.06,Light Rain
INSAT3D_VIS_India/3DIMG_07NOV2019_0830_L1C_SGP_vis.tif,3DIMG_07NOV2019_0830_L1C_SGP_vis.tif,INSAT3D_VIS_India,2019-11-07 08:30:00,Gujarat,Gandhinagar,23.2156,72.6369,125.0,11.98,Moderate Rain
INSAT3D_VIS_India/3DIMG_07NOV2019_0830_L1C_SGP_vis.tif,3DIMG_07NOV2019_0830_L1C_SGP_vis.tif,INSAT3D_VIS_India,2019-11-07 08:30:00,Gujarat,Gir Somnath,20.9042,70.3644,199.33,20.62,Moderate Rain
INSAT3D_VIS_India/3DIMG_07NOV2019_0830_L1C_SGP_vis.tif,3DIMG_07NOV2019_0830_L1C_SGP_vis.tif,INSAT3D_VIS_India,2019-11-07 08:30:00,Gujarat,Jamnagar,22.4707,70.0577,65.0,3.39,Light Rain
INSAT3D_VIS_India/3DIMG_07NOV2019_0830_L1C_SGP_vis.tif,3DIMG_07NOV2019_0830_L1C_SGP_vis.tif,INSAT3D_VIS_India,2019-11-07 08:30:00,Gujarat,Junagadh,21.5222,70.4579,129.44,13.88,Moderate Rain
INSAT3D_VIS_India/3DIMG_07NOV2019_0830_L1C_SGP_vis.tif,3DIMG_07NOV2019_0830_L1C_SGP_vis.tif,INSAT3D_VIS_India,2019-11-07 08:30:00,Gujarat,Kheda,22.6916,72.8634,208.89,23.08,Moderate Rain
INSAT3D_VIS_India/3DIMG_07NOV2019_0830_L1C_SGP_vis.tif,3DIMG_07NOV2019_0830_L1C_SGP_vis.tif,INSAT3D_VIS_India,2019-11-07 08:30:00,Gujarat,Kutch (Bhuj),23.242,69.6669,131.11,11.05,Moderate Rain
INSAT3D_VIS_India/3DIMG_07NOV2019_0830_L1C_SGP_vis.tif,3DIMG_07NOV2019_0830_L1C_SGP_vis.tif,INSAT3D_VIS_India,2019-11-07 08:30:00,Gujarat,Mahisagar,23.1311,73.6009,160.56,15.24,Moderate Rain
INSAT3D_VIS_India/3DIMG_07NOV2019_0830_L1C_SGP_vis.tif,3DIMG_07NOV2019_0830_L1C_SGP_vis.tif,INSAT3D_VIS_India,2019-11-07 08:30:00,Gujarat,Mehsana,23.588,72.3693,106.67,7.0,Light Rain
INSAT3D_VIS_India/3DIMG_07NOV2019_0830_L1C_SGP_vis.tif,3DIMG_07NOV2019_0830_L1C_SGP_vis.tif,INSAT3D_VIS_India,2019-11-07 08:30:00,Gujarat,Morbi,22.8173,70.8368,78.56,6.01,Light Rain
INSAT3D_VIS_India/3DIMG_07NOV2019_0830_L1C_SGP_vis.tif,3DIMG_07NOV2019_0830_L1C_SGP_vis.tif,INSAT3D_VIS_India,2019-11-07 08:30:00,Gujarat,Narmada,21.8719,73.5028,113.11,9.45,Moderate Rain
INSAT3D_VIS_India/3DIMG_07NOV2019_0830_L1C_SGP_vis.tif,3DIMG_07NOV2019_0830_L1C_SGP_vis.tif,INSAT3D_VIS_India,2019-11-07 08:30:00,Gujarat,Navsari,20.9467,72.952,241.11,25.42,Moderate Rain
INSAT3D_VIS_India/3DIMG_07NOV2019_0830_L1C_SGP_vis.tif,3DIMG_07NOV2019_0830_L1C_SGP_vis.tif,INSAT3D_VIS_India,2019-11-07 08:30:00,Gujarat,Panchmahal,22.778,73.6143,185.78,18.5,Moderate Rain
INSAT3D_VIS_India/3DIMG_07NOV2019_0830_L1C_SGP_vis.tif,3DIMG_07NOV2019_0830_L1C_SGP_vis.tif,INSAT3D_VIS_India,2019-11-07 08:30:00,Gujarat,Patan,23.8493,72.1266,160.56,14.55,Moderate Rain
INSAT3D_VIS_India/3DIMG_07NOV2019_0830_L1C_SGP_vis.tif,3DIMG_07NOV2019_0830_L1C_SGP_vis.tif,INSAT3D_VIS_India,2019-11-07 08:30:00,Gujarat,Porbandar,21.6417,69.6293,97.56,8.28,Moderate Rain
INSAT3D_VIS_India/3DIMG_07NOV2019_0830_L1C_SGP_vis.tif,3DIMG_07NOV2019_0830_L1C_SGP_vis.tif,INSAT3D_VIS_India,2019-11-07 08:30:00,Gujarat,Rajkot,22.3039,70.8022,79.33,4.06,Light Rain
INSAT3D_VIS_India/3DIMG_07NOV2019_0830_L1C_SGP_vis.tif,3DIMG_07NOV2019_0830_L1C_SGP_vis.tif,INSAT3D_VIS_India,2019-11-07 08:30:00,Gujarat,Sabarkantha,23.5977,72.9688,184.33,18.44,Moderate Rain
INSAT3D_VIS_India/3DIMG_07NOV2019_0830_L1C_SGP_vis.tif,3DIMG_07NOV2019_0830_L1C_SGP_vis.tif,INSAT3D_VIS_India,2019-11-07 08:30:00,Gujarat,Surat,21.1702,72.8311,268.78,28.82,Moderate Rain
INSAT3D_VIS_India/3DIMG_07NOV2019_0830_L1C_SGP_vis.tif,3DIMG_07NOV2019_0830_L1C_SGP_vis.tif,INSAT3D_VIS_India,2019-11-07 08:30:00,Gujarat,Surendranagar,22.7274,71.637,74.11,7.11,Light Rain
INSAT3D_VIS_India/3DIMG_07NOV2019_0830_L1C_SGP_vis.tif,3DIMG_07NOV2019_0830_L1C_SGP_vis.tif,INSAT3D_VIS_India,2019-11-07 08:30:00,Gujarat,Tapi,21.1147,73.3986,159.67,13.42,Moderate Rain
INSAT3D_VIS_India/3DIMG_07NOV2019_0830_L1C_SGP_vis.tif,3DIMG_07NOV2019_0830_L1C_SGP_vis.tif,INSAT3D_VIS_India,2019-11-07 08:30:00,Gujarat,Vadodara,22.3072,73.1812,103.78,7.76,Moderate Rain
INSAT3D_VIS_India/3DIMG_07NOV2019_0830_L1C_SGP_vis.tif,3DIMG_07NOV2019_0830_L1C_SGP_vis.tif,INSAT3D_VIS_India,2019-11-07 08:30:00,Gujarat,Valsad,20.5992,72.9342,189.0,21.0,Moderate Rain
INSAT3D_VIS_India/3DIMG_07NOV2019_0859_L1C_SGP_vis.tif,3DIMG_07NOV2019_0859_L1C_SGP_vis.tif,INSAT3D_VIS_India,2019-11-07 08:59:00,Gujarat,Ahmedabad,23.0225,72.5714,96.0,9.01,Moderate Rain
INSAT3D_VIS_India/3DIMG_07NOV2019_0859_L1C_SGP_vis.tif,3DIMG_07NOV2019_0859_L1C_SGP_vis.tif,INSAT3D_VIS_India,2019-11-07 08:59:00,Gujarat,Amreli,21.6032,71.2221,215.44,22.84,Moderate Rain
INSAT3D_VIS_India/3DIMG_07NOV2019_0859_L1C_SGP_vis.tif,3DIMG_07NOV2019_0859_L1C_SGP_vis.tif,INSAT3D_VIS_India,2019-11-07 08:59:00,Gujarat,Anand,22.5645,72.9289,106.78,10.06,Moderate Rain
INSAT3D_VIS_India/3DIMG_07NOV2019_0859_L1C_SGP_vis.tif,3DIMG_07NOV2019_0859_L1C_SGP_vis.tif,INSAT3D_VIS_India,2019-11-07 08:59:00,Gujarat,Aravalli,23.4619,73.3039,201.78,18.96,Moderate Rain
INSAT3D_VIS_India/3DIMG_07NOV2019_0859_L1C_SGP_vis.tif,3DIMG_07NOV2019_0859_L1C_SGP_vis.tif,INSAT3D_VIS_India,2019-11-07 08:59:00,Gujarat,Banaskantha,24.1724,72.4346,78.33,6.24,Light Rain
INSAT3D_VIS_India/3DIMG_07NOV2019_0859_L1C_SGP_vis.tif,3DIMG_07NOV2019_0859_L1C_SGP_vis.tif,INSAT3D_VIS_India,2019-11-07 08:59:00,Gujarat,Bharuch,21.7051,72.9959,174.78,19.58,Moderate Rain
INSAT3D_VIS_India/3DIMG_07NOV2019_0859_L1C_SGP_vis.tif,3DIMG_07NOV2019_0859_L1C_SGP_vis.tif,INSAT3D_VIS_India,2019-11-07 08:59:00,Gujarat,Bhavnagar,21.7645,72.1519,259.44,27.58,Moderate Rain
INSAT3D_VIS_India/3DIMG_07NOV2019_0859_L1C_SGP_vis.tif,3DIMG_07NOV2019_0859_L1C_SGP_vis.tif,INSAT3D_VIS_India,2019-11-07 08:59:00,Gujarat,Botad,22.1704,71.6662,146.33,14.2,Moderate Rain
INSAT3D_VIS_India/3DIMG_07NOV2019_0859_L1C_SGP_vis.tif,3DIMG_07NOV2019_0859_L1C_SGP_vis.tif,INSAT3D_VIS_India,2019-11-07 08:59:00,Gujarat,Chhota Udepur,22.3108,74.0125,153.44,14.57,Moderate Rain
INSAT3D_VIS_India/3DIMG_07NOV2019_0859_L1C_SGP_vis.tif,3DIMG_07NOV2019_0859_L1C_SGP_vis.tif,INSAT3D_VIS_India,2019-11-07 08:59:00,Gujarat,Dahod,22.8347,74.2552,263.0,30.03,Moderate Rain
INSAT3D_VIS_India/3DIMG_07NOV2019_0859_L1C_SGP_vis.tif,3DIMG_07NOV2019_0859_L1C_SGP_vis.tif,INSAT3D_VIS_India,2019-11-07 08:59:00,Gujarat,Dang,20.7554,73.6873,132.67,11.42,Moderate Rain
INSAT3D_VIS_India/3DIMG_07NOV2019_0859_L1C_SGP_vis.tif,3DIMG_07NOV2019_0859_L1C_SGP_vis.tif,INSAT3D_VIS_India,2019-11-07 08:59:00,Gujarat,Devbhumi Dwarka,22.2078,69.6582,63.89,1.91,Light Rain
INSAT3D_VIS_India/3DIMG_07NOV2019_0859_L1C_SGP_vis.tif,3DIMG_07NOV2019_0859_L1C_SGP_vis.tif,INSAT3D_VIS_India,2019-11-07 08:59:00,Gujarat,Gandhinagar,23.2156,72.6369,114.67,10.74,Moderate Rain
INSAT3D_VIS_India/3DIMG_07NOV2019_0859_L1C_SGP_vis.tif,3DIMG_07NOV2019_0859_L1C_SGP_vis.tif,INSAT3D_VIS_India,2019-11-07 08:59:00,Gujarat,Gir Somnath,20.9042,70.3644,115.33,10.54,Moderate Rain
INSAT3D_VIS_India/3DIMG_07NOV2019_0859_L1C_SGP_vis.tif,3DIMG_07NOV2019_0859_L1C_SGP_vis.tif,INSAT3D_VIS_India,2019-11-07 08:59:00,Gujarat,Jamnagar,22.4707,70.0577,62.0,3.03,Light Rain
INSAT3D_VIS_India/3DIMG_07NOV2019_0859_L1C_SGP_vis.tif,3DIMG_07NOV2019_0859_L1C_SGP_vis.tif,INSAT3D_VIS_India,2019-11-07 08:59:00,Gujarat,Junagadh,21.5222,70.4579,96.44,9.92,Moderate Rain
INSAT3D_VIS_India/3DIMG_07NOV2019_0859_L1C_SGP_vis.tif,3DIMG_07NOV2019_0859_L1C_SGP_vis.tif,INSAT3D_VIS_India,2019-11-07 08:59:00,Gujarat,Kheda,22.6916,72.8634,115.44,11.87,Moderate Rain
INSAT3D_VIS_India/3DIMG_07NOV2019_0859_L1C_SGP_vis.tif,3DIMG_07NOV2019_0859_L1C_SGP_vis.tif,INSAT3D_VIS_India,2019-11-07 08:59:00,Gujarat,Kutch (Bhuj),23.242,69.6669,106.11,8.05,Moderate Rain
INSAT3D_VIS_India/3DIMG_07NOV2019_0859_L1C_SGP_vis.tif,3DIMG_07NOV2019_0859_L1C_SGP_vis.tif,INSAT3D_VIS_India,2019-11-07 08:59:00,Gujarat,Mahisagar,23.1311,73.6009,85.56,6.24,Light Rain
INSAT3D_VIS_India/3DIMG_07NOV2019_0859_L1C_SGP_vis.tif,3DIMG_07NOV2019_0859_L1C_SGP_vis.tif,INSAT3D_VIS_India,2019-11-07 08:59:00,Gujarat,Mehsana,23.588,72.3693,105.33,6.84,Light Rain
INSAT3D_VIS_India/3DIMG_07NOV2019_0859_L1C_SGP_vis.tif,3DIMG_07NOV2019_0859_L1C_SGP_vis.tif,INSAT3D_VIS_India,2019-11-07 08:59:00,Gujarat,Morbi,22.8173,70.8368,72.44,5.27,Light Rain
INSAT3D_VIS_India/3DIMG_07NOV2019_0859_L1C_SGP_vis.tif,3DIMG_07NOV2019_0859_L1C_SGP_vis.tif,INSAT3D_VIS_India,2019-11-07 08:59:00,Gujarat,Narmada,21.8719,73.5028,69.67,4.24,Light Rain
INSAT3D_VIS_India/3DIMG_07NOV2019_0859_L1C_SGP_vis.tif,3DIMG_07NOV2019_0859_L1C_SGP_vis.tif,INSAT3D_VIS_India,2019-11-07 08:59:00,Gujarat,Navsari,20.9467,72.952,233.44,24.5,Moderate Rain
INSAT3D_VIS_India/3DIMG_07NOV2019_0859_L1C_SGP_vis.tif,3DIMG_07NOV2019_0859_L1C_SGP_vis.tif,INSAT3D_VIS_India,2019-11-07 08:59:00,Gujarat,Panchmahal,22.778,73.6143,186.78,18.62,Moderate Rain
INSAT3D_VIS_India/3DIMG_07NOV2019_0859_L1C_SGP_vis.tif,3DIMG_07NOV2019_0859_L1C_SGP_vis.tif,INSAT3D_VIS_India,2019-11-07 08:59:00,Gujarat,Patan,23.8493,72.1266,125.33,10.32,Moderate Rain
INSAT3D_VIS_India/3DIMG_07NOV2019_0859_L1C_SGP_vis.tif,3DIMG_07NOV2019_0859_L1C_SGP_vis.tif,INSAT3D_VIS_India,2019-11-07 08:59:00,Gujarat,Porbandar,21.6417,69.6293,104.0,9.05,Moderate Rain
INSAT3D_VIS_India/3DIMG_07NOV2019_0859_L1C_SGP_vis.tif,3DIMG_07NOV2019_0859_L1C_SGP_vis.tif,INSAT3D_VIS_India,2019-11-07 08:59:00,Gujarat,Rajkot,22.3039,70.8022,105.22,7.17,Light Rain
INSAT3D_VIS_India/3DIMG_07NOV2019_0859_L1C_SGP_vis.tif,3DIMG_07NOV2019_0859_L1C_SGP_vis.tif,INSAT3D_VIS_India,2019-11-07 08:59:00,Gujarat,Sabarkantha,23.5977,72.9688,137.22,12.78,Moderate Rain
INSAT3D_VIS_India/3DIMG_07NOV2019_0859_L1C_SGP_vis.tif,3DIMG_07NOV2019_0859_L1C_SGP_vis.tif,INSAT3D_VIS_India,2019-11-07 08:59:00,Gujarat,Surat,21.1702,72.8311,286.56,30.96,Moderate Rain
INSAT3D_VIS_India/3DIMG_07NOV2019_0859_L1C_SGP_vis.tif,3DIMG_07NOV2019_0859_L1C_SGP_vis.tif,INSAT3D_VIS_India,2019-11-07 08:59:00,Gujarat,Surendranagar,22.7274,71.637,89.33,8.94,Moderate Rain
INSAT3D_VIS_India/3DIMG_07NOV2019_0859_L1C_SGP_vis.tif,3DIMG_07NOV2019_0859_L1C_SGP_vis.tif,INSAT3D_VIS_India,2019-11-07 08:59:00,Gujarat,Tapi,21.1147,73.3986,166.0,14.18,Moderate Rain
INSAT3D_VIS_India/3DIMG_07NOV2019_0859_L1C_SGP_vis.tif,3DIMG_07NOV2019_0859_L1C_SGP_vis.tif,INSAT3D_VIS_India,2019-11-07 08:59:00,Gujarat,Vadodara,22.3072,73.1812,113.56,8.93,Moderate Rain
INSAT3D_VIS_India/3DIMG_07NOV2019_0859_L1C_SGP_vis.tif,3DIMG_07NOV2019_0859_L1C_SGP_vis.tif,INSAT3D_VIS_India,2019-11-07 08:59:00,Gujarat,Valsad,20.5992,72.9342,170.11,18.73,Moderate Rain
INSAT3D_VIS_India/3DIMG_07NOV2019_0900_L1C_SGP_vis.tif,3DIMG_07NOV2019_0900_L1C_SGP_vis.tif,INSAT3D_VIS_India,2019-11-07 09:00:00,Gujarat,Ahmedabad,23.0225,72.5714,96.0,9.01,Moderate Rain
INSAT3D_VIS_India/3DIMG_07NOV2019_0900_L1C_SGP_vis.tif,3DIMG_07NOV2019_0900_L1C_SGP_vis.tif,INSAT3D_VIS_India,2019-11-07 09:00:00,Gujarat,Amreli,21.6032,71.2221,211.44,22.36,Moderate Rain
INSAT3D_VIS_India/3DIMG_07NOV2019_0900_L1C_SGP_vis.tif,3DIMG_07NOV2019_0900_L1C_SGP_vis.tif,INSAT3D_VIS_India,2019-11-07 09:00:00,Gujarat,Anand,22.5645,72.9289,106.78,10.06,Moderate Rain
INSAT3D_VIS_India/3DIMG_07NOV2019_0900_L1C_SGP_vis.tif,3DIMG_07NOV2019_0900_L1C_SGP_vis.tif,INSAT3D_VIS_India,2019-11-07 09:00:00,Gujarat,Aravalli,23.4619,73.3039,201.78,18.96,Moderate Rain
INSAT3D_VIS_India/3DIMG_07NOV2019_0900_L1C_SGP_vis.tif,3DIMG_07NOV2019_0900_L1C_SGP_vis.tif,INSAT3D_VIS_India,2019-11-07 09:00:00,Gujarat,Banaskantha,24.1724,72.4346,77.89,6.19,Light Rain
INSAT3D_VIS_India/3DIMG_07NOV2019_0900_L1C_SGP_vis.tif,3DIMG_07NOV2019_0900_L1C_SGP_vis.tif,INSAT3D_VIS_India,2019-11-07 09:00:00,Gujarat,Bharuch,21.7051,72.9959,175.11,19.62,Moderate Rain
INSAT3D_VIS_India/3DIMG_07NOV2019_0900_L1C_SGP_vis.tif,3DIMG_07NOV2019_0900_L1C_SGP_vis.tif,INSAT3D_VIS_India,2019-11-07 09:00:00,Gujarat,Bhavnagar,21.7645,72.1519,259.44,27.58,Moderate Rain
INSAT3D_VIS_India/3DIMG_07NOV2019_0900_L1C_SGP_vis.tif,3DIMG_07NOV2019_0900_L1C_SGP_vis.tif,INSAT3D_VIS_India,2019-11-07 09:00:00,Gujarat,Botad,22.1704,71.6662,141.67,13.64,Moderate Rain
INSAT3D_VIS_India/3DIMG_07NOV2019_0900_L1C_SGP_vis.tif,3DIMG_07NOV2019_0900_L1C_SGP_vis.tif,INSAT3D_VIS_India,2019-11-07 09:00:00,Gujarat,Chhota Udepur,22.3108,74.0125,161.56,15.55,Moderate Rain
INSAT3D_VIS_India/3DIMG_07NOV2019_0900_L1C_SGP_vis.tif,3DIMG_07NOV2019_0900_L1C_SGP_vis.tif,INSAT3D_VIS_India,2019-11-07 09:00:00,Gujarat,Dahod,22.8347,74.2552,263.0,30.03,Moderate Rain
INSAT3D_VIS_India/3DIMG_07NOV2019_0900_L1C_SGP_vis.tif,3DIMG_07NOV2019_0900_L1C_SGP_vis.tif,INSAT3D_VIS_India,2019-11-07 09:00:00,Gujarat,Dang,20.7554,73.6873,128.89,10.97,Moderate Rain
INSAT3D_VIS_India/3DIMG_07NOV2019_0900_L1C_SGP_vis.tif,3DIMG_07NOV2019_0900_L1C_SGP_vis.tif,INSAT3D_VIS_India,2019-11-07 09:00:00,Gujarat,Devbhumi Dwarka,22.2078,69.6582,63.89,1.91,Light Rain
INSAT3D_VIS_India/3DIMG_07NOV2019_0900_L1C_SGP_vis.tif,3DIMG_07NOV2019_0900_L1C_SGP_vis.tif,INSAT3D_VIS_India,2019-11-07 09:00:00,Gujarat,Gandhinagar,23.2156,72.6369,108.0,9.94,Moderate Rain
INSAT3D_VIS_India/3DIMG_07NOV2019_0900_L1C_SGP_vis.tif,3DIMG_07NOV2019_0900_L1C_SGP_vis.tif,INSAT3D_VIS_India,2019-11-07 09:00:00,Gujarat,Gir Somnath,20.9042,70.3644,115.33,10.54,Moderate Rain
INSAT3D_VIS_India/3DIMG_07NOV2019_0900_L1C_SGP_vis.tif,3DIMG_07NOV2019_0900_L1C_SGP_vis.tif,INSAT3D_VIS_India,2019-11-07 09:00:00,Gujarat,Jamnagar,22.4707,70.0577,60.44,2.84,Light Rain
INSAT3D_VIS_India/3DIMG_07NOV2019_0900_L1C_SGP_vis.tif,3DIMG_07NOV2019_0900_L1C_SGP_vis.tif,INSAT3D_VIS_India,2019-11-07 09:00:00,Gujarat,Junagadh,21.5222,70.4579,94.56,9.7,Moderate Rain
INSAT3D_VIS_India/3DIMG_07NOV2019_0900_L1C_SGP_vis.tif,3DIMG_07NOV2019_0900_L1C_SGP_vis.tif,INSAT3D_VIS_India,2019-11-07 09:00:00,Gujarat,Kheda,22.6916,72.8634,115.44,11.87,Moderate Rain
INSAT3D_VIS_India/3DIMG_07NOV2019_0900_L1C_SGP_vis.tif,3DIMG_07NOV2019_0900_L1C_SGP_vis.tif,INSAT3D_VIS_India,2019-11-07 09:00:00,Gujarat,Kutch (Bhuj),23.242,69.6669,108.11,8.29,Moderate Rain
INSAT3D_VIS_India/3DIMG_07NOV2019_0900_L1C_SGP_vis.tif,3DIMG_07NOV2019_0900_L1C_SGP_vis.tif,INSAT3D_VIS_India,2019-11-07 09:00:00,Gujarat,Mahisagar,23.1311,73.6009,83.22,5.96,Light Rain
INSAT3D_VIS_India/3DIMG_07NOV2019_0900_L1C_SGP_vis.tif,3DIMG_07NOV2019_0900_L1C_SGP_vis.tif,INSAT3D_VIS_India,2019-11-07 09:00:00,Gujarat,Mehsana,23.588,72.3693,105.33,6.84,Light Rain
INSAT3D_VIS_India/3DIMG_07NOV2019_0900_L1C_SGP_vis.tif,3DIMG_07NOV2019_0900_L1C_SGP_vis.tif,INSAT3D_VIS_India,2019-11-07 09:00:00,Gujarat,Morbi,22.8173,70.8368,72.44,5.27,Light Rain
INSAT3D_VIS_India/3DIMG_07NOV2019_0900_L1C_SGP_vis.tif,3DIMG_07NOV2019_0900_L1C_SGP_vis.tif,INSAT3D_VIS_India,2019-11-07 09:00:00,Gujarat,Narmada,21.8719,73.5028,69.67,4.24,Light Rain
INSAT3D_VIS_India/3DIMG_07NOV2019_0900_L1C_SGP_vis.tif,3DIMG_07NOV2019_0900_L1C_SGP_vis.tif,INSAT3D_VIS_India,2019-11-07 09:00:00,Gujarat,Navsari,20.9467,72.952,233.44,24.5,Moderate Rain
INSAT3D_VIS_India/3DIMG_07NOV2019_0900_L1C_SGP_vis.tif,3DIMG_07NOV2019_0900_L1C_SGP_vis.tif,INSAT3D_VIS_India,2019-11-07 09:00:00,Gujarat,Panchmahal,22.778,73.6143,186.78,18.62,Moderate Rain
INSAT3D_VIS_India/3DIMG_07NOV2019_0900_L1C_SGP_vis.tif,3DIMG_07NOV2019_0900_L1C_SGP_vis.tif,INSAT3D_VIS_India,2019-11-07 09:00:00,Gujarat,Patan,23.8493,72.1266,125.33,10.32,Moderate Rain
INSAT3D_VIS_India/3DIMG_07NOV2019_0900_L1C_SGP_vis.tif,3DIMG_07NOV2019_0900_L1C_SGP_vis.tif,INSAT3D_VIS_India,2019-11-07 09:00:00,Gujarat,Porbandar,21.6417,69.6293,97.89,8.32,Moderate Rain
INSAT3D_VIS_India/3DIMG_07NOV2019_0900_L1C_SGP_vis.tif,3DIMG_07NOV2019_0900_L1C_SGP_vis.tif,INSAT3D_VIS_India,2019-11-07 09:00:00,Gujarat,Rajkot,22.3039,70.8022,94.22,5.85,Light Rain
INSAT3D_VIS_India/3DIMG_07NOV2019_0900_L1C_SGP_vis.tif,3DIMG_07NOV2019_0900_L1C_SGP_vis.tif,INSAT3D_VIS_India,2019-11-07 09:00:00,Gujarat,Sabarkantha,23.5977,72.9688,137.22,12.78,Moderate Rain
INSAT3D_VIS_India/3DIMG_07NOV2019_0900_L1C_SGP_vis.tif,3DIMG_07NOV2019_0900_L1C_SGP_vis.tif,INSAT3D_VIS_India,2019-11-07 09:00:00,Gujarat,Surat,21.1702,72.8311,286.56,30.96,Moderate Rain
INSAT3D_VIS_India/3DIMG_07NOV2019_0900_L1C_SGP_vis.tif,3DIMG_07NOV2019_0900_L1C_SGP_vis.tif,INSAT3D_VIS_India,2019-11-07 09:00:00,Gujarat,Surendranagar,22.7274,71.637,86.11,8.55,Moderate Rain
INSAT3D_VIS_India/3DIMG_07NOV2019_0900_L1C_SGP_vis.tif,3DIMG_07NOV2019_0900_L1C_SGP_vis.tif,INSAT3D_VIS_India,2019-11-07 09:00:00,Gujarat,Tapi,21.1147,73.3986,165.89,14.16,Moderate Rain
INSAT3D_VIS_India/3DIMG_07NOV2019_0900_L1C_SGP_vis.tif,3DIMG_07NOV2019_0900_L1C_SGP_vis.tif,INSAT3D_VIS_India,2019-11-07 09:00:00,Gujarat,Vadodara,22.3072,73.1812,108.89,8.37,Moderate Rain
INSAT3D_VIS_India/3DIMG_07NOV2019_0900_L1C_SGP_vis.tif,3DIMG_07NOV2019_0900_L1C_SGP_vis.tif,INSAT3D_VIS_India,2019-11-07 09:00:00,Gujarat,Valsad,20.5992,72.9342,170.11,18.73,Moderate Rain
INSAT3D_VIS_India/3DIMG_07NOV2019_0929_L1C_SGP_vis.tif,3DIMG_07NOV2019_0929_L1C_SGP_vis.tif,INSAT3D_VIS_India,2019-11-07 09:29:00,Gujarat,Ahmedabad,23.0225,72.5714,90.67,8.37,Moderate Rain
INSAT3D_VIS_India/3DIMG_07NOV2019_0929_L1C_SGP_vis.tif,3DIMG_07NOV2019_0929_L1C_SGP_vis.tif,INSAT3D_VIS_India,2019-11-07 09:29:00,Gujarat,Amreli,21.6032,71.2221,182.67,18.91,Moderate Rain
INSAT3D_VIS_India/3DIMG_07NOV2019_0929_L1C_SGP_vis.tif,3DIMG_07NOV2019_0929_L1C_SGP_vis.tif,INSAT3D_VIS_India,2019-11-07 09:29:00,Gujarat,Anand,22.5645,72.9289,69.33,5.57,Light Rain
INSAT3D_VIS_India/3DIMG_07NOV2019_0929_L1C_SGP_vis.tif,3DIMG_07NOV2019_0929_L1C_SGP_vis.tif,INSAT3D_VIS_India,2019-11-07 09:29:00,Gujarat,Aravalli,23.4619,73.3039,151.22,12.89,Moderate Rain
INSAT3D_VIS_India/3DIMG_07NOV2019_0929_L1C_SGP_vis.tif,3DIMG_07NOV2019_0929_L1C_SGP_vis.tif,INSAT3D_VIS_India,2019-11-07 09:29:00,Gujarat,Banaskantha,24.1724,72.4346,114.0,10.52,Moderate Rain
INSAT3D_VIS_India/3DIMG_07NOV2019_0929_L1C_SGP_vis.tif,3DIMG_07NOV2019_0929_L1C_SGP_vis.tif,INSAT3D_VIS_India,2019-11-07 09:29:00,Gujarat,Bharuch,21.7051,72.9959,134.89,14.79,Moderate Rain
INSAT3D_VIS_India/3DIMG_07NOV2019_0929_L1C_SGP_vis.tif,3DIMG_07NOV2019_0929_L1C_SGP_vis.tif,INSAT3D_VIS_India,2019-11-07 09:29:00,Gujarat,Bhavnagar,21.7645,72.1519,210.22,21.67,Moderate Rain
INSAT3D_VIS_India/3DIMG_07NOV2019_0929_L1C_SGP_vis.tif,3DIMG_07NOV2019_0929_L1C_SGP_vis.tif,INSAT3D_VIS_India,2019-11-07 09:29:00,Gujarat,Botad,22.1704,71.6662,119.56,10.99,Moderate Rain
INSAT3D_VIS_India/3DIMG_07NOV2019_0929_L1C_SGP_vis.tif,3DIMG_07NOV2019_0929_L1C_SGP_vis.tif,INSAT3D_VIS_India,2019-11-07 09:29:00,Gujarat,Chhota Udepur,22.3108,74.0125,145.78,13.65,Moderate Rain
INSAT3D_VIS_India/3DIMG_07NOV2019_0929_L1C_SGP_vis.tif,3DIMG_07NOV2019_0929_L1C_SGP_vis.tif,INSAT3D_VIS_India,2019-11-07 09:29:00,Gujarat,Dahod,22.8347,74.2552,174.44,19.4,Moderate Rain
INSAT3D_VIS_India/3DIMG_07NOV2019_0929_L1C_SGP_vis.tif,3DIMG_07NOV2019_0929_L1C_SGP_vis.tif,INSAT3D_VIS_India,2019-11-07 09:29:00,Gujarat,Dang,20.7554,73.6873,86.67,5.9,Light Rain
INSAT3D_VIS_India/3DIMG_07NOV2019_0929_L1C_SGP_vis.tif,3DIMG_07NOV2019_0929_L1C_SGP_vis.tif,INSAT3D_VIS_India,2019-11-07 09:29:00,Gujarat,Devbhumi Dwarka,22.2078,69.6582,57.22,1.11,Light Rain
INSAT3D_VIS_India/3DIMG_07NOV2019_0929_L1C_SGP_vis.tif,3DIMG_07NOV2019_0929_L1C_SGP_vis.tif,INSAT3D_VIS_India,2019-11-07 09:29:00,Gujarat,Gandhinagar,23.2156,72.6369,79.78,6.56,Light Rain
INSAT3D_VIS_India/3DIMG_07NOV2019_0929_L1C_SGP_vis.tif,3DIMG_07NOV2019_0929_L1C_SGP_vis.tif,INSAT3D_VIS_India,2019-11-07 09:29:00,Gujarat,Gir Somnath,20.9042,70.3644,102.44,8.99,Moderate Rain
INSAT3D_VIS_India/3DIMG_07NOV2019_0929_L1C_SGP_vis.tif,3DIMG_07NOV2019_0929_L1C_SGP_vis.tif,INSAT3D_VIS_India,2019-11-07 09:29:00,Gujarat,Jamnagar,22.4707,70.0577,55.33,2.23,Light Rain
INSAT3D_VIS_India/3DIMG_07NOV2019_0929_L1C_SGP_vis.tif,3DIMG_07NOV2019_0929_L1C_SGP_vis.tif,INSAT3D_VIS_India,2019-11-07 09:29:00,Gujarat,Junagadh,21.5222,70.4579,93.56,9.58,Moderate Rain
INSAT3D_VIS_India/3DIMG_07NOV2019_0929_L1C_SGP_vis.tif,3DIMG_07NOV2019_0929_L1C_SGP_vis.tif,INSAT3D_VIS_India,2019-11-07 09:29:00,Gujarat,Kheda,22.6916,72.8634,76.89,7.24,Light Rain
INSAT3D_VIS_India/3DIMG_07NOV2019_0929_L1C_SGP_vis.tif,3DIMG_07NOV2019_0929_L1C_SGP_vis.tif,INSAT3D_VIS_India,2019-11-07 09:29:00,Gujarat,Kutch (Bhuj),23.242,69.6669,67.78,3.45,Light Rain
INSAT3D_VIS_India/3DIMG_07NOV2019_0929_L1C_SGP_vis.tif,3DIMG_07NOV2019_0929_L1C_SGP_vis.tif,INSAT3D_VIS_India,2019-11-07 09:29:00,Gujarat,Mahisagar,23.1311,73.6009,85.89,6.28,Light Rain
INSAT3D_VIS_India/3DIMG_07NOV2019_0929_L1C_SGP_vis.tif,3DIMG_07NOV2019_0929_L1C_SGP_vis.tif,INSAT3D_VIS_India,2019-11-07 09:29:00,Gujarat,Mehsana,23.588,72.3693,90.44,5.05,Light Rain
INSAT3D_VIS_India/3DIMG_07NOV2019_0929_L1C_SGP_vis.tif,3DIMG_07NOV2019_0929_L1C_SGP_vis.tif,INSAT3D_VIS_India,2019-11-07 09:29:00,Gujarat,Morbi,22.8173,70.8368,65.22,4.41,Light Rain
INSAT3D_VIS_India/3DIMG_07NOV2019_0929_L1C_SGP_vis.tif,3DIMG_07NOV2019_0929_L1C_SGP_vis.tif,INSAT3D_VIS_India,2019-11-07 09:29:00,Gujarat,Narmada,21.8719,73.5028,74.56,4.82,Light Rain
INSAT3D_VIS_India/3DIMG_07NOV2019_0929_L1C_SGP_vis.tif,3DIMG_07NOV2019_0929_L1C_SGP_vis.tif,INSAT3D_VIS_India,2019-11-07 09:29:00,Gujarat,Navsari,20.9467,72.952,215.78,22.38,Moderate Rain
INSAT3D_VIS_India/3DIMG_07NOV2019_0929_L1C_SGP_vis.tif,3DIMG_07NOV2019_0929_L1C_SGP_vis.tif,INSAT3D_VIS_India,2019-11-07 09:29:00,Gujarat,Panchmahal,22.778,73.6143,148.56,14.03,Moderate Rain
INSAT3D_VIS_India/3DIMG_07NOV2019_0929_L1C_SGP_vis.tif,3DIMG_07NOV2019_0929_L1C_SGP_vis.tif,INSAT3D_VIS_India,2019-11-07 09:29:00,Gujarat,Patan,23.8493,72.1266,63.0,2.84,Light Rain
INSAT3D_VIS_India/3DIMG_07NOV2019_0929_L1C_SGP_vis.tif,3DIMG_07NOV2019_0929_L1C_SGP_vis.tif,INSAT3D_VIS_India,2019-11-07 09:29:00,Gujarat,Porbandar,21.6417,69.6293,114.56,10.32,Moderate Rain
INSAT3D_VIS_India/3DIMG_07NOV2019_0929_L1C_SGP_vis.tif,3DIMG_07NOV2019_0929_L1C_SGP_vis.tif,INSAT3D_VIS_India,2019-11-07 09:29:00,Gujarat,Rajkot,22.3039,70.8022,91.56,5.53,Light Rain
INSAT3D_VIS_India/3DIMG_07NOV2019_0929_L1C_SGP_vis.tif,3DIMG_07NOV2019_0929_L1C_SGP_vis.tif,INSAT3D_VIS_India,2019-11-07 09:29:00,Gujarat,Sabarkantha,23.5977,72.9688,121.11,10.85,Moderate Rain
INSAT3D_VIS_India/3DIMG_07NOV2019_0929_L1C_SGP_vis.tif,3DIMG_07NOV2019_0929_L1C_SGP_vis.tif,INSAT3D_VIS_India,2019-11-07 09:29:00,Gujarat,Surat,21.1702,72.8311,150.22,14.6,Moderate Rain
INSAT3D_VIS_India/3DIMG_07NOV2019_0929_L1C_SGP_vis.tif,3DIMG_07NOV2019_0929_L1C_SGP_vis.tif,INSAT3D_VIS_India,2019-11-07 09:29:00,Gujarat,Surendranagar,22.7274,71.637,63.0,5.78,Light Rain
INSAT3D_VIS_India/3DIMG_07NOV2019_0929_L1C_SGP_vis.tif,3DIMG_07NOV2019_0929_L1C_SGP_vis.tif,INSAT3D_VIS_India,2019-11-07 09:29:00,Gujarat,Tapi,21.1147,73.3986,153.11,12.63,Moderate Rain
INSAT3D_VIS_India/3DIMG_07NOV2019_0929_L1C_SGP_vis.tif,3DIMG_07NOV2019_0929_L1C_SGP_vis.tif,INSAT3D_VIS_India,2019-11-07 09:29:00,Gujarat,Vadodara,22.3072,73.1812,83.22,5.29,Light Rain
INSAT3D_VIS_India/3DIMG_07NOV2019_0929_L1C_SGP_vis.tif,3DIMG_07NOV2019_0929_L1C_SGP_vis.tif,INSAT3D_VIS_India,2019-11-07 09:29:00,Gujarat,Valsad,20.5992,72.9342,194.67,21.68,Moderate Rain
INSAT3D_VIS_India/3DIMG_07NOV2019_0930_L1C_SGP_vis.tif,3DIMG_07NOV2019_0930_L1C_SGP_vis.tif,INSAT3D_VIS_India,2019-11-07 09:30:00,Gujarat,Ahmedabad,23.0225,72.5714,90.67,8.37,Moderate Rain
INSAT3D_VIS_India/3DIMG_07NOV2019_0930_L1C_SGP_vis.tif,3DIMG_07NOV2019_0930_L1C_SGP_vis.tif,INSAT3D_VIS_India,2019-11-07 09:30:00,Gujarat,Amreli,21.6032,71.2221,182.11,18.84,Moderate Rain
INSAT3D_VIS_India/3DIMG_07NOV2019_0930_L1C_SGP_vis.tif,3DIMG_07NOV2019_0930_L1C_SGP_vis.tif,INSAT3D_VIS_India,2019-11-07 09:30:00,Gujarat,Anand,22.5645,72.9289,69.33,5.57,Light Rain
INSAT3D_VIS_India/3DIMG_07NOV2019_0930_L1C_SGP_vis.tif,3DIMG_07NOV2019_0930_L1C_SGP_vis.tif,INSAT3D_VIS_India,2019-11-07 09:30:00,Gujarat,Aravalli,23.4619,73.3039,151.22,12.89,Moderate Rain
INSAT3D_VIS_India/3DIMG_07NOV2019_0930_L1C_SGP_vis.tif,3DIMG_07NOV2019_0930_L1C_SGP_vis.tif,INSAT3D_VIS_India,2019-11-07 09:30:00,Gujarat,Banaskantha,24.1724,72.4346,114.0,10.52,Moderate Rain
INSAT3D_VIS_India/3DIMG_07NOV2019_0930_L1C_SGP_vis.tif,3DIMG_07NOV2019_0930_L1C_SGP_vis.tif,INSAT3D_VIS_India,2019-11-07 09:30:00,Gujarat,Bharuch,21.7051,72.9959,134.89,14.79,Moderate Rain
INSAT3D_VIS_India/3DIMG_07NOV2019_0930_L1C_SGP_vis.tif,3DIMG_07NOV2019_0930_L1C_SGP_vis.tif,INSAT3D_VIS_India,2019-11-07 09:30:00,Gujarat,Bhavnagar,21.7645,72.1519,209.67,21.61,Moderate Rain
INSAT3D_VIS_India/3DIMG_07NOV2019_0930_L1C_SGP_vis.tif,3DIMG_07NOV2019_0930_L1C_SGP_vis.tif,INSAT3D_VIS_India,2019-11-07 09:30:00,Gujarat,Botad,22.1704,71.6662,120.22,11.07,Moderate Rain
INSAT3D_VIS_India/3DIMG_07NOV2019_0930_L1C_SGP_vis.tif,3DIMG_07NOV2019_0930_L1C_SGP_vis.tif,INSAT3D_VIS_India,2019-11-07 09:30:00,Gujarat,Chhota Udepur,22.3108,74.0125,145.78,13.65,Moderate Rain
INSAT3D_VIS_India/3DIMG_07NOV2019_0930_L1C_SGP_vis.tif,3DIMG_07NOV2019_0930_L1C_SGP_vis.tif,INSAT3D_VIS_India,2019-11-07 09:30:00,Gujarat,Dahod,22.8347,74.2552,175.67,19.55,Moderate Rain
INSAT3D_VIS_India/3DIMG_07NOV2019_0930_L1C_SGP_vis.tif,3DIMG_07NOV2019_0930_L1C_SGP_vis.tif,INSAT3D_VIS_India,2019-11-07 09:30:00,Gujarat,Dang,20.7554,73.6873,86.67,5.9,Light Rain
INSAT3D_VIS_India/3DIMG_07NOV2019_0930_L1C_SGP_vis.tif,3DIMG_07NOV2019_0930_L1C_SGP_vis.tif,INSAT3D_VIS_India,2019-11-07 09:30:00,Gujarat,Devbhumi Dwarka,22.2078,69.6582,57.22,1.11,Light Rain
INSAT3D_VIS_India/3DIMG_07NOV2019_0930_L1C_SGP_vis.tif,3DIMG_07NOV2019_0930_L1C_SGP_vis.tif,INSAT3D_VIS_India,2019-11-07 09:30:00,Gujarat,Gandhinagar,23.2156,72.6369,79.78,6.56,Light Rain
INSAT3D_VIS_India/3DIMG_07NOV2019_0930_L1C_SGP_vis.tif,3DIMG_07NOV2019_0930_L1C_SGP_vis.tif,INSAT3D_VIS_India,2019-11-07 09:30:00,Gujarat,Gir Somnath,20.9042,70.3644,102.44,8.99,Moderate Rain
INSAT3D_VIS_India/3DIMG_07NOV2019_0930_L1C_SGP_vis.tif,3DIMG_07NOV2019_0930_L1C_SGP_vis.tif,INSAT3D_VIS_India,2019-11-07 09:30:00,Gujarat,Jamnagar,22.4707,70.0577,55.0,2.19,Light Rain
INSAT3D_VIS_India/3DIMG_07NOV2019_0930_L1C_SGP_vis.tif,3DIMG_07NOV2019_0930_L1C_SGP_vis.tif,INSAT3D_VIS_India,2019-11-07 09:30:00,Gujarat,Junagadh,21.5222,70.4579,93.44,9.56,Moderate Rain
INSAT3D_VIS_India/3DIMG_07NOV2019_0930_L1C_SGP_vis.tif,3DIMG_07NOV2019_0930_L1C_SGP_vis.tif,INSAT3D_VIS_India,2019-11-07 09:30:00,Gujarat,Kheda,22.6916,72.8634,76.89,7.24,Light Rain
INSAT3D_VIS_India/3DIMG_07NOV2019_0930_L1C_SGP_vis.tif,3DIMG_07NOV2019_0930_L1C_SGP_vis.tif,INSAT3D_VIS_India,2019-11-07 09:30:00,Gujarat,Kutch (Bhuj),23.242,69.6669,67.78,3.45,Light Rain
INSAT3D_VIS_India/3DIMG_07NOV2019_0930_L1C_SGP_vis.tif,3DIMG_07NOV2019_0930_L1C_SGP_vis.tif,INSAT3D_VIS_India,2019-11-07 09:30:00,Gujarat,Mahisagar,23.1311,73.6009,85.89,6.28,Light Rain
INSAT3D_VIS_India/3DIMG_07NOV2019_0930_L1C_SGP_vis.tif,3DIMG_07NOV2019_0930_L1C_SGP_vis.tif,INSAT3D_VIS_India,2019-11-07 09:30:00,Gujarat,Mehsana,23.588,72.3693,93.22,5.38,Light Rain
INSAT3D_VIS_India/3DIMG_07NOV2019_0930_L1C_SGP_vis.tif,3DIMG_07NOV2019_0930_L1C_SGP_vis.tif,INSAT3D_VIS_India,2019-11-07 09:30:00,Gujarat,Morbi,22.8173,70.8368,65.44,4.43,Light Rain
INSAT3D_VIS_India/3DIMG_07NOV2019_0930_L1C_SGP_vis.tif,3DIMG_07NOV2019_0930_L1C_SGP_vis.tif,INSAT3D_VIS_India,2019-11-07 09:30:00,Gujarat,Narmada,21.8719,73.5028,73.33,4.68,Light Rain
INSAT3D_VIS_India/3DIMG_07NOV2019_0930_L1C_SGP_vis.tif,3DIMG_07NOV2019_0930_L1C_SGP_vis.tif,INSAT3D_VIS_India,2019-11-07 09:30:00,Gujarat,Navsari,20.9467,72.952,220.33,22.93,Moderate Rain
INSAT3D_VIS_India/3DIMG_07NOV2019_0930_L1C_SGP_vis.tif,3DIMG_07NOV2019_0930_L1C_SGP_vis.tif,INSAT3D_VIS_India,2019-11-07 09:30:00,Gujarat,Panchmahal,22.778,73.6143,149.44,14.14,Moderate Rain
INSAT3D_VIS_India/3DIMG_07NOV2019_0930_L1C_SGP_vis.tif,3DIMG_07NOV2019_0930_L1C_SGP_vis.tif,INSAT3D_VIS_India,2019-11-07 09:30:00,Gujarat,Patan,23.8493,72.1266,63.22,2.87,Light Rain
INSAT3D_VIS_India/3DIMG_07NOV2019_0930_L1C_SGP_vis.tif,3DIMG_07NOV2019_0930_L1C_SGP_vis.tif,INSAT3D_VIS_India,2019-11-07 09:30:00,Gujarat,Porbandar,21.6417,69.6293,114.56,10.32,Moderate Rain
INSAT3D_VIS_India/3DIMG_07NOV2019_0930_L1C_SGP_vis.tif,3DIMG_07NOV2019_0930_L1C_SGP_vis.tif,INSAT3D_VIS_India,2019-11-07 09:30:00,Gujarat,Rajkot,22.3039,70.8022,91.22,5.49,Light Rain
INSAT3D_VIS_India/3DIMG_07NOV2019_0930_L1C_SGP_vis.tif,3DIMG_07NOV2019_0930_L1C_SGP_vis.tif,INSAT3D_VIS_India,2019-11-07 09:30:00,Gujarat,Sabarkantha,23.5977,72.9688,117.33,10.4,Moderate Rain
INSAT3D_VIS_India/3DIMG_07NOV2019_0930_L1C_SGP_vis.tif,3DIMG_07NOV2019_0930_L1C_SGP_vis.tif,INSAT3D_VIS_India,2019-11-07 09:30:00,Gujarat,Surat,21.1702,72.8311,133.33,12.57,Moderate Rain
INSAT3D_VIS_India/3DIMG_07NOV2019_0930_L1C_SGP_vis.tif,3DIMG_07NOV2019_0930_L1C_SGP_vis.tif,INSAT3D_VIS_India,2019-11-07 09:30:00,Gujarat,Surendranagar,22.7274,71.637,61.33,5.58,Light Rain
INSAT3D_VIS_India/3DIMG_07NOV2019_0930_L1C_SGP_vis.tif,3DIMG_07NOV2019_0930_L1C_SGP_vis.tif,INSAT3D_VIS_India,2019-11-07 09:30:00,Gujarat,Tapi,21.1147,73.3986,159.56,13.4,Moderate Rain
INSAT3D_VIS_India/3DIMG_07NOV2019_0930_L1C_SGP_vis.tif,3DIMG_07NOV2019_0930_L1C_SGP_vis.tif,INSAT3D_VIS_India,2019-11-07 09:30:00,Gujarat,Vadodara,22.3072,73.1812,82.89,5.25,Light Rain
INSAT3D_VIS_India/3DIMG_07NOV2019_0930_L1C_SGP_vis.tif,3DIMG_07NOV2019_0930_L1C_SGP_vis.tif,INSAT3D_VIS_India,2019-11-07 09:30:00,Gujarat,Valsad,20.5992,72.9342,194.67,21.68,Moderate Rain
INSAT3D_VIS_India/3DIMG_07NOV2019_0959_L1C_SGP_vis.tif,3DIMG_07NOV2019_0959_L1C_SGP_vis.tif,INSAT3D_VIS_India,2019-11-07 09:59:00,Gujarat,Ahmedabad,23.0225,72.5714,76.78,6.7,Light Rain
INSAT3D_VIS_India/3DIMG_07NOV2019_0959_L1C_SGP_vis.tif,3DIMG_07NOV2019_0959_L1C_SGP_vis.tif,INSAT3D_VIS_India,2019-11-07 09:59:00,Gujarat,Amreli,21.6032,71.2221,102.89,9.33,Moderate Rain
INSAT3D_VIS_India/3DIMG_07NOV2019_0959_L1C_SGP_vis.tif,3DIMG_07NOV2019_0959_L1C_SGP_vis.tif,INSAT3D_VIS_India,2019-11-07 09:59:00,Gujarat,Anand,22.5645,72.9289,114.44,10.98,Moderate Rain
INSAT3D_VIS_India/3DIMG_07NOV2019_0959_L1C_SGP_vis.tif,3DIMG_07NOV2019_0959_L1C_SGP_vis.tif,INSAT3D_VIS_India,2019-11-07 09:59:00,Gujarat,Aravalli,23.4619,73.3039,104.22,7.25,Light Rain
INSAT3D_VIS_India/3DIMG_07NOV2019_0959_L1C_SGP_vis.tif,3DIMG_07NOV2019_0959_L1C_SGP_vis.tif,INSAT3D_VIS_India,2019-11-07 09:59:00,Gujarat,Banaskantha,24.1724,72.4346,63.0,4.4,Light Rain
INSAT3D_VIS_India/3DIMG_07NOV2019_0959_L1C_SGP_vis.tif,3DIMG_07NOV2019_0959_L1C_SGP_vis.tif,INSAT3D_VIS_India,2019-11-07 09:59:00,Gujarat,Bharuch,21.7051,72.9959,156.33,17.37,Moderate Rain
INSAT3D_VIS_India/3DIMG_07NOV2019_0959_L1C_SGP_vis.tif,3DIMG_07NOV2019_0959_L1C_SGP_vis.tif,INSAT3D_VIS_India,2019-11-07 09:59:00,Gujarat,Bhavnagar,21.7645,72.1519,131.89,12.27,Moderate Rain
INSAT3D_VIS_India/3DIMG_07NOV2019_0959_L1C_SGP_vis.tif,3DIMG_07NOV2019_0959_L1C_SGP_vis.tif,INSAT3D_VIS_India,2019-11-07 09:59:00,Gujarat,Botad,22.1704,71.6662,114.56,10.39,Moderate Rain
INSAT3D_VIS_India/3DIMG_07NOV2019_0959_L1C_SGP_vis.tif,3DIMG_07NOV2019_0959_L1C_SGP_vis.tif,INSAT3D_VIS_India,2019-11-07 09:59:00,Gujarat,Chhota Udepur,22.3108,74.0125,70.78,4.65,Light Rain
INSAT3D_VIS_India/3DIMG_07NOV2019_0959_L1C_SGP_vis.tif,3DIMG_07NOV2019_0959_L1C_SGP_vis.tif,INSAT3D_VIS_India,2019-11-07 09:59:00,Gujarat,Dahod,22.8347,74.2552,146.78,16.08,Moderate Rain
INSAT3D_VIS_India/3DIMG_07NOV2019_0959_L1C_SGP_vis.tif,3DIMG_07NOV2019_0959_L1C_SGP_vis.tif,INSAT3D_VIS_India,2019-11-07 09:59:00,Gujarat,Dang,20.7554,73.6873,64.11,3.19,Light Rain
INSAT3D_VIS_India/3DIMG_07NOV2019_0959_L1C_SGP_vis.tif,3DIMG_07NOV2019_0959_L1C_SGP_vis.tif,INSAT3D_VIS_India,2019-11-07 09:59:00,Gujarat,Devbhumi Dwarka,22.2078,69.6582,51.11,0.38,Light Rain
INSAT3D_VIS_India/3DIMG_07NOV2019_0959_L1C_SGP_vis.tif,3DIMG_07NOV2019_0959_L1C_SGP_vis.tif,INSAT3D_VIS_India,2019-11-07 09:59:00,Gujarat,Gandhinagar,23.2156,72.6369,62.0,4.42,Light Rain
INSAT3D_VIS_India/3DIMG_07NOV2019_0959_L1C_SGP_vis.tif,3DIMG_07NOV2019_0959_L1C_SGP_vis.tif,INSAT3D_VIS_India,2019-11-07 09:59:00,Gujarat,Gir Somnath,20.9042,70.3644,99.33,8.62,Moderate Rain
INSAT3D_VIS_India/3DIMG_07NOV2019_0959_L1C_SGP_vis.tif,3DIMG_07NOV2019_0959_L1C_SGP_vis.tif,INSAT3D_VIS_India,2019-11-07 09:59:00,Gujarat,Jamnagar,22.4707,70.0577,50.89,1.7,Light Rain
INSAT3D_VIS_India/3DIMG_07NOV2019_0959_L1C_SGP_vis.tif,3DIMG_07NOV2019_0959_L1C_SGP_vis.tif,INSAT3D_VIS_India,2019-11-07 09:59:00,Gujarat,Junagadh,21.5222,70.4579,104.78,10.92,Moderate Rain
INSAT3D_VIS_India/3DIMG_07NOV2019_0959_L1C_SGP_vis.tif,3DIMG_07NOV2019_0959_L1C_SGP_vis.tif,INSAT3D_VIS_India,2019-11-07 09:59:00,Gujarat,Kheda,22.6916,72.8634,140.44,14.87,Moderate Rain
INSAT3D_VIS_India/3DIMG_07NOV2019_0959_L1C_SGP_vis.tif,3DIMG_07NOV2019_0959_L1C_SGP_vis.tif,INSAT3D_VIS_India,2019-11-07 09:59:00,Gujarat,Kutch (Bhuj),23.242,69.6669,63.44,2.93,Light Rain
INSAT3D_VIS_India/3DIMG_07NOV2019_0959_L1C_SGP_vis.tif,3DIMG_07NOV2019_0959_L1C_SGP_vis.tif,INSAT3D_VIS_India,2019-11-07 09:59:00,Gujarat,Mahisagar,23.1311,73.6009,90.56,6.84,Light Rain
INSAT3D_VIS_India/3DIMG_07NOV2019_0959_L1C_SGP_vis.tif,3DIMG_07NOV2019_0959_L1C_SGP_vis.tif,INSAT3D_VIS_India,2019-11-07 09:59:00,Gujarat,Mehsana,23.588,72.3693,75.89,3.3,Light Rain
INSAT3D_VIS_India/3DIMG_07NOV2019_0959_L1C_SGP_vis.tif,3DIMG_07NOV2019_0959_L1C_SGP_vis.tif,INSAT3D_VIS_India,2019-11-07 09:59:00,Gujarat,Morbi,22.8173,70.8368,63.89,4.25,Light Rain
INSAT3D_VIS_India/3DIMG_07NOV2019_0959_L1C_SGP_vis.tif,3DIMG_07NOV2019_0959_L1C_SGP_vis.tif,INSAT3D_VIS_India,2019-11-07 09:59:00,Gujarat,Narmada,21.8719,73.5028,116.33,9.84,Moderate Rain
INSAT3D_VIS_India/3DIMG_07NOV2019_0959_L1C_SGP_vis.tif,3DIMG_07NOV2019_0959_L1C_SGP_vis.tif,INSAT3D_VIS_India,2019-11-07 09:59:00,Gujarat,Navsari,20.9467,72.952,171.22,17.03,Moderate Rain
INSAT3D_VIS_India/3DIMG_07NOV2019_0959_L1C_SGP_vis.tif,3DIMG_07NOV2019_0959_L1C_SGP_vis.tif,INSAT3D_VIS_India,2019-11-07 09:59:00,Gujarat,Panchmahal,22.778,73.6143,139.89,12.99,Moderate Rain
INSAT3D_VIS_India/3DIMG_07NOV2019_0959_L1C_SGP_vis.tif,3DIMG_07NOV2019_0959_L1C_SGP_vis.tif,INSAT3D_VIS_India,2019-11-07 09:59:00,Gujarat,Patan,23.8493,72.1266,65.11,3.1,Light Rain
INSAT3D_VIS_India/3DIMG_07NOV2019_0959_L1C_SGP_vis.tif,3DIMG_07NOV2019_0959_L1C_SGP_vis.tif,INSAT3D_VIS_India,2019-11-07 09:59:00,Gujarat,Porbandar,21.6417,69.6293,112.56,10.08,Moderate Rain
INSAT3D_VIS_India/3DIMG_07NOV2019_0959_L1C_SGP_vis.tif,3DIMG_07NOV2019_0959_L1C_SGP_vis.tif,INSAT3D_VIS_India,2019-11-07 09:59:00,Gujarat,Rajkot,22.3039,70.8022,103.11,6.91,Light Rain
INSAT3D_VIS_India/3DIMG_07NOV2019_0959_L1C_SGP_vis.tif,3DIMG_07NOV2019_0959_L1C_SGP_vis.tif,INSAT3D_VIS_India,2019-11-07 09:59:00,Gujarat,Sabarkantha,23.5977,72.9688,123.33,11.12,Moderate Rain
INSAT3D_VIS_India/3DIMG_07NOV2019_0959_L1C_SGP_vis.tif,3DIMG_07NOV2019_0959_L1C_SGP_vis.tif,INSAT3D_VIS_India,2019-11-07 09:59:00,Gujarat,Surat,21.1702,72.8311,220.89,23.08,Moderate Rain
INSAT3D_VIS_India/3DIMG_07NOV2019_0959_L1C_SGP_vis.tif,3DIMG_07NOV2019_0959_L1C_SGP_vis.tif,INSAT3D_VIS_India,2019-11-07 09:59:00,Gujarat,Surendranagar,22.7274,71.637,64.33,5.94,Light Rain
INSAT3D_VIS_India/3DIMG_07NOV2019_0959_L1C_SGP_vis.tif,3DIMG_07NOV2019_0959_L1C_SGP_vis.tif,INSAT3D_VIS_India,2019-11-07 09:59:00,Gujarat,Tapi,21.1147,73.3986,146.0,11.78,Moderate Rain
INSAT3D_VIS_India/3DIMG_07NOV2019_0959_L1C_SGP_vis.tif,3DIMG_07NOV2019_0959_L1C_SGP_vis.tif,INSAT3D_VIS_India,2019-11-07 09:59:00,Gujarat,Vadodara,22.3072,73.1812,68.89,3.57,Light Rain
INSAT3D_VIS_India/3DIMG_07NOV2019_0959_L1C_SGP_vis.tif,3DIMG_07NOV2019_0959_L1C_SGP_vis.tif,INSAT3D_VIS_India,2019-11-07 09:59:00,Gujarat,Valsad,20.5992,72.9342,129.56,13.86,Moderate Rain
INSAT3D_VIS_India/3DIMG_07NOV2019_1000_L1C_SGP_vis.tif,3DIMG_07NOV2019_1000_L1C_SGP_vis.tif,INSAT3D_VIS_India,2019-11-07 10:00:00,Gujarat,Ahmedabad,23.0225,72.5714,76.78,6.7,Light Rain
INSAT3D_VIS_India/3DIMG_07NOV2019_1000_L1C_SGP_vis.tif,3DIMG_07NOV2019_1000_L1C_SGP_vis.tif,INSAT3D_VIS_India,2019-11-07 10:00:00,Gujarat,Amreli,21.6032,71.2221,102.78,9.32,Moderate Rain
INSAT3D_VIS_India/3DIMG_07NOV2019_1000_L1C_SGP_vis.tif,3DIMG_07NOV2019_1000_L1C_SGP_vis.tif,INSAT3D_VIS_India,2019-11-07 10:00:00,Gujarat,Anand,22.5645,72.9289,114.44,10.98,Moderate Rain
INSAT3D_VIS_India/3DIMG_07NOV2019_1000_L1C_SGP_vis.tif,3DIMG_07NOV2019_1000_L1C_SGP_vis.tif,INSAT3D_VIS_India,2019-11-07 10:00:00,Gujarat,Aravalli,23.4619,73.3039,104.22,7.25,Light Rain
INSAT3D_VIS_India/3DIMG_07NOV2019_1000_L1C_SGP_vis.tif,3DIMG_07NOV2019_1000_L1C_SGP_vis.tif,INSAT3D_VIS_India,2019-11-07 10:00:00,Gujarat,Banaskantha,24.1724,72.4346,63.0,4.4,Light Rain
INSAT3D_VIS_India/3DIMG_07NOV2019_1000_L1C_SGP_vis.tif,3DIMG_07NOV2019_1000_L1C_SGP_vis.tif,INSAT3D_VIS_India,2019-11-07 10:00:00,Gujarat,Bharuch,21.7051,72.9959,156.33,17.37,Moderate Rain
INSAT3D_VIS_India/3DIMG_07NOV2019_1000_L1C_SGP_vis.tif,3DIMG_07NOV2019_1000_L1C_SGP_vis.tif,INSAT3D_VIS_India,2019-11-07 10:00:00,Gujarat,Bhavnagar,21.7645,72.1519,131.89,12.27,Moderate Rain
INSAT3D_VIS_India/3DIMG_07NOV2019_1000_L1C_SGP_vis.tif,3DIMG_07NOV2019_1000_L1C_SGP_vis.tif,INSAT3D_VIS_India,2019-11-07 10:00:00,Gujarat,Botad,22.1704,71.6662,114.56,10.39,Moderate Rain
INSAT3D_VIS_India/3DIMG_07NOV2019_1000_L1C_SGP_vis.tif,3DIMG_07NOV2019_1000_L1C_SGP_vis.tif,INSAT3D_VIS_India,2019-11-07 10:00:00,Gujarat,Chhota Udepur,22.3108,74.0125,70.78,4.65,Light Rain
INSAT3D_VIS_India/3DIMG_07NOV2019_1000_L1C_SGP_vis.tif,3DIMG_07NOV2019_1000_L1C_SGP_vis.tif,INSAT3D_VIS_India,2019-11-07 10:00:00,Gujarat,Dahod,22.8347,74.2552,146.78,16.08,Moderate Rain
INSAT3D_VIS_India/3DIMG_07NOV2019_1000_L1C_SGP_vis.tif,3DIMG_07NOV2019_1000_L1C_SGP_vis.tif,INSAT3D_VIS_India,2019-11-07 10:00:00,Gujarat,Dang,20.7554,73.6873,64.11,3.19,Light Rain
INSAT3D_VIS_India/3DIMG_07NOV2019_1000_L1C_SGP_vis.tif,3DIMG_07NOV2019_1000_L1C_SGP_vis.tif,INSAT3D_VIS_India,2019-11-07 10:00:00,Gujarat,Devbhumi Dwarka,22.2078,69.6582,51.11,0.38,Light Rain
INSAT3D_VIS_India/3DIMG_07NOV2019_1000_L1C_SGP_vis.tif,3DIMG_07NOV2019_1000_L1C_SGP_vis.tif,INSAT3D_VIS_India,2019-11-07 10:00:00,Gujarat,Gandhinagar,23.2156,72.6369,62.0,4.42,Light Rain
INSAT3D_VIS_India/3DIMG_07NOV2019_1000_L1C_SGP_vis.tif,3DIMG_07NOV2019_1000_L1C_SGP_vis.tif,INSAT3D_VIS_India,2019-11-07 10:00:00,Gujarat,Gir Somnath,20.9042,70.3644,98.78,8.55,Moderate Rain
INSAT3D_VIS_India/3DIMG_07NOV2019_1000_L1C_SGP_vis.tif,3DIMG_07NOV2019_1000_L1C_SGP_vis.tif,INSAT3D_VIS_India,2019-11-07 10:00:00,Gujarat,Jamnagar,22.4707,70.0577,50.89,1.7,Light Rain
INSAT3D_VIS_India/3DIMG_07NOV2019_1000_L1C_SGP_vis.tif,3DIMG_07NOV2019_1000_L1C_SGP_vis.tif,INSAT3D_VIS_India,2019-11-07 10:00:00,Gujarat,Junagadh,21.5222,70.4579,104.78,10.92,Moderate Rain
INSAT3D_VIS_India/3DIMG_07NOV2019_1000_L1C_SGP_vis.tif,3DIMG_07NOV2019_1000_L1C_SGP_vis.tif,INSAT3D_VIS_India,2019-11-07 10:00:00,Gujarat,Kheda,22.6916,72.8634,140.44,14.87,Moderate Rain
INSAT3D_VIS_India/3DIMG_07NOV2019_1000_L1C_SGP_vis.tif,3DIMG_07NOV2019_1000_L1C_SGP_vis.tif,INSAT3D_VIS_India,2019-11-07 10:00:00,Gujarat,Kutch (Bhuj),23.242,69.6669,63.44,2.93,Light Rain
INSAT3D_VIS_India/3DIMG_07NOV2019_1000_L1C_SGP_vis.tif,3DIMG_07NOV2019_1000_L1C_SGP_vis.tif,INSAT3D_VIS_India,2019-11-07 10:00:00,Gujarat,Mahisagar,23.1311,73.6009,90.0,6.77,Light Rain
INSAT3D_VIS_India/3DIMG_07NOV2019_1000_L1C_SGP_vis.tif,3DIMG_07NOV2019_1000_L1C_SGP_vis.tif,INSAT3D_VIS_India,2019-11-07 10:00:00,Gujarat,Mehsana,23.588,72.3693,75.89,3.3,Light Rain
INSAT3D_VIS_India/3DIMG_07NOV2019_1000_L1C_SGP_vis.tif,3DIMG_07NOV2019_1000_L1C_SGP_vis.tif,INSAT3D_VIS_India,2019-11-07 10:00:00,Gujarat,Morbi,22.8173,70.8368,63.89,4.25,Light Rain
INSAT3D_VIS_India/3DIMG_07NOV2019_1000_L1C_SGP_vis.tif,3DIMG_07NOV2019_1000_L1C_SGP_vis.tif,INSAT3D_VIS_India,2019-11-07 10:00:00,Gujarat,Narmada,21.8719,73.5028,116.33,9.84,Moderate Rain
INSAT3D_VIS_India/3DIMG_07NOV2019_1000_L1C_SGP_vis.tif,3DIMG_07NOV2019_1000_L1C_SGP_vis.tif,INSAT3D_VIS_India,2019-11-07 10:00:00,Gujarat,Navsari,20.9467,72.952,171.22,17.03,Moderate Rain
INSAT3D_VIS_India/3DIMG_07NOV2019_1000_L1C_SGP_vis.tif,3DIMG_07NOV2019_1000_L1C_SGP_vis.tif,INSAT3D_VIS_India,2019-11-07 10:00:00,Gujarat,Panchmahal,22.778,73.6143,139.89,12.99,Moderate Rain
INSAT3D_VIS_India/3DIMG_07NOV2019_1000_L1C_SGP_vis.tif,3DIMG_07NOV2019_1000_L1C_SGP_vis.tif,INSAT3D_VIS_India,2019-11-07 10:00:00,Gujarat,Patan,23.8493,72.1266,65.11,3.1,Light Rain
INSAT3D_VIS_India/3DIMG_07NOV2019_1000_L1C_SGP_vis.tif,3DIMG_07NOV2019_1000_L1C_SGP_vis.tif,INSAT3D_VIS_India,2019-11-07 10:00:00,Gujarat,Porbandar,21.6417,69.6293,113.11,10.14,Moderate Rain
INSAT3D_VIS_India/3DIMG_07NOV2019_1000_L1C_SGP_vis.tif,3DIMG_07NOV2019_1000_L1C_SGP_vis.tif,INSAT3D_VIS_India,2019-11-07 10:00:00,Gujarat,Rajkot,22.3039,70.8022,103.11,6.91,Light Rain
INSAT3D_VIS_India/3DIMG_07NOV2019_1000_L1C_SGP_vis.tif,3DIMG_07NOV2019_1000_L1C_SGP_vis.tif,INSAT3D_VIS_India,2019-11-07 10:00:00,Gujarat,Sabarkantha,23.5977,72.9688,123.33,11.12,Moderate Rain
INSAT3D_VIS_India/3DIMG_07NOV2019_1000_L1C_SGP_vis.tif,3DIMG_07NOV2019_1000_L1C_SGP_vis.tif,INSAT3D_VIS_India,2019-11-07 10:00:00,Gujarat,Surat,21.1702,72.8311,220.89,23.08,Moderate Rain
INSAT3D_VIS_India/3DIMG_07NOV2019_1000_L1C_SGP_vis.tif,3DIMG_07NOV2019_1000_L1C_SGP_vis.tif,INSAT3D_VIS_India,2019-11-07 10:00:00,Gujarat,Surendranagar,22.7274,71.637,64.33,5.94,Light Rain
INSAT3D_VIS_India/3DIMG_07NOV2019_1000_L1C_SGP_vis.tif,3DIMG_07NOV2019_1000_L1C_SGP_vis.tif,INSAT3D_VIS_India,2019-11-07 10:00:00,Gujarat,Tapi,21.1147,73.3986,146.0,11.78,Moderate Rain
INSAT3D_VIS_India/3DIMG_07NOV2019_1000_L1C_SGP_vis.tif,3DIMG_07NOV2019_1000_L1C_SGP_vis.tif,INSAT3D_VIS_India,2019-11-07 10:00:00,Gujarat,Vadodara,22.3072,73.1812,68.89,3.57,Light Rain
INSAT3D_VIS_India/3DIMG_07NOV2019_1000_L1C_SGP_vis.tif,3DIMG_07NOV2019_1000_L1C_SGP_vis.tif,INSAT3D_VIS_India,2019-11-07 10:00:00,Gujarat,Valsad,20.5992,72.9342,129.56,13.86,Moderate Rain
INSAT3D_VIS_India/3DIMG_07NOV2019_1030_L1C_SGP_vis.tif,3DIMG_07NOV2019_1030_L1C_SGP_vis.tif,INSAT3D_VIS_India,2019-11-07 10:30:00,Gujarat,Ahmedabad,23.0225,72.5714,82.22,7.35,Light Rain
INSAT3D_VIS_India/3DIMG_07NOV2019_1030_L1C_SGP_vis.tif,3DIMG_07NOV2019_1030_L1C_SGP_vis.tif,INSAT3D_VIS_India,2019-11-07 10:30:00,Gujarat,Amreli,21.6032,71.2221,99.56,8.93,Moderate Rain
INSAT3D_VIS_India/3DIMG_07NOV2019_1030_L1C_SGP_vis.tif,3DIMG_07NOV2019_1030_L1C_SGP_vis.tif,INSAT3D_VIS_India,2019-11-07 10:30:00,Gujarat,Anand,22.5645,72.9289,57.33,4.13,Light Rain
INSAT3D_VIS_India/3DIMG_07NOV2019_1030_L1C_SGP_vis.tif,3DIMG_07NOV2019_1030_L1C_SGP_vis.tif,INSAT3D_VIS_India,2019-11-07 10:30:00,Gujarat,Aravalli,23.4619,73.3039,96.89,6.37,Light Rain
INSAT3D_VIS_India/3DIMG_07NOV2019_1030_L1C_SGP_vis.tif,3DIMG_07NOV2019_1030_L1C_SGP_vis.tif,INSAT3D_VIS_India,2019-11-07 10:30:00,Gujarat,Banaskantha,24.1724,72.4346,48.11,2.61,Light Rain
INSAT3D_VIS_India/3DIMG_07NOV2019_1030_L1C_SGP_vis.tif,3DIMG_07NOV2019_1030_L1C_SGP_vis.tif,INSAT3D_VIS_India,2019-11-07 10:30:00,Gujarat,Bharuch,21.7051,72.9959,110.0,11.81,Moderate Rain
INSAT3D_VIS_India/3DIMG_07NOV2019_1030_L1C_SGP_vis.tif,3DIMG_07NOV2019_1030_L1C_SGP_vis.tif,INSAT3D_VIS_India,2019-11-07 10:30:00,Gujarat,Bhavnagar,21.7645,72.1519,109.0,9.53,Moderate Rain
INSAT3D_VIS_India/3DIMG_07NOV2019_1030_L1C_SGP_vis.tif,3DIMG_07NOV2019_1030_L1C_SGP_vis.tif,INSAT3D_VIS_India,2019-11-07 10:30:00,Gujarat,Botad,22.1704,71.6662,119.67,11.0,Moderate Rain
INSAT3D_VIS_India/3DIMG_07NOV2019_1030_L1C_SGP_vis.tif,3DIMG_07NOV2019_1030_L1C_SGP_vis.tif,INSAT3D_VIS_India,2019-11-07 10:30:00,Gujarat,Chhota Udepur,22.3108,74.0125,67.0,4.2,Light Rain
INSAT3D_VIS_India/3DIMG_07NOV2019_1030_L1C_SGP_vis.tif,3DIMG_07NOV2019_1030_L1C_SGP_vis.tif,INSAT3D_VIS_India,2019-11-07 10:30:00,Gujarat,Dahod,22.8347,74.2552,88.78,9.12,Moderate Rain
INSAT3D_VIS_India/3DIMG_07NOV2019_1030_L1C_SGP_vis.tif,3DIMG_07NOV2019_1030_L1C_SGP_vis.tif,INSAT3D_VIS_India,2019-11-07 10:30:00,Gujarat,Dang,20.7554,73.6873,59.11,2.59,Light Rain
INSAT3D_VIS_India/3DIMG_07NOV2019_1030_L1C_SGP_vis.tif,3DIMG_07NOV2019_1030_L1C_SGP_vis.tif,INSAT3D_VIS_India,2019-11-07 10:30:00,Gujarat,Devbhumi Dwarka,22.2078,69.6582,48.0,0.01,Light Rain
INSAT3D_VIS_India/3DIMG_07NOV2019_1030_L1C_SGP_vis.tif,3DIMG_07NOV2019_1030_L1C_SGP_vis.tif,INSAT3D_VIS_India,2019-11-07 10:30:00,Gujarat,Gandhinagar,23.2156,72.6369,65.89,4.89,Light Rain
INSAT3D_VIS_India/3DIMG_07NOV2019_1030_L1C_SGP_vis.tif,3DIMG_07NOV2019_1030_L1C_SGP_vis.tif,INSAT3D_VIS_India,2019-11-07 10:30:00,Gujarat,Gir Somnath,20.9042,70.3644,85.56,6.97,Light Rain
INSAT3D_VIS_India/3DIMG_07NOV2019_1030_L1C_SGP_vis.tif,3DIMG_07NOV2019_1030_L1C_SGP_vis.tif,INSAT3D_VIS_India,2019-11-07 10:30:00,Gujarat,Jamnagar,22.4707,70.0577,47.11,1.24,Light Rain
INSAT3D_VIS_India/3DIMG_07NOV2019_1030_L1C_SGP_vis.tif,3DIMG_07NOV2019_1030_L1C_SGP_vis.tif,INSAT3D_VIS_India,2019-11-07 10:30:00,Gujarat,Junagadh,21.5222,70.4579,66.89,6.38,Light Rain
INSAT3D_VIS_India/3DIMG_07NOV2019_1030_L1C_SGP_vis.tif,3DIMG_07NOV2019_1030_L1C_SGP_vis.tif,INSAT3D_VIS_India,2019-11-07 10:30:00,Gujarat,Kheda,22.6916,72.8634,81.56,7.8,Moderate Rain
INSAT3D_VIS_India/3DIMG_07NOV2019_1030_L1C_SGP_vis.tif,3DIMG_07NOV2019_1030_L1C_SGP_vis.tif,INSAT3D_VIS_India,2019-11-07 10:30:00,Gujarat,Kutch (Bhuj),23.242,69.6669,56.22,2.07,Light Rain
INSAT3D_VIS_India/3DIMG_07NOV2019_1030_L1C_SGP_vis.tif,3DIMG_07NOV2019_1030_L1C_SGP_vis.tif,INSAT3D_VIS_India,2019-11-07 10:30:00,Gujarat,Mahisagar,23.1311,73.6009,80.78,5.67,Light Rain
INSAT3D_VIS_India/3DIMG_07NOV2019_1030_L1C_SGP_vis.tif,3DIMG_07NOV2019_1030_L1C_SGP_vis.tif,INSAT3D_VIS_India,2019-11-07 10:30:00,Gujarat,Mehsana,23.588,72.3693,65.67,2.08,Light Rain
INSAT3D_VIS_India/3DIMG_07NOV2019_1030_L1C_SGP_vis.tif,3DIMG_07NOV2019_1030_L1C_SGP_vis.tif,INSAT3D_VIS_India,2019-11-07 10:30:00,Gujarat,Morbi,22.8173,70.8368,49.67,2.54,Light Rain
INSAT3D_VIS_India/3DIMG_07NOV2019_1030_L1C_SGP_vis.tif,3DIMG_07NOV2019_1030_L1C_SGP_vis.tif,INSAT3D_VIS_India,2019-11-07 10:30:00,Gujarat,Narmada,21.8719,73.5028,44.0,1.16,Light Rain
INSAT3D_VIS_India/3DIMG_07NOV2019_1030_L1C_SGP_vis.tif,3DIMG_07NOV2019_1030_L1C_SGP_vis.tif,INSAT3D_VIS_India,2019-11-07 10:30:00,Gujarat,Navsari,20.9467,72.952,111.0,9.81,Moderate Rain
INSAT3D_VIS_India/3DIMG_07NOV2019_1030_L1C_SGP_vis.tif,3DIMG_07NOV2019_1030_L1C_SGP_vis.tif,INSAT3D_VIS_India,2019-11-07 10:30:00,Gujarat,Panchmahal,22.778,73.6143,55.44,2.86,Light Rain
INSAT3D_VIS_India/3DIMG_07NOV2019_1030_L1C_SGP_vis.tif,3DIMG_07NOV2019_1030_L1C_SGP_vis.tif,INSAT3D_VIS_India,2019-11-07 10:30:00,Gujarat,Patan,23.8493,72.1266,57.22,2.15,Light Rain
INSAT3D_VIS_India/3DIMG_07NOV2019_1030_L1C_SGP_vis.tif,3DIMG_07NOV2019_1030_L1C_SGP_vis.tif,INSAT3D_VIS_India,2019-11-07 10:30:00,Gujarat,Porbandar,21.6417,69.6293,67.67,4.69,Light Rain
INSAT3D_VIS_India/3DIMG_07NOV2019_1030_L1C_SGP_vis.tif,3DIMG_07NOV2019_1030_L1C_SGP_vis.tif,INSAT3D_VIS_India,2019-11-07 10:30:00,Gujarat,Rajkot,22.3039,70.8022,52.67,0.86,Light Rain
INSAT3D_VIS_India/3DIMG_07NOV2019_1030_L1C_SGP_vis.tif,3DIMG_07NOV2019_1030_L1C_SGP_vis.tif,INSAT3D_VIS_India,2019-11-07 10:30:00,Gujarat,Sabarkantha,23.5977,72.9688,75.33,5.36,Light Rain
INSAT3D_VIS_India/3DIMG_07NOV2019_1030_L1C_SGP_vis.tif,3DIMG_07NOV2019_1030_L1C_SGP_vis.tif,INSAT3D_VIS_India,2019-11-07 10:30:00,Gujarat,Surat,21.1702,72.8311,110.56,9.84,Moderate Rain
INSAT3D_VIS_India/3DIMG_07NOV2019_1030_L1C_SGP_vis.tif,3DIMG_07NOV2019_1030_L1C_SGP_vis.tif,INSAT3D_VIS_India,2019-11-07 10:30:00,Gujarat,Surendranagar,22.7274,71.637,48.0,3.98,Light Rain
INSAT3D_VIS_India/3DIMG_07NOV2019_1030_L1C_SGP_vis.tif,3DIMG_07NOV2019_1030_L1C_SGP_vis.tif,INSAT3D_VIS_India,2019-11-07 10:30:00,Gujarat,Tapi,21.1147,73.3986,104.89,6.84,Light Rain
INSAT3D_VIS_India/3DIMG_07NOV2019_1030_L1C_SGP_vis.tif,3DIMG_07NOV2019_1030_L1C_SGP_vis.tif,INSAT3D_VIS_India,2019-11-07 10:30:00,Gujarat,Vadodara,22.3072,73.1812,57.11,2.16,Light Rain
INSAT3D_VIS_India/3DIMG_07NOV2019_1030_L1C_SGP_vis.tif,3DIMG_07NOV2019_1030_L1C_SGP_vis.tif,INSAT3D_VIS_India,2019-11-07 10:30:00,Gujarat,Valsad,20.5992,72.9342,119.33,12.64,Moderate Rain
INSAT3D_VIS_India/3DIMG_07NOV2019_1100_L1C_SGP_vis.tif,3DIMG_07NOV2019_1100_L1C_SGP_vis.tif,INSAT3D_VIS_India,2019-11-07 11:00:00,Gujarat,Ahmedabad,23.0225,72.5714,67.78,5.62,Light Rain
INSAT3D_VIS_India/3DIMG_07NOV2019_1100_L1C_SGP_vis.tif,3DIMG_07NOV2019_1100_L1C_SGP_vis.tif,INSAT3D_VIS_India,2019-11-07 11:00:00,Gujarat,Amreli,21.6032,71.2221,84.0,7.07,Light Rain
INSAT3D_VIS_India/3DIMG_07NOV2019_1100_L1C_SGP_vis.tif,3DIMG_07NOV2019_1100_L1C_SGP_vis.tif,INSAT3D_VIS_India,2019-11-07 11:00:00,Gujarat,Anand,22.5645,72.9289,41.33,2.21,Light Rain
INSAT3D_VIS_India/3DIMG_07NOV2019_1100_L1C_SGP_vis.tif,3DIMG_07NOV2019_1100_L1C_SGP_vis.tif,INSAT3D_VIS_India,2019-11-07 11:00:00,Gujarat,Aravalli,23.4619,73.3039,62.44,2.24,Light Rain
INSAT3D_VIS_India/3DIMG_07NOV2019_1100_L1C_SGP_vis.tif,3DIMG_07NOV2019_1100_L1C_SGP_vis.tif,INSAT3D_VIS_India,2019-11-07 11:00:00,Gujarat,Banaskantha,24.1724,72.4346,43.67,2.08,Light Rain
INSAT3D_VIS_India/3DIMG_07NOV2019_1100_L1C_SGP_vis.tif,3DIMG_07NOV2019_1100_L1C_SGP_vis.tif,INSAT3D_VIS_India,2019-11-07 11:00:00,Gujarat,Bharuch,21.7051,72.9959,81.89,8.43,Moderate Rain
INSAT3D_VIS_India/3DIMG_07NOV2019_1100_L1C_SGP_vis.tif,3DIMG_07NOV2019_1100_L1C_SGP_vis.tif,INSAT3D_VIS_India,2019-11-07 11:00:00,Gujarat,Bhavnagar,21.7645,72.1519,87.89,6.99,Light Rain
INSAT3D_VIS_India/3DIMG_07NOV2019_1100_L1C_SGP_vis.tif,3DIMG_07NOV2019_1100_L1C_SGP_vis.tif,INSAT3D_VIS_India,2019-11-07 11:00:00,Gujarat,Botad,22.1704,71.6662,97.33,8.32,Moderate Rain
INSAT3D_VIS_India/3DIMG_07NOV2019_1100_L1C_SGP_vis.tif,3DIMG_07NOV2019_1100_L1C_SGP_vis.tif,INSAT3D_VIS_India,2019-11-07 11:00:00,Gujarat,Chhota Udepur,22.3108,74.0125,53.44,2.57,Light Rain
INSAT3D_VIS_India/3DIMG_07NOV2019_1100_L1C_SGP_vis.tif,3DIMG_07NOV2019_1100_L1C_SGP_vis.tif,INSAT3D_VIS_India,2019-11-07 11:00:00,Gujarat,Dahod,22.8347,74.2552,50.67,4.55,Light Rain
INSAT3D_VIS_India/3DIMG_07NOV2019_1100_L1C_SGP_vis.tif,3DIMG_07NOV2019_1100_L1C_SGP_vis.tif,INSAT3D_VIS_India,2019-11-07 11:00:00,Gujarat,Dang,20.7554,73.6873,53.56,1.93,Light Rain
INSAT3D_VIS_India/3DIMG_07NOV2019_1100_L1C_SGP_vis.tif,3DIMG_07NOV2019_1100_L1C_SGP_vis.tif,INSAT3D_VIS_India,2019-11-07 11:00:00,Gujarat,Devbhumi Dwarka,22.2078,69.6582,44.67,0.0,No Rain
INSAT3D_VIS_India/3DIMG_07NOV2019_1100_L1C_SGP_vis.tif,3DIMG_07NOV2019_1100_L1C_SGP_vis.tif,INSAT3D_VIS_India,2019-11-07 11:00:00,Gujarat,Gandhinagar,23.2156,72.6369,67.22,5.05,Light Rain
INSAT3D_VIS_India/3DIMG_07NOV2019_1100_L1C_SGP_vis.tif,3DIMG_07NOV2019_1100_L1C_SGP_vis.tif,INSAT3D_VIS_India,2019-11-07 11:00:00,Gujarat,Gir Somnath,20.9042,70.3644,68.78,4.95,Light Rain
INSAT3D_VIS_India/3DIMG_07NOV2019_1100_L1C_SGP_vis.tif,3DIMG_07NOV2019_1100_L1C_SGP_vis.tif,INSAT3D_VIS_India,2019-11-07 11:00:00,Gujarat,Jamnagar,22.4707,70.0577,42.67,0.71,Light Rain
INSAT3D_VIS_India/3DIMG_07NOV2019_1100_L1C_SGP_vis.tif,3DIMG_07NOV2019_1100_L1C_SGP_vis.tif,INSAT3D_VIS_India,2019-11-07 11:00:00,Gujarat,Junagadh,21.5222,70.4579,45.89,3.86,Light Rain
INSAT3D_VIS_India/3DIMG_07NOV2019_1100_L1C_SGP_vis.tif,3DIMG_07NOV2019_1100_L1C_SGP_vis.tif,INSAT3D_VIS_India,2019-11-07 11:00:00,Gujarat,Kheda,22.6916,72.8634,43.56,3.24,Light Rain
INSAT3D_VIS_India/3DIMG_07NOV2019_1100_L1C_SGP_vis.tif,3DIMG_07NOV2019_1100_L1C_SGP_vis.tif,INSAT3D_VIS_India,2019-11-07 11:00:00,Gujarat,Kutch (Bhuj),23.242,69.6669,49.67,1.28,Light Rain
INSAT3D_VIS_India/3DIMG_07NOV2019_1100_L1C_SGP_vis.tif,3DIMG_07NOV2019_1100_L1C_SGP_vis.tif,INSAT3D_VIS_India,2019-11-07 11:00:00,Gujarat,Mahisagar,23.1311,73.6009,89.56,6.72,Light Rain
INSAT3D_VIS_India/3DIMG_07NOV2019_1100_L1C_SGP_vis.tif,3DIMG_07NOV2019_1100_L1C_SGP_vis.tif,INSAT3D_VIS_India,2019-11-07 11:00:00,Gujarat,Mehsana,23.588,72.3693,57.0,1.04,Light Rain
INSAT3D_VIS_India/3DIMG_07NOV2019_1100_L1C_SGP_vis.tif,3DIMG_07NOV2019_1100_L1C_SGP_vis.tif,INSAT3D_VIS_India,2019-11-07 11:00:00,Gujarat,Morbi,22.8173,70.8368,59.22,3.69,Light Rain
INSAT3D_VIS_India/3DIMG_07NOV2019_1100_L1C_SGP_vis.tif,3DIMG_07NOV2019_1100_L1C_SGP_vis.tif,INSAT3D_VIS_India,2019-11-07 11:00:00,Gujarat,Narmada,21.8719,73.5028,58.89,2.94,Light Rain
INSAT3D_VIS_India/3DIMG_07NOV2019_1100_L1C_SGP_vis.tif,3DIMG_07NOV2019_1100_L1C_SGP_vis.tif,INSAT3D_VIS_India,2019-11-07 11:00:00,Gujarat,Navsari,20.9467,72.952,107.67,9.41,Moderate Rain
INSAT3D_VIS_India/3DIMG_07NOV2019_1100_L1C_SGP_vis.tif,3DIMG_07NOV2019_1100_L1C_SGP_vis.tif,INSAT3D_VIS_India,2019-11-07 11:00:00,Gujarat,Panchmahal,22.778,73.6143,53.56,2.63,Light Rain
INSAT3D_VIS_India/3DIMG_07NOV2019_1100_L1C_SGP_vis.tif,3DIMG_07NOV2019_1100_L1C_SGP_vis.tif,INSAT3D_VIS_India,2019-11-07 11:00:00,Gujarat,Patan,23.8493,72.1266,47.11,0.94,Light Rain
INSAT3D_VIS_India/3DIMG_07NOV2019_1100_L1C_SGP_vis.tif,3DIMG_07NOV2019_1100_L1C_SGP_vis.tif,INSAT3D_VIS_India,2019-11-07 11:00:00,Gujarat,Porbandar,21.6417,69.6293,52.33,2.85,Light Rain
INSAT3D_VIS_India/3DIMG_07NOV2019_1100_L1C_SGP_vis.tif,3DIMG_07NOV2019_1100_L1C_SGP_vis.tif,INSAT3D_VIS_India,2019-11-07 11:00:00,Gujarat,Rajkot,22.3039,70.8022,65.11,2.35,Light Rain
INSAT3D_VIS_India/3DIMG_07NOV2019_1100_L1C_SGP_vis.tif,3DIMG_07NOV2019_1100_L1C_SGP_vis.tif,INSAT3D_VIS_India,2019-11-07 11:00:00,Gujarat,Sabarkantha,23.5977,72.9688,64.0,4.0,Light Rain
INSAT3D_VIS_India/3DIMG_07NOV2019_1100_L1C_SGP_vis.tif,3DIMG_07NOV2019_1100_L1C_SGP_vis.tif,INSAT3D_VIS_India,2019-11-07 11:00:00,Gujarat,Surat,21.1702,72.8311,100.11,8.58,Moderate Rain
INSAT3D_VIS_India/3DIMG_07NOV2019_1100_L1C_SGP_vis.tif,3DIMG_07NOV2019_1100_L1C_SGP_vis.tif,INSAT3D_VIS_India,2019-11-07 11:00:00,Gujarat,Surendranagar,22.7274,71.637,44.0,3.5,Light Rain
INSAT3D_VIS_India/3DIMG_07NOV2019_1100_L1C_SGP_vis.tif,3DIMG_07NOV2019_1100_L1C_SGP_vis.tif,INSAT3D_VIS_India,2019-11-07 11:00:00,Gujarat,Tapi,21.1147,73.3986,81.78,4.07,Light Rain
INSAT3D_VIS_India/3DIMG_07NOV2019_1100_L1C_SGP_vis.tif,3DIMG_07NOV2019_1100_L1C_SGP_vis.tif,INSAT3D_VIS_India,2019-11-07 11:00:00,Gujarat,Vadodara,22.3072,73.1812,58.22,2.29,Light Rain
INSAT3D_VIS_India/3DIMG_07NOV2019_1100_L1C_SGP_vis.tif,3DIMG_07NOV2019_1100_L1C_SGP_vis.tif,INSAT3D_VIS_India,2019-11-07 11:00:00,Gujarat,Valsad,20.5992,72.9342,88.56,8.94,Moderate Rain
INSAT3D_VIS_India/3DIMG_07NOV2019_1130_L1C_SGP_vis.tif,3DIMG_07NOV2019_1130_L1C_SGP_vis.tif,INSAT3D_VIS_India,2019-11-07 11:30:00,Gujarat,Ahmedabad,23.0225,72.5714,50.67,3.57,Light Rain
INSAT3D_VIS_India/3DIMG_07NOV2019_1130_L1C_SGP_vis.tif,3DIMG_07NOV2019_1130_L1C_SGP_vis.tif,INSAT3D_VIS_India,2019-11-07 11:30:00,Gujarat,Amreli,21.6032,71.2221,55.67,3.67,Light Rain
INSAT3D_VIS_India/3DIMG_07NOV2019_1130_L1C_SGP_vis.tif,3DIMG_07NOV2019_1130_L1C_SGP_vis.tif,INSAT3D_VIS_India,2019-11-07 11:30:00,Gujarat,Anand,22.5645,72.9289,31.11,0.98,Light Rain
INSAT3D_VIS_India/3DIMG_07NOV2019_1130_L1C_SGP_vis.tif,3DIMG_07NOV2019_1130_L1C_SGP_vis.tif,INSAT3D_VIS_India,2019-11-07 11:30:00,Gujarat,Aravalli,23.4619,73.3039,40.22,0.0,No Rain
INSAT3D_VIS_India/3DIMG_07NOV2019_1130_L1C_SGP_vis.tif,3DIMG_07NOV2019_1130_L1C_SGP_vis.tif,INSAT3D_VIS_India,2019-11-07 11:30:00,Gujarat,Banaskantha,24.1724,72.4346,40.11,1.65,Light Rain
INSAT3D_VIS_India/3DIMG_07NOV2019_1130_L1C_SGP_vis.tif,3DIMG_07NOV2019_1130_L1C_SGP_vis.tif,INSAT3D_VIS_India,2019-11-07 11:30:00,Gujarat,Bharuch,21.7051,72.9959,69.89,6.99,Light Rain
INSAT3D_VIS_India/3DIMG_07NOV2019_1130_L1C_SGP_vis.tif,3DIMG_07NOV2019_1130_L1C_SGP_vis.tif,INSAT3D_VIS_India,2019-11-07 11:30:00,Gujarat,Bhavnagar,21.7645,72.1519,62.11,3.9,Light Rain
INSAT3D_VIS_India/3DIMG_07NOV2019_1130_L1C_SGP_vis.tif,3DIMG_07NOV2019_1130_L1C_SGP_vis.tif,INSAT3D_VIS_India,2019-11-07 11:30:00,Gujarat,Botad,22.1704,71.6662,72.89,5.39,Light Rain
INSAT3D_VIS_India/3DIMG_07NOV2019_1130_L1C_SGP_vis.tif,3DIMG_07NOV2019_1130_L1C_SGP_vis.tif,INSAT3D_VIS_India,2019-11-07 11:30:00,Gujarat,Chhota Udepur,22.3108,74.0125,34.89,0.35,Light Rain
INSAT3D_VIS_India/3DIMG_07NOV2019_1130_L1C_SGP_vis.tif,3DIMG_07NOV2019_1130_L1C_SGP_vis.tif,INSAT3D_VIS_India,2019-11-07 11:30:00,Gujarat,Dahod,22.8347,74.2552,46.44,4.04,Light Rain
INSAT3D_VIS_India/3DIMG_07NOV2019_1130_L1C_SGP_vis.tif,3DIMG_07NOV2019_1130_L1C_SGP_vis.tif,INSAT3D_VIS_India,2019-11-07 11:30:00,Gujarat,Dang,20.7554,73.6873,49.33,1.42,Light Rain
INSAT3D_VIS_India/3DIMG_07NOV2019_1130_L1C_SGP_vis.tif,3DIMG_07NOV2019_1130_L1C_SGP_vis.tif,INSAT3D_VIS_India,2019-11-07 11:30:00,Gujarat,Devbhumi Dwarka,22.2078,69.6582,38.44,0.0,No Rain
INSAT3D_VIS_India/3DIMG_07NOV2019_1130_L1C_SGP_vis.tif,3DIMG_07NOV2019_1130_L1C_SGP_vis.tif,INSAT3D_VIS_India,2019-11-07 11:30:00,Gujarat,Gandhinagar,23.2156,72.6369,46.22,2.53,Light Rain
INSAT3D_VIS_India/3DIMG_07NOV2019_1130_L1C_SGP_vis.tif,3DIMG_07NOV2019_1130_L1C_SGP_vis.tif,INSAT3D_VIS_India,2019-11-07 11:30:00,Gujarat,Gir Somnath,20.9042,70.3644,41.67,1.7,Light Rain
INSAT3D_VIS_India/3DIMG_07NOV2019_1130_L1C_SGP_vis.tif,3DIMG_07NOV2019_1130_L1C_SGP_vis.tif,INSAT3D_VIS_India,2019-11-07 11:30:00,Gujarat,Jamnagar,22.4707,70.0577,37.11,0.04,Light Rain
INSAT3D_VIS_India/3DIMG_07NOV2019_1130_L1C_SGP_vis.tif,3DIMG_07NOV2019_1130_L1C_SGP_vis.tif,INSAT3D_VIS_India,2019-11-07 11:30:00,Gujarat,Junagadh,21.5222,70.4579,37.0,2.79,Light Rain
INSAT3D_VIS_India/3DIMG_07NOV2019_1130_L1C_SGP_vis.tif,3DIMG_07NOV2019_1130_L1C_SGP_vis.tif,INSAT3D_VIS_India,2019-11-07 11:30:00,Gujarat,Kheda,22.6916,72.8634,32.78,1.95,Light Rain
INSAT3D_VIS_India/3DIMG_07NOV2019_1130_L1C_SGP_vis.tif,3DIMG_07NOV2019_1130_L1C_SGP_vis.tif,INSAT3D_VIS_India,2019-11-07 11:30:00,Gujarat,Kutch (Bhuj),23.242,69.6669,43.22,0.51,Light Rain
INSAT3D_VIS_India/3DIMG_07NOV2019_1130_L1C_SGP_vis.tif,3DIMG_07NOV2019_1130_L1C_SGP_vis.tif,INSAT3D_VIS_India,2019-11-07 11:30:00,Gujarat,Mahisagar,23.1311,73.6009,51.56,2.16,Light Rain
INSAT3D_VIS_India/3DIMG_07NOV2019_1130_L1C_SGP_vis.tif,3DIMG_07NOV2019_1130_L1C_SGP_vis.tif,INSAT3D_VIS_India,2019-11-07 11:30:00,Gujarat,Mehsana,23.588,72.3693,37.22,0.0,No Rain
INSAT3D_VIS_India/3DIMG_07NOV2019_1130_L1C_SGP_vis.tif,3DIMG_07NOV2019_1130_L1C_SGP_vis.tif,INSAT3D_VIS_India,2019-11-07 11:30:00,Gujarat,Morbi,22.8173,70.8368,49.44,2.51,Light Rain
INSAT3D_VIS_India/3DIMG_07NOV2019_1130_L1C_SGP_vis.tif,3DIMG_07NOV2019_1130_L1C_SGP_vis.tif,INSAT3D_VIS_India,2019-11-07 11:30:00,Gujarat,Narmada,21.8719,73.5028,48.89,1.74,Light Rain
INSAT3D_VIS_India/3DIMG_07NOV2019_1130_L1C_SGP_vis.tif,3DIMG_07NOV2019_1130_L1C_SGP_vis.tif,INSAT3D_VIS_India,2019-11-07 11:30:00,Gujarat,Navsari,20.9467,72.952,110.33,9.73,Moderate Rain
INSAT3D_VIS_India/3DIMG_07NOV2019_1130_L1C_SGP_vis.tif,3DIMG_07NOV2019_1130_L1C_SGP_vis.tif,INSAT3D_VIS_India,2019-11-07 11:30:00,Gujarat,Panchmahal,22.778,73.6143,35.56,0.47,Light Rain
INSAT3D_VIS_India/3DIMG_07NOV2019_1130_L1C_SGP_vis.tif,3DIMG_07NOV2019_1130_L1C_SGP_vis.tif,INSAT3D_VIS_India,2019-11-07 11:30:00,Gujarat,Patan,23.8493,72.1266,44.0,0.56,Light Rain
INSAT3D_VIS_India/3DIMG_07NOV2019_1130_L1C_SGP_vis.tif,3DIMG_07NOV2019_1130_L1C_SGP_vis.tif,INSAT3D_VIS_India,2019-11-07 11:30:00,Gujarat,Porbandar,21.6417,69.6293,75.22,5.6,Light Rain
INSAT3D_VIS_India/3DIMG_07NOV2019_1130_L1C_SGP_vis.tif,3DIMG_07NOV2019_1130_L1C_SGP_vis.tif,INSAT3D_VIS_India,2019-11-07 11:30:00,Gujarat,Rajkot,22.3039,70.8022,42.89,0.0,No Rain
INSAT3D_VIS_India/3DIMG_07NOV2019_1130_L1C_SGP_vis.tif,3DIMG_07NOV2019_1130_L1C_SGP_vis.tif,INSAT3D_VIS_India,2019-11-07 11:30:00,Gujarat,Sabarkantha,23.5977,72.9688,47.22,1.98,Light Rain
INSAT3D_VIS_India/3DIMG_07NOV2019_1130_L1C_SGP_vis.tif,3DIMG_07NOV2019_1130_L1C_SGP_vis.tif,INSAT3D_VIS_India,2019-11-07 11:30:00,Gujarat,Surat,21.1702,72.8311,110.22,9.8,Moderate Rain
INSAT3D_VIS_India/3DIMG_07NOV2019_1130_L1C_SGP_vis.tif,3DIMG_07NOV2019_1130_L1C_SGP_vis.tif,INSAT3D_VIS_India,2019-11-07 11:30:00,Gujarat,Surendranagar,22.7274,71.637,38.33,2.82,Light Rain
INSAT3D_VIS_India/3DIMG_07NOV2019_1130_L1C_SGP_vis.tif,3DIMG_07NOV2019_1130_L1C_SGP_vis.tif,INSAT3D_VIS_India,2019-11-07 11:30:00,Gujarat,Tapi,21.1147,73.3986,42.78,0.0,No Rain
INSAT3D_VIS_India/3DIMG_07NOV2019_1130_L1C_SGP_vis.tif,3DIMG_07NOV2019_1130_L1C_SGP_vis.tif,INSAT3D_VIS_India,2019-11-07 11:30:00,Gujarat,Vadodara,22.3072,73.1812,48.67,1.15,Light Rain
INSAT3D_VIS_India/3DIMG_07NOV2019_1130_L1C_SGP_vis.tif,3DIMG_07NOV2019_1130_L1C_SGP_vis.tif,INSAT3D_VIS_India,2019-11-07 11:30:00,Gujarat,Valsad,20.5992,72.9342,52.11,4.57,Light Rain
INSAT3D_VIS_India/3DIMG_07NOV2019_1200_L1C_SGP_vis.tif,3DIMG_07NOV2019_1200_L1C_SGP_vis.tif,INSAT3D_VIS_India,2019-11-07 12:00:00,Gujarat,Ahmedabad,23.0225,72.5714,30.33,1.13,Light Rain
INSAT3D_VIS_India/3DIMG_07NOV2019_1200_L1C_SGP_vis.tif,3DIMG_07NOV2019_1200_L1C_SGP_vis.tif,INSAT3D_VIS_India,2019-11-07 12:00:00,Gujarat,Amreli,21.6032,71.2221,37.89,1.53,Light Rain
INSAT3D_VIS_India/3DIMG_07NOV2019_1200_L1C_SGP_vis.tif,3DIMG_07NOV2019_1200_L1C_SGP_vis.tif,INSAT3D_VIS_India,2019-11-07 12:00:00,Gujarat,Anand,22.5645,72.9289,29.22,0.0,No Rain
INSAT3D_VIS_India/3DIMG_07NOV2019_1200_L1C_SGP_vis.tif,3DIMG_07NOV2019_1200_L1C_SGP_vis.tif,INSAT3D_VIS_India,2019-11-07 12:00:00,Gujarat,Aravalli,23.4619,73.3039,30.0,0.0,No Rain
INSAT3D_VIS_India/3DIMG_07NOV2019_1200_L1C_SGP_vis.tif,3DIMG_07NOV2019_1200_L1C_SGP_vis.tif,INSAT3D_VIS_India,2019-11-07 12:00:00,Gujarat,Banaskantha,24.1724,72.4346,23.33,0.0,No Rain
INSAT3D_VIS_India/3DIMG_07NOV2019_1200_L1C_SGP_vis.tif,3DIMG_07NOV2019_1200_L1C_SGP_vis.tif,INSAT3D_VIS_India,2019-11-07 12:00:00,Gujarat,Bharuch,21.7051,72.9959,41.11,3.54,Light Rain
INSAT3D_VIS_India/3DIMG_07NOV2019_1200_L1C_SGP_vis.tif,3DIMG_07NOV2019_1200_L1C_SGP_vis.tif,INSAT3D_VIS_India,2019-11-07 12:00:00,Gujarat,Bhavnagar,21.7645,72.1519,33.56,0.47,Light Rain
INSAT3D_VIS_India/3DIMG_07NOV2019_1200_L1C_SGP_vis.tif,3DIMG_07NOV2019_1200_L1C_SGP_vis.tif,INSAT3D_VIS_India,2019-11-07 12:00:00,Gujarat,Botad,22.1704,71.6662,37.89,1.19,Light Rain
INSAT3D_VIS_India/3DIMG_07NOV2019_1200_L1C_SGP_vis.tif,3DIMG_07NOV2019_1200_L1C_SGP_vis.tif,INSAT3D_VIS_India,2019-11-07 12:00:00,Gujarat,Chhota Udepur,22.3108,74.0125,23.11,0.9,Light Rain
INSAT3D_VIS_India/3DIMG_07NOV2019_1200_L1C_SGP_vis.tif,3DIMG_07NOV2019_1200_L1C_SGP_vis.tif,INSAT3D_VIS_India,2019-11-07 12:00:00,Gujarat,Dahod,22.8347,74.2552,23.44,3.3,Light Rain
INSAT3D_VIS_India/3DIMG_07NOV2019_1200_L1C_SGP_vis.tif,3DIMG_07NOV2019_1200_L1C_SGP_vis.tif,INSAT3D_VIS_India,2019-11-07 12:00:00,Gujarat,Dang,20.7554,73.6873,32.33,0.0,No Rain
INSAT3D_VIS_India/3DIMG_07NOV2019_1200_L1C_SGP_vis.tif,3DIMG_07NOV2019_1200_L1C_SGP_vis.tif,INSAT3D_VIS_India,2019-11-07 12:00:00,Gujarat,Devbhumi Dwarka,22.2078,69.6582,29.33,3.2,Light Rain
INSAT3D_VIS_India/3DIMG_07NOV2019_1200_L1C_SGP_vis.tif,3DIMG_07NOV2019_1200_L1C_SGP_vis.tif,INSAT3D_VIS_India,2019-11-07 12:00:00,Gujarat,Gandhinagar,23.2156,72.6369,30.0,5.7,Light Rain
INSAT3D_VIS_India/3DIMG_07NOV2019_1200_L1C_SGP_vis.tif,3DIMG_07NOV2019_1200_L1C_SGP_vis.tif,INSAT3D_VIS_India,2019-11-07 12:00:00,Gujarat,Gir Somnath,20.9042,70.3644,33.56,0.73,Light Rain
INSAT3D_VIS_India/3DIMG_07NOV2019_1200_L1C_SGP_vis.tif,3DIMG_07NOV2019_1200_L1C_SGP_vis.tif,INSAT3D_VIS_India,2019-11-07 12:00:00,Gujarat,Jamnagar,22.4707,70.0577,28.11,3.1,Light Rain
INSAT3D_VIS_India/3DIMG_07NOV2019_1200_L1C_SGP_vis.tif,3DIMG_07NOV2019_1200_L1C_SGP_vis.tif,INSAT3D_VIS_India,2019-11-07 12:00:00,Gujarat,Junagadh,21.5222,70.4579,27.56,0.3,Light Rain
INSAT3D_VIS_India/3DIMG_07NOV2019_1200_L1C_SGP_vis.tif,3DIMG_07NOV2019_1200_L1C_SGP_vis.tif,INSAT3D_VIS_India,2019-11-07 12:00:00,Gujarat,Kheda,22.6916,72.8634,29.33,0.0,No Rain
INSAT3D_VIS_India/3DIMG_07NOV2019_1200_L1C_SGP_vis.tif,3DIMG_07NOV2019_1200_L1C_SGP_vis.tif,INSAT3D_VIS_India,2019-11-07 12:00:00,Gujarat,Kutch (Bhuj),23.242,69.6669,31.67,0.0,No Rain
INSAT3D_VIS_India/3DIMG_07NOV2019_1200_L1C_SGP_vis.tif,3DIMG_07NOV2019_1200_L1C_SGP_vis.tif,INSAT3D_VIS_India,2019-11-07 12:00:00,Gujarat,Mahisagar,23.1311,73.6009,28.78,0.0,No Rain
INSAT3D_VIS_India/3DIMG_07NOV2019_1200_L1C_SGP_vis.tif,3DIMG_07NOV2019_1200_L1C_SGP_vis.tif,INSAT3D_VIS_India,2019-11-07 12:00:00,Gujarat,Mehsana,23.588,72.3693,25.78,0.0,No Rain
INSAT3D_VIS_India/3DIMG_07NOV2019_1200_L1C_SGP_vis.tif,3DIMG_07NOV2019_1200_L1C_SGP_vis.tif,INSAT3D_VIS_India,2019-11-07 12:00:00,Gujarat,Morbi,22.8173,70.8368,40.22,1.41,Light Rain
INSAT3D_VIS_India/3DIMG_07NOV2019_1200_L1C_SGP_vis.tif,3DIMG_07NOV2019_1200_L1C_SGP_vis.tif,INSAT3D_VIS_India,2019-11-07 12:00:00,Gujarat,Narmada,21.8719,73.5028,33.89,0.0,No Rain
INSAT3D_VIS_India/3DIMG_07NOV2019_1200_L1C_SGP_vis.tif,3DIMG_07NOV2019_1200_L1C_SGP_vis.tif,INSAT3D_VIS_India,2019-11-07 12:00:00,Gujarat,Navsari,20.9467,72.952,30.78,0.18,Light Rain
INSAT3D_VIS_India/3DIMG_07NOV2019_1200_L1C_SGP_vis.tif,3DIMG_07NOV2019_1200_L1C_SGP_vis.tif,INSAT3D_VIS_India,2019-11-07 12:00:00,Gujarat,Panchmahal,22.778,73.6143,26.0,0.0,No Rain
INSAT3D_VIS_India/3DIMG_07NOV2019_1200_L1C_SGP_vis.tif,3DIMG_07NOV2019_1200_L1C_SGP_vis.tif,INSAT3D_VIS_India,2019-11-07 12:00:00,Gujarat,Patan,23.8493,72.1266,24.67,0.0,No Rain
INSAT3D_VIS_India/3DIMG_07NOV2019_1200_L1C_SGP_vis.tif,3DIMG_07NOV2019_1200_L1C_SGP_vis.tif,INSAT3D_VIS_India,2019-11-07 12:00:00,Gujarat,Porbandar,21.6417,69.6293,39.67,1.33,Light Rain
INSAT3D_VIS_India/3DIMG_07NOV2019_1200_L1C_SGP_vis.tif,3DIMG_07NOV2019_1200_L1C_SGP_vis.tif,INSAT3D_VIS_India,2019-11-07 12:00:00,Gujarat,Rajkot,22.3039,70.8022,28.33,1.1,Light Rain
INSAT3D_VIS_India/3DIMG_07NOV2019_1200_L1C_SGP_vis.tif,3DIMG_07NOV2019_1200_L1C_SGP_vis.tif,INSAT3D_VIS_India,2019-11-07 12:00:00,Gujarat,Sabarkantha,23.5977,72.9688,31.56,0.1,Light Rain
INSAT3D_VIS_India/3DIMG_07NOV2019_1200_L1C_SGP_vis.tif,3DIMG_07NOV2019_1200_L1C_SGP_vis.tif,INSAT3D_VIS_India,2019-11-07 12:00:00,Gujarat,Surat,21.1702,72.8311,50.56,2.64,Light Rain
INSAT3D_VIS_India/3DIMG_07NOV2019_1200_L1C_SGP_vis.tif,3DIMG_07NOV2019_1200_L1C_SGP_vis.tif,INSAT3D_VIS_India,2019-11-07 12:00:00,Gujarat,Surendranagar,22.7274,71.637,27.33,5.0,Light Rain
INSAT3D_VIS_India/3DIMG_07NOV2019_1200_L1C_SGP_vis.tif,3DIMG_07NOV2019_1200_L1C_SGP_vis.tif,INSAT3D_VIS_India,2019-11-07 12:00:00,Gujarat,Tapi,21.1147,73.3986,30.33,0.0,No Rain
INSAT3D_VIS_India/3DIMG_07NOV2019_1200_L1C_SGP_vis.tif,3DIMG_07NOV2019_1200_L1C_SGP_vis.tif,INSAT3D_VIS_India,2019-11-07 12:00:00,Gujarat,Vadodara,22.3072,73.1812,31.56,0.0,No Rain
INSAT3D_VIS_India/3DIMG_07NOV2019_1200_L1C_SGP_vis.tif,3DIMG_07NOV2019_1200_L1C_SGP_vis.tif,INSAT3D_VIS_India,2019-11-07 12:00:00,Gujarat,Valsad,20.5992,72.9342,28.22,0.0,No Rain
INSAT3D_VIS_India/3DIMG_07NOV2019_1230_L1C_SGP_vis.tif,3DIMG_07NOV2019_1230_L1C_SGP_vis.tif,INSAT3D_VIS_India,2019-11-07 12:30:00,Gujarat,Ahmedabad,23.0225,72.5714,18.78,0.0,No Rain
INSAT3D_VIS_India/3DIMG_07NOV2019_1230_L1C_SGP_vis.tif,3DIMG_07NOV2019_1230_L1C_SGP_vis.tif,INSAT3D_VIS_India,2019-11-07 12:30:00,Gujarat,Amreli,21.6032,71.2221,20.11,2.7,Light Rain
INSAT3D_VIS_India/3DIMG_07NOV2019_1230_L1C_SGP_vis.tif,3DIMG_07NOV2019_1230_L1C_SGP_vis.tif,INSAT3D_VIS_India,2019-11-07 12:30:00,Gujarat,Anand,22.5645,72.9289,19.67,0.0,No Rain
INSAT3D_VIS_India/3DIMG_07NOV2019_1230_L1C_SGP_vis.tif,3DIMG_07NOV2019_1230_L1C_SGP_vis.tif,INSAT3D_VIS_India,2019-11-07 12:30:00,Gujarat,Aravalli,23.4619,73.3039,18.33,0.0,No Rain
INSAT3D_VIS_India/3DIMG_07NOV2019_1230_L1C_SGP_vis.tif,3DIMG_07NOV2019_1230_L1C_SGP_vis.tif,INSAT3D_VIS_India,2019-11-07 12:30:00,Gujarat,Banaskantha,24.1724,72.4346,17.89,0.0,No Rain
INSAT3D_VIS_India/3DIMG_07NOV2019_1230_L1C_SGP_vis.tif,3DIMG_07NOV2019_1230_L1C_SGP_vis.tif,INSAT3D_VIS_India,2019-11-07 12:30:00,Gujarat,Bharuch,21.7051,72.9959,19.89,0.0,No Rain
INSAT3D_VIS_India/3DIMG_07NOV2019_1230_L1C_SGP_vis.tif,3DIMG_07NOV2019_1230_L1C_SGP_vis.tif,INSAT3D_VIS_India,2019-11-07 12:30:00,Gujarat,Bhavnagar,21.7645,72.1519,19.44,3.2,Light Rain
INSAT3D_VIS_India/3DIMG_07NOV2019_1230_L1C_SGP_vis.tif,3DIMG_07NOV2019_1230_L1C_SGP_vis.tif,INSAT3D_VIS_India,2019-11-07 12:30:00,Gujarat,Botad,22.1704,71.6662,19.22,5.3,Light Rain
INSAT3D_VIS_India/3DIMG_07NOV2019_1230_L1C_SGP_vis.tif,3DIMG_07NOV2019_1230_L1C_SGP_vis.tif,INSAT3D_VIS_India,2019-11-07 12:30:00,Gujarat,Chhota Udepur,22.3108,74.0125,18.11,0.0,No Rain
INSAT3D_VIS_India/3DIMG_07NOV2019_1230_L1C_SGP_vis.tif,3DIMG_07NOV2019_1230_L1C_SGP_vis.tif,INSAT3D_VIS_India,2019-11-07 12:30:00,Gujarat,Dahod,22.8347,74.2552,17.67,0.0,No Rain
INSAT3D_VIS_India/3DIMG_07NOV2019_1230_L1C_SGP_vis.tif,3DIMG_07NOV2019_1230_L1C_SGP_vis.tif,INSAT3D_VIS_India,2019-11-07 12:30:00,Gujarat,Dang,20.7554,73.6873,19.0,0.0,No Rain
INSAT3D_VIS_India/3DIMG_07NOV2019_1230_L1C_SGP_vis.tif,3DIMG_07NOV2019_1230_L1C_SGP_vis.tif,INSAT3D_VIS_India,2019-11-07 12:30:00,Gujarat,Devbhumi Dwarka,22.2078,69.6582,21.44,0.0,No Rain
INSAT3D_VIS_India/3DIMG_07NOV2019_1230_L1C_SGP_vis.tif,3DIMG_07NOV2019_1230_L1C_SGP_vis.tif,INSAT3D_VIS_India,2019-11-07 12:30:00,Gujarat,Gandhinagar,23.2156,72.6369,18.56,0.0,No Rain
INSAT3D_VIS_India/3DIMG_07NOV2019_1230_L1C_SGP_vis.tif,3DIMG_07NOV2019_1230_L1C_SGP_vis.tif,INSAT3D_VIS_India,2019-11-07 12:30:00,Gujarat,Gir Somnath,20.9042,70.3644,21.56,0.0,No Rain
INSAT3D_VIS_India/3DIMG_07NOV2019_1230_L1C_SGP_vis.tif,3DIMG_07NOV2019_1230_L1C_SGP_vis.tif,INSAT3D_VIS_India,2019-11-07 12:30:00,Gujarat,Jamnagar,22.4707,70.0577,20.11,5.6,Light Rain
INSAT3D_VIS_India/3DIMG_07NOV2019_1230_L1C_SGP_vis.tif,3DIMG_07NOV2019_1230_L1C_SGP_vis.tif,INSAT3D_VIS_India,2019-11-07 12:30:00,Gujarat,Junagadh,21.5222,70.4579,19.78,0.0,No Rain
INSAT3D_VIS_India/3DIMG_07NOV2019_1230_L1C_SGP_vis.tif,3DIMG_07NOV2019_1230_L1C_SGP_vis.tif,INSAT3D_VIS_India,2019-11-07 12:30:00,Gujarat,Kheda,22.6916,72.8634,20.33,1.5,Light Rain
INSAT3D_VIS_India/3DIMG_07NOV2019_1230_L1C_SGP_vis.tif,3DIMG_07NOV2019_1230_L1C_SGP_vis.tif,INSAT3D_VIS_India,2019-11-07 12:30:00,Gujarat,Kutch (Bhuj),23.242,69.6669,20.56,3.0,Light Rain
INSAT3D_VIS_India/3DIMG_07NOV2019_1230_L1C_SGP_vis.tif,3DIMG_07NOV2019_1230_L1C_SGP_vis.tif,INSAT3D_VIS_India,2019-11-07 12:30:00,Gujarat,Mahisagar,23.1311,73.6009,18.56,0.0,No Rain
INSAT3D_VIS_India/3DIMG_07NOV2019_1230_L1C_SGP_vis.tif,3DIMG_07NOV2019_1230_L1C_SGP_vis.tif,INSAT3D_VIS_India,2019-11-07 12:30:00,Gujarat,Mehsana,23.588,72.3693,18.33,2.9,Light Rain
INSAT3D_VIS_India/3DIMG_07NOV2019_1230_L1C_SGP_vis.tif,3DIMG_07NOV2019_1230_L1C_SGP_vis.tif,INSAT3D_VIS_India,2019-11-07 12:30:00,Gujarat,Morbi,22.8173,70.8368,20.11,0.8,Light Rain
INSAT3D_VIS_India/3DIMG_07NOV2019_1230_L1C_SGP_vis.tif,3DIMG_07NOV2019_1230_L1C_SGP_vis.tif,INSAT3D_VIS_India,2019-11-07 12:30:00,Gujarat,Narmada,21.8719,73.5028,18.33,0.0,No Rain
INSAT3D_VIS_India/3DIMG_07NOV2019_1230_L1C_SGP_vis.tif,3DIMG_07NOV2019_1230_L1C_SGP_vis.tif,INSAT3D_VIS_India,2019-11-07 12:30:00,Gujarat,Navsari,20.9467,72.952,20.44,0.0,No Rain
INSAT3D_VIS_India/3DIMG_07NOV2019_1230_L1C_SGP_vis.tif,3DIMG_07NOV2019_1230_L1C_SGP_vis.tif,INSAT3D_VIS_India,2019-11-07 12:30:00,Gujarat,Panchmahal,22.778,73.6143,17.0,0.0,No Rain
INSAT3D_VIS_India/3DIMG_07NOV2019_1230_L1C_SGP_vis.tif,3DIMG_07NOV2019_1230_L1C_SGP_vis.tif,INSAT3D_VIS_India,2019-11-07 12:30:00,Gujarat,Patan,23.8493,72.1266,19.33,0.7,Light Rain
INSAT3D_VIS_India/3DIMG_07NOV2019_1230_L1C_SGP_vis.tif,3DIMG_07NOV2019_1230_L1C_SGP_vis.tif,INSAT3D_VIS_India,2019-11-07 12:30:00,Gujarat,Porbandar,21.6417,69.6293,23.22,1.3,Light Rain
INSAT3D_VIS_India/3DIMG_07NOV2019_1230_L1C_SGP_vis.tif,3DIMG_07NOV2019_1230_L1C_SGP_vis.tif,INSAT3D_VIS_India,2019-11-07 12:30:00,Gujarat,Rajkot,22.3039,70.8022,19.56,3.5,Light Rain
INSAT3D_VIS_India/3DIMG_07NOV2019_1230_L1C_SGP_vis.tif,3DIMG_07NOV2019_1230_L1C_SGP_vis.tif,INSAT3D_VIS_India,2019-11-07 12:30:00,Gujarat,Sabarkantha,23.5977,72.9688,19.11,0.0,No Rain
INSAT3D_VIS_India/3DIMG_07NOV2019_1230_L1C_SGP_vis.tif,3DIMG_07NOV2019_1230_L1C_SGP_vis.tif,INSAT3D_VIS_India,2019-11-07 12:30:00,Gujarat,Surat,21.1702,72.8311,19.56,0.0,No Rain
INSAT3D_VIS_India/3DIMG_07NOV2019_1230_L1C_SGP_vis.tif,3DIMG_07NOV2019_1230_L1C_SGP_vis.tif,INSAT3D_VIS_India,2019-11-07 12:30:00,Gujarat,Surendranagar,22.7274,71.637,20.11,0.0,No Rain
INSAT3D_VIS_India/3DIMG_07NOV2019_1230_L1C_SGP_vis.tif,3DIMG_07NOV2019_1230_L1C_SGP_vis.tif,INSAT3D_VIS_India,2019-11-07 12:30:00,Gujarat,Tapi,21.1147,73.3986,19.33,2.0,Light Rain
INSAT3D_VIS_India/3DIMG_07NOV2019_1230_L1C_SGP_vis.tif,3DIMG_07NOV2019_1230_L1C_SGP_vis.tif,INSAT3D_VIS_India,2019-11-07 12:30:00,Gujarat,Vadodara,22.3072,73.1812,18.11,4.1,Light Rain
INSAT3D_VIS_India/3DIMG_07NOV2019_1230_L1C_SGP_vis.tif,3DIMG_07NOV2019_1230_L1C_SGP_vis.tif,INSAT3D_VIS_India,2019-11-07 12:30:00,Gujarat,Valsad,20.5992,72.9342,17.89,4.9,Light Rain
INSAT3D_VIS_India/3DIMG_07NOV2019_1300_L1C_SGP_vis.tif,3DIMG_07NOV2019_1300_L1C_SGP_vis.tif,INSAT3D_VIS_India,2019-11-07 13:00:00,Gujarat,Ahmedabad,23.0225,72.5714,17.33,0.0,No Rain
INSAT3D_VIS_India/3DIMG_07NOV2019_1300_L1C_SGP_vis.tif,3DIMG_07NOV2019_1300_L1C_SGP_vis.tif,INSAT3D_VIS_India,2019-11-07 13:00:00,Gujarat,Amreli,21.6032,71.2221,17.0,2.8,Light Rain
INSAT3D_VIS_India/3DIMG_07NOV2019_1300_L1C_SGP_vis.tif,3DIMG_07NOV2019_1300_L1C_SGP_vis.tif,INSAT3D_VIS_India,2019-11-07 13:00:00,Gujarat,Anand,22.5645,72.9289,16.56,0.0,No Rain
INSAT3D_VIS_India/3DIMG_07NOV2019_1300_L1C_SGP_vis.tif,3DIMG_07NOV2019_1300_L1C_SGP_vis.tif,INSAT3D_VIS_India,2019-11-07 13:00:00,Gujarat,Aravalli,23.4619,73.3039,17.11,4.0,Light Rain
INSAT3D_VIS_India/3DIMG_07NOV2019_1300_L1C_SGP_vis.tif,3DIMG_07NOV2019_1300_L1C_SGP_vis.tif,INSAT3D_VIS_India,2019-11-07 13:00:00,Gujarat,Banaskantha,24.1724,72.4346,17.33,0.0,No Rain
INSAT3D_VIS_India/3DIMG_07NOV2019_1300_L1C_SGP_vis.tif,3DIMG_07NOV2019_1300_L1C_SGP_vis.tif,INSAT3D_VIS_India,2019-11-07 13:00:00,Gujarat,Bharuch,21.7051,72.9959,17.67,0.0,No Rain
INSAT3D_VIS_India/3DIMG_07NOV2019_1300_L1C_SGP_vis.tif,3DIMG_07NOV2019_1300_L1C_SGP_vis.tif,INSAT3D_VIS_India,2019-11-07 13:00:00,Gujarat,Bhavnagar,21.7645,72.1519,17.67,0.0,No Rain
INSAT3D_VIS_India/3DIMG_07NOV2019_1300_L1C_SGP_vis.tif,3DIMG_07NOV2019_1300_L1C_SGP_vis.tif,INSAT3D_VIS_India,2019-11-07 13:00:00,Gujarat,Botad,22.1704,71.6662,17.33,3.4,Light Rain
INSAT3D_VIS_India/3DIMG_07NOV2019_1300_L1C_SGP_vis.tif,3DIMG_07NOV2019_1300_L1C_SGP_vis.tif,INSAT3D_VIS_India,2019-11-07 13:00:00,Gujarat,Chhota Udepur,22.3108,74.0125,17.56,4.4,Light Rain
INSAT3D_VIS_India/3DIMG_07NOV2019_1300_L1C_SGP_vis.tif,3DIMG_07NOV2019_1300_L1C_SGP_vis.tif,INSAT3D_VIS_India,2019-11-07 13:00:00,Gujarat,Dahod,22.8347,74.2552,18.0,1.6,Light Rain
INSAT3D_VIS_India/3DIMG_07NOV2019_1300_L1C_SGP_vis.tif,3DIMG_07NOV2019_1300_L1C_SGP_vis.tif,INSAT3D_VIS_India,2019-11-07 13:00:00,Gujarat,Dang,20.7554,73.6873,17.33,0.0,No Rain
INSAT3D_VIS_India/3DIMG_07NOV2019_1300_L1C_SGP_vis.tif,3DIMG_07NOV2019_1300_L1C_SGP_vis.tif,INSAT3D_VIS_India,2019-11-07 13:00:00,Gujarat,Devbhumi Dwarka,22.2078,69.6582,17.0,0.0,No Rain
INSAT3D_VIS_India/3DIMG_07NOV2019_1300_L1C_SGP_vis.tif,3DIMG_07NOV2019_1300_L1C_SGP_vis.tif,INSAT3D_VIS_India,2019-11-07 13:00:00,Gujarat,Gandhinagar,23.2156,72.6369,17.33,5.4,Light Rain
INSAT3D_VIS_India/3DIMG_07NOV2019_1300_L1C_SGP_vis.tif,3DIMG_07NOV2019_1300_L1C_SGP_vis.tif,INSAT3D_VIS_India,2019-11-07 13:00:00,Gujarat,Gir Somnath,20.9042,70.3644,17.22,0.0,No Rain
INSAT3D_VIS_India/3DIMG_07NOV2019_1300_L1C_SGP_vis.tif,3DIMG_07NOV2019_1300_L1C_SGP_vis.tif,INSAT3D_VIS_India,2019-11-07 13:00:00,Gujarat,Jamnagar,22.4707,70.0577,17.22,3.0,Light Rain
INSAT3D_VIS_India/3DIMG_07NOV2019_1300_L1C_SGP_vis.tif,3DIMG_07NOV2019_1300_L1C_SGP_vis.tif,INSAT3D_VIS_India,2019-11-07 13:00:00,Gujarat,Junagadh,21.5222,70.4579,17.11,0.1,Light Rain
INSAT3D_VIS_India/3DIMG_07NOV2019_1300_L1C_SGP_vis.tif,3DIMG_07NOV2019_1300_L1C_SGP_vis.tif,INSAT3D_VIS_India,2019-11-07 13:00:00,Gujarat,Kheda,22.6916,72.8634,17.0,0.0,No Rain
INSAT3D_VIS_India/3DIMG_07NOV2019_1300_L1C_SGP_vis.tif,3DIMG_07NOV2019_1300_L1C_SGP_vis.tif,INSAT3D_VIS_India,2019-11-07 13:00:00,Gujarat,Kutch (Bhuj),23.242,69.6669,17.0,5.3,Light Rain
INSAT3D_VIS_India/3DIMG_07NOV2019_1300_L1C_SGP_vis.tif,3DIMG_07NOV2019_1300_L1C_SGP_vis.tif,INSAT3D_VIS_India,2019-11-07 13:00:00,Gujarat,Mahisagar,23.1311,73.6009,17.56,3.1,Light Rain
INSAT3D_VIS_India/3DIMG_07NOV2019_1300_L1C_SGP_vis.tif,3DIMG_07NOV2019_1300_L1C_SGP_vis.tif,INSAT3D_VIS_India,2019-11-07 13:00:00,Gujarat,Mehsana,23.588,72.3693,16.78,0.0,No Rain
INSAT3D_VIS_India/3DIMG_07NOV2019_1300_L1C_SGP_vis.tif,3DIMG_07NOV2019_1300_L1C_SGP_vis.tif,INSAT3D_VIS_India,2019-11-07 13:00:00,Gujarat,Morbi,22.8173,70.8368,17.0,2.7,Light Rain
INSAT3D_VIS_India/3DIMG_07NOV2019_1300_L1C_SGP_vis.tif,3DIMG_07NOV2019_1300_L1C_SGP_vis.tif,INSAT3D_VIS_India,2019-11-07 13:00:00,Gujarat,Narmada,21.8719,73.5028,17.78,5.9,Light Rain
INSAT3D_VIS_India/3DIMG_07NOV2019_1300_L1C_SGP_vis.tif,3DIMG_07NOV2019_1300_L1C_SGP_vis.tif,INSAT3D_VIS_India,2019-11-07 13:00:00,Gujarat,Navsari,20.9467,72.952,17.11,1.7,Light Rain
INSAT3D_VIS_India/3DIMG_07NOV2019_1300_L1C_SGP_vis.tif,3DIMG_07NOV2019_1300_L1C_SGP_vis.tif,INSAT3D_VIS_India,2019-11-07 13:00:00,Gujarat,Panchmahal,22.778,73.6143,17.22,5.4,Light Rain
INSAT3D_VIS_India/3DIMG_07NOV2019_1300_L1C_SGP_vis.tif,3DIMG_07NOV2019_1300_L1C_SGP_vis.tif,INSAT3D_VIS_India,2019-11-07 13:00:00,Gujarat,Patan,23.8493,72.1266,17.11,0.0,No Rain
INSAT3D_VIS_India/3DIMG_07NOV2019_1300_L1C_SGP_vis.tif,3DIMG_07NOV2019_1300_L1C_SGP_vis.tif,INSAT3D_VIS_India,2019-11-07 13:00:00,Gujarat,Porbandar,21.6417,69.6293,16.56,1.9,Light Rain
INSAT3D_VIS_India/3DIMG_07NOV2019_1300_L1C_SGP_vis.tif,3DIMG_07NOV2019_1300_L1C_SGP_vis.tif,INSAT3D_VIS_India,2019-11-07 13:00:00,Gujarat,Rajkot,22.3039,70.8022,16.89,0.0,No Rain
INSAT3D_VIS_India/3DIMG_07NOV2019_1300_L1C_SGP_vis.tif,3DIMG_07NOV2019_1300_L1C_SGP_vis.tif,INSAT3D_VIS_India,2019-11-07 13:00:00,Gujarat,Sabarkantha,23.5977,72.9688,16.11,0.0,No Rain
INSAT3D_VIS_India/3DIMG_07NOV2019_1300_L1C_SGP_vis.tif,3DIMG_07NOV2019_1300_L1C_SGP_vis.tif,INSAT3D_VIS_India,2019-11-07 13:00:00,Gujarat,Surat,21.1702,72.8311,17.0,5.8,Light Rain
INSAT3D_VIS_India/3DIMG_07NOV2019_1300_L1C_SGP_vis.tif,3DIMG_07NOV2019_1300_L1C_SGP_vis.tif,INSAT3D_VIS_India,2019-11-07 13:00:00,Gujarat,Surendranagar,22.7274,71.637,18.22,3.6,Light Rain
INSAT3D_VIS_India/3DIMG_07NOV2019_1300_L1C_SGP_vis.tif,3DIMG_07NOV2019_1300_L1C_SGP_vis.tif,INSAT3D_VIS_India,2019-11-07 13:00:00,Gujarat,Tapi,21.1147,73.3986,16.56,0.6,Light Rain
INSAT3D_VIS_India/3DIMG_07NOV2019_1300_L1C_SGP_vis.tif,3DIMG_07NOV2019_1300_L1C_SGP_vis.tif,INSAT3D_VIS_India,2019-11-07 13:00:00,Gujarat,Vadodara,22.3072,73.1812,17.11,4.1,Light Rain
INSAT3D_VIS_India/3DIMG_07NOV2019_1300_L1C_SGP_vis.tif,3DIMG_07NOV2019_1300_L1C_SGP_vis.tif,INSAT3D_VIS_India,2019-11-07 13:00:00,Gujarat,Valsad,20.5992,72.9342,17.11,0.0,No Rain
INSAT3D_VIS_India/3DIMG_07NOV2019_1330_L1C_SGP_vis.tif,3DIMG_07NOV2019_1330_L1C_SGP_vis.tif,INSAT3D_VIS_India,2019-11-07 13:30:00,Gujarat,Ahmedabad,23.0225,72.5714,15.78,5.7,Light Rain
INSAT3D_VIS_India/3DIMG_07NOV2019_1330_L1C_SGP_vis.tif,3DIMG_07NOV2019_1330_L1C_SGP_vis.tif,INSAT3D_VIS_India,2019-11-07 13:30:00,Gujarat,Amreli,21.6032,71.2221,17.0,0.0,No Rain
INSAT3D_VIS_India/3DIMG_07NOV2019_1330_L1C_SGP_vis.tif,3DIMG_07NOV2019_1330_L1C_SGP_vis.tif,INSAT3D_VIS_India,2019-11-07 13:30:00,Gujarat,Anand,22.5645,72.9289,17.22,1.8,Light Rain
INSAT3D_VIS_India/3DIMG_07NOV2019_1330_L1C_SGP_vis.tif,3DIMG_07NOV2019_1330_L1C_SGP_vis.tif,INSAT3D_VIS_India,2019-11-07 13:30:00,Gujarat,Aravalli,23.4619,73.3039,16.11,1.7,Light Rain
INSAT3D_VIS_India/3DIMG_07NOV2019_1330_L1C_SGP_vis.tif,3DIMG_07NOV2019_1330_L1C_SGP_vis.tif,INSAT3D_VIS_India,2019-11-07 13:30:00,Gujarat,Banaskantha,24.1724,72.4346,16.33,3.4,Light Rain
INSAT3D_VIS_India/3DIMG_07NOV2019_1330_L1C_SGP_vis.tif,3DIMG_07NOV2019_1330_L1C_SGP_vis.tif,INSAT3D_VIS_India,2019-11-07 13:30:00,Gujarat,Bharuch,21.7051,72.9959,16.44,1.7,Light Rain
INSAT3D_VIS_India/3DIMG_07NOV2019_1330_L1C_SGP_vis.tif,3DIMG_07NOV2019_1330_L1C_SGP_vis.tif,INSAT3D_VIS_India,2019-11-07 13:30:00,Gujarat,Bhavnagar,21.7645,72.1519,17.0,3.4,Light Rain
INSAT3D_VIS_India/3DIMG_07NOV2019_1330_L1C_SGP_vis.tif,3DIMG_07NOV2019_1330_L1C_SGP_vis.tif,INSAT3D_VIS_India,2019-11-07 13:30:00,Gujarat,Botad,22.1704,71.6662,16.22,3.7,Light Rain
INSAT3D_VIS_India/3DIMG_07NOV2019_1330_L1C_SGP_vis.tif,3DIMG_07NOV2019_1330_L1C_SGP_vis.tif,INSAT3D_VIS_India,2019-11-07 13:30:00,Gujarat,Chhota Udepur,22.3108,74.0125,16.56,4.3,Light Rain
INSAT3D_VIS_India/3DIMG_07NOV2019_1330_L1C_SGP_vis.tif,3DIMG_07NOV2019_1330_L1C_SGP_vis.tif,INSAT3D_VIS_India,2019-11-07 13:30:00,Gujarat,Dahod,22.8347,74.2552,16.56,2.8,Light Rain
INSAT3D_VIS_India/3DIMG_07NOV2019_1330_L1C_SGP_vis.tif,3DIMG_07NOV2019_1330_L1C_SGP_vis.tif,INSAT3D_VIS_India,2019-11-07 13:30:00,Gujarat,Dang,20.7554,73.6873,17.0,1.0,Light Rain
INSAT3D_VIS_India/3DIMG_07NOV2019_1330_L1C_SGP_vis.tif,3DIMG_07NOV2019_1330_L1C_SGP_vis.tif,INSAT3D_VIS_India,2019-11-07 13:30:00,Gujarat,Devbhumi Dwarka,22.2078,69.6582,16.56,4.8,Light Rain
INSAT3D_VIS_India/3DIMG_07NOV2019_1330_L1C_SGP_vis.tif,3DIMG_07NOV2019_1330_L1C_SGP_vis.tif,INSAT3D_VIS_India,2019-11-07 13:30:00,Gujarat,Gandhinagar,23.2156,72.6369,16.89,0.0,No Rain
INSAT3D_VIS_India/3DIMG_07NOV2019_1330_L1C_SGP_vis.tif,3DIMG_07NOV2019_1330_L1C_SGP_vis.tif,INSAT3D_VIS_India,2019-11-07 13:30:00,Gujarat,Gir Somnath,20.9042,70.3644,17.11,0.0,No Rain
INSAT3D_VIS_India/3DIMG_07NOV2019_1330_L1C_SGP_vis.tif,3DIMG_07NOV2019_1330_L1C_SGP_vis.tif,INSAT3D_VIS_India,2019-11-07 13:30:00,Gujarat,Jamnagar,22.4707,70.0577,16.78,0.0,No Rain
INSAT3D_VIS_India/3DIMG_07NOV2019_1330_L1C_SGP_vis.tif,3DIMG_07NOV2019_1330_L1C_SGP_vis.tif,INSAT3D_VIS_India,2019-11-07 13:30:00,Gujarat,Junagadh,21.5222,70.4579,16.89,0.0,No Rain
INSAT3D_VIS_India/3DIMG_07NOV2019_1330_L1C_SGP_vis.tif,3DIMG_07NOV2019_1330_L1C_SGP_vis.tif,INSAT3D_VIS_India,2019-11-07 13:30:00,Gujarat,Kheda,22.6916,72.8634,18.11,3.1,Light Rain
INSAT3D_VIS_India/3DIMG_07NOV2019_1330_L1C_SGP_vis.tif,3DIMG_07NOV2019_1330_L1C_SGP_vis.tif,INSAT3D_VIS_India,2019-11-07 13:30:00,Gujarat,Kutch (Bhuj),23.242,69.6669,17.33,3.2,Light Rain
INSAT3D_VIS_India/3DIMG_07NOV2019_1330_L1C_SGP_vis.tif,3DIMG_07NOV2019_1330_L1C_SGP_vis.tif,INSAT3D_VIS_India,2019-11-07 13:30:00,Gujarat,Mahisagar,23.1311,73.6009,16.67,0.0,No Rain
INSAT3D_VIS_India/3DIMG_07NOV2019_1330_L1C_SGP_vis.tif,3DIMG_07NOV2019_1330_L1C_SGP_vis.tif,INSAT3D_VIS_India,2019-11-07 13:30:00,Gujarat,Mehsana,23.588,72.3693,16.67,0.8,Light Rain
INSAT3D_VIS_India/3DIMG_07NOV2019_1330_L1C_SGP_vis.tif,3DIMG_07NOV2019_1330_L1C_SGP_vis.tif,INSAT3D_VIS_India,2019-11-07 13:30:00,Gujarat,Morbi,22.8173,70.8368,17.67,4.5,Light Rain
INSAT3D_VIS_India/3DIMG_07NOV2019_1330_L1C_SGP_vis.tif,3DIMG_07NOV2019_1330_L1C_SGP_vis.tif,INSAT3D_VIS_India,2019-11-07 13:30:00,Gujarat,Narmada,21.8719,73.5028,16.67,3.7,Light Rain
INSAT3D_VIS_India/3DIMG_07NOV2019_1330_L1C_SGP_vis.tif,3DIMG_07NOV2019_1330_L1C_SGP_vis.tif,INSAT3D_VIS_India,2019-11-07 13:30:00,Gujarat,Navsari,20.9467,72.952,17.22,0.0,No Rain
INSAT3D_VIS_India/3DIMG_07NOV2019_1330_L1C_SGP_vis.tif,3DIMG_07NOV2019_1330_L1C_SGP_vis.tif,INSAT3D_VIS_India,2019-11-07 13:30:00,Gujarat,Panchmahal,22.778,73.6143,16.67,4.9,Light Rain
INSAT3D_VIS_India/3DIMG_07NOV2019_1330_L1C_SGP_vis.tif,3DIMG_07NOV2019_1330_L1C_SGP_vis.tif,INSAT3D_VIS_India,2019-11-07 13:30:00,Gujarat,Patan,23.8493,72.1266,16.22,5.3,Light Rain
INSAT3D_VIS_India/3DIMG_07NOV2019_1330_L1C_SGP_vis.tif,3DIMG_07NOV2019_1330_L1C_SGP_vis.tif,INSAT3D_VIS_India,2019-11-07 13:30:00,Gujarat,Porbandar,21.6417,69.6293,18.11,5.1,Light Rain
INSAT3D_VIS_India/3DIMG_07NOV2019_1330_L1C_SGP_vis.tif,3DIMG_07NOV2019_1330_L1C_SGP_vis.tif,INSAT3D_VIS_India,2019-11-07 13:30:00,Gujarat,Rajkot,22.3039,70.8022,16.67,4.4,Light Rain
INSAT3D_VIS_India/3DIMG_07NOV2019_1330_L1C_SGP_vis.tif,3DIMG_07NOV2019_1330_L1C_SGP_vis.tif,INSAT3D_VIS_India,2019-11-07 13:30:00,Gujarat,Sabarkantha,23.5977,72.9688,16.89,5.5,Light Rain
INSAT3D_VIS_India/3DIMG_07NOV2019_1330_L1C_SGP_vis.tif,3DIMG_07NOV2019_1330_L1C_SGP_vis.tif,INSAT3D_VIS_India,2019-11-07 13:30:00,Gujarat,Surat,21.1702,72.8311,17.56,3.9,Light Rain
INSAT3D_VIS_India/3DIMG_07NOV2019_1330_L1C_SGP_vis.tif,3DIMG_07NOV2019_1330_L1C_SGP_vis.tif,INSAT3D_VIS_India,2019-11-07 13:30:00,Gujarat,Surendranagar,22.7274,71.637,16.11,2.9,Light Rain
INSAT3D_VIS_India/3DIMG_07NOV2019_1330_L1C_SGP_vis.tif,3DIMG_07NOV2019_1330_L1C_SGP_vis.tif,INSAT3D_VIS_India,2019-11-07 13:30:00,Gujarat,Tapi,21.1147,73.3986,16.0,0.0,No Rain
INSAT3D_VIS_India/3DIMG_07NOV2019_1330_L1C_SGP_vis.tif,3DIMG_07NOV2019_1330_L1C_SGP_vis.tif,INSAT3D_VIS_India,2019-11-07 13:30:00,Gujarat,Vadodara,22.3072,73.1812,16.22,0.0,No Rain
INSAT3D_VIS_India/3DIMG_07NOV2019_1330_L1C_SGP_vis.tif,3DIMG_07NOV2019_1330_L1C_SGP_vis.tif,INSAT3D_VIS_India,2019-11-07 13:30:00,Gujarat,Valsad,20.5992,72.9342,16.33,0.0,No Rain
INSAT3D_VIS_India/3DIMG_07NOV2019_1400_L1C_SGP_vis.tif,3DIMG_07NOV2019_1400_L1C_SGP_vis.tif,INSAT3D_VIS_India,2019-11-07 14:00:00,Gujarat,Ahmedabad,23.0225,72.5714,16.56,5.7,Light Rain
INSAT3D_VIS_India/3DIMG_07NOV2019_1400_L1C_SGP_vis.tif,3DIMG_07NOV2019_1400_L1C_SGP_vis.tif,INSAT3D_VIS_India,2019-11-07 14:00:00,Gujarat,Amreli,21.6032,71.2221,16.89,1.8,Light Rain
INSAT3D_VIS_India/3DIMG_07NOV2019_1400_L1C_SGP_vis.tif,3DIMG_07NOV2019_1400_L1C_SGP_vis.tif,INSAT3D_VIS_India,2019-11-07 14:00:00,Gujarat,Anand,22.5645,72.9289,16.33,1.0,Light Rain
INSAT3D_VIS_India/3DIMG_07NOV2019_1400_L1C_SGP_vis.tif,3DIMG_07NOV2019_1400_L1C_SGP_vis.tif,INSAT3D_VIS_India,2019-11-07 14:00:00,Gujarat,Aravalli,23.4619,73.3039,16.67,1.8,Light Rain
INSAT3D_VIS_India/3DIMG_07NOV2019_1400_L1C_SGP_vis.tif,3DIMG_07NOV2019_1400_L1C_SGP_vis.tif,INSAT3D_VIS_India,2019-11-07 14:00:00,Gujarat,Banaskantha,24.1724,72.4346,16.44,2.2,Light Rain
INSAT3D_VIS_India/3DIMG_07NOV2019_1400_L1C_SGP_vis.tif,3DIMG_07NOV2019_1400_L1C_SGP_vis.tif,INSAT3D_VIS_India,2019-11-07 14:00:00,Gujarat,Bharuch,21.7051,72.9959,17.11,1.9,Light Rain
INSAT3D_VIS_India/3DIMG_07NOV2019_1400_L1C_SGP_vis.tif,3DIMG_07NOV2019_1400_L1C_SGP_vis.tif,INSAT3D_VIS_India,2019-11-07 14:00:00,Gujarat,Bhavnagar,21.7645,72.1519,16.78,0.0,No Rain
INSAT3D_VIS_India/3DIMG_07NOV2019_1400_L1C_SGP_vis.tif,3DIMG_07NOV2019_1400_L1C_SGP_vis.tif,INSAT3D_VIS_India,2019-11-07 14:00:00,Gujarat,Botad,22.1704,71.6662,17.22,3.2,Light Rain
INSAT3D_VIS_India/3DIMG_07NOV2019_1400_L1C_SGP_vis.tif,3DIMG_07NOV2019_1400_L1C_SGP_vis.tif,INSAT3D_VIS_India,2019-11-07 14:00:00,Gujarat,Chhota Udepur,22.3108,74.0125,16.56,0.0,No Rain
INSAT3D_VIS_India/3DIMG_07NOV2019_1400_L1C_SGP_vis.tif,3DIMG_07NOV2019_1400_L1C_SGP_vis.tif,INSAT3D_VIS_India,2019-11-07 14:00:00,Gujarat,Dahod,22.8347,74.2552,17.78,0.0,No Rain
INSAT3D_VIS_India/3DIMG_07NOV2019_1400_L1C_SGP_vis.tif,3DIMG_07NOV2019_1400_L1C_SGP_vis.tif,INSAT3D_VIS_India,2019-11-07 14:00:00,Gujarat,Dang,20.7554,73.6873,16.56,0.0,No Rain
INSAT3D_VIS_India/3DIMG_07NOV2019_1400_L1C_SGP_vis.tif,3DIMG_07NOV2019_1400_L1C_SGP_vis.tif,INSAT3D_VIS_India,2019-11-07 14:00:00,Gujarat,Devbhumi Dwarka,22.2078,69.6582,16.78,3.6,Light Rain
INSAT3D_VIS_India/3DIMG_07NOV2019_1400_L1C_SGP_vis.tif,3DIMG_07NOV2019_1400_L1C_SGP_vis.tif,INSAT3D_VIS_India,2019-11-07 14:00:00,Gujarat,Gandhinagar,23.2156,72.6369,15.78,0.0,No Rain
INSAT3D_VIS_India/3DIMG_07NOV2019_1400_L1C_SGP_vis.tif,3DIMG_07NOV2019_1400_L1C_SGP_vis.tif,INSAT3D_VIS_India,2019-11-07 14:00:00,Gujarat,Gir Somnath,20.9042,70.3644,17.0,0.0,No Rain
INSAT3D_VIS_India/3DIMG_07NOV2019_1400_L1C_SGP_vis.tif,3DIMG_07NOV2019_1400_L1C_SGP_vis.tif,INSAT3D_VIS_India,2019-11-07 14:00:00,Gujarat,Jamnagar,22.4707,70.0577,17.11,3.3,Light Rain
INSAT3D_VIS_India/3DIMG_07NOV2019_1400_L1C_SGP_vis.tif,3DIMG_07NOV2019_1400_L1C_SGP_vis.tif,INSAT3D_VIS_India,2019-11-07 14:00:00,Gujarat,Junagadh,21.5222,70.4579,17.56,2.0,Light Rain
INSAT3D_VIS_India/3DIMG_07NOV2019_1400_L1C_SGP_vis.tif,3DIMG_07NOV2019_1400_L1C_SGP_vis.tif,INSAT3D_VIS_India,2019-11-07 14:00:00,Gujarat,Kheda,22.6916,72.8634,17.78,0.0,No Rain
INSAT3D_VIS_India/3DIMG_07NOV2019_1400_L1C_SGP_vis.tif,3DIMG_07NOV2019_1400_L1C_SGP_vis.tif,INSAT3D_VIS_India,2019-11-07 14:00:00,Gujarat,Kutch (Bhuj),23.242,69.6669,16.11,3.1,Light Rain
INSAT3D_VIS_India/3DIMG_07NOV2019_1400_L1C_SGP_vis.tif,3DIMG_07NOV2019_1400_L1C_SGP_vis.tif,INSAT3D_VIS_India,2019-11-07 14:00:00,Gujarat,Mahisagar,23.1311,73.6009,15.67,5.9,Light Rain
INSAT3D_VIS_India/3DIMG_07NOV2019_1400_L1C_SGP_vis.tif,3DIMG_07NOV2019_1400_L1C_SGP_vis.tif,INSAT3D_VIS_India,2019-11-07 14:00:00,Gujarat,Mehsana,23.588,72.3693,17.11,0.0,No Rain
INSAT3D_VIS_India/3DIMG_07NOV2019_1400_L1C_SGP_vis.tif,3DIMG_07NOV2019_1400_L1C_SGP_vis.tif,INSAT3D_VIS_India,2019-11-07 14:00:00,Gujarat,Morbi,22.8173,70.8368,16.67,2.1,Light Rain
INSAT3D_VIS_India/3DIMG_07NOV2019_1400_L1C_SGP_vis.tif,3DIMG_07NOV2019_1400_L1C_SGP_vis.tif,INSAT3D_VIS_India,2019-11-07 14:00:00,Gujarat,Narmada,21.8719,73.5028,16.56,5.3,Light Rain
INSAT3D_VIS_India/3DIMG_07NOV2019_1400_L1C_SGP_vis.tif,3DIMG_07NOV2019_1400_L1C_SGP_vis.tif,INSAT3D_VIS_India,2019-11-07 14:00:00,Gujarat,Navsari,20.9467,72.952,16.22,3.1,Light Rain
INSAT3D_VIS_India/3DIMG_07NOV2019_1400_L1C_SGP_vis.tif,3DIMG_07NOV2019_1400_L1C_SGP_vis.tif,INSAT3D_VIS_India,2019-11-07 14:00:00,Gujarat,Panchmahal,22.778,73.6143,16.33,0.8,Light Rain
INSAT3D_VIS_India/3DIMG_07NOV2019_1400_L1C_SGP_vis.tif,3DIMG_07NOV2019_1400_L1C_SGP_vis.tif,INSAT3D_VIS_India,2019-11-07 14:00:00,Gujarat,Patan,23.8493,72.1266,18.0,1.4,Light Rain
INSAT3D_VIS_India/3DIMG_07NOV2019_1400_L1C_SGP_vis.tif,3DIMG_07NOV2019_1400_L1C_SGP_vis.tif,INSAT3D_VIS_India,2019-11-07 14:00:00,Gujarat,Porbandar,21.6417,69.6293,16.44,0.0,No Rain
INSAT3D_VIS_India/3DIMG_07NOV2019_1400_L1C_SGP_vis.tif,3DIMG_07NOV2019_1400_L1C_SGP_vis.tif,INSAT3D_VIS_India,2019-11-07 14:00:00,Gujarat,Rajkot,22.3039,70.8022,17.33,1.6,Light Rain
INSAT3D_VIS_India/3DIMG_07NOV2019_1400_L1C_SGP_vis.tif,3DIMG_07NOV2019_1400_L1C_SGP_vis.tif,INSAT3D_VIS_India,2019-11-07 14:00:00,Gujarat,Sabarkantha,23.5977,72.9688,17.56,0.0,No Rain
INSAT3D_VIS_India/3DIMG_07NOV2019_1400_L1C_SGP_vis.tif,3DIMG_07NOV2019_1400_L1C_SGP_vis.tif,INSAT3D_VIS_India,2019-11-07 14:00:00,Gujarat,Surat,21.1702,72.8311,17.44,4.2,Light Rain
INSAT3D_VIS_India/3DIMG_07NOV2019_1400_L1C_SGP_vis.tif,3DIMG_07NOV2019_1400_L1C_SGP_vis.tif,INSAT3D_VIS_India,2019-11-07 14:00:00,Gujarat,Surendranagar,22.7274,71.637,16.11,1.6,Light Rain
INSAT3D_VIS_India/3DIMG_07NOV2019_1400_L1C_SGP_vis.tif,3DIMG_07NOV2019_1400_L1C_SGP_vis.tif,INSAT3D_VIS_India,2019-11-07 14:00:00,Gujarat,Tapi,21.1147,73.3986,15.78,0.0,No Rain
INSAT3D_VIS_India/3DIMG_07NOV2019_1400_L1C_SGP_vis.tif,3DIMG_07NOV2019_1400_L1C_SGP_vis.tif,INSAT3D_VIS_India,2019-11-07 14:00:00,Gujarat,Vadodara,22.3072,73.1812,16.33,0.0,No Rain
INSAT3D_VIS_India/3DIMG_07NOV2019_1400_L1C_SGP_vis.tif,3DIMG_07NOV2019_1400_L1C_SGP_vis.tif,INSAT3D_VIS_India,2019-11-07 14:00:00,Gujarat,Valsad,20.5992,72.9342,17.11,0.0,No Rain
INSAT3D_VIS_India/3DIMG_07NOV2019_1430_L1C_SGP_vis.tif,3DIMG_07NOV2019_1430_L1C_SGP_vis.tif,INSAT3D_VIS_India,2019-11-07 14:30:00,Gujarat,Ahmedabad,23.0225,72.5714,16.0,0.9,Light Rain
INSAT3D_VIS_India/3DIMG_07NOV2019_1430_L1C_SGP_vis.tif,3DIMG_07NOV2019_1430_L1C_SGP_vis.tif,INSAT3D_VIS_India,2019-11-07 14:30:00,Gujarat,Amreli,21.6032,71.2221,16.11,0.3,Light Rain
INSAT3D_VIS_India/3DIMG_07NOV2019_1430_L1C_SGP_vis.tif,3DIMG_07NOV2019_1430_L1C_SGP_vis.tif,INSAT3D_VIS_India,2019-11-07 14:30:00,Gujarat,Anand,22.5645,72.9289,16.67,0.0,No Rain
INSAT3D_VIS_India/3DIMG_07NOV2019_1430_L1C_SGP_vis.tif,3DIMG_07NOV2019_1430_L1C_SGP_vis.tif,INSAT3D_VIS_India,2019-11-07 14:30:00,Gujarat,Aravalli,23.4619,73.3039,16.78,3.2,Light Rain
INSAT3D_VIS_India/3DIMG_07NOV2019_1430_L1C_SGP_vis.tif,3DIMG_07NOV2019_1430_L1C_SGP_vis.tif,INSAT3D_VIS_India,2019-11-07 14:30:00,Gujarat,Banaskantha,24.1724,72.4346,15.89,0.0,No Rain
INSAT3D_VIS_India/3DIMG_07NOV2019_1430_L1C_SGP_vis.tif,3DIMG_07NOV2019_1430_L1C_SGP_vis.tif,INSAT3D_VIS_India,2019-11-07 14:30:00,Gujarat,Bharuch,21.7051,72.9959,16.44,5.4,Light Rain
INSAT3D_VIS_India/3DIMG_07NOV2019_1430_L1C_SGP_vis.tif,3DIMG_07NOV2019_1430_L1C_SGP_vis.tif,INSAT3D_VIS_India,2019-11-07 14:30:00,Gujarat,Bhavnagar,21.7645,72.1519,16.67,2.5,Light Rain
INSAT3D_VIS_India/3DIMG_07NOV2019_1430_L1C_SGP_vis.tif,3DIMG_07NOV2019_1430_L1C_SGP_vis.tif,INSAT3D_VIS_India,2019-11-07 14:30:00,Gujarat,Botad,22.1704,71.6662,16.0,1.8,Light Rain
INSAT3D_VIS_India/3DIMG_07NOV2019_1430_L1C_SGP_vis.tif,3DIMG_07NOV2019_1430_L1C_SGP_vis.tif,INSAT3D_VIS_India,2019-11-07 14:30:00,Gujarat,Chhota Udepur,22.3108,74.0125,17.44,4.8,Light Rain
INSAT3D_VIS_India/3DIMG_07NOV2019_1430_L1C_SGP_vis.tif,3DIMG_07NOV2019_1430_L1C_SGP_vis.tif,INSAT3D_VIS_India,2019-11-07 14:30:00,Gujarat,Dahod,22.8347,74.2552,16.22,2.8,Light Rain
INSAT3D_VIS_India/3DIMG_07NOV2019_1430_L1C_SGP_vis.tif,3DIMG_07NOV2019_1430_L1C_SGP_vis.tif,INSAT3D_VIS_India,2019-11-07 14:30:00,Gujarat,Dang,20.7554,73.6873,17.11,0.0,No Rain
INSAT3D_VIS_India/3DIMG_07NOV2019_1430_L1C_SGP_vis.tif,3DIMG_07NOV2019_1430_L1C_SGP_vis.tif,INSAT3D_VIS_India,2019-11-07 14:30:00,Gujarat,Devbhumi Dwarka,22.2078,69.6582,16.22,2.6,Light Rain
INSAT3D_VIS_India/3DIMG_07NOV2019_1430_L1C_SGP_vis.tif,3DIMG_07NOV2019_1430_L1C_SGP_vis.tif,INSAT3D_VIS_India,2019-11-07 14:30:00,Gujarat,Gandhinagar,23.2156,72.6369,16.11,0.0,No Rain
INSAT3D_VIS_India/3DIMG_07NOV2019_1430_L1C_SGP_vis.tif,3DIMG_07NOV2019_1430_L1C_SGP_vis.tif,INSAT3D_VIS_India,2019-11-07 14:30:00,Gujarat,Gir Somnath,20.9042,70.3644,17.44,0.0,No Rain
INSAT3D_VIS_India/3DIMG_07NOV2019_1430_L1C_SGP_vis.tif,3DIMG_07NOV2019_1430_L1C_SGP_vis.tif,INSAT3D_VIS_India,2019-11-07 14:30:00,Gujarat,Jamnagar,22.4707,70.0577,15.89,3.2,Light Rain
INSAT3D_VIS_India/3DIMG_07NOV2019_1430_L1C_SGP_vis.tif,3DIMG_07NOV2019_1430_L1C_SGP_vis.tif,INSAT3D_VIS_India,2019-11-07 14:30:00,Gujarat,Junagadh,21.5222,70.4579,17.56,0.1,Light Rain
INSAT3D_VIS_India/3DIMG_07NOV2019_1430_L1C_SGP_vis.tif,3DIMG_07NOV2019_1430_L1C_SGP_vis.tif,INSAT3D_VIS_India,2019-11-07 14:30:00,Gujarat,Kheda,22.6916,72.8634,15.89,1.2,Light Rain
INSAT3D_VIS_India/3DIMG_07NOV2019_1430_L1C_SGP_vis.tif,3DIMG_07NOV2019_1430_L1C_SGP_vis.tif,INSAT3D_VIS_India,2019-11-07 14:30:00,Gujarat,Kutch (Bhuj),23.242,69.6669,16.44,0.6,Light Rain
INSAT3D_VIS_India/3DIMG_07NOV2019_1430_L1C_SGP_vis.tif,3DIMG_07NOV2019_1430_L1C_SGP_vis.tif,INSAT3D_VIS_India,2019-11-07 14:30:00,Gujarat,Mahisagar,23.1311,73.6009,15.44,0.2,Light Rain
INSAT3D_VIS_India/3DIMG_07NOV2019_1430_L1C_SGP_vis.tif,3DIMG_07NOV2019_1430_L1C_SGP_vis.tif,INSAT3D_VIS_India,2019-11-07 14:30:00,Gujarat,Mehsana,23.588,72.3693,16.22,5.8,Light Rain
INSAT3D_VIS_India/3DIMG_07NOV2019_1430_L1C_SGP_vis.tif,3DIMG_07NOV2019_1430_L1C_SGP_vis.tif,INSAT3D_VIS_India,2019-11-07 14:30:00,Gujarat,Morbi,22.8173,70.8368,17.11,0.0,No Rain
INSAT3D_VIS_India/3DIMG_07NOV2019_1430_L1C_SGP_vis.tif,3DIMG_07NOV2019_1430_L1C_SGP_vis.tif,INSAT3D_VIS_India,2019-11-07 14:30:00,Gujarat,Narmada,21.8719,73.5028,16.67,0.0,No Rain
INSAT3D_VIS_India/3DIMG_07NOV2019_1430_L1C_SGP_vis.tif,3DIMG_07NOV2019_1430_L1C_SGP_vis.tif,INSAT3D_VIS_India,2019-11-07 14:30:00,Gujarat,Navsari,20.9467,72.952,16.44,5.7,Light Rain
INSAT3D_VIS_India/3DIMG_07NOV2019_1430_L1C_SGP_vis.tif,3DIMG_07NOV2019_1430_L1C_SGP_vis.tif,INSAT3D_VIS_India,2019-11-07 14:30:00,Gujarat,Panchmahal,22.778,73.6143,17.11,1.4,Light Rain
INSAT3D_VIS_India/3DIMG_07NOV2019_1430_L1C_SGP_vis.tif,3DIMG_07NOV2019_1430_L1C_SGP_vis.tif,INSAT3D_VIS_India,2019-11-07 14:30:00,Gujarat,Patan,23.8493,72.1266,16.33,0.0,No Rain
INSAT3D_VIS_India/3DIMG_07NOV2019_1430_L1C_SGP_vis.tif,3DIMG_07NOV2019_1430_L1C_SGP_vis.tif,INSAT3D_VIS_India,2019-11-07 14:30:00,Gujarat,Porbandar,21.6417,69.6293,16.0,0.0,No Rain
INSAT3D_VIS_India/3DIMG_07NOV2019_1430_L1C_SGP_vis.tif,3DIMG_07NOV2019_1430_L1C_SGP_vis.tif,INSAT3D_VIS_India,2019-11-07 14:30:00,Gujarat,Rajkot,22.3039,70.8022,16.22,4.3,Light Rain
INSAT3D_VIS_India/3DIMG_07NOV2019_1430_L1C_SGP_vis.tif,3DIMG_07NOV2019_1430_L1C_SGP_vis.tif,INSAT3D_VIS_India,2019-11-07 14:30:00,Gujarat,Sabarkantha,23.5977,72.9688,16.44,1.9,Light Rain
INSAT3D_VIS_India/3DIMG_07NOV2019_1430_L1C_SGP_vis.tif,3DIMG_07NOV2019_1430_L1C_SGP_vis.tif,INSAT3D_VIS_India,2019-11-07 14:30:00,Gujarat,Surat,21.1702,72.8311,15.78,0.0,No Rain
INSAT3D_VIS_India/3DIMG_07NOV2019_1430_L1C_SGP_vis.tif,3DIMG_07NOV2019_1430_L1C_SGP_vis.tif,INSAT3D_VIS_India,2019-11-07 14:30:00,Gujarat,Surendranagar,22.7274,71.637,16.89,2.8,Light Rain
INSAT3D_VIS_India/3DIMG_07NOV2019_1430_L1C_SGP_vis.tif,3DIMG_07NOV2019_1430_L1C_SGP_vis.tif,INSAT3D_VIS_India,2019-11-07 14:30:00,Gujarat,Tapi,21.1147,73.3986,16.33,2.8,Light Rain
INSAT3D_VIS_India/3DIMG_07NOV2019_1430_L1C_SGP_vis.tif,3DIMG_07NOV2019_1430_L1C_SGP_vis.tif,INSAT3D_VIS_India,2019-11-07 14:30:00,Gujarat,Vadodara,22.3072,73.1812,16.44,0.0,No Rain
INSAT3D_VIS_India/3DIMG_07NOV2019_1430_L1C_SGP_vis.tif,3DIMG_07NOV2019_1430_L1C_SGP_vis.tif,INSAT3D_VIS_India,2019-11-07 14:30:00,Gujarat,Valsad,20.5992,72.9342,18.33,4.3,Light Rain
INSAT3D_VIS_India/3DIMG_07NOV2019_1500_L1C_SGP_vis.tif,3DIMG_07NOV2019_1500_L1C_SGP_vis.tif,INSAT3D_VIS_India,2019-11-07 15:00:00,Gujarat,Ahmedabad,23.0225,72.5714,16.56,0.0,No Rain
INSAT3D_VIS_India/3DIMG_07NOV2019_1500_L1C_SGP_vis.tif,3DIMG_07NOV2019_1500_L1C_SGP_vis.tif,INSAT3D_VIS_India,2019-11-07 15:00:00,Gujarat,Amreli,21.6032,71.2221,16.22,2.3,Light Rain
INSAT3D_VIS_India/3DIMG_07NOV2019_1500_L1C_SGP_vis.tif,3DIMG_07NOV2019_1500_L1C_SGP_vis.tif,INSAT3D_VIS_India,2019-11-07 15:00:00,Gujarat,Anand,22.5645,72.9289,15.78,0.0,No Rain
INSAT3D_VIS_India/3DIMG_07NOV2019_1500_L1C_SGP_vis.tif,3DIMG_07NOV2019_1500_L1C_SGP_vis.tif,INSAT3D_VIS_India,2019-11-07 15:00:00,Gujarat,Aravalli,23.4619,73.3039,16.22,0.0,No Rain
INSAT3D_VIS_India/3DIMG_07NOV2019_1500_L1C_SGP_vis.tif,3DIMG_07NOV2019_1500_L1C_SGP_vis.tif,INSAT3D_VIS_India,2019-11-07 15:00:00,Gujarat,Banaskantha,24.1724,72.4346,16.44,0.0,No Rain
INSAT3D_VIS_India/3DIMG_07NOV2019_1500_L1C_SGP_vis.tif,3DIMG_07NOV2019_1500_L1C_SGP_vis.tif,INSAT3D_VIS_India,2019-11-07 15:00:00,Gujarat,Bharuch,21.7051,72.9959,15.89,2.9,Light Rain
INSAT3D_VIS_India/3DIMG_07NOV2019_1500_L1C_SGP_vis.tif,3DIMG_07NOV2019_1500_L1C_SGP_vis.tif,INSAT3D_VIS_India,2019-11-07 15:00:00,Gujarat,Bhavnagar,21.7645,72.1519,16.33,1.0,Light Rain
INSAT3D_VIS_India/3DIMG_07NOV2019_1500_L1C_SGP_vis.tif,3DIMG_07NOV2019_1500_L1C_SGP_vis.tif,INSAT3D_VIS_India,2019-11-07 15:00:00,Gujarat,Botad,22.1704,71.6662,16.56,2.5,Light Rain
INSAT3D_VIS_India/3DIMG_07NOV2019_1500_L1C_SGP_vis.tif,3DIMG_07NOV2019_1500_L1C_SGP_vis.tif,INSAT3D_VIS_India,2019-11-07 15:00:00,Gujarat,Chhota Udepur,22.3108,74.0125,15.89,0.0,No Rain
INSAT3D_VIS_India/3DIMG_07NOV2019_1500_L1C_SGP_vis.tif,3DIMG_07NOV2019_1500_L1C_SGP_vis.tif,INSAT3D_VIS_India,2019-11-07 15:00:00,Gujarat,Dahod,22.8347,74.2552,16.89,0.0,No Rain
INSAT3D_VIS_India/3DIMG_07NOV2019_1500_L1C_SGP_vis.tif,3DIMG_07NOV2019_1500_L1C_SGP_vis.tif,INSAT3D_VIS_India,2019-11-07 15:00:00,Gujarat,Dang,20.7554,73.6873,16.11,0.0,No Rain
INSAT3D_VIS_India/3DIMG_07NOV2019_1500_L1C_SGP_vis.tif,3DIMG_07NOV2019_1500_L1C_SGP_vis.tif,INSAT3D_VIS_India,2019-11-07 15:00:00,Gujarat,Devbhumi Dwarka,22.2078,69.6582,16.11,0.0,No Rain
INSAT3D_VIS_India/3DIMG_07NOV2019_1500_L1C_SGP_vis.tif,3DIMG_07NOV2019_1500_L1C_SGP_vis.tif,INSAT3D_VIS_India,2019-11-07 15:00:00,Gujarat,Gandhinagar,23.2156,72.6369,16.11,4.0,Light Rain
INSAT3D_VIS_India/3DIMG_07NOV2019_1500_L1C_SGP_vis.tif,3DIMG_07NOV2019_1500_L1C_SGP_vis.tif,INSAT3D_VIS_India,2019-11-07 15:00:00,Gujarat,Gir Somnath,20.9042,70.3644,16.33,1.0,Light Rain
INSAT3D_VIS_India/3DIMG_07NOV2019_1500_L1C_SGP_vis.tif,3DIMG_07NOV2019_1500_L1C_SGP_vis.tif,INSAT3D_VIS_India,2019-11-07 15:00:00,Gujarat,Jamnagar,22.4707,70.0577,16.22,0.4,Light Rain
INSAT3D_VIS_India/3DIMG_07NOV2019_1500_L1C_SGP_vis.tif,3DIMG_07NOV2019_1500_L1C_SGP_vis.tif,INSAT3D_VIS_India,2019-11-07 15:00:00,Gujarat,Junagadh,21.5222,70.4579,15.89,5.9,Light Rain
INSAT3D_VIS_India/3DIMG_07NOV2019_1500_L1C_SGP_vis.tif,3DIMG_07NOV2019_1500_L1C_SGP_vis.tif,INSAT3D_VIS_India,2019-11-07 15:00:00,Gujarat,Kheda,22.6916,72.8634,15.44,0.0,No Rain
INSAT3D_VIS_India/3DIMG_07NOV2019_1500_L1C_SGP_vis.tif,3DIMG_07NOV2019_1500_L1C_SGP_vis.tif,INSAT3D_VIS_India,2019-11-07 15:00:00,Gujarat,Kutch (Bhuj),23.242,69.6669,15.56,0.0,No Rain
INSAT3D_VIS_India/3DIMG_07NOV2019_1500_L1C_SGP_vis.tif,3DIMG_07NOV2019_1500_L1C_SGP_vis.tif,INSAT3D_VIS_India,2019-11-07 15:00:00,Gujarat,Mahisagar,23.1311,73.6009,16.56,0.3,Light Rain
INSAT3D_VIS_India/3DIMG_07NOV2019_1500_L1C_SGP_vis.tif,3DIMG_07NOV2019_1500_L1C_SGP_vis.tif,INSAT3D_VIS_India,2019-11-07 15:00:00,Gujarat,Mehsana,23.588,72.3693,17.44,0.0,No Rain
INSAT3D_VIS_India/3DIMG_07NOV2019_1500_L1C_SGP_vis.tif,3DIMG_07NOV2019_1500_L1C_SGP_vis.tif,INSAT3D_VIS_India,2019-11-07 15:00:00,Gujarat,Morbi,22.8173,70.8368,16.78,4.3,Light Rain
INSAT3D_VIS_India/3DIMG_07NOV2019_1500_L1C_SGP_vis.tif,3DIMG_07NOV2019_1500_L1C_SGP_vis.tif,INSAT3D_VIS_India,2019-11-07 15:00:00,Gujarat,Narmada,21.8719,73.5028,15.56,4.8,Light Rain
INSAT3D_VIS_India/3DIMG_07NOV2019_1500_L1C_SGP_vis.tif,3DIMG_07NOV2019_1500_L1C_SGP_vis.tif,INSAT3D_VIS_India,2019-11-07 15:00:00,Gujarat,Navsari,20.9467,72.952,16.56,5.6,Light Rain
INSAT3D_VIS_India/3DIMG_07NOV2019_1500_L1C_SGP_vis.tif,3DIMG_07NOV2019_1500_L1C_SGP_vis.tif,INSAT3D_VIS_India,2019-11-07 15:00:00,Gujarat,Panchmahal,22.778,73.6143,16.89,5.5,Light Rain
INSAT3D_VIS_India/3DIMG_07NOV2019_1500_L1C_SGP_vis.tif,3DIMG_07NOV2019_1500_L1C_SGP_vis.tif,INSAT3D_VIS_India,2019-11-07 15:00:00,Gujarat,Patan,23.8493,72.1266,15.67,0.0,No Rain
INSAT3D_VIS_India/3DIMG_07NOV2019_1500_L1C_SGP_vis.tif,3DIMG_07NOV2019_1500_L1C_SGP_vis.tif,INSAT3D_VIS_India,2019-11-07 15:00:00,Gujarat,Porbandar,21.6417,69.6293,15.11,5.7,Light Rain
INSAT3D_VIS_India/3DIMG_07NOV2019_1500_L1C_SGP_vis.tif,3DIMG_07NOV2019_1500_L1C_SGP_vis.tif,INSAT3D_VIS_India,2019-11-07 15:00:00,Gujarat,Rajkot,22.3039,70.8022,16.56,3.9,Light Rain
INSAT3D_VIS_India/3DIMG_07NOV2019_1500_L1C_SGP_vis.tif,3DIMG_07NOV2019_1500_L1C_SGP_vis.tif,INSAT3D_VIS_India,2019-11-07 15:00:00,Gujarat,Sabarkantha,23.5977,72.9688,16.33,0.0,No Rain
INSAT3D_VIS_India/3DIMG_07NOV2019_1500_L1C_SGP_vis.tif,3DIMG_07NOV2019_1500_L1C_SGP_vis.tif,INSAT3D_VIS_India,2019-11-07 15:00:00,Gujarat,Surat,21.1702,72.8311,16.33,0.0,No Rain
INSAT3D_VIS_India/3DIMG_07NOV2019_1500_L1C_SGP_vis.tif,3DIMG_07NOV2019_1500_L1C_SGP_vis.tif,INSAT3D_VIS_India,2019-11-07 15:00:00,Gujarat,Surendranagar,22.7274,71.637,17.11,4.1,Light Rain
INSAT3D_VIS_India/3DIMG_07NOV2019_1500_L1C_SGP_vis.tif,3DIMG_07NOV2019_1500_L1C_SGP_vis.tif,INSAT3D_VIS_India,2019-11-07 15:00:00,Gujarat,Tapi,21.1147,73.3986,17.67,5.3,Light Rain
INSAT3D_VIS_India/3DIMG_07NOV2019_1500_L1C_SGP_vis.tif,3DIMG_07NOV2019_1500_L1C_SGP_vis.tif,INSAT3D_VIS_India,2019-11-07 15:00:00,Gujarat,Vadodara,22.3072,73.1812,17.0,1.7,Light Rain
INSAT3D_VIS_India/3DIMG_07NOV2019_1500_L1C_SGP_vis.tif,3DIMG_07NOV2019_1500_L1C_SGP_vis.tif,INSAT3D_VIS_India,2019-11-07 15:00:00,Gujarat,Valsad,20.5992,72.9342,16.44,5.2,Light Rain
INSAT3D_VIS_India/3DIMG_07NOV2019_1530_L1C_SGP_vis.tif,3DIMG_07NOV2019_1530_L1C_SGP_vis.tif,INSAT3D_VIS_India,2019-11-07 15:30:00,Gujarat,Ahmedabad,23.0225,72.5714,16.67,5.2,Light Rain
INSAT3D_VIS_India/3DIMG_07NOV2019_1530_L1C_SGP_vis.tif,3DIMG_07NOV2019_1530_L1C_SGP_vis.tif,INSAT3D_VIS_India,2019-11-07 15:30:00,Gujarat,Amreli,21.6032,71.2221,17.44,5.1,Light Rain
INSAT3D_VIS_India/3DIMG_07NOV2019_1530_L1C_SGP_vis.tif,3DIMG_07NOV2019_1530_L1C_SGP_vis.tif,INSAT3D_VIS_India,2019-11-07 15:30:00,Gujarat,Anand,22.5645,72.9289,16.33,0.0,No Rain
INSAT3D_VIS_India/3DIMG_07NOV2019_1530_L1C_SGP_vis.tif,3DIMG_07NOV2019_1530_L1C_SGP_vis.tif,INSAT3D_VIS_India,2019-11-07 15:30:00,Gujarat,Aravalli,23.4619,73.3039,17.11,4.7,Light Rain
INSAT3D_VIS_India/3DIMG_07NOV2019_1530_L1C_SGP_vis.tif,3DIMG_07NOV2019_1530_L1C_SGP_vis.tif,INSAT3D_VIS_India,2019-11-07 15:30:00,Gujarat,Banaskantha,24.1724,72.4346,15.78,0.0,No Rain
INSAT3D_VIS_India/3DIMG_07NOV2019_1530_L1C_SGP_vis.tif,3DIMG_07NOV2019_1530_L1C_SGP_vis.tif,INSAT3D_VIS_India,2019-11-07 15:30:00,Gujarat,Bharuch,21.7051,72.9959,16.0,0.0,No Rain
INSAT3D_VIS_India/3DIMG_07NOV2019_1530_L1C_SGP_vis.tif,3DIMG_07NOV2019_1530_L1C_SGP_vis.tif,INSAT3D_VIS_India,2019-11-07 15:30:00,Gujarat,Bhavnagar,21.7645,72.1519,17.44,2.0,Light Rain
INSAT3D_VIS_India/3DIMG_07NOV2019_1530_L1C_SGP_vis.tif,3DIMG_07NOV2019_1530_L1C_SGP_vis.tif,INSAT3D_VIS_India,2019-11-07 15:30:00,Gujarat,Botad,22.1704,71.6662,17.89,1.3,Light Rain
INSAT3D_VIS_India/3DIMG_07NOV2019_1530_L1C_SGP_vis.tif,3DIMG_07NOV2019_1530_L1C_SGP_vis.tif,INSAT3D_VIS_India,2019-11-07 15:30:00,Gujarat,Chhota Udepur,22.3108,74.0125,16.89,3.6,Light Rain
INSAT3D_VIS_India/3DIMG_07NOV2019_1530_L1C_SGP_vis.tif,3DIMG_07NOV2019_1530_L1C_SGP_vis.tif,INSAT3D_VIS_India,2019-11-07 15:30:00,Gujarat,Dahod,22.8347,74.2552,16.67,3.9,Light Rain
INSAT3D_VIS_India/3DIMG_07NOV2019_1530_L1C_SGP_vis.tif,3DIMG_07NOV2019_1530_L1C_SGP_vis.tif,INSAT3D_VIS_India,2019-11-07 15:30:00,Gujarat,Dang,20.7554,73.6873,17.44,0.0,No Rain
INSAT3D_VIS_India/3DIMG_07NOV2019_1530_L1C_SGP_vis.tif,3DIMG_07NOV2019_1530_L1C_SGP_vis.tif,INSAT3D_VIS_India,2019-11-07 15:30:00,Gujarat,Devbhumi Dwarka,22.2078,69.6582,15.89,4.4,Light Rain
INSAT3D_VIS_India/3DIMG_07NOV2019_1530_L1C_SGP_vis.tif,3DIMG_07NOV2019_1530_L1C_SGP_vis.tif,INSAT3D_VIS_India,2019-11-07 15:30:00,Gujarat,Gandhinagar,23.2156,72.6369,16.44,0.0,No Rain
INSAT3D_VIS_India/3DIMG_07NOV2019_1530_L1C_SGP_vis.tif,3DIMG_07NOV2019_1530_L1C_SGP_vis.tif,INSAT3D_VIS_India,2019-11-07 15:30:00,Gujarat,Gir Somnath,20.9042,70.3644,16.78,0.0,No Rain
INSAT3D_VIS_India/3DIMG_07NOV2019_1530_L1C_SGP_vis.tif,3DIMG_07NOV2019_1530_L1C_SGP_vis.tif,INSAT3D_VIS_India,2019-11-07 15:30:00,Gujarat,Jamnagar,22.4707,70.0577,17.44,0.0,No Rain
INSAT3D_VIS_India/3DIMG_07NOV2019_1530_L1C_SGP_vis.tif,3DIMG_07NOV2019_1530_L1C_SGP_vis.tif,INSAT3D_VIS_India,2019-11-07 15:30:00,Gujarat,Junagadh,21.5222,70.4579,17.11,0.7,Light Rain
INSAT3D_VIS_India/3DIMG_07NOV2019_1530_L1C_SGP_vis.tif,3DIMG_07NOV2019_1530_L1C_SGP_vis.tif,INSAT3D_VIS_India,2019-11-07 15:30:00,Gujarat,Kheda,22.6916,72.8634,16.78,0.0,No Rain
INSAT3D_VIS_India/3DIMG_07NOV2019_1530_L1C_SGP_vis.tif,3DIMG_07NOV2019_1530_L1C_SGP_vis.tif,INSAT3D_VIS_India,2019-11-07 15:30:00,Gujarat,Kutch (Bhuj),23.242,69.6669,16.44,0.0,No Rain
INSAT3D_VIS_India/3DIMG_07NOV2019_1530_L1C_SGP_vis.tif,3DIMG_07NOV2019_1530_L1C_SGP_vis.tif,INSAT3D_VIS_India,2019-11-07 15:30:00,Gujarat,Mahisagar,23.1311,73.6009,17.11,1.3,Light Rain
INSAT3D_VIS_India/3DIMG_07NOV2019_1530_L1C_SGP_vis.tif,3DIMG_07NOV2019_1530_L1C_SGP_vis.tif,INSAT3D_VIS_India,2019-11-07 15:30:00,Gujarat,Mehsana,23.588,72.3693,16.44,2.1,Light Rain
INSAT3D_VIS_India/3DIMG_07NOV2019_1530_L1C_SGP_vis.tif,3DIMG_07NOV2019_1530_L1C_SGP_vis.tif,INSAT3D_VIS_India,2019-11-07 15:30:00,Gujarat,Morbi,22.8173,70.8368,17.44,0.7,Light Rain
INSAT3D_VIS_India/3DIMG_07NOV2019_1530_L1C_SGP_vis.tif,3DIMG_07NOV2019_1530_L1C_SGP_vis.tif,INSAT3D_VIS_India,2019-11-07 15:30:00,Gujarat,Narmada,21.8719,73.5028,16.67,3.9,Light Rain
INSAT3D_VIS_India/3DIMG_07NOV2019_1530_L1C_SGP_vis.tif,3DIMG_07NOV2019_1530_L1C_SGP_vis.tif,INSAT3D_VIS_India,2019-11-07 15:30:00,Gujarat,Navsari,20.9467,72.952,16.67,0.0,No Rain
INSAT3D_VIS_India/3DIMG_07NOV2019_1530_L1C_SGP_vis.tif,3DIMG_07NOV2019_1530_L1C_SGP_vis.tif,INSAT3D_VIS_India,2019-11-07 15:30:00,Gujarat,Panchmahal,22.778,73.6143,16.11,1.8,Light Rain
INSAT3D_VIS_India/3DIMG_07NOV2019_1530_L1C_SGP_vis.tif,3DIMG_07NOV2019_1530_L1C_SGP_vis.tif,INSAT3D_VIS_India,2019-11-07 15:30:00,Gujarat,Patan,23.8493,72.1266,16.33,0.0,No Rain
INSAT3D_VIS_India/3DIMG_07NOV2019_1530_L1C_SGP_vis.tif,3DIMG_07NOV2019_1530_L1C_SGP_vis.tif,INSAT3D_VIS_India,2019-11-07 15:30:00,Gujarat,Porbandar,21.6417,69.6293,16.22,4.9,Light Rain
INSAT3D_VIS_India/3DIMG_07NOV2019_1530_L1C_SGP_vis.tif,3DIMG_07NOV2019_1530_L1C_SGP_vis.tif,INSAT3D_VIS_India,2019-11-07 15:30:00,Gujarat,Rajkot,22.3039,70.8022,16.67,0.0,No Rain
INSAT3D_VIS_India/3DIMG_07NOV2019_1530_L1C_SGP_vis.tif,3DIMG_07NOV2019_1530_L1C_SGP_vis.tif,INSAT3D_VIS_India,2019-11-07 15:30:00,Gujarat,Sabarkantha,23.5977,72.9688,16.78,1.5,Light Rain
INSAT3D_VIS_India/3DIMG_07NOV2019_1530_L1C_SGP_vis.tif,3DIMG_07NOV2019_1530_L1C_SGP_vis.tif,INSAT3D_VIS_India,2019-11-07 15:30:00,Gujarat,Surat,21.1702,72.8311,16.67,1.3,Light Rain
INSAT3D_VIS_India/3DIMG_07NOV2019_1530_L1C_SGP_vis.tif,3DIMG_07NOV2019_1530_L1C_SGP_vis.tif,INSAT3D_VIS_India,2019-11-07 15:30:00,Gujarat,Surendranagar,22.7274,71.637,17.33,4.4,Light Rain
INSAT3D_VIS_India/3DIMG_07NOV2019_1530_L1C_SGP_vis.tif,3DIMG_07NOV2019_1530_L1C_SGP_vis.tif,INSAT3D_VIS_India,2019-11-07 15:30:00,Gujarat,Tapi,21.1147,73.3986,18.0,5.0,Light Rain
INSAT3D_VIS_India/3DIMG_07NOV2019_1530_L1C_SGP_vis.tif,3DIMG_07NOV2019_1530_L1C_SGP_vis.tif,INSAT3D_VIS_India,2019-11-07 15:30:00,Gujarat,Vadodara,22.3072,73.1812,17.44,2.3,Light Rain
INSAT3D_VIS_India/3DIMG_07NOV2019_1530_L1C_SGP_vis.tif,3DIMG_07NOV2019_1530_L1C_SGP_vis.tif,INSAT3D_VIS_India,2019-11-07 15:30:00,Gujarat,Valsad,20.5992,72.9342,18.0,0.4,Light Rain
INSAT3D_VIS_India/3DIMG_07NOV2019_1600_L1C_SGP_vis.tif,3DIMG_07NOV2019_1600_L1C_SGP_vis.tif,INSAT3D_VIS_India,2019-11-07 16:00:00,Gujarat,Ahmedabad,23.0225,72.5714,17.44,0.6,Light Rain
INSAT3D_VIS_India/3DIMG_07NOV2019_1600_L1C_SGP_vis.tif,3DIMG_07NOV2019_1600_L1C_SGP_vis.tif,INSAT3D_VIS_India,2019-11-07 16:00:00,Gujarat,Amreli,21.6032,71.2221,18.89,0.0,No Rain
INSAT3D_VIS_India/3DIMG_07NOV2019_1600_L1C_SGP_vis.tif,3DIMG_07NOV2019_1600_L1C_SGP_vis.tif,INSAT3D_VIS_India,2019-11-07 16:00:00,Gujarat,Anand,22.5645,72.9289,19.22,5.2,Light Rain
INSAT3D_VIS_India/3DIMG_07NOV2019_1600_L1C_SGP_vis.tif,3DIMG_07NOV2019_1600_L1C_SGP_vis.tif,INSAT3D_VIS_India,2019-11-07 16:00:00,Gujarat,Aravalli,23.4619,73.3039,17.22,2.1,Light Rain
INSAT3D_VIS_India/3DIMG_07NOV2019_1600_L1C_SGP_vis.tif,3DIMG_07NOV2019_1600_L1C_SGP_vis.tif,INSAT3D_VIS_India,2019-11-07 16:00:00,Gujarat,Banaskantha,24.1724,72.4346,18.11,0.0,No Rain
INSAT3D_VIS_India/3DIMG_07NOV2019_1600_L1C_SGP_vis.tif,3DIMG_07NOV2019_1600_L1C_SGP_vis.tif,INSAT3D_VIS_India,2019-11-07 16:00:00,Gujarat,Bharuch,21.7051,72.9959,17.89,3.2,Light Rain
INSAT3D_VIS_India/3DIMG_07NOV2019_1600_L1C_SGP_vis.tif,3DIMG_07NOV2019_1600_L1C_SGP_vis.tif,INSAT3D_VIS_India,2019-11-07 16:00:00,Gujarat,Bhavnagar,21.7645,72.1519,19.44,1.8,Light Rain
INSAT3D_VIS_India/3DIMG_07NOV2019_1600_L1C_SGP_vis.tif,3DIMG_07NOV2019_1600_L1C_SGP_vis.tif,INSAT3D_VIS_India,2019-11-07 16:00:00,Gujarat,Botad,22.1704,71.6662,19.0,5.6,Light Rain
INSAT3D_VIS_India/3DIMG_07NOV2019_1600_L1C_SGP_vis.tif,3DIMG_07NOV2019_1600_L1C_SGP_vis.tif,INSAT3D_VIS_India,2019-11-07 16:00:00,Gujarat,Chhota Udepur,22.3108,74.0125,18.11,0.0,No Rain
INSAT3D_VIS_India/3DIMG_07NOV2019_1600_L1C_SGP_vis.tif,3DIMG_07NOV2019_1600_L1C_SGP_vis.tif,INSAT3D_VIS_India,2019-11-07 16:00:00,Gujarat,Dahod,22.8347,74.2552,18.0,0.3,Light Rain
INSAT3D_VIS_India/3DIMG_07NOV2019_1600_L1C_SGP_vis.tif,3DIMG_07NOV2019_1600_L1C_SGP_vis.tif,INSAT3D_VIS_India,2019-11-07 16:00:00,Gujarat,Dang,20.7554,73.6873,18.78,0.0,No Rain
INSAT3D_VIS_India/3DIMG_07NOV2019_1600_L1C_SGP_vis.tif,3DIMG_07NOV2019_1600_L1C_SGP_vis.tif,INSAT3D_VIS_India,2019-11-07 16:00:00,Gujarat,Devbhumi Dwarka,22.2078,69.6582,19.33,0.0,No Rain
INSAT3D_VIS_India/3DIMG_07NOV2019_1600_L1C_SGP_vis.tif,3DIMG_07NOV2019_1600_L1C_SGP_vis.tif,INSAT3D_VIS_India,2019-11-07 16:00:00,Gujarat,Gandhinagar,23.2156,72.6369,18.67,1.6,Light Rain
INSAT3D_VIS_India/3DIMG_07NOV2019_1600_L1C_SGP_vis.tif,3DIMG_07NOV2019_1600_L1C_SGP_vis.tif,INSAT3D_VIS_India,2019-11-07 16:00:00,Gujarat,Gir Somnath,20.9042,70.3644,18.89,3.2,Light Rain
INSAT3D_VIS_India/3DIMG_07NOV2019_1600_L1C_SGP_vis.tif,3DIMG_07NOV2019_1600_L1C_SGP_vis.tif,INSAT3D_VIS_India,2019-11-07 16:00:00,Gujarat,Jamnagar,22.4707,70.0577,18.44,0.9,Light Rain
INSAT3D_VIS_India/3DIMG_07NOV2019_1600_L1C_SGP_vis.tif,3DIMG_07NOV2019_1600_L1C_SGP_vis.tif,INSAT3D_VIS_India,2019-11-07 16:00:00,Gujarat,Junagadh,21.5222,70.4579,19.33,4.6,Light Rain
INSAT3D_VIS_India/3DIMG_07NOV2019_1600_L1C_SGP_vis.tif,3DIMG_07NOV2019_1600_L1C_SGP_vis.tif,INSAT3D_VIS_India,2019-11-07 16:00:00,Gujarat,Kheda,22.6916,72.8634,18.33,3.8,Light Rain
INSAT3D_VIS_India/3DIMG_07NOV2019_1600_L1C_SGP_vis.tif,3DIMG_07NOV2019_1600_L1C_SGP_vis.tif,INSAT3D_VIS_India,2019-11-07 16:00:00,Gujarat,Kutch (Bhuj),23.242,69.6669,18.44,3.0,Light Rain
INSAT3D_VIS_India/3DIMG_07NOV2019_1600_L1C_SGP_vis.tif,3DIMG_07NOV2019_1600_L1C_SGP_vis.tif,INSAT3D_VIS_India,2019-11-07 16:00:00,Gujarat,Mahisagar,23.1311,73.6009,18.33,0.0,No Rain
INSAT3D_VIS_India/3DIMG_07NOV2019_1600_L1C_SGP_vis.tif,3DIMG_07NOV2019_1600_L1C_SGP_vis.tif,INSAT3D_VIS_India,2019-11-07 16:00:00,Gujarat,Mehsana,23.588,72.3693,19.0,3.9,Light Rain
INSAT3D_VIS_India/3DIMG_07NOV2019_1600_L1C_SGP_vis.tif,3DIMG_07NOV2019_1600_L1C_SGP_vis.tif,INSAT3D_VIS_India,2019-11-07 16:00:00,Gujarat,Morbi,22.8173,70.8368,19.67,5.2,Light Rain
INSAT3D_VIS_India/3DIMG_07NOV2019_1600_L1C_SGP_vis.tif,3DIMG_07NOV2019_1600_L1C_SGP_vis.tif,INSAT3D_VIS_India,2019-11-07 16:00:00,Gujarat,Narmada,21.8719,73.5028,17.78,4.8,Light Rain
INSAT3D_VIS_India/3DIMG_07NOV2019_1600_L1C_SGP_vis.tif,3DIMG_07NOV2019_1600_L1C_SGP_vis.tif,INSAT3D_VIS_India,2019-11-07 16:00:00,Gujarat,Navsari,20.9467,72.952,18.67,0.1,Light Rain
INSAT3D_VIS_India/3DIMG_07NOV2019_1600_L1C_SGP_vis.tif,3DIMG_07NOV2019_1600_L1C_SGP_vis.tif,INSAT3D_VIS_India,2019-11-07 16:00:00,Gujarat,Panchmahal,22.778,73.6143,17.56,0.0,No Rain
INSAT3D_VIS_India/3DIMG_07NOV2019_1600_L1C_SGP_vis.tif,3DIMG_07NOV2019_1600_L1C_SGP_vis.tif,INSAT3D_VIS_India,2019-11-07 16:00:00,Gujarat,Patan,23.8493,72.1266,17.78,1.0,Light Rain
INSAT3D_VIS_India/3DIMG_07NOV2019_1600_L1C_SGP_vis.tif,3DIMG_07NOV2019_1600_L1C_SGP_vis.tif,INSAT3D_VIS_India,2019-11-07 16:00:00,Gujarat,Porbandar,21.6417,69.6293,18.56,5.8,Light Rain
INSAT3D_VIS_India/3DIMG_07NOV2019_1600_L1C_SGP_vis.tif,3DIMG_07NOV2019_1600_L1C_SGP_vis.tif,INSAT3D_VIS_India,2019-11-07 16:00:00,Gujarat,Rajkot,22.3039,70.8022,18.33,4.5,Light Rain
INSAT3D_VIS_India/3DIMG_07NOV2019_1600_L1C_SGP_vis.tif,3DIMG_07NOV2019_1600_L1C_SGP_vis.tif,INSAT3D_VIS_India,2019-11-07 16:00:00,Gujarat,Sabarkantha,23.5977,72.9688,18.78,2.9,Light Rain
INSAT3D_VIS_India/3DIMG_07NOV2019_1600_L1C_SGP_vis.tif,3DIMG_07NOV2019_1600_L1C_SGP_vis.tif,INSAT3D_VIS_India,2019-11-07 16:00:00,Gujarat,Surat,21.1702,72.8311,18.11,1.5,Light Rain
INSAT3D_VIS_India/3DIMG_07NOV2019_1600_L1C_SGP_vis.tif,3DIMG_07NOV2019_1600_L1C_SGP_vis.tif,INSAT3D_VIS_India,2019-11-07 16:00:00,Gujarat,Surendranagar,22.7274,71.637,18.44,0.0,No Rain
INSAT3D_VIS_India/3DIMG_07NOV2019_1600_L1C_SGP_vis.tif,3DIMG_07NOV2019_1600_L1C_SGP_vis.tif,INSAT3D_VIS_India,2019-11-07 16:00:00,Gujarat,Tapi,21.1147,73.3986,19.33,2.1,Light Rain
INSAT3D_VIS_India/3DIMG_07NOV2019_1600_L1C_SGP_vis.tif,3DIMG_07NOV2019_1600_L1C_SGP_vis.tif,INSAT3D_VIS_India,2019-11-07 16:00:00,Gujarat,Vadodara,22.3072,73.1812,17.78,0.0,No Rain
INSAT3D_VIS_India/3DIMG_07NOV2019_1600_L1C_SGP_vis.tif,3DIMG_07NOV2019_1600_L1C_SGP_vis.tif,INSAT3D_VIS_India,2019-11-07 16:00:00,Gujarat,Valsad,20.5992,72.9342,20.0,0.0,No Rain
INSAT3D_VIS_India/3DIMG_07NOV2019_1630_L1C_SGP_vis.tif,3DIMG_07NOV2019_1630_L1C_SGP_vis.tif,INSAT3D_VIS_India,2019-11-07 16:30:00,Gujarat,Ahmedabad,23.0225,72.5714,20.56,2.5,Light Rain
INSAT3D_VIS_India/3DIMG_07NOV2019_1630_L1C_SGP_vis.tif,3DIMG_07NOV2019_1630_L1C_SGP_vis.tif,INSAT3D_VIS_India,2019-11-07 16:30:00,Gujarat,Amreli,21.6032,71.2221,20.67,0.0,No Rain
INSAT3D_VIS_India/3DIMG_07NOV2019_1630_L1C_SGP_vis.tif,3DIMG_07NOV2019_1630_L1C_SGP_vis.tif,INSAT3D_VIS_India,2019-11-07 16:30:00,Gujarat,Anand,22.5645,72.9289,21.33,0.0,No Rain
INSAT3D_VIS_India/3DIMG_07NOV2019_1630_L1C_SGP_vis.tif,3DIMG_07NOV2019_1630_L1C_SGP_vis.tif,INSAT3D_VIS_India,2019-11-07 16:30:00,Gujarat,Aravalli,23.4619,73.3039,22.11,0.0,No Rain
INSAT3D_VIS_India/3DIMG_07NOV2019_1630_L1C_SGP_vis.tif,3DIMG_07NOV2019_1630_L1C_SGP_vis.tif,INSAT3D_VIS_India,2019-11-07 16:30:00,Gujarat,Banaskantha,24.1724,72.4346,19.89,3.5,Light Rain
INSAT3D_VIS_India/3DIMG_07NOV2019_1630_L1C_SGP_vis.tif,3DIMG_07NOV2019_1630_L1C_SGP_vis.tif,INSAT3D_VIS_India,2019-11-07 16:30:00,Gujarat,Bharuch,21.7051,72.9959,22.67,2.4,Light Rain
INSAT3D_VIS_India/3DIMG_07NOV2019_1630_L1C_SGP_vis.tif,3DIMG_07NOV2019_1630_L1C_SGP_vis.tif,INSAT3D_VIS_India,2019-11-07 16:30:00,Gujarat,Bhavnagar,21.7645,72.1519,21.89,4.4,Light Rain
INSAT3D_VIS_India/3DIMG_07NOV2019_1630_L1C_SGP_vis.tif,3DIMG_07NOV2019_1630_L1C_SGP_vis.tif,INSAT3D_VIS_India,2019-11-07 16:30:00,Gujarat,Botad,22.1704,71.6662,20.89,1.1,Light Rain
INSAT3D_VIS_India/3DIMG_07NOV2019_1630_L1C_SGP_vis.tif,3DIMG_07NOV2019_1630_L1C_SGP_vis.tif,INSAT3D_VIS_India,2019-11-07 16:30:00,Gujarat,Chhota Udepur,22.3108,74.0125,22.33,4.6,Light Rain
INSAT3D_VIS_India/3DIMG_07NOV2019_1630_L1C_SGP_vis.tif,3DIMG_07NOV2019_1630_L1C_SGP_vis.tif,INSAT3D_VIS_India,2019-11-07 16:30:00,Gujarat,Dahod,22.8347,74.2552,20.67,2.8,Light Rain
INSAT3D_VIS_India/3DIMG_07NOV2019_1630_L1C_SGP_vis.tif,3DIMG_07NOV2019_1630_L1C_SGP_vis.tif,INSAT3D_VIS_India,2019-11-07 16:30:00,Gujarat,Dang,20.7554,73.6873,21.67,0.0,No Rain
INSAT3D_VIS_India/3DIMG_07NOV2019_1630_L1C_SGP_vis.tif,3DIMG_07NOV2019_1630_L1C_SGP_vis.tif,INSAT3D_VIS_India,2019-11-07 16:30:00,Gujarat,Devbhumi Dwarka,22.2078,69.6582,22.67,2.6,Light Rain
INSAT3D_VIS_India/3DIMG_07NOV2019_1630_L1C_SGP_vis.tif,3DIMG_07NOV2019_1630_L1C_SGP_vis.tif,INSAT3D_VIS_India,2019-11-07 16:30:00,Gujarat,Gandhinagar,23.2156,72.6369,20.33,0.0,No Rain
INSAT3D_VIS_India/3DIMG_07NOV2019_1630_L1C_SGP_vis.tif,3DIMG_07NOV2019_1630_L1C_SGP_vis.tif,INSAT3D_VIS_India,2019-11-07 16:30:00,Gujarat,Gir Somnath,20.9042,70.3644,21.78,0.0,No Rain
INSAT3D_VIS_India/3DIMG_07NOV2019_1630_L1C_SGP_vis.tif,3DIMG_07NOV2019_1630_L1C_SGP_vis.tif,INSAT3D_VIS_India,2019-11-07 16:30:00,Gujarat,Jamnagar,22.4707,70.0577,20.0,2.1,Light Rain
INSAT3D_VIS_India/3DIMG_07NOV2019_1630_L1C_SGP_vis.tif,3DIMG_07NOV2019_1630_L1C_SGP_vis.tif,INSAT3D_VIS_India,2019-11-07 16:30:00,Gujarat,Junagadh,21.5222,70.4579,20.67,1.3,Light Rain
INSAT3D_VIS_India/3DIMG_07NOV2019_1630_L1C_SGP_vis.tif,3DIMG_07NOV2019_1630_L1C_SGP_vis.tif,INSAT3D_VIS_India,2019-11-07 16:30:00,Gujarat,Kheda,22.6916,72.8634,20.11,0.0,No Rain
INSAT3D_VIS_India/3DIMG_07NOV2019_1630_L1C_SGP_vis.tif,3DIMG_07NOV2019_1630_L1C_SGP_vis.tif,INSAT3D_VIS_India,2019-11-07 16:30:00,Gujarat,Kutch (Bhuj),23.242,69.6669,20.44,3.7,Light Rain
INSAT3D_VIS_India/3DIMG_07NOV2019_1630_L1C_SGP_vis.tif,3DIMG_07NOV2019_1630_L1C_SGP_vis.tif,INSAT3D_VIS_India,2019-11-07 16:30:00,Gujarat,Mahisagar,23.1311,73.6009,20.22,2.9,Light Rain
INSAT3D_VIS_India/3DIMG_07NOV2019_1630_L1C_SGP_vis.tif,3DIMG_07NOV2019_1630_L1C_SGP_vis.tif,INSAT3D_VIS_India,2019-11-07 16:30:00,Gujarat,Mehsana,23.588,72.3693,20.11,4.5,Light Rain
INSAT3D_VIS_India/3DIMG_07NOV2019_1630_L1C_SGP_vis.tif,3DIMG_07NOV2019_1630_L1C_SGP_vis.tif,INSAT3D_VIS_India,2019-11-07 16:30:00,Gujarat,Morbi,22.8173,70.8368,21.22,2.5,Light Rain
INSAT3D_VIS_India/3DIMG_07NOV2019_1630_L1C_SGP_vis.tif,3DIMG_07NOV2019_1630_L1C_SGP_vis.tif,INSAT3D_VIS_India,2019-11-07 16:30:00,Gujarat,Narmada,21.8719,73.5028,23.11,5.8,Light Rain
INSAT3D_VIS_India/3DIMG_07NOV2019_1630_L1C_SGP_vis.tif,3DIMG_07NOV2019_1630_L1C_SGP_vis.tif,INSAT3D_VIS_India,2019-11-07 16:30:00,Gujarat,Navsari,20.9467,72.952,22.33,0.0,No Rain
INSAT3D_VIS_India/3DIMG_07NOV2019_1630_L1C_SGP_vis.tif,3DIMG_07NOV2019_1630_L1C_SGP_vis.tif,INSAT3D_VIS_India,2019-11-07 16:30:00,Gujarat,Panchmahal,22.778,73.6143,21.56,1.6,Light Rain
INSAT3D_VIS_India/3DIMG_07NOV2019_1630_L1C_SGP_vis.tif,3DIMG_07NOV2019_1630_L1C_SGP_vis.tif,INSAT3D_VIS_India,2019-11-07 16:30:00,Gujarat,Patan,23.8493,72.1266,21.56,0.0,No Rain
INSAT3D_VIS_India/3DIMG_07NOV2019_1630_L1C_SGP_vis.tif,3DIMG_07NOV2019_1630_L1C_SGP_vis.tif,INSAT3D_VIS_India,2019-11-07 16:30:00,Gujarat,Porbandar,21.6417,69.6293,22.56,0.0,No Rain
INSAT3D_VIS_India/3DIMG_07NOV2019_1630_L1C_SGP_vis.tif,3DIMG_07NOV2019_1630_L1C_SGP_vis.tif,INSAT3D_VIS_India,2019-11-07 16:30:00,Gujarat,Rajkot,22.3039,70.8022,19.67,2.0,Light Rain
INSAT3D_VIS_India/3DIMG_07NOV2019_1630_L1C_SGP_vis.tif,3DIMG_07NOV2019_1630_L1C_SGP_vis.tif,INSAT3D_VIS_India,2019-11-07 16:30:00,Gujarat,Sabarkantha,23.5977,72.9688,20.22,0.0,No Rain
INSAT3D_VIS_India/3DIMG_07NOV2019_1630_L1C_SGP_vis.tif,3DIMG_07NOV2019_1630_L1C_SGP_vis.tif,INSAT3D_VIS_India,2019-11-07 16:30:00,Gujarat,Surat,21.1702,72.8311,22.67,5.5,Light Rain
INSAT3D_VIS_India/3DIMG_07NOV2019_1630_L1C_SGP_vis.tif,3DIMG_07NOV2019_1630_L1C_SGP_vis.tif,INSAT3D_VIS_India,2019-11-07 16:30:00,Gujarat,Surendranagar,22.7274,71.637,20.44,2.0,Light Rain
INSAT3D_VIS_India/3DIMG_07NOV2019_1630_L1C_SGP_vis.tif,3DIMG_07NOV2019_1630_L1C_SGP_vis.tif,INSAT3D_VIS_India,2019-11-07 16:30:00,Gujarat,Tapi,21.1147,73.3986,21.56,2.8,Light Rain
INSAT3D_VIS_India/3DIMG_07NOV2019_1630_L1C_SGP_vis.tif,3DIMG_07NOV2019_1630_L1C_SGP_vis.tif,INSAT3D_VIS_India,2019-11-07 16:30:00,Gujarat,Vadodara,22.3072,73.1812,21.11,0.7,Light Rain
INSAT3D_VIS_India/3DIMG_07NOV2019_1630_L1C_SGP_vis.tif,3DIMG_07NOV2019_1630_L1C_SGP_vis.tif,INSAT3D_VIS_India,2019-11-07 16:30:00,Gujarat,Valsad,20.5992,72.9342,19.22,1.1,Light Rain
INSAT3D_VIS_India/3DIMG_07NOV2019_2000_L1C_SGP_vis.tif,3DIMG_07NOV2019_2000_L1C_SGP_vis.tif,INSAT3D_VIS_India,2019-11-07 20:00:00,Gujarat,Ahmedabad,23.0225,72.5714,16.22,0.0,No Rain
INSAT3D_VIS_India/3DIMG_07NOV2019_2000_L1C_SGP_vis.tif,3DIMG_07NOV2019_2000_L1C_SGP_vis.tif,INSAT3D_VIS_India,2019-11-07 20:00:00,Gujarat,Amreli,21.6032,71.2221,17.11,0.0,No Rain
INSAT3D_VIS_India/3DIMG_07NOV2019_2000_L1C_SGP_vis.tif,3DIMG_07NOV2019_2000_L1C_SGP_vis.tif,INSAT3D_VIS_India,2019-11-07 20:00:00,Gujarat,Anand,22.5645,72.9289,16.89,4.3,Light Rain
INSAT3D_VIS_India/3DIMG_07NOV2019_2000_L1C_SGP_vis.tif,3DIMG_07NOV2019_2000_L1C_SGP_vis.tif,INSAT3D_VIS_India,2019-11-07 20:00:00,Gujarat,Aravalli,23.4619,73.3039,17.33,0.0,No Rain
INSAT3D_VIS_India/3DIMG_07NOV2019_2000_L1C_SGP_vis.tif,3DIMG_07NOV2019_2000_L1C_SGP_vis.tif,INSAT3D_VIS_India,2019-11-07 20:00:00,Gujarat,Banaskantha,24.1724,72.4346,17.44,2.2,Light Rain
INSAT3D_VIS_India/3DIMG_07NOV2019_2000_L1C_SGP_vis.tif,3DIMG_07NOV2019_2000_L1C_SGP_vis.tif,INSAT3D_VIS_India,2019-11-07 20:00:00,Gujarat,Bharuch,21.7051,72.9959,16.78,2.4,Light Rain
INSAT3D_VIS_India/3DIMG_07NOV2019_2000_L1C_SGP_vis.tif,3DIMG_07NOV2019_2000_L1C_SGP_vis.tif,INSAT3D_VIS_India,2019-11-07 20:00:00,Gujarat,Bhavnagar,21.7645,72.1519,17.0,1.0,Light Rain
INSAT3D_VIS_India/3DIMG_07NOV2019_2000_L1C_SGP_vis.tif,3DIMG_07NOV2019_2000_L1C_SGP_vis.tif,INSAT3D_VIS_India,2019-11-07 20:00:00,Gujarat,Botad,22.1704,71.6662,17.0,0.9,Light Rain
INSAT3D_VIS_India/3DIMG_07NOV2019_2000_L1C_SGP_vis.tif,3DIMG_07NOV2019_2000_L1C_SGP_vis.tif,INSAT3D_VIS_India,2019-11-07 20:00:00,Gujarat,Chhota Udepur,22.3108,74.0125,17.33,4.9,Light Rain
INSAT3D_VIS_India/3DIMG_07NOV2019_2000_L1C_SGP_vis.tif,3DIMG_07NOV2019_2000_L1C_SGP_vis.tif,INSAT3D_VIS_India,2019-11-07 20:00:00,Gujarat,Dahod,22.8347,74.2552,16.67,1.6,Light Rain
INSAT3D_VIS_India/3DIMG_07NOV2019_2000_L1C_SGP_vis.tif,3DIMG_07NOV2019_2000_L1C_SGP_vis.tif,INSAT3D_VIS_India,2019-11-07 20:00:00,Gujarat,Dang,20.7554,73.6873,16.33,0.0,No Rain
INSAT3D_VIS_India/3DIMG_07NOV2019_2000_L1C_SGP_vis.tif,3DIMG_07NOV2019_2000_L1C_SGP_vis.tif,INSAT3D_VIS_India,2019-11-07 20:00:00,Gujarat,Devbhumi Dwarka,22.2078,69.6582,16.78,5.8,Light Rain
INSAT3D_VIS_India/3DIMG_07NOV2019_2000_L1C_SGP_vis.tif,3DIMG_07NOV2019_2000_L1C_SGP_vis.tif,INSAT3D_VIS_India,2019-11-07 20:00:00,Gujarat,Gandhinagar,23.2156,72.6369,16.78,4.7,Light Rain
INSAT3D_VIS_India/3DIMG_07NOV2019_2000_L1C_SGP_vis.tif,3DIMG_07NOV2019_2000_L1C_SGP_vis.tif,INSAT3D_VIS_India,2019-11-07 20:00:00,Gujarat,Gir Somnath,20.9042,70.3644,17.22,5.1,Light Rain
INSAT3D_VIS_India/3DIMG_07NOV2019_2000_L1C_SGP_vis.tif,3DIMG_07NOV2019_2000_L1C_SGP_vis.tif,INSAT3D_VIS_India,2019-11-07 20:00:00,Gujarat,Jamnagar,22.4707,70.0577,16.89,0.1,Light Rain
INSAT3D_VIS_India/3DIMG_07NOV2019_2000_L1C_SGP_vis.tif,3DIMG_07NOV2019_2000_L1C_SGP_vis.tif,INSAT3D_VIS_India,2019-11-07 20:00:00,Gujarat,Junagadh,21.5222,70.4579,17.11,0.0,No Rain
INSAT3D_VIS_India/3DIMG_07NOV2019_2000_L1C_SGP_vis.tif,3DIMG_07NOV2019_2000_L1C_SGP_vis.tif,INSAT3D_VIS_India,2019-11-07 20:00:00,Gujarat,Kheda,22.6916,72.8634,17.44,2.8,Light Rain
INSAT3D_VIS_India/3DIMG_07NOV2019_2000_L1C_SGP_vis.tif,3DIMG_07NOV2019_2000_L1C_SGP_vis.tif,INSAT3D_VIS_India,2019-11-07 20:00:00,Gujarat,Kutch (Bhuj),23.242,69.6669,16.78,0.1,Light Rain
INSAT3D_VIS_India/3DIMG_07NOV2019_2000_L1C_SGP_vis.tif,3DIMG_07NOV2019_2000_L1C_SGP_vis.tif,INSAT3D_VIS_India,2019-11-07 20:00:00,Gujarat,Mahisagar,23.1311,73.6009,17.89,2.9,Light Rain
INSAT3D_VIS_India/3DIMG_07NOV2019_2000_L1C_SGP_vis.tif,3DIMG_07NOV2019_2000_L1C_SGP_vis.tif,INSAT3D_VIS_India,2019-11-07 20:00:00,Gujarat,Mehsana,23.588,72.3693,17.44,0.0,No Rain
INSAT3D_VIS_India/3DIMG_07NOV2019_2000_L1C_SGP_vis.tif,3DIMG_07NOV2019_2000_L1C_SGP_vis.tif,INSAT3D_VIS_India,2019-11-07 20:00:00,Gujarat,Morbi,22.8173,70.8368,16.11,0.0,No Rain
INSAT3D_VIS_India/3DIMG_07NOV2019_2000_L1C_SGP_vis.tif,3DIMG_07NOV2019_2000_L1C_SGP_vis.tif,INSAT3D_VIS_India,2019-11-07 20:00:00,Gujarat,Narmada,21.8719,73.5028,16.11,3.2,Light Rain
INSAT3D_VIS_India/3DIMG_07NOV2019_2000_L1C_SGP_vis.tif,3DIMG_07NOV2019_2000_L1C_SGP_vis.tif,INSAT3D_VIS_India,2019-11-07 20:00:00,Gujarat,Navsari,20.9467,72.952,17.0,1.9,Light Rain
INSAT3D_VIS_India/3DIMG_07NOV2019_2000_L1C_SGP_vis.tif,3DIMG_07NOV2019_2000_L1C_SGP_vis.tif,INSAT3D_VIS_India,2019-11-07 20:00:00,Gujarat,Panchmahal,22.778,73.6143,17.56,3.7,Light Rain
INSAT3D_VIS_India/3DIMG_07NOV2019_2000_L1C_SGP_vis.tif,3DIMG_07NOV2019_2000_L1C_SGP_vis.tif,INSAT3D_VIS_India,2019-11-07 20:00:00,Gujarat,Patan,23.8493,72.1266,17.11,3.2,Light Rain
INSAT3D_VIS_India/3DIMG_07NOV2019_2000_L1C_SGP_vis.tif,3DIMG_07NOV2019_2000_L1C_SGP_vis.tif,INSAT3D_VIS_India,2019-11-07 20:00:00,Gujarat,Porbandar,21.6417,69.6293,16.67,5.8,Light Rain
INSAT3D_VIS_India/3DIMG_07NOV2019_2000_L1C_SGP_vis.tif,3DIMG_07NOV2019_2000_L1C_SGP_vis.tif,INSAT3D_VIS_India,2019-11-07 20:00:00,Gujarat,Rajkot,22.3039,70.8022,17.56,4.4,Light Rain
INSAT3D_VIS_India/3DIMG_07NOV2019_2000_L1C_SGP_vis.tif,3DIMG_07NOV2019_2000_L1C_SGP_vis.tif,INSAT3D_VIS_India,2019-11-07 20:00:00,Gujarat,Sabarkantha,23.5977,72.9688,16.44,0.0,No Rain
INSAT3D_VIS_India/3DIMG_07NOV2019_2000_L1C_SGP_vis.tif,3DIMG_07NOV2019_2000_L1C_SGP_vis.tif,INSAT3D_VIS_India,2019-11-07 20:00:00,Gujarat,Surat,21.1702,72.8311,16.89,0.0,No Rain
INSAT3D_VIS_India/3DIMG_07NOV2019_2000_L1C_SGP_vis.tif,3DIMG_07NOV2019_2000_L1C_SGP_vis.tif,INSAT3D_VIS_India,2019-11-07 20:00:00,Gujarat,Surendranagar,22.7274,71.637,17.33,5.0,Light Rain
INSAT3D_VIS_India/3DIMG_07NOV2019_2000_L1C_SGP_vis.tif,3DIMG_07NOV2019_2000_L1C_SGP_vis.tif,INSAT3D_VIS_India,2019-11-07 20:00:00,Gujarat,Tapi,21.1147,73.3986,16.56,4.8,Light Rain
INSAT3D_VIS_India/3DIMG_07NOV2019_2000_L1C_SGP_vis.tif,3DIMG_07NOV2019_2000_L1C_SGP_vis.tif,INSAT3D_VIS_India,2019-11-07 20:00:00,Gujarat,Vadodara,22.3072,73.1812,17.0,1.6,Light Rain
INSAT3D_VIS_India/3DIMG_07NOV2019_2000_L1C_SGP_vis.tif,3DIMG_07NOV2019_2000_L1C_SGP_vis.tif,INSAT3D_VIS_India,2019-11-07 20:00:00,Gujarat,Valsad,20.5992,72.9342,15.89,0.0,No Rain
INSAT3D_VIS_India/3DIMG_07NOV2019_2030_L1C_SGP_vis.tif,3DIMG_07NOV2019_2030_L1C_SGP_vis.tif,INSAT3D_VIS_India,2019-11-07 20:30:00,Gujarat,Ahmedabad,23.0225,72.5714,17.11,1.9,Light Rain
INSAT3D_VIS_India/3DIMG_07NOV2019_2030_L1C_SGP_vis.tif,3DIMG_07NOV2019_2030_L1C_SGP_vis.tif,INSAT3D_VIS_India,2019-11-07 20:30:00,Gujarat,Amreli,21.6032,71.2221,16.11,0.0,No Rain
INSAT3D_VIS_India/3DIMG_07NOV2019_2030_L1C_SGP_vis.tif,3DIMG_07NOV2019_2030_L1C_SGP_vis.tif,INSAT3D_VIS_India,2019-11-07 20:30:00,Gujarat,Anand,22.5645,72.9289,15.89,0.0,No Rain
INSAT3D_VIS_India/3DIMG_07NOV2019_2030_L1C_SGP_vis.tif,3DIMG_07NOV2019_2030_L1C_SGP_vis.tif,INSAT3D_VIS_India,2019-11-07 20:30:00,Gujarat,Aravalli,23.4619,73.3039,15.67,3.0,Light Rain
INSAT3D_VIS_India/3DIMG_07NOV2019_2030_L1C_SGP_vis.tif,3DIMG_07NOV2019_2030_L1C_SGP_vis.tif,INSAT3D_VIS_India,2019-11-07 20:30:00,Gujarat,Banaskantha,24.1724,72.4346,16.11,1.1,Light Rain
INSAT3D_VIS_India/3DIMG_07NOV2019_2030_L1C_SGP_vis.tif,3DIMG_07NOV2019_2030_L1C_SGP_vis.tif,INSAT3D_VIS_India,2019-11-07 20:30:00,Gujarat,Bharuch,21.7051,72.9959,15.33,0.0,No Rain
INSAT3D_VIS_India/3DIMG_07NOV2019_2030_L1C_SGP_vis.tif,3DIMG_07NOV2019_2030_L1C_SGP_vis.tif,INSAT3D_VIS_India,2019-11-07 20:30:00,Gujarat,Bhavnagar,21.7645,72.1519,15.78,2.6,Light Rain
INSAT3D_VIS_India/3DIMG_07NOV2019_2030_L1C_SGP_vis.tif,3DIMG_07NOV2019_2030_L1C_SGP_vis.tif,INSAT3D_VIS_India,2019-11-07 20:30:00,Gujarat,Botad,22.1704,71.6662,15.33,0.0,No Rain
INSAT3D_VIS_India/3DIMG_07NOV2019_2030_L1C_SGP_vis.tif,3DIMG_07NOV2019_2030_L1C_SGP_vis.tif,INSAT3D_VIS_India,2019-11-07 20:30:00,Gujarat,Chhota Udepur,22.3108,74.0125,15.22,2.7,Light Rain
INSAT3D_VIS_India/3DIMG_07NOV2019_2030_L1C_SGP_vis.tif,3DIMG_07NOV2019_2030_L1C_SGP_vis.tif,INSAT3D_VIS_India,2019-11-07 20:30:00,Gujarat,Dahod,22.8347,74.2552,16.89,5.5,Light Rain
INSAT3D_VIS_India/3DIMG_07NOV2019_2030_L1C_SGP_vis.tif,3DIMG_07NOV2019_2030_L1C_SGP_vis.tif,INSAT3D_VIS_India,2019-11-07 20:30:00,Gujarat,Dang,20.7554,73.6873,15.44,0.0,No Rain
INSAT3D_VIS_India/3DIMG_07NOV2019_2030_L1C_SGP_vis.tif,3DIMG_07NOV2019_2030_L1C_SGP_vis.tif,INSAT3D_VIS_India,2019-11-07 20:30:00,Gujarat,Devbhumi Dwarka,22.2078,69.6582,15.22,0.0,No Rain
INSAT3D_VIS_India/3DIMG_07NOV2019_2030_L1C_SGP_vis.tif,3DIMG_07NOV2019_2030_L1C_SGP_vis.tif,INSAT3D_VIS_India,2019-11-07 20:30:00,Gujarat,Gandhinagar,23.2156,72.6369,16.44,0.0,No Rain
INSAT3D_VIS_India/3DIMG_07NOV2019_2030_L1C_SGP_vis.tif,3DIMG_07NOV2019_2030_L1C_SGP_vis.tif,INSAT3D_VIS_India,2019-11-07 20:30:00,Gujarat,Gir Somnath,20.9042,70.3644,16.11,1.5,Light Rain
INSAT3D_VIS_India/3DIMG_07NOV2019_2030_L1C_SGP_vis.tif,3DIMG_07NOV2019_2030_L1C_SGP_vis.tif,INSAT3D_VIS_India,2019-11-07 20:30:00,Gujarat,Jamnagar,22.4707,70.0577,15.89,2.3,Light Rain
INSAT3D_VIS_India/3DIMG_07NOV2019_2030_L1C_SGP_vis.tif,3DIMG_07NOV2019_2030_L1C_SGP_vis.tif,INSAT3D_VIS_India,2019-11-07 20:30:00,Gujarat,Junagadh,21.5222,70.4579,15.44,0.0,No Rain
INSAT3D_VIS_India/3DIMG_07NOV2019_2030_L1C_SGP_vis.tif,3DIMG_07NOV2019_2030_L1C_SGP_vis.tif,INSAT3D_VIS_India,2019-11-07 20:30:00,Gujarat,Kheda,22.6916,72.8634,15.0,5.6,Light Rain
INSAT3D_VIS_India/3DIMG_07NOV2019_2030_L1C_SGP_vis.tif,3DIMG_07NOV2019_2030_L1C_SGP_vis.tif,INSAT3D_VIS_India,2019-11-07 20:30:00,Gujarat,Kutch (Bhuj),23.242,69.6669,15.67,4.8,Light Rain
INSAT3D_VIS_India/3DIMG_07NOV2019_2030_L1C_SGP_vis.tif,3DIMG_07NOV2019_2030_L1C_SGP_vis.tif,INSAT3D_VIS_India,2019-11-07 20:30:00,Gujarat,Mahisagar,23.1311,73.6009,15.33,0.0,No Rain
INSAT3D_VIS_India/3DIMG_07NOV2019_2030_L1C_SGP_vis.tif,3DIMG_07NOV2019_2030_L1C_SGP_vis.tif,INSAT3D_VIS_India,2019-11-07 20:30:00,Gujarat,Mehsana,23.588,72.3693,15.89,5.6,Light Rain
INSAT3D_VIS_India/3DIMG_07NOV2019_2030_L1C_SGP_vis.tif,3DIMG_07NOV2019_2030_L1C_SGP_vis.tif,INSAT3D_VIS_India,2019-11-07 20:30:00,Gujarat,Morbi,22.8173,70.8368,16.56,0.3,Light Rain
INSAT3D_VIS_India/3DIMG_07NOV2019_2030_L1C_SGP_vis.tif,3DIMG_07NOV2019_2030_L1C_SGP_vis.tif,INSAT3D_VIS_India,2019-11-07 20:30:00,Gujarat,Narmada,21.8719,73.5028,15.89,0.0,No Rain
INSAT3D_VIS_India/3DIMG_07NOV2019_2030_L1C_SGP_vis.tif,3DIMG_07NOV2019_2030_L1C_SGP_vis.tif,INSAT3D_VIS_India,2019-11-07 20:30:00,Gujarat,Navsari,20.9467,72.952,15.78,0.0,No Rain
INSAT3D_VIS_India/3DIMG_07NOV2019_2030_L1C_SGP_vis.tif,3DIMG_07NOV2019_2030_L1C_SGP_vis.tif,INSAT3D_VIS_India,2019-11-07 20:30:00,Gujarat,Panchmahal,22.778,73.6143,16.44,2.4,Light Rain
INSAT3D_VIS_India/3DIMG_07NOV2019_2030_L1C_SGP_vis.tif,3DIMG_07NOV2019_2030_L1C_SGP_vis.tif,INSAT3D_VIS_India,2019-11-07 20:30:00,Gujarat,Patan,23.8493,72.1266,15.44,5.9,Light Rain
INSAT3D_VIS_India/3DIMG_07NOV2019_2030_L1C_SGP_vis.tif,3DIMG_07NOV2019_2030_L1C_SGP_vis.tif,INSAT3D_VIS_India,2019-11-07 20:30:00,Gujarat,Porbandar,21.6417,69.6293,16.33,4.6,Light Rain
INSAT3D_VIS_India/3DIMG_07NOV2019_2030_L1C_SGP_vis.tif,3DIMG_07NOV2019_2030_L1C_SGP_vis.tif,INSAT3D_VIS_India,2019-11-07 20:30:00,Gujarat,Rajkot,22.3039,70.8022,15.44,0.9,Light Rain
INSAT3D_VIS_India/3DIMG_07NOV2019_2030_L1C_SGP_vis.tif,3DIMG_07NOV2019_2030_L1C_SGP_vis.tif,INSAT3D_VIS_India,2019-11-07 20:30:00,Gujarat,Sabarkantha,23.5977,72.9688,15.56,1.9,Light Rain
INSAT3D_VIS_India/3DIMG_07NOV2019_2030_L1C_SGP_vis.tif,3DIMG_07NOV2019_2030_L1C_SGP_vis.tif,INSAT3D_VIS_India,2019-11-07 20:30:00,Gujarat,Surat,21.1702,72.8311,16.33,1.5,Light Rain
INSAT3D_VIS_India/3DIMG_07NOV2019_2030_L1C_SGP_vis.tif,3DIMG_07NOV2019_2030_L1C_SGP_vis.tif,INSAT3D_VIS_India,2019-11-07 20:30:00,Gujarat,Surendranagar,22.7274,71.637,15.89,5.1,Light Rain
INSAT3D_VIS_India/3DIMG_07NOV2019_2030_L1C_SGP_vis.tif,3DIMG_07NOV2019_2030_L1C_SGP_vis.tif,INSAT3D_VIS_India,2019-11-07 20:30:00,Gujarat,Tapi,21.1147,73.3986,16.44,1.2,Light Rain
INSAT3D_VIS_India/3DIMG_07NOV2019_2030_L1C_SGP_vis.tif,3DIMG_07NOV2019_2030_L1C_SGP_vis.tif,INSAT3D_VIS_India,2019-11-07 20:30:00,Gujarat,Vadodara,22.3072,73.1812,15.44,0.0,No Rain
INSAT3D_VIS_India/3DIMG_07NOV2019_2030_L1C_SGP_vis.tif,3DIMG_07NOV2019_2030_L1C_SGP_vis.tif,INSAT3D_VIS_India,2019-11-07 20:30:00,Gujarat,Valsad,20.5992,72.9342,16.56,0.6,Light Rain
INSAT3D_VIS_India/3DIMG_07NOV2019_2100_L1C_SGP_vis.tif,3DIMG_07NOV2019_2100_L1C_SGP_vis.tif,INSAT3D_VIS_India,2019-11-07 21:00:00,Gujarat,Ahmedabad,23.0225,72.5714,16.67,0.0,No Rain
INSAT3D_VIS_India/3DIMG_07NOV2019_2100_L1C_SGP_vis.tif,3DIMG_07NOV2019_2100_L1C_SGP_vis.tif,INSAT3D_VIS_India,2019-11-07 21:00:00,Gujarat,Amreli,21.6032,71.2221,16.56,0.4,Light Rain
INSAT3D_VIS_India/3DIMG_07NOV2019_2100_L1C_SGP_vis.tif,3DIMG_07NOV2019_2100_L1C_SGP_vis.tif,INSAT3D_VIS_India,2019-11-07 21:00:00,Gujarat,Anand,22.5645,72.9289,17.33,5.2,Light Rain
INSAT3D_VIS_India/3DIMG_07NOV2019_2100_L1C_SGP_vis.tif,3DIMG_07NOV2019_2100_L1C_SGP_vis.tif,INSAT3D_VIS_India,2019-11-07 21:00:00,Gujarat,Aravalli,23.4619,73.3039,16.67,2.1,Light Rain
INSAT3D_VIS_India/3DIMG_07NOV2019_2100_L1C_SGP_vis.tif,3DIMG_07NOV2019_2100_L1C_SGP_vis.tif,INSAT3D_VIS_India,2019-11-07 21:00:00,Gujarat,Banaskantha,24.1724,72.4346,16.78,0.0,No Rain
INSAT3D_VIS_India/3DIMG_07NOV2019_2100_L1C_SGP_vis.tif,3DIMG_07NOV2019_2100_L1C_SGP_vis.tif,INSAT3D_VIS_India,2019-11-07 21:00:00,Gujarat,Bharuch,21.7051,72.9959,15.78,5.9,Light Rain
INSAT3D_VIS_India/3DIMG_07NOV2019_2100_L1C_SGP_vis.tif,3DIMG_07NOV2019_2100_L1C_SGP_vis.tif,INSAT3D_VIS_India,2019-11-07 21:00:00,Gujarat,Bhavnagar,21.7645,72.1519,16.0,0.0,No Rain
INSAT3D_VIS_India/3DIMG_07NOV2019_2100_L1C_SGP_vis.tif,3DIMG_07NOV2019_2100_L1C_SGP_vis.tif,INSAT3D_VIS_India,2019-11-07 21:00:00,Gujarat,Botad,22.1704,71.6662,15.56,0.5,Light Rain
INSAT3D_VIS_India/3DIMG_07NOV2019_2100_L1C_SGP_vis.tif,3DIMG_07NOV2019_2100_L1C_SGP_vis.tif,INSAT3D_VIS_India,2019-11-07 21:00:00,Gujarat,Chhota Udepur,22.3108,74.0125,16.78,0.0,No Rain
INSAT3D_VIS_India/3DIMG_07NOV2019_2100_L1C_SGP_vis.tif,3DIMG_07NOV2019_2100_L1C_SGP_vis.tif,INSAT3D_VIS_India,2019-11-07 21:00:00,Gujarat,Dahod,22.8347,74.2552,15.78,2.0,Light Rain
INSAT3D_VIS_India/3DIMG_07NOV2019_2100_L1C_SGP_vis.tif,3DIMG_07NOV2019_2100_L1C_SGP_vis.tif,INSAT3D_VIS_India,2019-11-07 21:00:00,Gujarat,Dang,20.7554,73.6873,17.67,1.8,Light Rain
INSAT3D_VIS_India/3DIMG_07NOV2019_2100_L1C_SGP_vis.tif,3DIMG_07NOV2019_2100_L1C_SGP_vis.tif,INSAT3D_VIS_India,2019-11-07 21:00:00,Gujarat,Devbhumi Dwarka,22.2078,69.6582,15.89,0.0,No Rain
INSAT3D_VIS_India/3DIMG_07NOV2019_2100_L1C_SGP_vis.tif,3DIMG_07NOV2019_2100_L1C_SGP_vis.tif,INSAT3D_VIS_India,2019-11-07 21:00:00,Gujarat,Gandhinagar,23.2156,72.6369,16.67,1.0,Light Rain
INSAT3D_VIS_India/3DIMG_07NOV2019_2100_L1C_SGP_vis.tif,3DIMG_07NOV2019_2100_L1C_SGP_vis.tif,INSAT3D_VIS_India,2019-11-07 21:00:00,Gujarat,Gir Somnath,20.9042,70.3644,16.33,2.9,Light Rain
INSAT3D_VIS_India/3DIMG_07NOV2019_2100_L1C_SGP_vis.tif,3DIMG_07NOV2019_2100_L1C_SGP_vis.tif,INSAT3D_VIS_India,2019-11-07 21:00:00,Gujarat,Jamnagar,22.4707,70.0577,16.11,0.0,No Rain
INSAT3D_VIS_India/3DIMG_07NOV2019_2100_L1C_SGP_vis.tif,3DIMG_07NOV2019_2100_L1C_SGP_vis.tif,INSAT3D_VIS_India,2019-11-07 21:00:00,Gujarat,Junagadh,21.5222,70.4579,16.56,0.0,No Rain
INSAT3D_VIS_India/3DIMG_07NOV2019_2100_L1C_SGP_vis.tif,3DIMG_07NOV2019_2100_L1C_SGP_vis.tif,INSAT3D_VIS_India,2019-11-07 21:00:00,Gujarat,Kheda,22.6916,72.8634,16.56,0.0,No Rain
INSAT3D_VIS_India/3DIMG_07NOV2019_2100_L1C_SGP_vis.tif,3DIMG_07NOV2019_2100_L1C_SGP_vis.tif,INSAT3D_VIS_India,2019-11-07 21:00:00,Gujarat,Kutch (Bhuj),23.242,69.6669,17.0,5.1,Light Rain
INSAT3D_VIS_India/3DIMG_07NOV2019_2100_L1C_SGP_vis.tif,3DIMG_07NOV2019_2100_L1C_SGP_vis.tif,INSAT3D_VIS_India,2019-11-07 21:00:00,Gujarat,Mahisagar,23.1311,73.6009,15.67,3.9,Light Rain
INSAT3D_VIS_India/3DIMG_07NOV2019_2100_L1C_SGP_vis.tif,3DIMG_07NOV2019_2100_L1C_SGP_vis.tif,INSAT3D_VIS_India,2019-11-07 21:00:00,Gujarat,Mehsana,23.588,72.3693,15.89,0.0,No Rain
INSAT3D_VIS_India/3DIMG_07NOV2019_2100_L1C_SGP_vis.tif,3DIMG_07NOV2019_2100_L1C_SGP_vis.tif,INSAT3D_VIS_India,2019-11-07 21:00:00,Gujarat,Morbi,22.8173,70.8368,16.11,3.8,Light Rain
INSAT3D_VIS_India/3DIMG_07NOV2019_2100_L1C_SGP_vis.tif,3DIMG_07NOV2019_2100_L1C_SGP_vis.tif,INSAT3D_VIS_India,2019-11-07 21:00:00,Gujarat,Narmada,21.8719,73.5028,16.78,2.9,Light Rain
INSAT3D_VIS_India/3DIMG_07NOV2019_2100_L1C_SGP_vis.tif,3DIMG_07NOV2019_2100_L1C_SGP_vis.tif,INSAT3D_VIS_India,2019-11-07 21:00:00,Gujarat,Navsari,20.9467,72.952,17.0,2.9,Light Rain
INSAT3D_VIS_India/3DIMG_07NOV2019_2100_L1C_SGP_vis.tif,3DIMG_07NOV2019_2100_L1C_SGP_vis.tif,INSAT3D_VIS_India,2019-11-07 21:00:00,Gujarat,Panchmahal,22.778,73.6143,16.89,4.0,Light Rain
INSAT3D_VIS_India/3DIMG_07NOV2019_2100_L1C_SGP_vis.tif,3DIMG_07NOV2019_2100_L1C_SGP_vis.tif,INSAT3D_VIS_India,2019-11-07 21:00:00,Gujarat,Patan,23.8493,72.1266,17.0,2.8,Light Rain
INSAT3D_VIS_India/3DIMG_07NOV2019_2100_L1C_SGP_vis.tif,3DIMG_07NOV2019_2100_L1C_SGP_vis.tif,INSAT3D_VIS_India,2019-11-07 21:00:00,Gujarat,Porbandar,21.6417,69.6293,15.78,5.1,Light Rain
INSAT3D_VIS_India/3DIMG_07NOV2019_2100_L1C_SGP_vis.tif,3DIMG_07NOV2019_2100_L1C_SGP_vis.tif,INSAT3D_VIS_India,2019-11-07 21:00:00,Gujarat,Rajkot,22.3039,70.8022,16.56,1.5,Light Rain
INSAT3D_VIS_India/3DIMG_07NOV2019_2100_L1C_SGP_vis.tif,3DIMG_07NOV2019_2100_L1C_SGP_vis.tif,INSAT3D_VIS_India,2019-11-07 21:00:00,Gujarat,Sabarkantha,23.5977,72.9688,15.33,1.4,Light Rain
INSAT3D_VIS_India/3DIMG_07NOV2019_2100_L1C_SGP_vis.tif,3DIMG_07NOV2019_2100_L1C_SGP_vis.tif,INSAT3D_VIS_India,2019-11-07 21:00:00,Gujarat,Surat,21.1702,72.8311,17.89,4.7,Light Rain
INSAT3D_VIS_India/3DIMG_07NOV2019_2100_L1C_SGP_vis.tif,3DIMG_07NOV2019_2100_L1C_SGP_vis.tif,INSAT3D_VIS_India,2019-11-07 21:00:00,Gujarat,Surendranagar,22.7274,71.637,16.67,2.4,Light Rain
INSAT3D_VIS_India/3DIMG_07NOV2019_2100_L1C_SGP_vis.tif,3DIMG_07NOV2019_2100_L1C_SGP_vis.tif,INSAT3D_VIS_India,2019-11-07 21:00:00,Gujarat,Tapi,21.1147,73.3986,15.78,3.9,Light Rain
INSAT3D_VIS_India/3DIMG_07NOV2019_2100_L1C_SGP_vis.tif,3DIMG_07NOV2019_2100_L1C_SGP_vis.tif,INSAT3D_VIS_India,2019-11-07 21:00:00,Gujarat,Vadodara,22.3072,73.1812,15.78,4.4,Light Rain
INSAT3D_VIS_India/3DIMG_07NOV2019_2100_L1C_SGP_vis.tif,3DIMG_07NOV2019_2100_L1C_SGP_vis.tif,INSAT3D_VIS_India,2019-11-07 21:00:00,Gujarat,Valsad,20.5992,72.9342,16.44,1.8,Light Rain
INSAT3D_VIS_India/3DIMG_07NOV2019_2130_L1C_SGP_vis.tif,3DIMG_07NOV2019_2130_L1C_SGP_vis.tif,INSAT3D_VIS_India,2019-11-07 21:30:00,Gujarat,Ahmedabad,23.0225,72.5714,17.11,0.0,No Rain
INSAT3D_VIS_India/3DIMG_07NOV2019_2130_L1C_SGP_vis.tif,3DIMG_07NOV2019_2130_L1C_SGP_vis.tif,INSAT3D_VIS_India,2019-11-07 21:30:00,Gujarat,Amreli,21.6032,71.2221,15.67,4.9,Light Rain
INSAT3D_VIS_India/3DIMG_07NOV2019_2130_L1C_SGP_vis.tif,3DIMG_07NOV2019_2130_L1C_SGP_vis.tif,INSAT3D_VIS_India,2019-11-07 21:30:00,Gujarat,Anand,22.5645,72.9289,16.0,0.0,No Rain
INSAT3D_VIS_India/3DIMG_07NOV2019_2130_L1C_SGP_vis.tif,3DIMG_07NOV2019_2130_L1C_SGP_vis.tif,INSAT3D_VIS_India,2019-11-07 21:30:00,Gujarat,Aravalli,23.4619,73.3039,15.33,0.0,No Rain
INSAT3D_VIS_India/3DIMG_07NOV2019_2130_L1C_SGP_vis.tif,3DIMG_07NOV2019_2130_L1C_SGP_vis.tif,INSAT3D_VIS_India,2019-11-07 21:30:00,Gujarat,Banaskantha,24.1724,72.4346,18.11,5.4,Light Rain
INSAT3D_VIS_India/3DIMG_07NOV2019_2130_L1C_SGP_vis.tif,3DIMG_07NOV2019_2130_L1C_SGP_vis.tif,INSAT3D_VIS_India,2019-11-07 21:30:00,Gujarat,Bharuch,21.7051,72.9959,16.89,0.0,No Rain
INSAT3D_VIS_India/3DIMG_07NOV2019_2130_L1C_SGP_vis.tif,3DIMG_07NOV2019_2130_L1C_SGP_vis.tif,INSAT3D_VIS_India,2019-11-07 21:30:00,Gujarat,Bhavnagar,21.7645,72.1519,16.33,2.8,Light Rain
INSAT3D_VIS_India/3DIMG_07NOV2019_2130_L1C_SGP_vis.tif,3DIMG_07NOV2019_2130_L1C_SGP_vis.tif,INSAT3D_VIS_India,2019-11-07 21:30:00,Gujarat,Botad,22.1704,71.6662,16.33,4.3,Light Rain
INSAT3D_VIS_India/3DIMG_07NOV2019_2130_L1C_SGP_vis.tif,3DIMG_07NOV2019_2130_L1C_SGP_vis.tif,INSAT3D_VIS_India,2019-11-07 21:30:00,Gujarat,Chhota Udepur,22.3108,74.0125,16.0,0.0,No Rain
INSAT3D_VIS_India/3DIMG_07NOV2019_2130_L1C_SGP_vis.tif,3DIMG_07NOV2019_2130_L1C_SGP_vis.tif,INSAT3D_VIS_India,2019-11-07 21:30:00,Gujarat,Dahod,22.8347,74.2552,15.78,0.3,Light Rain
INSAT3D_VIS_India/3DIMG_07NOV2019_2130_L1C_SGP_vis.tif,3DIMG_07NOV2019_2130_L1C_SGP_vis.tif,INSAT3D_VIS_India,2019-11-07 21:30:00,Gujarat,Dang,20.7554,73.6873,16.33,0.0,No Rain
INSAT3D_VIS_India/3DIMG_07NOV2019_2130_L1C_SGP_vis.tif,3DIMG_07NOV2019_2130_L1C_SGP_vis.tif,INSAT3D_VIS_India,2019-11-07 21:30:00,Gujarat,Devbhumi Dwarka,22.2078,69.6582,16.0,1.2,Light Rain
INSAT3D_VIS_India/3DIMG_07NOV2019_2130_L1C_SGP_vis.tif,3DIMG_07NOV2019_2130_L1C_SGP_vis.tif,INSAT3D_VIS_India,2019-11-07 21:30:00,Gujarat,Gandhinagar,23.2156,72.6369,17.0,4.4,Light Rain
INSAT3D_VIS_India/3DIMG_07NOV2019_2130_L1C_SGP_vis.tif,3DIMG_07NOV2019_2130_L1C_SGP_vis.tif,INSAT3D_VIS_India,2019-11-07 21:30:00,Gujarat,Gir Somnath,20.9042,70.3644,15.78,1.1,Light Rain
INSAT3D_VIS_India/3DIMG_07NOV2019_2130_L1C_SGP_vis.tif,3DIMG_07NOV2019_2130_L1C_SGP_vis.tif,INSAT3D_VIS_India,2019-11-07 21:30:00,Gujarat,Jamnagar,22.4707,70.0577,16.0,0.0,No Rain
INSAT3D_VIS_India/3DIMG_07NOV2019_2130_L1C_SGP_vis.tif,3DIMG_07NOV2019_2130_L1C_SGP_vis.tif,INSAT3D_VIS_India,2019-11-07 21:30:00,Gujarat,Junagadh,21.5222,70.4579,16.33,2.2,Light Rain
INSAT3D_VIS_India/3DIMG_07NOV2019_2130_L1C_SGP_vis.tif,3DIMG_07NOV2019_2130_L1C_SGP_vis.tif,INSAT3D_VIS_India,2019-11-07 21:30:00,Gujarat,Kheda,22.6916,72.8634,16.0,0.0,No Rain
INSAT3D_VIS_India/3DIMG_07NOV2019_2130_L1C_SGP_vis.tif,3DIMG_07NOV2019_2130_L1C_SGP_vis.tif,INSAT3D_VIS_India,2019-11-07 21:30:00,Gujarat,Kutch (Bhuj),23.242,69.6669,16.78,1.1,Light Rain
INSAT3D_VIS_India/3DIMG_07NOV2019_2130_L1C_SGP_vis.tif,3DIMG_07NOV2019_2130_L1C_SGP_vis.tif,INSAT3D_VIS_India,2019-11-07 21:30:00,Gujarat,Mahisagar,23.1311,73.6009,16.11,0.0,No Rain
INSAT3D_VIS_India/3DIMG_07NOV2019_2130_L1C_SGP_vis.tif,3DIMG_07NOV2019_2130_L1C_SGP_vis.tif,INSAT3D_VIS_India,2019-11-07 21:30:00,Gujarat,Mehsana,23.588,72.3693,16.22,2.3,Light Rain
INSAT3D_VIS_India/3DIMG_07NOV2019_2130_L1C_SGP_vis.tif,3DIMG_07NOV2019_2130_L1C_SGP_vis.tif,INSAT3D_VIS_India,2019-11-07 21:30:00,Gujarat,Morbi,22.8173,70.8368,15.33,0.0,No Rain
INSAT3D_VIS_India/3DIMG_07NOV2019_2130_L1C_SGP_vis.tif,3DIMG_07NOV2019_2130_L1C_SGP_vis.tif,INSAT3D_VIS_India,2019-11-07 21:30:00,Gujarat,Narmada,21.8719,73.5028,15.11,3.9,Light Rain
INSAT3D_VIS_India/3DIMG_07NOV2019_2130_L1C_SGP_vis.tif,3DIMG_07NOV2019_2130_L1C_SGP_vis.tif,INSAT3D_VIS_India,2019-11-07 21:30:00,Gujarat,Navsari,20.9467,72.952,15.22,1.9,Light Rain
INSAT3D_VIS_India/3DIMG_07NOV2019_2130_L1C_SGP_vis.tif,3DIMG_07NOV2019_2130_L1C_SGP_vis.tif,INSAT3D_VIS_India,2019-11-07 21:30:00,Gujarat,Panchmahal,22.778,73.6143,15.67,1.8,Light Rain
INSAT3D_VIS_India/3DIMG_07NOV2019_2130_L1C_SGP_vis.tif,3DIMG_07NOV2019_2130_L1C_SGP_vis.tif,INSAT3D_VIS_India,2019-11-07 21:30:00,Gujarat,Patan,23.8493,72.1266,17.0,0.0,No Rain
INSAT3D_VIS_India/3DIMG_07NOV2019_2130_L1C_SGP_vis.tif,3DIMG_07NOV2019_2130_L1C_SGP_vis.tif,INSAT3D_VIS_India,2019-11-07 21:30:00,Gujarat,Porbandar,21.6417,69.6293,15.78,4.9,Light Rain
INSAT3D_VIS_India/3DIMG_07NOV2019_2130_L1C_SGP_vis.tif,3DIMG_07NOV2019_2130_L1C_SGP_vis.tif,INSAT3D_VIS_India,2019-11-07 21:30:00,Gujarat,Rajkot,22.3039,70.8022,16.0,0.0,No Rain
INSAT3D_VIS_India/3DIMG_07NOV2019_2130_L1C_SGP_vis.tif,3DIMG_07NOV2019_2130_L1C_SGP_vis.tif,INSAT3D_VIS_India,2019-11-07 21:30:00,Gujarat,Sabarkantha,23.5977,72.9688,16.33,4.8,Light Rain
INSAT3D_VIS_India/3DIMG_07NOV2019_2130_L1C_SGP_vis.tif,3DIMG_07NOV2019_2130_L1C_SGP_vis.tif,INSAT3D_VIS_India,2019-11-07 21:30:00,Gujarat,Surat,21.1702,72.8311,16.56,0.0,No Rain
INSAT3D_VIS_India/3DIMG_07NOV2019_2130_L1C_SGP_vis.tif,3DIMG_07NOV2019_2130_L1C_SGP_vis.tif,INSAT3D_VIS_India,2019-11-07 21:30:00,Gujarat,Surendranagar,22.7274,71.637,16.0,4.3,Light Rain
INSAT3D_VIS_India/3DIMG_07NOV2019_2130_L1C_SGP_vis.tif,3DIMG_07NOV2019_2130_L1C_SGP_vis.tif,INSAT3D_VIS_India,2019-11-07 21:30:00,Gujarat,Tapi,21.1147,73.3986,16.67,0.0,No Rain
INSAT3D_VIS_India/3DIMG_07NOV2019_2130_L1C_SGP_vis.tif,3DIMG_07NOV2019_2130_L1C_SGP_vis.tif,INSAT3D_VIS_India,2019-11-07 21:30:00,Gujarat,Vadodara,22.3072,73.1812,16.22,0.0,No Rain
INSAT3D_VIS_India/3DIMG_07NOV2019_2130_L1C_SGP_vis.tif,3DIMG_07NOV2019_2130_L1C_SGP_vis.tif,INSAT3D_VIS_India,2019-11-07 21:30:00,Gujarat,Valsad,20.5992,72.9342,15.78,2.3,Light Rain
INSAT3D_VIS_India/3DIMG_07NOV2019_2200_L1C_SGP_vis.tif,3DIMG_07NOV2019_2200_L1C_SGP_vis.tif,INSAT3D_VIS_India,2019-11-07 22:00:00,Gujarat,Ahmedabad,23.0225,72.5714,16.11,0.0,No Rain
INSAT3D_VIS_India/3DIMG_07NOV2019_2200_L1C_SGP_vis.tif,3DIMG_07NOV2019_2200_L1C_SGP_vis.tif,INSAT3D_VIS_India,2019-11-07 22:00:00,Gujarat,Amreli,21.6032,71.2221,16.33,4.4,Light Rain
INSAT3D_VIS_India/3DIMG_07NOV2019_2200_L1C_SGP_vis.tif,3DIMG_07NOV2019_2200_L1C_SGP_vis.tif,INSAT3D_VIS_India,2019-11-07 22:00:00,Gujarat,Anand,22.5645,72.9289,15.11,0.0,No Rain
INSAT3D_VIS_India/3DIMG_07NOV2019_2200_L1C_SGP_vis.tif,3DIMG_07NOV2019_2200_L1C_SGP_vis.tif,INSAT3D_VIS_India,2019-11-07 22:00:00,Gujarat,Aravalli,23.4619,73.3039,16.56,3.9,Light Rain
INSAT3D_VIS_India/3DIMG_07NOV2019_2200_L1C_SGP_vis.tif,3DIMG_07NOV2019_2200_L1C_SGP_vis.tif,INSAT3D_VIS_India,2019-11-07 22:00:00,Gujarat,Banaskantha,24.1724,72.4346,16.0,5.4,Light Rain
INSAT3D_VIS_India/3DIMG_07NOV2019_2200_L1C_SGP_vis.tif,3DIMG_07NOV2019_2200_L1C_SGP_vis.tif,INSAT3D_VIS_India,2019-11-07 22:00:00,Gujarat,Bharuch,21.7051,72.9959,16.33,2.9,Light Rain
INSAT3D_VIS_India/3DIMG_07NOV2019_2200_L1C_SGP_vis.tif,3DIMG_07NOV2019_2200_L1C_SGP_vis.tif,INSAT3D_VIS_India,2019-11-07 22:00:00,Gujarat,Bhavnagar,21.7645,72.1519,16.56,0.0,No Rain
INSAT3D_VIS_India/3DIMG_07NOV2019_2200_L1C_SGP_vis.tif,3DIMG_07NOV2019_2200_L1C_SGP_vis.tif,INSAT3D_VIS_India,2019-11-07 22:00:00,Gujarat,Botad,22.1704,71.6662,16.11,4.8,Light Rain
INSAT3D_VIS_India/3DIMG_07NOV2019_2200_L1C_SGP_vis.tif,3DIMG_07NOV2019_2200_L1C_SGP_vis.tif,INSAT3D_VIS_India,2019-11-07 22:00:00,Gujarat,Chhota Udepur,22.3108,74.0125,15.44,0.0,No Rain
INSAT3D_VIS_India/3DIMG_07NOV2019_2200_L1C_SGP_vis.tif,3DIMG_07NOV2019_2200_L1C_SGP_vis.tif,INSAT3D_VIS_India,2019-11-07 22:00:00,Gujarat,Dahod,22.8347,74.2552,16.22,0.0,No Rain
INSAT3D_VIS_India/3DIMG_07NOV2019_2200_L1C_SGP_vis.tif,3DIMG_07NOV2019_2200_L1C_SGP_vis.tif,INSAT3D_VIS_India,2019-11-07 22:00:00,Gujarat,Dang,20.7554,73.6873,15.11,0.0,No Rain
INSAT3D_VIS_India/3DIMG_07NOV2019_2200_L1C_SGP_vis.tif,3DIMG_07NOV2019_2200_L1C_SGP_vis.tif,INSAT3D_VIS_India,2019-11-07 22:00:00,Gujarat,Devbhumi Dwarka,22.2078,69.6582,16.33,0.3,Light Rain
INSAT3D_VIS_India/3DIMG_07NOV2019_2200_L1C_SGP_vis.tif,3DIMG_07NOV2019_2200_L1C_SGP_vis.tif,INSAT3D_VIS_India,2019-11-07 22:00:00,Gujarat,Gandhinagar,23.2156,72.6369,16.44,0.0,No Rain
INSAT3D_VIS_India/3DIMG_07NOV2019_2200_L1C_SGP_vis.tif,3DIMG_07NOV2019_2200_L1C_SGP_vis.tif,INSAT3D_VIS_India,2019-11-07 22:00:00,Gujarat,Gir Somnath,20.9042,70.3644,15.78,0.0,No Rain
INSAT3D_VIS_India/3DIMG_07NOV2019_2200_L1C_SGP_vis.tif,3DIMG_07NOV2019_2200_L1C_SGP_vis.tif,INSAT3D_VIS_India,2019-11-07 22:00:00,Gujarat,Jamnagar,22.4707,70.0577,16.0,0.0,No Rain
INSAT3D_VIS_India/3DIMG_07NOV2019_2200_L1C_SGP_vis.tif,3DIMG_07NOV2019_2200_L1C_SGP_vis.tif,INSAT3D_VIS_India,2019-11-07 22:00:00,Gujarat,Junagadh,21.5222,70.4579,16.0,0.3,Light Rain
INSAT3D_VIS_India/3DIMG_07NOV2019_2200_L1C_SGP_vis.tif,3DIMG_07NOV2019_2200_L1C_SGP_vis.tif,INSAT3D_VIS_India,2019-11-07 22:00:00,Gujarat,Kheda,22.6916,72.8634,15.11,0.0,No Rain
INSAT3D_VIS_India/3DIMG_07NOV2019_2200_L1C_SGP_vis.tif,3DIMG_07NOV2019_2200_L1C_SGP_vis.tif,INSAT3D_VIS_India,2019-11-07 22:00:00,Gujarat,Kutch (Bhuj),23.242,69.6669,16.67,0.0,No Rain
INSAT3D_VIS_India/3DIMG_07NOV2019_2200_L1C_SGP_vis.tif,3DIMG_07NOV2019_2200_L1C_SGP_vis.tif,INSAT3D_VIS_India,2019-11-07 22:00:00,Gujarat,Mahisagar,23.1311,73.6009,16.44,2.1,Light Rain
INSAT3D_VIS_India/3DIMG_07NOV2019_2200_L1C_SGP_vis.tif,3DIMG_07NOV2019_2200_L1C_SGP_vis.tif,INSAT3D_VIS_India,2019-11-07 22:00:00,Gujarat,Mehsana,23.588,72.3693,16.78,0.0,No Rain
INSAT3D_VIS_India/3DIMG_07NOV2019_2200_L1C_SGP_vis.tif,3DIMG_07NOV2019_2200_L1C_SGP_vis.tif,INSAT3D_VIS_India,2019-11-07 22:00:00,Gujarat,Morbi,22.8173,70.8368,16.33,1.8,Light Rain
INSAT3D_VIS_India/3DIMG_07NOV2019_2200_L1C_SGP_vis.tif,3DIMG_07NOV2019_2200_L1C_SGP_vis.tif,INSAT3D_VIS_India,2019-11-07 22:00:00,Gujarat,Narmada,21.8719,73.5028,15.0,2.2,Light Rain
INSAT3D_VIS_India/3DIMG_07NOV2019_2200_L1C_SGP_vis.tif,3DIMG_07NOV2019_2200_L1C_SGP_vis.tif,INSAT3D_VIS_India,2019-11-07 22:00:00,Gujarat,Navsari,20.9467,72.952,16.11,5.3,Light Rain
INSAT3D_VIS_India/3DIMG_07NOV2019_2200_L1C_SGP_vis.tif,3DIMG_07NOV2019_2200_L1C_SGP_vis.tif,INSAT3D_VIS_India,2019-11-07 22:00:00,Gujarat,Panchmahal,22.778,73.6143,16.11,2.8,Light Rain
INSAT3D_VIS_India/3DIMG_07NOV2019_2200_L1C_SGP_vis.tif,3DIMG_07NOV2019_2200_L1C_SGP_vis.tif,INSAT3D_VIS_India,2019-11-07 22:00:00,Gujarat,Patan,23.8493,72.1266,15.0,0.0,No Rain
INSAT3D_VIS_India/3DIMG_07NOV2019_2200_L1C_SGP_vis.tif,3DIMG_07NOV2019_2200_L1C_SGP_vis.tif,INSAT3D_VIS_India,2019-11-07 22:00:00,Gujarat,Porbandar,21.6417,69.6293,15.44,0.0,No Rain
INSAT3D_VIS_India/3DIMG_07NOV2019_2200_L1C_SGP_vis.tif,3DIMG_07NOV2019_2200_L1C_SGP_vis.tif,INSAT3D_VIS_India,2019-11-07 22:00:00,Gujarat,Rajkot,22.3039,70.8022,16.33,0.0,No Rain
INSAT3D_VIS_India/3DIMG_07NOV2019_2200_L1C_SGP_vis.tif,3DIMG_07NOV2019_2200_L1C_SGP_vis.tif,INSAT3D_VIS_India,2019-11-07 22:00:00,Gujarat,Sabarkantha,23.5977,72.9688,16.22,3.8,Light Rain
INSAT3D_VIS_India/3DIMG_07NOV2019_2200_L1C_SGP_vis.tif,3DIMG_07NOV2019_2200_L1C_SGP_vis.tif,INSAT3D_VIS_India,2019-11-07 22:00:00,Gujarat,Surat,21.1702,72.8311,15.0,0.0,No Rain
INSAT3D_VIS_India/3DIMG_07NOV2019_2200_L1C_SGP_vis.tif,3DIMG_07NOV2019_2200_L1C_SGP_vis.tif,INSAT3D_VIS_India,2019-11-07 22:00:00,Gujarat,Surendranagar,22.7274,71.637,16.22,0.8,Light Rain
INSAT3D_VIS_India/3DIMG_07NOV2019_2200_L1C_SGP_vis.tif,3DIMG_07NOV2019_2200_L1C_SGP_vis.tif,INSAT3D_VIS_India,2019-11-07 22:00:00,Gujarat,Tapi,21.1147,73.3986,16.11,0.0,No Rain
INSAT3D_VIS_India/3DIMG_07NOV2019_2200_L1C_SGP_vis.tif,3DIMG_07NOV2019_2200_L1C_SGP_vis.tif,INSAT3D_VIS_India,2019-11-07 22:00:00,Gujarat,Vadodara,22.3072,73.1812,16.0,5.2,Light Rain
INSAT3D_VIS_India/3DIMG_07NOV2019_2200_L1C_SGP_vis.tif,3DIMG_07NOV2019_2200_L1C_SGP_vis.tif,INSAT3D_VIS_India,2019-11-07 22:00:00,Gujarat,Valsad,20.5992,72.9342,16.89,0.0,No Rain
INSAT3D_VIS_India/3DIMG_07NOV2019_2230_L1C_SGP_vis.tif,3DIMG_07NOV2019_2230_L1C_SGP_vis.tif,INSAT3D_VIS_India,2019-11-07 22:30:00,Gujarat,Ahmedabad,23.0225,72.5714,15.44,0.1,Light Rain
INSAT3D_VIS_India/3DIMG_07NOV2019_2230_L1C_SGP_vis.tif,3DIMG_07NOV2019_2230_L1C_SGP_vis.tif,INSAT3D_VIS_India,2019-11-07 22:30:00,Gujarat,Amreli,21.6032,71.2221,15.11,4.7,Light Rain
INSAT3D_VIS_India/3DIMG_07NOV2019_2230_L1C_SGP_vis.tif,3DIMG_07NOV2019_2230_L1C_SGP_vis.tif,INSAT3D_VIS_India,2019-11-07 22:30:00,Gujarat,Anand,22.5645,72.9289,14.67,0.0,No Rain
INSAT3D_VIS_India/3DIMG_07NOV2019_2230_L1C_SGP_vis.tif,3DIMG_07NOV2019_2230_L1C_SGP_vis.tif,INSAT3D_VIS_India,2019-11-07 22:30:00,Gujarat,Aravalli,23.4619,73.3039,16.0,3.4,Light Rain
INSAT3D_VIS_India/3DIMG_07NOV2019_2230_L1C_SGP_vis.tif,3DIMG_07NOV2019_2230_L1C_SGP_vis.tif,INSAT3D_VIS_India,2019-11-07 22:30:00,Gujarat,Banaskantha,24.1724,72.4346,15.89,0.0,No Rain
INSAT3D_VIS_India/3DIMG_07NOV2019_2230_L1C_SGP_vis.tif,3DIMG_07NOV2019_2230_L1C_SGP_vis.tif,INSAT3D_VIS_India,2019-11-07 22:30:00,Gujarat,Bharuch,21.7051,72.9959,15.44,3.8,Light Rain
INSAT3D_VIS_India/3DIMG_07NOV2019_2230_L1C_SGP_vis.tif,3DIMG_07NOV2019_2230_L1C_SGP_vis.tif,INSAT3D_VIS_India,2019-11-07 22:30:00,Gujarat,Bhavnagar,21.7645,72.1519,15.89,0.0,No Rain
INSAT3D_VIS_India/3DIMG_07NOV2019_2230_L1C_SGP_vis.tif,3DIMG_07NOV2019_2230_L1C_SGP_vis.tif,INSAT3D_VIS_India,2019-11-07 22:30:00,Gujarat,Botad,22.1704,71.6662,15.11,1.9,Light Rain
INSAT3D_VIS_India/3DIMG_07NOV2019_2230_L1C_SGP_vis.tif,3DIMG_07NOV2019_2230_L1C_SGP_vis.tif,INSAT3D_VIS_India,2019-11-07 22:30:00,Gujarat,Chhota Udepur,22.3108,74.0125,16.0,0.0,No Rain
INSAT3D_VIS_India/3DIMG_07NOV2019_2230_L1C_SGP_vis.tif,3DIMG_07NOV2019_2230_L1C_SGP_vis.tif,INSAT3D_VIS_India,2019-11-07 22:30:00,Gujarat,Dahod,22.8347,74.2552,15.22,0.0,No Rain
INSAT3D_VIS_India/3DIMG_07NOV2019_2230_L1C_SGP_vis.tif,3DIMG_07NOV2019_2230_L1C_SGP_vis.tif,INSAT3D_VIS_India,2019-11-07 22:30:00,Gujarat,Dang,20.7554,73.6873,14.78,0.0,No Rain
INSAT3D_VIS_India/3DIMG_07NOV2019_2230_L1C_SGP_vis.tif,3DIMG_07NOV2019_2230_L1C_SGP_vis.tif,INSAT3D_VIS_India,2019-11-07 22:30:00,Gujarat,Devbhumi Dwarka,22.2078,69.6582,15.33,0.0,No Rain
INSAT3D_VIS_India/3DIMG_07NOV2019_2230_L1C_SGP_vis.tif,3DIMG_07NOV2019_2230_L1C_SGP_vis.tif,INSAT3D_VIS_India,2019-11-07 22:30:00,Gujarat,Gandhinagar,23.2156,72.6369,15.56,0.0,No Rain
INSAT3D_VIS_India/3DIMG_07NOV2019_2230_L1C_SGP_vis.tif,3DIMG_07NOV2019_2230_L1C_SGP_vis.tif,INSAT3D_VIS_India,2019-11-07 22:30:00,Gujarat,Gir Somnath,20.9042,70.3644,15.11,1.0,Light Rain
INSAT3D_VIS_India/3DIMG_07NOV2019_2230_L1C_SGP_vis.tif,3DIMG_07NOV2019_2230_L1C_SGP_vis.tif,INSAT3D_VIS_India,2019-11-07 22:30:00,Gujarat,Jamnagar,22.4707,70.0577,15.22,5.7,Light Rain
INSAT3D_VIS_India/3DIMG_07NOV2019_2230_L1C_SGP_vis.tif,3DIMG_07NOV2019_2230_L1C_SGP_vis.tif,INSAT3D_VIS_India,2019-11-07 22:30:00,Gujarat,Junagadh,21.5222,70.4579,14.33,3.4,Light Rain
INSAT3D_VIS_India/3DIMG_07NOV2019_2230_L1C_SGP_vis.tif,3DIMG_07NOV2019_2230_L1C_SGP_vis.tif,INSAT3D_VIS_India,2019-11-07 22:30:00,Gujarat,Kheda,22.6916,72.8634,15.11,3.6,Light Rain
INSAT3D_VIS_India/3DIMG_07NOV2019_2230_L1C_SGP_vis.tif,3DIMG_07NOV2019_2230_L1C_SGP_vis.tif,INSAT3D_VIS_India,2019-11-07 22:30:00,Gujarat,Kutch (Bhuj),23.242,69.6669,15.78,0.5,Light Rain
INSAT3D_VIS_India/3DIMG_07NOV2019_2230_L1C_SGP_vis.tif,3DIMG_07NOV2019_2230_L1C_SGP_vis.tif,INSAT3D_VIS_India,2019-11-07 22:30:00,Gujarat,Mahisagar,23.1311,73.6009,15.56,5.7,Light Rain
INSAT3D_VIS_India/3DIMG_07NOV2019_2230_L1C_SGP_vis.tif,3DIMG_07NOV2019_2230_L1C_SGP_vis.tif,INSAT3D_VIS_India,2019-11-07 22:30:00,Gujarat,Mehsana,23.588,72.3693,16.67,0.0,No Rain
INSAT3D_VIS_India/3DIMG_07NOV2019_2230_L1C_SGP_vis.tif,3DIMG_07NOV2019_2230_L1C_SGP_vis.tif,INSAT3D_VIS_India,2019-11-07 22:30:00,Gujarat,Morbi,22.8173,70.8368,15.78,3.1,Light Rain
INSAT3D_VIS_India/3DIMG_07NOV2019_2230_L1C_SGP_vis.tif,3DIMG_07NOV2019_2230_L1C_SGP_vis.tif,INSAT3D_VIS_India,2019-11-07 22:30:00,Gujarat,Narmada,21.8719,73.5028,15.67,4.7,Light Rain
INSAT3D_VIS_India/3DIMG_07NOV2019_2230_L1C_SGP_vis.tif,3DIMG_07NOV2019_2230_L1C_SGP_vis.tif,INSAT3D_VIS_India,2019-11-07 22:30:00,Gujarat,Navsari,20.9467,72.952,15.33,1.1,Light Rain
INSAT3D_VIS_India/3DIMG_07NOV2019_2230_L1C_SGP_vis.tif,3DIMG_07NOV2019_2230_L1C_SGP_vis.tif,INSAT3D_VIS_India,2019-11-07 22:30:00,Gujarat,Panchmahal,22.778,73.6143,15.44,3.4,Light Rain
INSAT3D_VIS_India/3DIMG_07NOV2019_2230_L1C_SGP_vis.tif,3DIMG_07NOV2019_2230_L1C_SGP_vis.tif,INSAT3D_VIS_India,2019-11-07 22:30:00,Gujarat,Patan,23.8493,72.1266,15.33,0.0,No Rain
INSAT3D_VIS_India/3DIMG_07NOV2019_2230_L1C_SGP_vis.tif,3DIMG_07NOV2019_2230_L1C_SGP_vis.tif,INSAT3D_VIS_India,2019-11-07 22:30:00,Gujarat,Porbandar,21.6417,69.6293,15.33,5.2,Light Rain
INSAT3D_VIS_India/3DIMG_07NOV2019_2230_L1C_SGP_vis.tif,3DIMG_07NOV2019_2230_L1C_SGP_vis.tif,INSAT3D_VIS_India,2019-11-07 22:30:00,Gujarat,Rajkot,22.3039,70.8022,15.11,5.6,Light Rain
INSAT3D_VIS_India/3DIMG_07NOV2019_2230_L1C_SGP_vis.tif,3DIMG_07NOV2019_2230_L1C_SGP_vis.tif,INSAT3D_VIS_India,2019-11-07 22:30:00,Gujarat,Sabarkantha,23.5977,72.9688,15.0,3.8,Light Rain
INSAT3D_VIS_India/3DIMG_07NOV2019_2230_L1C_SGP_vis.tif,3DIMG_07NOV2019_2230_L1C_SGP_vis.tif,INSAT3D_VIS_India,2019-11-07 22:30:00,Gujarat,Surat,21.1702,72.8311,15.67,0.0,No Rain
INSAT3D_VIS_India/3DIMG_07NOV2019_2230_L1C_SGP_vis.tif,3DIMG_07NOV2019_2230_L1C_SGP_vis.tif,INSAT3D_VIS_India,2019-11-07 22:30:00,Gujarat,Surendranagar,22.7274,71.637,15.0,3.2,Light Rain
INSAT3D_VIS_India/3DIMG_07NOV2019_2230_L1C_SGP_vis.tif,3DIMG_07NOV2019_2230_L1C_SGP_vis.tif,INSAT3D_VIS_India,2019-11-07 22:30:00,Gujarat,Tapi,21.1147,73.3986,15.33,0.0,No Rain
INSAT3D_VIS_India/3DIMG_07NOV2019_2230_L1C_SGP_vis.tif,3DIMG_07NOV2019_2230_L1C_SGP_vis.tif,INSAT3D_VIS_India,2019-11-07 22:30:00,Gujarat,Vadodara,22.3072,73.1812,15.44,0.0,No Rain
INSAT3D_VIS_India/3DIMG_07NOV2019_2230_L1C_SGP_vis.tif,3DIMG_07NOV2019_2230_L1C_SGP_vis.tif,INSAT3D_VIS_India,2019-11-07 22:30:00,Gujarat,Valsad,20.5992,72.9342,15.11,0.9,Light Rain
INSAT3D_VIS_India/3DIMG_07NOV2019_2300_L1C_SGP_vis.tif,3DIMG_07NOV2019_2300_L1C_SGP_vis.tif,INSAT3D_VIS_India,2019-11-07 23:00:00,Gujarat,Ahmedabad,23.0225,72.5714,16.0,1.4,Light Rain
INSAT3D_VIS_India/3DIMG_07NOV2019_2300_L1C_SGP_vis.tif,3DIMG_07NOV2019_2300_L1C_SGP_vis.tif,INSAT3D_VIS_India,2019-11-07 23:00:00,Gujarat,Amreli,21.6032,71.2221,16.33,0.0,No Rain
INSAT3D_VIS_India/3DIMG_07NOV2019_2300_L1C_SGP_vis.tif,3DIMG_07NOV2019_2300_L1C_SGP_vis.tif,INSAT3D_VIS_India,2019-11-07 23:00:00,Gujarat,Anand,22.5645,72.9289,16.56,4.5,Light Rain
INSAT3D_VIS_India/3DIMG_07NOV2019_2300_L1C_SGP_vis.tif,3DIMG_07NOV2019_2300_L1C_SGP_vis.tif,INSAT3D_VIS_India,2019-11-07 23:00:00,Gujarat,Aravalli,23.4619,73.3039,16.33,1.0,Light Rain
INSAT3D_VIS_India/3DIMG_07NOV2019_2300_L1C_SGP_vis.tif,3DIMG_07NOV2019_2300_L1C_SGP_vis.tif,INSAT3D_VIS_India,2019-11-07 23:00:00,Gujarat,Banaskantha,24.1724,72.4346,17.89,0.0,No Rain
INSAT3D_VIS_India/3DIMG_07NOV2019_2300_L1C_SGP_vis.tif,3DIMG_07NOV2019_2300_L1C_SGP_vis.tif,INSAT3D_VIS_India,2019-11-07 23:00:00,Gujarat,Bharuch,21.7051,72.9959,16.11,0.0,No Rain
INSAT3D_VIS_India/3DIMG_07NOV2019_2300_L1C_SGP_vis.tif,3DIMG_07NOV2019_2300_L1C_SGP_vis.tif,INSAT3D_VIS_India,2019-11-07 23:00:00,Gujarat,Bhavnagar,21.7645,72.1519,15.89,0.0,No Rain
INSAT3D_VIS_India/3DIMG_07NOV2019_2300_L1C_SGP_vis.tif,3DIMG_07NOV2019_2300_L1C_SGP_vis.tif,INSAT3D_VIS_India,2019-11-07 23:00:00,Gujarat,Botad,22.1704,71.6662,16.78,0.0,No Rain
INSAT3D_VIS_India/3DIMG_07NOV2019_2300_L1C_SGP_vis.tif,3DIMG_07NOV2019_2300_L1C_SGP_vis.tif,INSAT3D_VIS_India,2019-11-07 23:00:00,Gujarat,Chhota Udepur,22.3108,74.0125,15.67,0.0,No Rain
INSAT3D_VIS_India/3DIMG_07NOV2019_2300_L1C_SGP_vis.tif,3DIMG_07NOV2019_2300_L1C_SGP_vis.tif,INSAT3D_VIS_India,2019-11-07 23:00:00,Gujarat,Dahod,22.8347,74.2552,16.33,0.0,No Rain
INSAT3D_VIS_India/3DIMG_07NOV2019_2300_L1C_SGP_vis.tif,3DIMG_07NOV2019_2300_L1C_SGP_vis.tif,INSAT3D_VIS_India,2019-11-07 23:00:00,Gujarat,Dang,20.7554,73.6873,16.11,3.5,Light Rain
INSAT3D_VIS_India/3DIMG_07NOV2019_2300_L1C_SGP_vis.tif,3DIMG_07NOV2019_2300_L1C_SGP_vis.tif,INSAT3D_VIS_India,2019-11-07 23:00:00,Gujarat,Devbhumi Dwarka,22.2078,69.6582,16.0,0.0,No Rain
INSAT3D_VIS_India/3DIMG_07NOV2019_2300_L1C_SGP_vis.tif,3DIMG_07NOV2019_2300_L1C_SGP_vis.tif,INSAT3D_VIS_India,2019-11-07 23:00:00,Gujarat,Gandhinagar,23.2156,72.6369,16.22,0.0,No Rain
INSAT3D_VIS_India/3DIMG_07NOV2019_2300_L1C_SGP_vis.tif,3DIMG_07NOV2019_2300_L1C_SGP_vis.tif,INSAT3D_VIS_India,2019-11-07 23:00:00,Gujarat,Gir Somnath,20.9042,70.3644,16.89,0.0,No Rain
INSAT3D_VIS_India/3DIMG_07NOV2019_2300_L1C_SGP_vis.tif,3DIMG_07NOV2019_2300_L1C_SGP_vis.tif,INSAT3D_VIS_India,2019-11-07 23:00:00,Gujarat,Jamnagar,22.4707,70.0577,15.89,0.3,Light Rain
INSAT3D_VIS_India/3DIMG_07NOV2019_2300_L1C_SGP_vis.tif,3DIMG_07NOV2019_2300_L1C_SGP_vis.tif,INSAT3D_VIS_India,2019-11-07 23:00:00,Gujarat,Junagadh,21.5222,70.4579,15.78,4.3,Light Rain
INSAT3D_VIS_India/3DIMG_07NOV2019_2300_L1C_SGP_vis.tif,3DIMG_07NOV2019_2300_L1C_SGP_vis.tif,INSAT3D_VIS_India,2019-11-07 23:00:00,Gujarat,Kheda,22.6916,72.8634,16.78,3.3,Light Rain
INSAT3D_VIS_India/3DIMG_07NOV2019_2300_L1C_SGP_vis.tif,3DIMG_07NOV2019_2300_L1C_SGP_vis.tif,INSAT3D_VIS_India,2019-11-07 23:00:00,Gujarat,Kutch (Bhuj),23.242,69.6669,16.22,3.2,Light Rain
INSAT3D_VIS_India/3DIMG_07NOV2019_2300_L1C_SGP_vis.tif,3DIMG_07NOV2019_2300_L1C_SGP_vis.tif,INSAT3D_VIS_India,2019-11-07 23:00:00,Gujarat,Mahisagar,23.1311,73.6009,15.56,0.0,No Rain
INSAT3D_VIS_India/3DIMG_07NOV2019_2300_L1C_SGP_vis.tif,3DIMG_07NOV2019_2300_L1C_SGP_vis.tif,INSAT3D_VIS_India,2019-11-07 23:00:00,Gujarat,Mehsana,23.588,72.3693,15.67,5.5,Light Rain
INSAT3D_VIS_India/3DIMG_07NOV2019_2300_L1C_SGP_vis.tif,3DIMG_07NOV2019_2300_L1C_SGP_vis.tif,INSAT3D_VIS_India,2019-11-07 23:00:00,Gujarat,Morbi,22.8173,70.8368,15.33,3.0,Light Rain
INSAT3D_VIS_India/3DIMG_07NOV2019_2300_L1C_SGP_vis.tif,3DIMG_07NOV2019_2300_L1C_SGP_vis.tif,INSAT3D_VIS_India,2019-11-07 23:00:00,Gujarat,Narmada,21.8719,73.5028,16.11,0.0,No Rain
INSAT3D_VIS_India/3DIMG_07NOV2019_2300_L1C_SGP_vis.tif,3DIMG_07NOV2019_2300_L1C_SGP_vis.tif,INSAT3D_VIS_India,2019-11-07 23:00:00,Gujarat,Navsari,20.9467,72.952,16.33,3.5,Light Rain
INSAT3D_VIS_India/3DIMG_07NOV2019_2300_L1C_SGP_vis.tif,3DIMG_07NOV2019_2300_L1C_SGP_vis.tif,INSAT3D_VIS_India,2019-11-07 23:00:00,Gujarat,Panchmahal,22.778,73.6143,15.67,0.0,No Rain
INSAT3D_VIS_India/3DIMG_07NOV2019_2300_L1C_SGP_vis.tif,3DIMG_07NOV2019_2300_L1C_SGP_vis.tif,INSAT3D_VIS_India,2019-11-07 23:00:00,Gujarat,Patan,23.8493,72.1266,16.33,3.6,Light Rain
INSAT3D_VIS_India/3DIMG_07NOV2019_2300_L1C_SGP_vis.tif,3DIMG_07NOV2019_2300_L1C_SGP_vis.tif,INSAT3D_VIS_India,2019-11-07 23:00:00,Gujarat,Porbandar,21.6417,69.6293,17.11,4.3,Light Rain
INSAT3D_VIS_India/3DIMG_07NOV2019_2300_L1C_SGP_vis.tif,3DIMG_07NOV2019_2300_L1C_SGP_vis.tif,INSAT3D_VIS_India,2019-11-07 23:00:00,Gujarat,Rajkot,22.3039,70.8022,15.44,1.7,Light Rain
INSAT3D_VIS_India/3DIMG_07NOV2019_2300_L1C_SGP_vis.tif,3DIMG_07NOV2019_2300_L1C_SGP_vis.tif,INSAT3D_VIS_India,2019-11-07 23:00:00,Gujarat,Sabarkantha,23.5977,72.9688,16.89,1.6,Light Rain
INSAT3D_VIS_India/3DIMG_07NOV2019_2300_L1C_SGP_vis.tif,3DIMG_07NOV2019_2300_L1C_SGP_vis.tif,INSAT3D_VIS_India,2019-11-07 23:00:00,Gujarat,Surat,21.1702,72.8311,16.78,0.8,Light Rain
INSAT3D_VIS_India/3DIMG_07NOV2019_2300_L1C_SGP_vis.tif,3DIMG_07NOV2019_2300_L1C_SGP_vis.tif,INSAT3D_VIS_India,2019-11-07 23:00:00,Gujarat,Surendranagar,22.7274,71.637,16.22,5.8,Light Rain
INSAT3D_VIS_India/3DIMG_07NOV2019_2300_L1C_SGP_vis.tif,3DIMG_07NOV2019_2300_L1C_SGP_vis.tif,INSAT3D_VIS_India,2019-11-07 23:00:00,Gujarat,Tapi,21.1147,73.3986,16.67,4.7,Light Rain
INSAT3D_VIS_India/3DIMG_07NOV2019_2300_L1C_SGP_vis.tif,3DIMG_07NOV2019_2300_L1C_SGP_vis.tif,INSAT3D_VIS_India,2019-11-07 23:00:00,Gujarat,Vadodara,22.3072,73.1812,15.89,0.9,Light Rain
INSAT3D_VIS_India/3DIMG_07NOV2019_2300_L1C_SGP_vis.tif,3DIMG_07NOV2019_2300_L1C_SGP_vis.tif,INSAT3D_VIS_India,2019-11-07 23:00:00,Gujarat,Valsad,20.5992,72.9342,15.78,2.7,Light Rain
INSAT3D_VIS_India/3DIMG_07NOV2019_2330_L1C_SGP_vis.tif,3DIMG_07NOV2019_2330_L1C_SGP_vis.tif,INSAT3D_VIS_India,2019-11-07 23:30:00,Gujarat,Ahmedabad,23.0225,72.5714,16.56,0.0,No Rain
INSAT3D_VIS_India/3DIMG_07NOV2019_2330_L1C_SGP_vis.tif,3DIMG_07NOV2019_2330_L1C_SGP_vis.tif,INSAT3D_VIS_India,2019-11-07 23:30:00,Gujarat,Amreli,21.6032,71.2221,15.78,1.1,Light Rain
INSAT3D_VIS_India/3DIMG_07NOV2019_2330_L1C_SGP_vis.tif,3DIMG_07NOV2019_2330_L1C_SGP_vis.tif,INSAT3D_VIS_India,2019-11-07 23:30:00,Gujarat,Anand,22.5645,72.9289,15.78,4.6,Light Rain
INSAT3D_VIS_India/3DIMG_07NOV2019_2330_L1C_SGP_vis.tif,3DIMG_07NOV2019_2330_L1C_SGP_vis.tif,INSAT3D_VIS_India,2019-11-07 23:30:00,Gujarat,Aravalli,23.4619,73.3039,16.22,5.9,Light Rain
INSAT3D_VIS_India/3DIMG_07NOV2019_2330_L1C_SGP_vis.tif,3DIMG_07NOV2019_2330_L1C_SGP_vis.tif,INSAT3D_VIS_India,2019-11-07 23:30:00,Gujarat,Banaskantha,24.1724,72.4346,16.0,1.2,Light Rain
INSAT3D_VIS_India/3DIMG_07NOV2019_2330_L1C_SGP_vis.tif,3DIMG_07NOV2019_2330_L1C_SGP_vis.tif,INSAT3D_VIS_India,2019-11-07 23:30:00,Gujarat,Bharuch,21.7051,72.9959,16.33,2.7,Light Rain
INSAT3D_VIS_India/3DIMG_07NOV2019_2330_L1C_SGP_vis.tif,3DIMG_07NOV2019_2330_L1C_SGP_vis.tif,INSAT3D_VIS_India,2019-11-07 23:30:00,Gujarat,Bhavnagar,21.7645,72.1519,15.78,0.0,No Rain
INSAT3D_VIS_India/3DIMG_07NOV2019_2330_L1C_SGP_vis.tif,3DIMG_07NOV2019_2330_L1C_SGP_vis.tif,INSAT3D_VIS_India,2019-11-07 23:30:00,Gujarat,Botad,22.1704,71.6662,16.33,0.0,No Rain
INSAT3D_VIS_India/3DIMG_07NOV2019_2330_L1C_SGP_vis.tif,3DIMG_07NOV2019_2330_L1C_SGP_vis.tif,INSAT3D_VIS_India,2019-11-07 23:30:00,Gujarat,Chhota Udepur,22.3108,74.0125,16.44,2.9,Light Rain
INSAT3D_VIS_India/3DIMG_07NOV2019_2330_L1C_SGP_vis.tif,3DIMG_07NOV2019_2330_L1C_SGP_vis.tif,INSAT3D_VIS_India,2019-11-07 23:30:00,Gujarat,Dahod,22.8347,74.2552,16.0,4.5,Light Rain
INSAT3D_VIS_India/3DIMG_07NOV2019_2330_L1C_SGP_vis.tif,3DIMG_07NOV2019_2330_L1C_SGP_vis.tif,INSAT3D_VIS_India,2019-11-07 23:30:00,Gujarat,Dang,20.7554,73.6873,16.11,0.7,Light Rain
INSAT3D_VIS_India/3DIMG_07NOV2019_2330_L1C_SGP_vis.tif,3DIMG_07NOV2019_2330_L1C_SGP_vis.tif,INSAT3D_VIS_India,2019-11-07 23:30:00,Gujarat,Devbhumi Dwarka,22.2078,69.6582,15.0,5.4,Light Rain
INSAT3D_VIS_India/3DIMG_07NOV2019_2330_L1C_SGP_vis.tif,3DIMG_07NOV2019_2330_L1C_SGP_vis.tif,INSAT3D_VIS_India,2019-11-07 23:30:00,Gujarat,Gandhinagar,23.2156,72.6369,16.22,0.0,No Rain
INSAT3D_VIS_India/3DIMG_07NOV2019_2330_L1C_SGP_vis.tif,3DIMG_07NOV2019_2330_L1C_SGP_vis.tif,INSAT3D_VIS_India,2019-11-07 23:30:00,Gujarat,Gir Somnath,20.9042,70.3644,15.56,0.0,No Rain
INSAT3D_VIS_India/3DIMG_07NOV2019_2330_L1C_SGP_vis.tif,3DIMG_07NOV2019_2330_L1C_SGP_vis.tif,INSAT3D_VIS_India,2019-11-07 23:30:00,Gujarat,Jamnagar,22.4707,70.0577,16.78,0.7,Light Rain
INSAT3D_VIS_India/3DIMG_07NOV2019_2330_L1C_SGP_vis.tif,3DIMG_07NOV2019_2330_L1C_SGP_vis.tif,INSAT3D_VIS_India,2019-11-07 23:30:00,Gujarat,Junagadh,21.5222,70.4579,14.89,0.0,No Rain
INSAT3D_VIS_India/3DIMG_07NOV2019_2330_L1C_SGP_vis.tif,3DIMG_07NOV2019_2330_L1C_SGP_vis.tif,INSAT3D_VIS_India,2019-11-07 23:30:00,Gujarat,Kheda,22.6916,72.8634,15.56,0.9,Light Rain
INSAT3D_VIS_India/3DIMG_07NOV2019_2330_L1C_SGP_vis.tif,3DIMG_07NOV2019_2330_L1C_SGP_vis.tif,INSAT3D_VIS_India,2019-11-07 23:30:00,Gujarat,Kutch (Bhuj),23.242,69.6669,16.33,3.3,Light Rain
INSAT3D_VIS_India/3DIMG_07NOV2019_2330_L1C_SGP_vis.tif,3DIMG_07NOV2019_2330_L1C_SGP_vis.tif,INSAT3D_VIS_India,2019-11-07 23:30:00,Gujarat,Mahisagar,23.1311,73.6009,16.78,5.7,Light Rain
INSAT3D_VIS_India/3DIMG_07NOV2019_2330_L1C_SGP_vis.tif,3DIMG_07NOV2019_2330_L1C_SGP_vis.tif,INSAT3D_VIS_India,2019-11-07 23:30:00,Gujarat,Mehsana,23.588,72.3693,16.44,0.0,No Rain
INSAT3D_VIS_India/3DIMG_07NOV2019_2330_L1C_SGP_vis.tif,3DIMG_07NOV2019_2330_L1C_SGP_vis.tif,INSAT3D_VIS_India,2019-11-07 23:30:00,Gujarat,Morbi,22.8173,70.8368,15.44,1.6,Light Rain
INSAT3D_VIS_India/3DIMG_07NOV2019_2330_L1C_SGP_vis.tif,3DIMG_07NOV2019_2330_L1C_SGP_vis.tif,INSAT3D_VIS_India,2019-11-07 23:30:00,Gujarat,Narmada,21.8719,73.5028,16.0,0.0,No Rain
INSAT3D_VIS_India/3DIMG_07NOV2019_2330_L1C_SGP_vis.tif,3DIMG_07NOV2019_2330_L1C_SGP_vis.tif,INSAT3D_VIS_India,2019-11-07 23:30:00,Gujarat,Navsari,20.9467,72.952,16.0,1.9,Light Rain
INSAT3D_VIS_India/3DIMG_07NOV2019_2330_L1C_SGP_vis.tif,3DIMG_07NOV2019_2330_L1C_SGP_vis.tif,INSAT3D_VIS_India,2019-11-07 23:30:00,Gujarat,Panchmahal,22.778,73.6143,15.56,0.0,No Rain
INSAT3D_VIS_India/3DIMG_07NOV2019_2330_L1C_SGP_vis.tif,3DIMG_07NOV2019_2330_L1C_SGP_vis.tif,INSAT3D_VIS_India,2019-11-07 23:30:00,Gujarat,Patan,23.8493,72.1266,15.56,0.0,No Rain
INSAT3D_VIS_India/3DIMG_07NOV2019_2330_L1C_SGP_vis.tif,3DIMG_07NOV2019_2330_L1C_SGP_vis.tif,INSAT3D_VIS_India,2019-11-07 23:30:00,Gujarat,Porbandar,21.6417,69.6293,15.11,0.0,No Rain
INSAT3D_VIS_India/3DIMG_07NOV2019_2330_L1C_SGP_vis.tif,3DIMG_07NOV2019_2330_L1C_SGP_vis.tif,INSAT3D_VIS_India,2019-11-07 23:30:00,Gujarat,Rajkot,22.3039,70.8022,16.56,4.7,Light Rain
INSAT3D_VIS_India/3DIMG_07NOV2019_2330_L1C_SGP_vis.tif,3DIMG_07NOV2019_2330_L1C_SGP_vis.tif,INSAT3D_VIS_India,2019-11-07 23:30:00,Gujarat,Sabarkantha,23.5977,72.9688,15.89,1.9,Light Rain
INSAT3D_VIS_India/3DIMG_07NOV2019_2330_L1C_SGP_vis.tif,3DIMG_07NOV2019_2330_L1C_SGP_vis.tif,INSAT3D_VIS_India,2019-11-07 23:30:00,Gujarat,Surat,21.1702,72.8311,15.33,2.3,Light Rain
INSAT3D_VIS_India/3DIMG_07NOV2019_2330_L1C_SGP_vis.tif,3DIMG_07NOV2019_2330_L1C_SGP_vis.tif,INSAT3D_VIS_India,2019-11-07 23:30:00,Gujarat,Surendranagar,22.7274,71.637,15.33,0.0,No Rain
INSAT3D_VIS_India/3DIMG_07NOV2019_2330_L1C_SGP_vis.tif,3DIMG_07NOV2019_2330_L1C_SGP_vis.tif,INSAT3D_VIS_India,2019-11-07 23:30:00,Gujarat,Tapi,21.1147,73.3986,16.11,0.4,Light Rain
INSAT3D_VIS_India/3DIMG_07NOV2019_2330_L1C_SGP_vis.tif,3DIMG_07NOV2019_2330_L1C_SGP_vis.tif,INSAT3D_VIS_India,2019-11-07 23:30:00,Gujarat,Vadodara,22.3072,73.1812,16.67,0.0,No Rain
INSAT3D_VIS_India/3DIMG_07NOV2019_2330_L1C_SGP_vis.tif,3DIMG_07NOV2019_2330_L1C_SGP_vis.tif,INSAT3D_VIS_India,2019-11-07 23:30:00,Gujarat,Valsad,20.5992,72.9342,15.56,0.0,No Rain
