image,image_path,state,location,latitude,longitude,rainfall_mm
3DIMG_07NOV2019_0000_L1C_SGP.tif,INSAT3D_TIR1_India/3DIMG_07NOV2019_0000_L1C_SGP.tif,Gujarat,Ahmedabad,23.0225,72.5714,9.94
3DIMG_07NOV2019_0000_L1C_SGP.tif,INSAT3D_TIR1_India/3DIMG_07NOV2019_0000_L1C_SGP.tif,Gujarat,Amreli,21.6032,71.2221,0.73
3DIMG_07NOV2019_0000_L1C_SGP.tif,INSAT3D_TIR1_India/3DIMG_07NOV2019_0000_L1C_SGP.tif,Gujarat,Anand,22.5645,72.9289,8.11
3DIMG_07NOV2019_0000_L1C_SGP.tif,INSAT3D_TIR1_India/3DIMG_07NOV2019_0000_L1C_SGP.tif,Gujarat,Aravalli,23.4619,73.3039,4.73
3DIMG_07NOV2019_0000_L1C_SGP.tif,INSAT3D_TIR1_India/3DIMG_07NOV2019_0000_L1C_SGP.tif,Gujarat,Banaskantha,24.1724,72.4346,17.8
3DIMG_07NOV2019_0000_L1C_SGP.tif,INSAT3D_TIR1_India/3DIMG_07NOV2019_0000_L1C_SGP.tif,Gujarat,Bharuch,21.7051,72.9959,2.76
3DIMG_07NOV2019_0000_L1C_SGP.tif,INSAT3D_TIR1_India/3DIMG_07NOV2019_0000_L1C_SGP.tif,Gujarat,Bhavnagar,21.7645,72.1519,0.06
3DIMG_07NOV2019_0000_L1C_SGP.tif,INSAT3D_TIR1_India/3DIMG_07NOV2019_0000_L1C_SGP.tif,Gujarat,Botad,22.1704,71.6662,0.3
3DIMG_07NOV2019_0000_L1C_SGP.tif,INSAT3D_TIR1_India/3DIMG_07NOV2019_0000_L1C_SGP.tif,Gujarat,Chhota Udepur,22.3108,74.0125,18.45
3DIMG_07NOV2019_0000_L1C_SGP.tif,INSAT3D_TIR1_India/3DIMG_07NOV2019_0000_L1C_SGP.tif,Gujarat,Dahod,22.8347,74.2552,16.9
3DIMG_07NOV2019_0000_L1C_SGP.tif,INSAT3D_TIR1_India/3DIMG_07NOV2019_0000_L1C_SGP.tif,Gujarat,Dang,20.7554,73.6873,9.99
3DIMG_07NOV2019_0000_L1C_SGP.tif,INSAT3D_TIR1_India/3DIMG_07NOV2019_0000_L1C_SGP.tif,Gujarat,Devbhumi Dwarka,22.2078,69.6582,21.09
3DIMG_07NOV2019_0000_L1C_SGP.tif,INSAT3D_TIR1_India/3DIMG_07NOV2019_0000_L1C_SGP.tif,Gujarat,Gandhinagar,23.2156,72.6369,7.49
3DIMG_07NOV2019_0000_L1C_SGP.tif,INSAT3D_TIR1_India/3DIMG_07NOV2019_0000_L1C_SGP.tif,Gujarat,Gir Somnath,20.9042,70.3644,0.37
3DIMG_07NOV2019_0000_L1C_SGP.tif,INSAT3D_TIR1_India/3DIMG_07NOV2019_0000_L1C_SGP.tif,Gujarat,Jamnagar,22.4707,70.0577,19.67
3DIMG_07NOV2019_0000_L1C_SGP.tif,INSAT3D_TIR1_India/3DIMG_07NOV2019_0000_L1C_SGP.tif,Gujarat,Junagadh,21.5222,70.4579,2.44
3DIMG_07NOV2019_0000_L1C_SGP.tif,INSAT3D_TIR1_India/3DIMG_07NOV2019_0000_L1C_SGP.tif,Gujarat,Kheda,22.6916,72.8634,8.97
3DIMG_07NOV2019_0000_L1C_SGP.tif,INSAT3D_TIR1_India/3DIMG_07NOV2019_0000_L1C_SGP.tif,Gujarat,Kutch (Bhuj),23.242,69.6669,24.12
3DIMG_07NOV2019_0000_L1C_SGP.tif,INSAT3D_TIR1_India/3DIMG_07NOV2019_0000_L1C_SGP.tif,Gujarat,Mahisagar,23.1311,73.6009,6.23
3DIMG_07NOV2019_0000_L1C_SGP.tif,INSAT3D_TIR1_India/3DIMG_07NOV2019_0000_L1C_SGP.tif,Gujarat,Mehsana,23.588,72.3693,5.14
3DIMG_07NOV2019_0000_L1C_SGP.tif,INSAT3D_TIR1_India/3DIMG_07NOV2019_0000_L1C_SGP.tif,Gujarat,Morbi,22.8173,70.8368,14.69
3DIMG_07NOV2019_0000_L1C_SGP.tif,INSAT3D_TIR1_India/3DIMG_07NOV2019_0000_L1C_SGP.tif,Gujarat,Narmada,21.8719,73.5028,4.38
3DIMG_07NOV2019_0000_L1C_SGP.tif,INSAT3D_TIR1_India/3DIMG_07NOV2019_0000_L1C_SGP.tif,Gujarat,Navsari,20.9467,72.952,0.11
3DIMG_07NOV2019_0000_L1C_SGP.tif,INSAT3D_TIR1_India/3DIMG_07NOV2019_0000_L1C_SGP.tif,Gujarat,Panchmahal,22.778,73.6143,8.64
3DIMG_07NOV2019_0000_L1C_SGP.tif,INSAT3D_TIR1_India/3DIMG_07NOV2019_0000_L1C_SGP.tif,Gujarat,Patan,23.8493,72.1266,8.46
3DIMG_07NOV2019_0000_L1C_SGP.tif,INSAT3D_TIR1_India/3DIMG_07NOV2019_0000_L1C_SGP.tif,Gujarat,Porbandar,21.6417,69.6293,29.66
3DIMG_07NOV2019_0000_L1C_SGP.tif,INSAT3D_TIR1_India/3DIMG_07NOV2019_0000_L1C_SGP.tif,Gujarat,Rajkot,22.3039,70.8022,4.01
3DIMG_07NOV2019_0000_L1C_SGP.tif,INSAT3D_TIR1_India/3DIMG_07NOV2019_0000_L1C_SGP.tif,Gujarat,Sabarkantha,23.5977,72.9688,5.73
3DIMG_07NOV2019_0000_L1C_SGP.tif,INSAT3D_TIR1_India/3DIMG_07NOV2019_0000_L1C_SGP.tif,Gujarat,Surat,21.1702,72.8311,6.75
3DIMG_07NOV2019_0000_L1C_SGP.tif,INSAT3D_TIR1_India/3DIMG_07NOV2019_0000_L1C_SGP.tif,Gujarat,Surendranagar,22.7274,71.637,2.27
3DIMG_07NOV2019_0000_L1C_SGP.tif,INSAT3D_TIR1_India/3DIMG_07NOV2019_0000_L1C_SGP.tif,Gujarat,Tapi,21.1147,73.3986,0.0
3DIMG_07NOV2019_0000_L1C_SGP.tif,INSAT3D_TIR1_India/3DIMG_07NOV2019_0000_L1C_SGP.tif,Gujarat,Vadodara,22.3072,73.1812,7.75
3DIMG_07NOV2019_0000_L1C_SGP.tif,INSAT3D_TIR1_India/3DIMG_07NOV2019_0000_L1C_SGP.tif,Gujarat,Valsad,20.5992,72.9342,9.21
3DIMG_07NOV2019_0030_L1C_SGP.tif,INSAT3D_TIR1_India/3DIMG_07NOV2019_0030_L1C_SGP.tif,Gujarat,Ahmedabad,23.0225,72.5714,7.88
3DIMG_07NOV2019_0030_L1C_SGP.tif,INSAT3D_TIR1_India/3DIMG_07NOV2019_0030_L1C_SGP.tif,Gujarat,Amreli,21.6032,71.2221,0.73
3DIMG_07NOV2019_0030_L1C_SGP.tif,INSAT3D_TIR1_India/3DIMG_07NOV2019_0030_L1C_SGP.tif,Gujarat,Anand,22.5645,72.9289,11.02
3DIMG_07NOV2019_0030_L1C_SGP.tif,INSAT3D_TIR1_India/3DIMG_07NOV2019_0030_L1C_SGP.tif,Gujarat,Aravalli,23.4619,73.3039,3.35
3DIMG_07NOV2019_0030_L1C_SGP.tif,INSAT3D_TIR1_India/3DIMG_07NOV2019_0030_L1C_SGP.tif,Gujarat,Banaskantha,24.1724,72.4346,12.07
3DIMG_07NOV2019_0030_L1C_SGP.tif,INSAT3D_TIR1_India/3DIMG_07NOV2019_0030_L1C_SGP.tif,Gujarat,Bharuch,21.7051,72.9959,5.41
3DIMG_07NOV2019_0030_L1C_SGP.tif,INSAT3D_TIR1_India/3DIMG_07NOV2019_0030_L1C_SGP.tif,Gujarat,Bhavnagar,21.7645,72.1519,0.06
3DIMG_07NOV2019_0030_L1C_SGP.tif,INSAT3D_TIR1_India/3DIMG_07NOV2019_0030_L1C_SGP.tif,Gujarat,Botad,22.1704,71.6662,0.3
3DIMG_07NOV2019_0030_L1C_SGP.tif,INSAT3D_TIR1_India/3DIMG_07NOV2019_0030_L1C_SGP.tif,Gujarat,Chhota Udepur,22.3108,74.0125,19.88
3DIMG_07NOV2019_0030_L1C_SGP.tif,INSAT3D_TIR1_India/3DIMG_07NOV2019_0030_L1C_SGP.tif,Gujarat,Dahod,22.8347,74.2552,16.23
3DIMG_07NOV2019_0030_L1C_SGP.tif,INSAT3D_TIR1_India/3DIMG_07NOV2019_0030_L1C_SGP.tif,Gujarat,Dang,20.7554,73.6873,7.69
3DIMG_07NOV2019_0030_L1C_SGP.tif,INSAT3D_TIR1_India/3DIMG_07NOV2019_0030_L1C_SGP.tif,Gujarat,Devbhumi Dwarka,22.2078,69.6582,15.29
3DIMG_07NOV2019_0030_L1C_SGP.tif,INSAT3D_TIR1_India/3DIMG_07NOV2019_0030_L1C_SGP.tif,Gujarat,Gandhinagar,23.2156,72.6369,7.24
3DIMG_07NOV2019_0030_L1C_SGP.tif,INSAT3D_TIR1_India/3DIMG_07NOV2019_0030_L1C_SGP.tif,Gujarat,Gir Somnath,20.9042,70.3644,0.37
3DIMG_07NOV2019_0030_L1C_SGP.tif,INSAT3D_TIR1_India/3DIMG_07NOV2019_0030_L1C_SGP.tif,Gujarat,Jamnagar,22.4707,70.0577,14.69
3DIMG_07NOV2019_0030_L1C_SGP.tif,INSAT3D_TIR1_India/3DIMG_07NOV2019_0030_L1C_SGP.tif,Gujarat,Junagadh,21.5222,70.4579,11.67
3DIMG_07NOV2019_0030_L1C_SGP.tif,INSAT3D_TIR1_India/3DIMG_07NOV2019_0030_L1C_SGP.tif,Gujarat,Kheda,22.6916,72.8634,6.47
3DIMG_07NOV2019_0030_L1C_SGP.tif,INSAT3D_TIR1_India/3DIMG_07NOV2019_0030_L1C_SGP.tif,Gujarat,Kutch (Bhuj),23.242,69.6669,26.37
3DIMG_07NOV2019_0030_L1C_SGP.tif,INSAT3D_TIR1_India/3DIMG_07NOV2019_0030_L1C_SGP.tif,Gujarat,Mahisagar,23.1311,73.6009,5.78
3DIMG_07NOV2019_0030_L1C_SGP.tif,INSAT3D_TIR1_India/3DIMG_07NOV2019_0030_L1C_SGP.tif,Gujarat,Mehsana,23.588,72.3693,4.66
3DIMG_07NOV2019_0030_L1C_SGP.tif,INSAT3D_TIR1_India/3DIMG_07NOV2019_0030_L1C_SGP.tif,Gujarat,Morbi,22.8173,70.8368,20.23
3DIMG_07NOV2019_0030_L1C_SGP.tif,INSAT3D_TIR1_India/3DIMG_07NOV2019_0030_L1C_SGP.tif,Gujarat,Narmada,21.8719,73.5028,0.0
3DIMG_07NOV2019_0030_L1C_SGP.tif,INSAT3D_TIR1_India/3DIMG_07NOV2019_0030_L1C_SGP.tif,Gujarat,Navsari,20.9467,72.952,7.42
3DIMG_07NOV2019_0030_L1C_SGP.tif,INSAT3D_TIR1_India/3DIMG_07NOV2019_0030_L1C_SGP.tif,Gujarat,Panchmahal,22.778,73.6143,20.97
3DIMG_07NOV2019_0030_L1C_SGP.tif,INSAT3D_TIR1_India/3DIMG_07NOV2019_0030_L1C_SGP.tif,Gujarat,Patan,23.8493,72.1266,12.94
3DIMG_07NOV2019_0030_L1C_SGP.tif,INSAT3D_TIR1_India/3DIMG_07NOV2019_0030_L1C_SGP.tif,Gujarat,Porbandar,21.6417,69.6293,29.68
3DIMG_07NOV2019_0030_L1C_SGP.tif,INSAT3D_TIR1_India/3DIMG_07NOV2019_0030_L1C_SGP.tif,Gujarat,Rajkot,22.3039,70.8022,5.19
3DIMG_07NOV2019_0030_L1C_SGP.tif,INSAT3D_TIR1_India/3DIMG_07NOV2019_0030_L1C_SGP.tif,Gujarat,Sabarkantha,23.5977,72.9688,3.13
3DIMG_07NOV2019_0030_L1C_SGP.tif,INSAT3D_TIR1_India/3DIMG_07NOV2019_0030_L1C_SGP.tif,Gujarat,Surat,21.1702,72.8311,8.26
3DIMG_07NOV2019_0030_L1C_SGP.tif,INSAT3D_TIR1_India/3DIMG_07NOV2019_0030_L1C_SGP.tif,Gujarat,Surendranagar,22.7274,71.637,5.97
3DIMG_07NOV2019_0030_L1C_SGP.tif,INSAT3D_TIR1_India/3DIMG_07NOV2019_0030_L1C_SGP.tif,Gujarat,Tapi,21.1147,73.3986,0.0
3DIMG_07NOV2019_0030_L1C_SGP.tif,INSAT3D_TIR1_India/3DIMG_07NOV2019_0030_L1C_SGP.tif,Gujarat,Vadodara,22.3072,73.1812,12.6
3DIMG_07NOV2019_0030_L1C_SGP.tif,INSAT3D_TIR1_India/3DIMG_07NOV2019_0030_L1C_SGP.tif,Gujarat,Valsad,20.5992,72.9342,16.56
3DIMG_07NOV2019_0100_L1C_SGP.tif,INSAT3D_TIR1_India/3DIMG_07NOV2019_0100_L1C_SGP.tif,Gujarat,Ahmedabad,23.0225,72.5714,4.63
3DIMG_07NOV2019_0100_L1C_SGP.tif,INSAT3D_TIR1_India/3DIMG_07NOV2019_0100_L1C_SGP.tif,Gujarat,Amreli,21.6032,71.2221,0.73
3DIMG_07NOV2019_0100_L1C_SGP.tif,INSAT3D_TIR1_India/3DIMG_07NOV2019_0100_L1C_SGP.tif,Gujarat,Anand,22.5645,72.9289,6.32
3DIMG_07NOV2019_0100_L1C_SGP.tif,INSAT3D_TIR1_India/3DIMG_07NOV2019_0100_L1C_SGP.tif,Gujarat,Aravalli,23.4619,73.3039,3.07
3DIMG_07NOV2019_0100_L1C_SGP.tif,INSAT3D_TIR1_India/3DIMG_07NOV2019_0100_L1C_SGP.tif,Gujarat,Banaskantha,24.1724,72.4346,14.0
3DIMG_07NOV2019_0100_L1C_SGP.tif,INSAT3D_TIR1_India/3DIMG_07NOV2019_0100_L1C_SGP.tif,Gujarat,Bharuch,21.7051,72.9959,5.74
3DIMG_07NOV2019_0100_L1C_SGP.tif,INSAT3D_TIR1_India/3DIMG_07NOV2019_0100_L1C_SGP.tif,Gujarat,Bhavnagar,21.7645,72.1519,0.06
3DIMG_07NOV2019_0100_L1C_SGP.tif,INSAT3D_TIR1_India/3DIMG_07NOV2019_0100_L1C_SGP.tif,Gujarat,Botad,22.1704,71.6662,0.3
3DIMG_07NOV2019_0100_L1C_SGP.tif,INSAT3D_TIR1_India/3DIMG_07NOV2019_0100_L1C_SGP.tif,Gujarat,Chhota Udepur,22.3108,74.0125,7.12
3DIMG_07NOV2019_0100_L1C_SGP.tif,INSAT3D_TIR1_India/3DIMG_07NOV2019_0100_L1C_SGP.tif,Gujarat,Dahod,22.8347,74.2552,24.95
3DIMG_07NOV2019_0100_L1C_SGP.tif,INSAT3D_TIR1_India/3DIMG_07NOV2019_0100_L1C_SGP.tif,Gujarat,Dang,20.7554,73.6873,9.36
3DIMG_07NOV2019_0100_L1C_SGP.tif,INSAT3D_TIR1_India/3DIMG_07NOV2019_0100_L1C_SGP.tif,Gujarat,Devbhumi Dwarka,22.2078,69.6582,20.36
3DIMG_07NOV2019_0100_L1C_SGP.tif,INSAT3D_TIR1_India/3DIMG_07NOV2019_0100_L1C_SGP.tif,Gujarat,Gandhinagar,23.2156,72.6369,6.48
3DIMG_07NOV2019_0100_L1C_SGP.tif,INSAT3D_TIR1_India/3DIMG_07NOV2019_0100_L1C_SGP.tif,Gujarat,Gir Somnath,20.9042,70.3644,0.37
3DIMG_07NOV2019_0100_L1C_SGP.tif,INSAT3D_TIR1_India/3DIMG_07NOV2019_0100_L1C_SGP.tif,Gujarat,Jamnagar,22.4707,70.0577,19.7
3DIMG_07NOV2019_0100_L1C_SGP.tif,INSAT3D_TIR1_India/3DIMG_07NOV2019_0100_L1C_SGP.tif,Gujarat,Junagadh,21.5222,70.4579,2.44
3DIMG_07NOV2019_0100_L1C_SGP.tif,INSAT3D_TIR1_India/3DIMG_07NOV2019_0100_L1C_SGP.tif,Gujarat,Kheda,22.6916,72.8634,6.14
3DIMG_07NOV2019_0100_L1C_SGP.tif,INSAT3D_TIR1_India/3DIMG_07NOV2019_0100_L1C_SGP.tif,Gujarat,Kutch (Bhuj),23.242,69.6669,26.8
3DIMG_07NOV2019_0100_L1C_SGP.tif,INSAT3D_TIR1_India/3DIMG_07NOV2019_0100_L1C_SGP.tif,Gujarat,Mahisagar,23.1311,73.6009,8.72
3DIMG_07NOV2019_0100_L1C_SGP.tif,INSAT3D_TIR1_India/3DIMG_07NOV2019_0100_L1C_SGP.tif,Gujarat,Mehsana,23.588,72.3693,1.96
3DIMG_07NOV2019_0100_L1C_SGP.tif,INSAT3D_TIR1_India/3DIMG_07NOV2019_0100_L1C_SGP.tif,Gujarat,Morbi,22.8173,70.8368,25.26
3DIMG_07NOV2019_0100_L1C_SGP.tif,INSAT3D_TIR1_India/3DIMG_07NOV2019_0100_L1C_SGP.tif,Gujarat,Narmada,21.8719,73.5028,0.0
3DIMG_07NOV2019_0100_L1C_SGP.tif,INSAT3D_TIR1_India/3DIMG_07NOV2019_0100_L1C_SGP.tif,Gujarat,Navsari,20.9467,72.952,17.44
3DIMG_07NOV2019_0100_L1C_SGP.tif,INSAT3D_TIR1_India/3DIMG_07NOV2019_0100_L1C_SGP.tif,Gujarat,Panchmahal,22.778,73.6143,14.54
3DIMG_07NOV2019_0100_L1C_SGP.tif,INSAT3D_TIR1_India/3DIMG_07NOV2019_0100_L1C_SGP.tif,Gujarat,Patan,23.8493,72.1266,14.11
3DIMG_07NOV2019_0100_L1C_SGP.tif,INSAT3D_TIR1_India/3DIMG_07NOV2019_0100_L1C_SGP.tif,Gujarat,Porbandar,21.6417,69.6293,31.06
3DIMG_07NOV2019_0100_L1C_SGP.tif,INSAT3D_TIR1_India/3DIMG_07NOV2019_0100_L1C_SGP.tif,Gujarat,Rajkot,22.3039,70.8022,11.98
3DIMG_07NOV2019_0100_L1C_SGP.tif,INSAT3D_TIR1_India/3DIMG_07NOV2019_0100_L1C_SGP.tif,Gujarat,Sabarkantha,23.5977,72.9688,7.26
3DIMG_07NOV2019_0100_L1C_SGP.tif,INSAT3D_TIR1_India/3DIMG_07NOV2019_0100_L1C_SGP.tif,Gujarat,Surat,21.1702,72.8311,6.71
3DIMG_07NOV2019_0100_L1C_SGP.tif,INSAT3D_TIR1_India/3DIMG_07NOV2019_0100_L1C_SGP.tif,Gujarat,Surendranagar,22.7274,71.637,5.04
3DIMG_07NOV2019_0100_L1C_SGP.tif,INSAT3D_TIR1_India/3DIMG_07NOV2019_0100_L1C_SGP.tif,Gujarat,Tapi,21.1147,73.3986,3.95
3DIMG_07NOV2019_0100_L1C_SGP.tif,INSAT3D_TIR1_India/3DIMG_07NOV2019_0100_L1C_SGP.tif,Gujarat,Vadodara,22.3072,73.1812,14.8
3DIMG_07NOV2019_0100_L1C_SGP.tif,INSAT3D_TIR1_India/3DIMG_07NOV2019_0100_L1C_SGP.tif,Gujarat,Valsad,20.5992,72.9342,17.81
3DIMG_07NOV2019_0130_L1C_SGP.tif,INSAT3D_TIR1_India/3DIMG_07NOV2019_0130_L1C_SGP.tif,Gujarat,Ahmedabad,23.0225,72.5714,1.36
3DIMG_07NOV2019_0130_L1C_SGP.tif,INSAT3D_TIR1_India/3DIMG_07NOV2019_0130_L1C_SGP.tif,Gujarat,Amreli,21.6032,71.2221,0.73
3DIMG_07NOV2019_0130_L1C_SGP.tif,INSAT3D_TIR1_India/3DIMG_07NOV2019_0130_L1C_SGP.tif,Gujarat,Anand,22.5645,72.9289,6.81
3DIMG_07NOV2019_0130_L1C_SGP.tif,INSAT3D_TIR1_India/3DIMG_07NOV2019_0130_L1C_SGP.tif,Gujarat,Aravalli,23.4619,73.3039,4.22
3DIMG_07NOV2019_0130_L1C_SGP.tif,INSAT3D_TIR1_India/3DIMG_07NOV2019_0130_L1C_SGP.tif,Gujarat,Banaskantha,24.1724,72.4346,25.77
3DIMG_07NOV2019_0130_L1C_SGP.tif,INSAT3D_TIR1_India/3DIMG_07NOV2019_0130_L1C_SGP.tif,Gujarat,Bharuch,21.7051,72.9959,3.46
3DIMG_07NOV2019_0130_L1C_SGP.tif,INSAT3D_TIR1_India/3DIMG_07NOV2019_0130_L1C_SGP.tif,Gujarat,Bhavnagar,21.7645,72.1519,0.06
3DIMG_07NOV2019_0130_L1C_SGP.tif,INSAT3D_TIR1_India/3DIMG_07NOV2019_0130_L1C_SGP.tif,Gujarat,Botad,22.1704,71.6662,0.3
3DIMG_07NOV2019_0130_L1C_SGP.tif,INSAT3D_TIR1_India/3DIMG_07NOV2019_0130_L1C_SGP.tif,Gujarat,Chhota Udepur,22.3108,74.0125,0.0
3DIMG_07NOV2019_0130_L1C_SGP.tif,INSAT3D_TIR1_India/3DIMG_07NOV2019_0130_L1C_SGP.tif,Gujarat,Dahod,22.8347,74.2552,26.2
3DIMG_07NOV2019_0130_L1C_SGP.tif,INSAT3D_TIR1_India/3DIMG_07NOV2019_0130_L1C_SGP.tif,Gujarat,Dang,20.7554,73.6873,7.98
3DIMG_07NOV2019_0130_L1C_SGP.tif,INSAT3D_TIR1_India/3DIMG_07NOV2019_0130_L1C_SGP.tif,Gujarat,Devbhumi Dwarka,22.2078,69.6582,24.88
3DIMG_07NOV2019_0130_L1C_SGP.tif,INSAT3D_TIR1_India/3DIMG_07NOV2019_0130_L1C_SGP.tif,Gujarat,Gandhinagar,23.2156,72.6369,0.73
3DIMG_07NOV2019_0130_L1C_SGP.tif,INSAT3D_TIR1_India/3DIMG_07NOV2019_0130_L1C_SGP.tif,Gujarat,Gir Somnath,20.9042,70.3644,0.37
3DIMG_07NOV2019_0130_L1C_SGP.tif,INSAT3D_TIR1_India/3DIMG_07NOV2019_0130_L1C_SGP.tif,Gujarat,Jamnagar,22.4707,70.0577,24.67
3DIMG_07NOV2019_0130_L1C_SGP.tif,INSAT3D_TIR1_India/3DIMG_07NOV2019_0130_L1C_SGP.tif,Gujarat,Junagadh,21.5222,70.4579,2.44
3DIMG_07NOV2019_0130_L1C_SGP.tif,INSAT3D_TIR1_India/3DIMG_07NOV2019_0130_L1C_SGP.tif,Gujarat,Kheda,22.6916,72.8634,5.54
3DIMG_07NOV2019_0130_L1C_SGP.tif,INSAT3D_TIR1_India/3DIMG_07NOV2019_0130_L1C_SGP.tif,Gujarat,Kutch (Bhuj),23.242,69.6669,27.4
3DIMG_07NOV2019_0130_L1C_SGP.tif,INSAT3D_TIR1_India/3DIMG_07NOV2019_0130_L1C_SGP.tif,Gujarat,Mahisagar,23.1311,73.6009,6.9
3DIMG_07NOV2019_0130_L1C_SGP.tif,INSAT3D_TIR1_India/3DIMG_07NOV2019_0130_L1C_SGP.tif,Gujarat,Mehsana,23.588,72.3693,3.74
3DIMG_07NOV2019_0130_L1C_SGP.tif,INSAT3D_TIR1_India/3DIMG_07NOV2019_0130_L1C_SGP.tif,Gujarat,Morbi,22.8173,70.8368,25.18
3DIMG_07NOV2019_0130_L1C_SGP.tif,INSAT3D_TIR1_India/3DIMG_07NOV2019_0130_L1C_SGP.tif,Gujarat,Narmada,21.8719,73.5028,0.0
3DIMG_07NOV2019_0130_L1C_SGP.tif,INSAT3D_TIR1_India/3DIMG_07NOV2019_0130_L1C_SGP.tif,Gujarat,Navsari,20.9467,72.952,7.94
3DIMG_07NOV2019_0130_L1C_SGP.tif,INSAT3D_TIR1_India/3DIMG_07NOV2019_0130_L1C_SGP.tif,Gujarat,Panchmahal,22.778,73.6143,18.27
3DIMG_07NOV2019_0130_L1C_SGP.tif,INSAT3D_TIR1_India/3DIMG_07NOV2019_0130_L1C_SGP.tif,Gujarat,Patan,23.8493,72.1266,13.01
3DIMG_07NOV2019_0130_L1C_SGP.tif,INSAT3D_TIR1_India/3DIMG_07NOV2019_0130_L1C_SGP.tif,Gujarat,Porbandar,21.6417,69.6293,31.43
3DIMG_07NOV2019_0130_L1C_SGP.tif,INSAT3D_TIR1_India/3DIMG_07NOV2019_0130_L1C_SGP.tif,Gujarat,Rajkot,22.3039,70.8022,17.54
3DIMG_07NOV2019_0130_L1C_SGP.tif,INSAT3D_TIR1_India/3DIMG_07NOV2019_0130_L1C_SGP.tif,Gujarat,Sabarkantha,23.5977,72.9688,3.18
3DIMG_07NOV2019_0130_L1C_SGP.tif,INSAT3D_TIR1_India/3DIMG_07NOV2019_0130_L1C_SGP.tif,Gujarat,Surat,21.1702,72.8311,1.26
3DIMG_07NOV2019_0130_L1C_SGP.tif,INSAT3D_TIR1_India/3DIMG_07NOV2019_0130_L1C_SGP.tif,Gujarat,Surendranagar,22.7274,71.637,10.85
3DIMG_07NOV2019_0130_L1C_SGP.tif,INSAT3D_TIR1_India/3DIMG_07NOV2019_0130_L1C_SGP.tif,Gujarat,Tapi,21.1147,73.3986,14.52
3DIMG_07NOV2019_0130_L1C_SGP.tif,INSAT3D_TIR1_India/3DIMG_07NOV2019_0130_L1C_SGP.tif,Gujarat,Vadodara,22.3072,73.1812,1.65
3DIMG_07NOV2019_0130_L1C_SGP.tif,INSAT3D_TIR1_India/3DIMG_07NOV2019_0130_L1C_SGP.tif,Gujarat,Valsad,20.5992,72.9342,17.98
3DIMG_07NOV2019_0200_L1C_SGP.tif,INSAT3D_TIR1_India/3DIMG_07NOV2019_0200_L1C_SGP.tif,Gujarat,Ahmedabad,23.0225,72.5714,1.79
3DIMG_07NOV2019_0200_L1C_SGP.tif,INSAT3D_TIR1_India/3DIMG_07NOV2019_0200_L1C_SGP.tif,Gujarat,Amreli,21.6032,71.2221,0.73
3DIMG_07NOV2019_0200_L1C_SGP.tif,INSAT3D_TIR1_India/3DIMG_07NOV2019_0200_L1C_SGP.tif,Gujarat,Anand,22.5645,72.9289,7.49
3DIMG_07NOV2019_0200_L1C_SGP.tif,INSAT3D_TIR1_India/3DIMG_07NOV2019_0200_L1C_SGP.tif,Gujarat,Aravalli,23.4619,73.3039,0.0
3DIMG_07NOV2019_0200_L1C_SGP.tif,INSAT3D_TIR1_India/3DIMG_07NOV2019_0200_L1C_SGP.tif,Gujarat,Banaskantha,24.1724,72.4346,27.32
3DIMG_07NOV2019_0200_L1C_SGP.tif,INSAT3D_TIR1_India/3DIMG_07NOV2019_0200_L1C_SGP.tif,Gujarat,Bharuch,21.7051,72.9959,4.08
3DIMG_07NOV2019_0200_L1C_SGP.tif,INSAT3D_TIR1_India/3DIMG_07NOV2019_0200_L1C_SGP.tif,Gujarat,Bhavnagar,21.7645,72.1519,0.06
3DIMG_07NOV2019_0200_L1C_SGP.tif,INSAT3D_TIR1_India/3DIMG_07NOV2019_0200_L1C_SGP.tif,Gujarat,Botad,22.1704,71.6662,0.3
3DIMG_07NOV2019_0200_L1C_SGP.tif,INSAT3D_TIR1_India/3DIMG_07NOV2019_0200_L1C_SGP.tif,Gujarat,Chhota Udepur,22.3108,74.0125,0.0
3DIMG_07NOV2019_0200_L1C_SGP.tif,INSAT3D_TIR1_India/3DIMG_07NOV2019_0200_L1C_SGP.tif,Gujarat,Dahod,22.8347,74.2552,27.27
3DIMG_07NOV2019_0200_L1C_SGP.tif,INSAT3D_TIR1_India/3DIMG_07NOV2019_0200_L1C_SGP.tif,Gujarat,Dang,20.7554,73.6873,15.33
3DIMG_07NOV2019_0200_L1C_SGP.tif,INSAT3D_TIR1_India/3DIMG_07NOV2019_0200_L1C_SGP.tif,Gujarat,Devbhumi Dwarka,22.2078,69.6582,26.61
3DIMG_07NOV2019_0200_L1C_SGP.tif,INSAT3D_TIR1_India/3DIMG_07NOV2019_0200_L1C_SGP.tif,Gujarat,Gandhinagar,23.2156,72.6369,3.34
3DIMG_07NOV2019_0200_L1C_SGP.tif,INSAT3D_TIR1_India/3DIMG_07NOV2019_0200_L1C_SGP.tif,Gujarat,Gir Somnath,20.9042,70.3644,0.37
3DIMG_07NOV2019_0200_L1C_SGP.tif,INSAT3D_TIR1_India/3DIMG_07NOV2019_0200_L1C_SGP.tif,Gujarat,Jamnagar,22.4707,70.0577,28.24
3DIMG_07NOV2019_0200_L1C_SGP.tif,INSAT3D_TIR1_India/3DIMG_07NOV2019_0200_L1C_SGP.tif,Gujarat,Junagadh,21.5222,70.4579,2.44
3DIMG_07NOV2019_0200_L1C_SGP.tif,INSAT3D_TIR1_India/3DIMG_07NOV2019_0200_L1C_SGP.tif,Gujarat,Kheda,22.6916,72.8634,2.02
3DIMG_07NOV2019_0200_L1C_SGP.tif,INSAT3D_TIR1_India/3DIMG_07NOV2019_0200_L1C_SGP.tif,Gujarat,Kutch (Bhuj),23.242,69.6669,28.07
3DIMG_07NOV2019_0200_L1C_SGP.tif,INSAT3D_TIR1_India/3DIMG_07NOV2019_0200_L1C_SGP.tif,Gujarat,Mahisagar,23.1311,73.6009,11.38
3DIMG_07NOV2019_0200_L1C_SGP.tif,INSAT3D_TIR1_India/3DIMG_07NOV2019_0200_L1C_SGP.tif,Gujarat,Mehsana,23.588,72.3693,2.99
3DIMG_07NOV2019_0200_L1C_SGP.tif,INSAT3D_TIR1_India/3DIMG_07NOV2019_0200_L1C_SGP.tif,Gujarat,Morbi,22.8173,70.8368,27.36
3DIMG_07NOV2019_0200_L1C_SGP.tif,INSAT3D_TIR1_India/3DIMG_07NOV2019_0200_L1C_SGP.tif,Gujarat,Narmada,21.8719,73.5028,3.51
3DIMG_07NOV2019_0200_L1C_SGP.tif,INSAT3D_TIR1_India/3DIMG_07NOV2019_0200_L1C_SGP.tif,Gujarat,Navsari,20.9467,72.952,0.11
3DIMG_07NOV2019_0200_L1C_SGP.tif,INSAT3D_TIR1_India/3DIMG_07NOV2019_0200_L1C_SGP.tif,Gujarat,Panchmahal,22.778,73.6143,4.14
3DIMG_07NOV2019_0200_L1C_SGP.tif,INSAT3D_TIR1_India/3DIMG_07NOV2019_0200_L1C_SGP.tif,Gujarat,Patan,23.8493,72.1266,24.64
3DIMG_07NOV2019_0200_L1C_SGP.tif,INSAT3D_TIR1_India/3DIMG_07NOV2019_0200_L1C_SGP.tif,Gujarat,Porbandar,21.6417,69.6293,31.71
3DIMG_07NOV2019_0200_L1C_SGP.tif,INSAT3D_TIR1_India/3DIMG_07NOV2019_0200_L1C_SGP.tif,Gujarat,Rajkot,22.3039,70.8022,17.39
3DIMG_07NOV2019_0200_L1C_SGP.tif,INSAT3D_TIR1_India/3DIMG_07NOV2019_0200_L1C_SGP.tif,Gujarat,Sabarkantha,23.5977,72.9688,2.14
3DIMG_07NOV2019_0200_L1C_SGP.tif,INSAT3D_TIR1_India/3DIMG_07NOV2019_0200_L1C_SGP.tif,Gujarat,Surat,21.1702,72.8311,0.21
3DIMG_07NOV2019_0200_L1C_SGP.tif,INSAT3D_TIR1_India/3DIMG_07NOV2019_0200_L1C_SGP.tif,Gujarat,Surendranagar,22.7274,71.637,18.59
3DIMG_07NOV2019_0200_L1C_SGP.tif,INSAT3D_TIR1_India/3DIMG_07NOV2019_0200_L1C_SGP.tif,Gujarat,Tapi,21.1147,73.3986,4.1
3DIMG_07NOV2019_0200_L1C_SGP.tif,INSAT3D_TIR1_India/3DIMG_07NOV2019_0200_L1C_SGP.tif,Gujarat,Vadodara,22.3072,73.1812,2.43
3DIMG_07NOV2019_0200_L1C_SGP.tif,INSAT3D_TIR1_India/3DIMG_07NOV2019_0200_L1C_SGP.tif,Gujarat,Valsad,20.5992,72.9342,2.39
3DIMG_07NOV2019_0230_L1C_SGP.tif,INSAT3D_TIR1_India/3DIMG_07NOV2019_0230_L1C_SGP.tif,Gujarat,Ahmedabad,23.0225,72.5714,1.36
3DIMG_07NOV2019_0230_L1C_SGP.tif,INSAT3D_TIR1_India/3DIMG_07NOV2019_0230_L1C_SGP.tif,Gujarat,Amreli,21.6032,71.2221,0.73
3DIMG_07NOV2019_0230_L1C_SGP.tif,INSAT3D_TIR1_India/3DIMG_07NOV2019_0230_L1C_SGP.tif,Gujarat,Anand,22.5645,72.9289,12.54
3DIMG_07NOV2019_0230_L1C_SGP.tif,INSAT3D_TIR1_India/3DIMG_07NOV2019_0230_L1C_SGP.tif,Gujarat,Aravalli,23.4619,73.3039,0.0
3DIMG_07NOV2019_0230_L1C_SGP.tif,INSAT3D_TIR1_India/3DIMG_07NOV2019_0230_L1C_SGP.tif,Gujarat,Banaskantha,24.1724,72.4346,28.42
3DIMG_07NOV2019_0230_L1C_SGP.tif,INSAT3D_TIR1_India/3DIMG_07NOV2019_0230_L1C_SGP.tif,Gujarat,Bharuch,21.7051,72.9959,8.24
3DIMG_07NOV2019_0230_L1C_SGP.tif,INSAT3D_TIR1_India/3DIMG_07NOV2019_0230_L1C_SGP.tif,Gujarat,Bhavnagar,21.7645,72.1519,0.06
3DIMG_07NOV2019_0230_L1C_SGP.tif,INSAT3D_TIR1_India/3DIMG_07NOV2019_0230_L1C_SGP.tif,Gujarat,Botad,22.1704,71.6662,0.3
3DIMG_07NOV2019_0230_L1C_SGP.tif,INSAT3D_TIR1_India/3DIMG_07NOV2019_0230_L1C_SGP.tif,Gujarat,Chhota Udepur,22.3108,74.0125,6.0
3DIMG_07NOV2019_0230_L1C_SGP.tif,INSAT3D_TIR1_India/3DIMG_07NOV2019_0230_L1C_SGP.tif,Gujarat,Dahod,22.8347,74.2552,24.92
3DIMG_07NOV2019_0230_L1C_SGP.tif,INSAT3D_TIR1_India/3DIMG_07NOV2019_0230_L1C_SGP.tif,Gujarat,Dang,20.7554,73.6873,14.49
3DIMG_07NOV2019_0230_L1C_SGP.tif,INSAT3D_TIR1_India/3DIMG_07NOV2019_0230_L1C_SGP.tif,Gujarat,Devbhumi Dwarka,22.2078,69.6582,27.94
3DIMG_07NOV2019_0230_L1C_SGP.tif,INSAT3D_TIR1_India/3DIMG_07NOV2019_0230_L1C_SGP.tif,Gujarat,Gandhinagar,23.2156,72.6369,4.84
3DIMG_07NOV2019_0230_L1C_SGP.tif,INSAT3D_TIR1_India/3DIMG_07NOV2019_0230_L1C_SGP.tif,Gujarat,Gir Somnath,20.9042,70.3644,0.37
3DIMG_07NOV2019_0230_L1C_SGP.tif,INSAT3D_TIR1_India/3DIMG_07NOV2019_0230_L1C_SGP.tif,Gujarat,Jamnagar,22.4707,70.0577,29.35
3DIMG_07NOV2019_0230_L1C_SGP.tif,INSAT3D_TIR1_India/3DIMG_07NOV2019_0230_L1C_SGP.tif,Gujarat,Junagadh,21.5222,70.4579,3.95
3DIMG_07NOV2019_0230_L1C_SGP.tif,INSAT3D_TIR1_India/3DIMG_07NOV2019_0230_L1C_SGP.tif,Gujarat,Kheda,22.6916,72.8634,11.54
3DIMG_07NOV2019_0230_L1C_SGP.tif,INSAT3D_TIR1_India/3DIMG_07NOV2019_0230_L1C_SGP.tif,Gujarat,Kutch (Bhuj),23.242,69.6669,29.92
3DIMG_07NOV2019_0230_L1C_SGP.tif,INSAT3D_TIR1_India/3DIMG_07NOV2019_0230_L1C_SGP.tif,Gujarat,Mahisagar,23.1311,73.6009,10.55
3DIMG_07NOV2019_0230_L1C_SGP.tif,INSAT3D_TIR1_India/3DIMG_07NOV2019_0230_L1C_SGP.tif,Gujarat,Mehsana,23.588,72.3693,10.18
3DIMG_07NOV2019_0230_L1C_SGP.tif,INSAT3D_TIR1_India/3DIMG_07NOV2019_0230_L1C_SGP.tif,Gujarat,Morbi,22.8173,70.8368,22.43
3DIMG_07NOV2019_0230_L1C_SGP.tif,INSAT3D_TIR1_India/3DIMG_07NOV2019_0230_L1C_SGP.tif,Gujarat,Narmada,21.8719,73.5028,6.69
3DIMG_07NOV2019_0230_L1C_SGP.tif,INSAT3D_TIR1_India/3DIMG_07NOV2019_0230_L1C_SGP.tif,Gujarat,Navsari,20.9467,72.952,0.11
3DIMG_07NOV2019_0230_L1C_SGP.tif,INSAT3D_TIR1_India/3DIMG_07NOV2019_0230_L1C_SGP.tif,Gujarat,Panchmahal,22.778,73.6143,12.72
3DIMG_07NOV2019_0230_L1C_SGP.tif,INSAT3D_TIR1_India/3DIMG_07NOV2019_0230_L1C_SGP.tif,Gujarat,Patan,23.8493,72.1266,24.77
3DIMG_07NOV2019_0230_L1C_SGP.tif,INSAT3D_TIR1_India/3DIMG_07NOV2019_0230_L1C_SGP.tif,Gujarat,Porbandar,21.6417,69.6293,32.33
3DIMG_07NOV2019_0230_L1C_SGP.tif,INSAT3D_TIR1_India/3DIMG_07NOV2019_0230_L1C_SGP.tif,Gujarat,Rajkot,22.3039,70.8022,15.06
3DIMG_07NOV2019_0230_L1C_SGP.tif,INSAT3D_TIR1_India/3DIMG_07NOV2019_0230_L1C_SGP.tif,Gujarat,Sabarkantha,23.5977,72.9688,11.06
3DIMG_07NOV2019_0230_L1C_SGP.tif,INSAT3D_TIR1_India/3DIMG_07NOV2019_0230_L1C_SGP.tif,Gujarat,Surat,21.1702,72.8311,0.21
3DIMG_07NOV2019_0230_L1C_SGP.tif,INSAT3D_TIR1_India/3DIMG_07NOV2019_0230_L1C_SGP.tif,Gujarat,Surendranagar,22.7274,71.637,17.74
3DIMG_07NOV2019_0230_L1C_SGP.tif,INSAT3D_TIR1_India/3DIMG_07NOV2019_0230_L1C_SGP.tif,Gujarat,Tapi,21.1147,73.3986,0.0
3DIMG_07NOV2019_0230_L1C_SGP.tif,INSAT3D_TIR1_India/3DIMG_07NOV2019_0230_L1C_SGP.tif,Gujarat,Vadodara,22.3072,73.1812,5.12
3DIMG_07NOV2019_0230_L1C_SGP.tif,INSAT3D_TIR1_India/3DIMG_07NOV2019_0230_L1C_SGP.tif,Gujarat,Valsad,20.5992,72.9342,5.68
3DIMG_07NOV2019_0300_L1C_SGP.tif,INSAT3D_TIR1_India/3DIMG_07NOV2019_0300_L1C_SGP.tif,Gujarat,Ahmedabad,23.0225,72.5714,16.53
3DIMG_07NOV2019_0300_L1C_SGP.tif,INSAT3D_TIR1_India/3DIMG_07NOV2019_0300_L1C_SGP.tif,Gujarat,Amreli,21.6032,71.2221,0.73
3DIMG_07NOV2019_0300_L1C_SGP.tif,INSAT3D_TIR1_India/3DIMG_07NOV2019_0300_L1C_SGP.tif,Gujarat,Anand,22.5645,72.9289,17.46
3DIMG_07NOV2019_0300_L1C_SGP.tif,INSAT3D_TIR1_India/3DIMG_07NOV2019_0300_L1C_SGP.tif,Gujarat,Aravalli,23.4619,73.3039,5.88
3DIMG_07NOV2019_0300_L1C_SGP.tif,INSAT3D_TIR1_India/3DIMG_07NOV2019_0300_L1C_SGP.tif,Gujarat,Banaskantha,24.1724,72.4346,26.6
3DIMG_07NOV2019_0300_L1C_SGP.tif,INSAT3D_TIR1_India/3DIMG_07NOV2019_0300_L1C_SGP.tif,Gujarat,Bharuch,21.7051,72.9959,7.09
3DIMG_07NOV2019_0300_L1C_SGP.tif,INSAT3D_TIR1_India/3DIMG_07NOV2019_0300_L1C_SGP.tif,Gujarat,Bhavnagar,21.7645,72.1519,0.06
3DIMG_07NOV2019_0300_L1C_SGP.tif,INSAT3D_TIR1_India/3DIMG_07NOV2019_0300_L1C_SGP.tif,Gujarat,Botad,22.1704,71.6662,0.3
3DIMG_07NOV2019_0300_L1C_SGP.tif,INSAT3D_TIR1_India/3DIMG_07NOV2019_0300_L1C_SGP.tif,Gujarat,Chhota Udepur,22.3108,74.0125,4.98
3DIMG_07NOV2019_0300_L1C_SGP.tif,INSAT3D_TIR1_India/3DIMG_07NOV2019_0300_L1C_SGP.tif,Gujarat,Dahod,22.8347,74.2552,25.55
3DIMG_07NOV2019_0300_L1C_SGP.tif,INSAT3D_TIR1_India/3DIMG_07NOV2019_0300_L1C_SGP.tif,Gujarat,Dang,20.7554,73.6873,18.24
3DIMG_07NOV2019_0300_L1C_SGP.tif,INSAT3D_TIR1_India/3DIMG_07NOV2019_0300_L1C_SGP.tif,Gujarat,Devbhumi Dwarka,22.2078,69.6582,29.34
3DIMG_07NOV2019_0300_L1C_SGP.tif,INSAT3D_TIR1_India/3DIMG_07NOV2019_0300_L1C_SGP.tif,Gujarat,Gandhinagar,23.2156,72.6369,13.28
3DIMG_07NOV2019_0300_L1C_SGP.tif,INSAT3D_TIR1_India/3DIMG_07NOV2019_0300_L1C_SGP.tif,Gujarat,Gir Somnath,20.9042,70.3644,0.37
3DIMG_07NOV2019_0300_L1C_SGP.tif,INSAT3D_TIR1_India/3DIMG_07NOV2019_0300_L1C_SGP.tif,Gujarat,Jamnagar,22.4707,70.0577,30.32
3DIMG_07NOV2019_0300_L1C_SGP.tif,INSAT3D_TIR1_India/3DIMG_07NOV2019_0300_L1C_SGP.tif,Gujarat,Junagadh,21.5222,70.4579,4.54
3DIMG_07NOV2019_0300_L1C_SGP.tif,INSAT3D_TIR1_India/3DIMG_07NOV2019_0300_L1C_SGP.tif,Gujarat,Kheda,22.6916,72.8634,14.54
3DIMG_07NOV2019_0300_L1C_SGP.tif,INSAT3D_TIR1_India/3DIMG_07NOV2019_0300_L1C_SGP.tif,Gujarat,Kutch (Bhuj),23.242,69.6669,30.75
3DIMG_07NOV2019_0300_L1C_SGP.tif,INSAT3D_TIR1_India/3DIMG_07NOV2019_0300_L1C_SGP.tif,Gujarat,Mahisagar,23.1311,73.6009,13.17
3DIMG_07NOV2019_0300_L1C_SGP.tif,INSAT3D_TIR1_India/3DIMG_07NOV2019_0300_L1C_SGP.tif,Gujarat,Mehsana,23.588,72.3693,16.64
3DIMG_07NOV2019_0300_L1C_SGP.tif,INSAT3D_TIR1_India/3DIMG_07NOV2019_0300_L1C_SGP.tif,Gujarat,Morbi,22.8173,70.8368,29.58
3DIMG_07NOV2019_0300_L1C_SGP.tif,INSAT3D_TIR1_India/3DIMG_07NOV2019_0300_L1C_SGP.tif,Gujarat,Narmada,21.8719,73.5028,9.21
3DIMG_07NOV2019_0300_L1C_SGP.tif,INSAT3D_TIR1_India/3DIMG_07NOV2019_0300_L1C_SGP.tif,Gujarat,Navsari,20.9467,72.952,0.11
3DIMG_07NOV2019_0300_L1C_SGP.tif,INSAT3D_TIR1_India/3DIMG_07NOV2019_0300_L1C_SGP.tif,Gujarat,Panchmahal,22.778,73.6143,22.22
3DIMG_07NOV2019_0300_L1C_SGP.tif,INSAT3D_TIR1_India/3DIMG_07NOV2019_0300_L1C_SGP.tif,Gujarat,Patan,23.8493,72.1266,28.02
3DIMG_07NOV2019_0300_L1C_SGP.tif,INSAT3D_TIR1_India/3DIMG_07NOV2019_0300_L1C_SGP.tif,Gujarat,Porbandar,21.6417,69.6293,32.83
3DIMG_07NOV2019_0300_L1C_SGP.tif,INSAT3D_TIR1_India/3DIMG_07NOV2019_0300_L1C_SGP.tif,Gujarat,Rajkot,22.3039,70.8022,14.58
3DIMG_07NOV2019_0300_L1C_SGP.tif,INSAT3D_TIR1_India/3DIMG_07NOV2019_0300_L1C_SGP.tif,Gujarat,Sabarkantha,23.5977,72.9688,8.23
3DIMG_07NOV2019_0300_L1C_SGP.tif,INSAT3D_TIR1_India/3DIMG_07NOV2019_0300_L1C_SGP.tif,Gujarat,Surat,21.1702,72.8311,0.21
3DIMG_07NOV2019_0300_L1C_SGP.tif,INSAT3D_TIR1_India/3DIMG_07NOV2019_0300_L1C_SGP.tif,Gujarat,Surendranagar,22.7274,71.637,12.65
3DIMG_07NOV2019_0300_L1C_SGP.tif,INSAT3D_TIR1_India/3DIMG_07NOV2019_0300_L1C_SGP.tif,Gujarat,Tapi,21.1147,73.3986,0.0
3DIMG_07NOV2019_0300_L1C_SGP.tif,INSAT3D_TIR1_India/3DIMG_07NOV2019_0300_L1C_SGP.tif,Gujarat,Vadodara,22.3072,73.1812,1.22
3DIMG_07NOV2019_0300_L1C_SGP.tif,INSAT3D_TIR1_India/3DIMG_07NOV2019_0300_L1C_SGP.tif,Gujarat,Valsad,20.5992,72.9342,2.39
3DIMG_07NOV2019_0330_L1C_SGP.tif,INSAT3D_TIR1_India/3DIMG_07NOV2019_0330_L1C_SGP.tif,Gujarat,Ahmedabad,23.0225,72.5714,19.78
3DIMG_07NOV2019_0330_L1C_SGP.tif,INSAT3D_TIR1_India/3DIMG_07NOV2019_0330_L1C_SGP.tif,Gujarat,Amreli,21.6032,71.2221,0.73
3DIMG_07NOV2019_0330_L1C_SGP.tif,INSAT3D_TIR1_India/3DIMG_07NOV2019_0330_L1C_SGP.tif,Gujarat,Anand,22.5645,72.9289,8.12
3DIMG_07NOV2019_0330_L1C_SGP.tif,INSAT3D_TIR1_India/3DIMG_07NOV2019_0330_L1C_SGP.tif,Gujarat,Aravalli,23.4619,73.3039,2.35
3DIMG_07NOV2019_0330_L1C_SGP.tif,INSAT3D_TIR1_India/3DIMG_07NOV2019_0330_L1C_SGP.tif,Gujarat,Banaskantha,24.1724,72.4346,30.03
3DIMG_07NOV2019_0330_L1C_SGP.tif,INSAT3D_TIR1_India/3DIMG_07NOV2019_0330_L1C_SGP.tif,Gujarat,Bharuch,21.7051,72.9959,10.79
3DIMG_07NOV2019_0330_L1C_SGP.tif,INSAT3D_TIR1_India/3DIMG_07NOV2019_0330_L1C_SGP.tif,Gujarat,Bhavnagar,21.7645,72.1519,0.06
3DIMG_07NOV2019_0330_L1C_SGP.tif,INSAT3D_TIR1_India/3DIMG_07NOV2019_0330_L1C_SGP.tif,Gujarat,Botad,22.1704,71.6662,0.3
3DIMG_07NOV2019_0330_L1C_SGP.tif,INSAT3D_TIR1_India/3DIMG_07NOV2019_0330_L1C_SGP.tif,Gujarat,Chhota Udepur,22.3108,74.0125,5.55
3DIMG_07NOV2019_0330_L1C_SGP.tif,INSAT3D_TIR1_India/3DIMG_07NOV2019_0330_L1C_SGP.tif,Gujarat,Dahod,22.8347,74.2552,30.68
3DIMG_07NOV2019_0330_L1C_SGP.tif,INSAT3D_TIR1_India/3DIMG_07NOV2019_0330_L1C_SGP.tif,Gujarat,Dang,20.7554,73.6873,13.54
3DIMG_07NOV2019_0330_L1C_SGP.tif,INSAT3D_TIR1_India/3DIMG_07NOV2019_0330_L1C_SGP.tif,Gujarat,Devbhumi Dwarka,22.2078,69.6582,29.79
3DIMG_07NOV2019_0330_L1C_SGP.tif,INSAT3D_TIR1_India/3DIMG_07NOV2019_0330_L1C_SGP.tif,Gujarat,Gandhinagar,23.2156,72.6369,16.88
3DIMG_07NOV2019_0330_L1C_SGP.tif,INSAT3D_TIR1_India/3DIMG_07NOV2019_0330_L1C_SGP.tif,Gujarat,Gir Somnath,20.9042,70.3644,3.17
3DIMG_07NOV2019_0330_L1C_SGP.tif,INSAT3D_TIR1_India/3DIMG_07NOV2019_0330_L1C_SGP.tif,Gujarat,Jamnagar,22.4707,70.0577,32.02
3DIMG_07NOV2019_0330_L1C_SGP.tif,INSAT3D_TIR1_India/3DIMG_07NOV2019_0330_L1C_SGP.tif,Gujarat,Junagadh,21.5222,70.4579,10.62
3DIMG_07NOV2019_0330_L1C_SGP.tif,INSAT3D_TIR1_India/3DIMG_07NOV2019_0330_L1C_SGP.tif,Gujarat,Kheda,22.6916,72.8634,12.3
3DIMG_07NOV2019_0330_L1C_SGP.tif,INSAT3D_TIR1_India/3DIMG_07NOV2019_0330_L1C_SGP.tif,Gujarat,Kutch (Bhuj),23.242,69.6669,32.57
3DIMG_07NOV2019_0330_L1C_SGP.tif,INSAT3D_TIR1_India/3DIMG_07NOV2019_0330_L1C_SGP.tif,Gujarat,Mahisagar,23.1311,73.6009,12.22
3DIMG_07NOV2019_0330_L1C_SGP.tif,INSAT3D_TIR1_India/3DIMG_07NOV2019_0330_L1C_SGP.tif,Gujarat,Mehsana,23.588,72.3693,19.84
3DIMG_07NOV2019_0330_L1C_SGP.tif,INSAT3D_TIR1_India/3DIMG_07NOV2019_0330_L1C_SGP.tif,Gujarat,Morbi,22.8173,70.8368,31.38
3DIMG_07NOV2019_0330_L1C_SGP.tif,INSAT3D_TIR1_India/3DIMG_07NOV2019_0330_L1C_SGP.tif,Gujarat,Narmada,21.8719,73.5028,3.51
3DIMG_07NOV2019_0330_L1C_SGP.tif,INSAT3D_TIR1_India/3DIMG_07NOV2019_0330_L1C_SGP.tif,Gujarat,Navsari,20.9467,72.952,6.64
3DIMG_07NOV2019_0330_L1C_SGP.tif,INSAT3D_TIR1_India/3DIMG_07NOV2019_0330_L1C_SGP.tif,Gujarat,Panchmahal,22.778,73.6143,23.87
3DIMG_07NOV2019_0330_L1C_SGP.tif,INSAT3D_TIR1_India/3DIMG_07NOV2019_0330_L1C_SGP.tif,Gujarat,Patan,23.8493,72.1266,30.46
3DIMG_07NOV2019_0330_L1C_SGP.tif,INSAT3D_TIR1_India/3DIMG_07NOV2019_0330_L1C_SGP.tif,Gujarat,Porbandar,21.6417,69.6293,34.33
3DIMG_07NOV2019_0330_L1C_SGP.tif,INSAT3D_TIR1_India/3DIMG_07NOV2019_0330_L1C_SGP.tif,Gujarat,Rajkot,22.3039,70.8022,23.73
3DIMG_07NOV2019_0330_L1C_SGP.tif,INSAT3D_TIR1_India/3DIMG_07NOV2019_0330_L1C_SGP.tif,Gujarat,Sabarkantha,23.5977,72.9688,12.96
3DIMG_07NOV2019_0330_L1C_SGP.tif,INSAT3D_TIR1_India/3DIMG_07NOV2019_0330_L1C_SGP.tif,Gujarat,Surat,21.1702,72.8311,0.21
3DIMG_07NOV2019_0330_L1C_SGP.tif,INSAT3D_TIR1_India/3DIMG_07NOV2019_0330_L1C_SGP.tif,Gujarat,Surendranagar,22.7274,71.637,6.7
3DIMG_07NOV2019_0330_L1C_SGP.tif,INSAT3D_TIR1_India/3DIMG_07NOV2019_0330_L1C_SGP.tif,Gujarat,Tapi,21.1147,73.3986,0.0
3DIMG_07NOV2019_0330_L1C_SGP.tif,INSAT3D_TIR1_India/3DIMG_07NOV2019_0330_L1C_SGP.tif,Gujarat,Vadodara,22.3072,73.1812,10.57
3DIMG_07NOV2019_0330_L1C_SGP.tif,INSAT3D_TIR1_India/3DIMG_07NOV2019_0330_L1C_SGP.tif,Gujarat,Valsad,20.5992,72.9342,12.91
3DIMG_07NOV2019_0400_L1C_SGP.tif,INSAT3D_TIR1_India/3DIMG_07NOV2019_0400_L1C_SGP.tif,Gujarat,Ahmedabad,23.0225,72.5714,2.98
3DIMG_07NOV2019_0400_L1C_SGP.tif,INSAT3D_TIR1_India/3DIMG_07NOV2019_0400_L1C_SGP.tif,Gujarat,Amreli,21.6032,71.2221,0.73
3DIMG_07NOV2019_0400_L1C_SGP.tif,INSAT3D_TIR1_India/3DIMG_07NOV2019_0400_L1C_SGP.tif,Gujarat,Anand,22.5645,72.9289,2.86
3DIMG_07NOV2019_0400_L1C_SGP.tif,INSAT3D_TIR1_India/3DIMG_07NOV2019_0400_L1C_SGP.tif,Gujarat,Aravalli,23.4619,73.3039,20.55
3DIMG_07NOV2019_0400_L1C_SGP.tif,INSAT3D_TIR1_India/3DIMG_07NOV2019_0400_L1C_SGP.tif,Gujarat,Banaskantha,24.1724,72.4346,34.05
3DIMG_07NOV2019_0400_L1C_SGP.tif,INSAT3D_TIR1_India/3DIMG_07NOV2019_0400_L1C_SGP.tif,Gujarat,Bharuch,21.7051,72.9959,14.71
3DIMG_07NOV2019_0400_L1C_SGP.tif,INSAT3D_TIR1_India/3DIMG_07NOV2019_0400_L1C_SGP.tif,Gujarat,Bhavnagar,21.7645,72.1519,0.06
3DIMG_07NOV2019_0400_L1C_SGP.tif,INSAT3D_TIR1_India/3DIMG_07NOV2019_0400_L1C_SGP.tif,Gujarat,Botad,22.1704,71.6662,0.3
3DIMG_07NOV2019_0400_L1C_SGP.tif,INSAT3D_TIR1_India/3DIMG_07NOV2019_0400_L1C_SGP.tif,Gujarat,Chhota Udepur,22.3108,74.0125,0.0
3DIMG_07NOV2019_0400_L1C_SGP.tif,INSAT3D_TIR1_India/3DIMG_07NOV2019_0400_L1C_SGP.tif,Gujarat,Dahod,22.8347,74.2552,21.08
3DIMG_07NOV2019_0400_L1C_SGP.tif,INSAT3D_TIR1_India/3DIMG_07NOV2019_0400_L1C_SGP.tif,Gujarat,Dang,20.7554,73.6873,14.59
3DIMG_07NOV2019_0400_L1C_SGP.tif,INSAT3D_TIR1_India/3DIMG_07NOV2019_0400_L1C_SGP.tif,Gujarat,Devbhumi Dwarka,22.2078,69.6582,31.33
3DIMG_07NOV2019_0400_L1C_SGP.tif,INSAT3D_TIR1_India/3DIMG_07NOV2019_0400_L1C_SGP.tif,Gujarat,Gandhinagar,23.2156,72.6369,8.43
3DIMG_07NOV2019_0400_L1C_SGP.tif,INSAT3D_TIR1_India/3DIMG_07NOV2019_0400_L1C_SGP.tif,Gujarat,Gir Somnath,20.9042,70.3644,13.32
3DIMG_07NOV2019_0400_L1C_SGP.tif,INSAT3D_TIR1_India/3DIMG_07NOV2019_0400_L1C_SGP.tif,Gujarat,Jamnagar,22.4707,70.0577,32.94
3DIMG_07NOV2019_0400_L1C_SGP.tif,INSAT3D_TIR1_India/3DIMG_07NOV2019_0400_L1C_SGP.tif,Gujarat,Junagadh,21.5222,70.4579,13.24
3DIMG_07NOV2019_0400_L1C_SGP.tif,INSAT3D_TIR1_India/3DIMG_07NOV2019_0400_L1C_SGP.tif,Gujarat,Kheda,22.6916,72.8634,2.02
3DIMG_07NOV2019_0400_L1C_SGP.tif,INSAT3D_TIR1_India/3DIMG_07NOV2019_0400_L1C_SGP.tif,Gujarat,Kutch (Bhuj),23.242,69.6669,34.25
3DIMG_07NOV2019_0400_L1C_SGP.tif,INSAT3D_TIR1_India/3DIMG_07NOV2019_0400_L1C_SGP.tif,Gujarat,Mahisagar,23.1311,73.6009,26.58
3DIMG_07NOV2019_0400_L1C_SGP.tif,INSAT3D_TIR1_India/3DIMG_07NOV2019_0400_L1C_SGP.tif,Gujarat,Mehsana,23.588,72.3693,16.78
3DIMG_07NOV2019_0400_L1C_SGP.tif,INSAT3D_TIR1_India/3DIMG_07NOV2019_0400_L1C_SGP.tif,Gujarat,Morbi,22.8173,70.8368,32.54
3DIMG_07NOV2019_0400_L1C_SGP.tif,INSAT3D_TIR1_India/3DIMG_07NOV2019_0400_L1C_SGP.tif,Gujarat,Narmada,21.8719,73.5028,7.53
3DIMG_07NOV2019_0400_L1C_SGP.tif,INSAT3D_TIR1_India/3DIMG_07NOV2019_0400_L1C_SGP.tif,Gujarat,Navsari,20.9467,72.952,11.71
3DIMG_07NOV2019_0400_L1C_SGP.tif,INSAT3D_TIR1_India/3DIMG_07NOV2019_0400_L1C_SGP.tif,Gujarat,Panchmahal,22.778,73.6143,0.0
3DIMG_07NOV2019_0400_L1C_SGP.tif,INSAT3D_TIR1_India/3DIMG_07NOV2019_0400_L1C_SGP.tif,Gujarat,Patan,23.8493,72.1266,26.26
3DIMG_07NOV2019_0400_L1C_SGP.tif,INSAT3D_TIR1_India/3DIMG_07NOV2019_0400_L1C_SGP.tif,Gujarat,Porbandar,21.6417,69.6293,35.65
3DIMG_07NOV2019_0400_L1C_SGP.tif,INSAT3D_TIR1_India/3DIMG_07NOV2019_0400_L1C_SGP.tif,Gujarat,Rajkot,22.3039,70.8022,27.54
3DIMG_07NOV2019_0400_L1C_SGP.tif,INSAT3D_TIR1_India/3DIMG_07NOV2019_0400_L1C_SGP.tif,Gujarat,Sabarkantha,23.5977,72.9688,15.06
3DIMG_07NOV2019_0400_L1C_SGP.tif,INSAT3D_TIR1_India/3DIMG_07NOV2019_0400_L1C_SGP.tif,Gujarat,Surat,21.1702,72.8311,13.06
3DIMG_07NOV2019_0400_L1C_SGP.tif,INSAT3D_TIR1_India/3DIMG_07NOV2019_0400_L1C_SGP.tif,Gujarat,Surendranagar,22.7274,71.637,6.17
3DIMG_07NOV2019_0400_L1C_SGP.tif,INSAT3D_TIR1_India/3DIMG_07NOV2019_0400_L1C_SGP.tif,Gujarat,Tapi,21.1147,73.3986,0.0
3DIMG_07NOV2019_0400_L1C_SGP.tif,INSAT3D_TIR1_India/3DIMG_07NOV2019_0400_L1C_SGP.tif,Gujarat,Vadodara,22.3072,73.1812,11.93
3DIMG_07NOV2019_0400_L1C_SGP.tif,INSAT3D_TIR1_India/3DIMG_07NOV2019_0400_L1C_SGP.tif,Gujarat,Valsad,20.5992,72.9342,31.29
3DIMG_07NOV2019_0430_L1C_SGP.tif,INSAT3D_TIR1_India/3DIMG_07NOV2019_0430_L1C_SGP.tif,Gujarat,Ahmedabad,23.0225,72.5714,4.31
3DIMG_07NOV2019_0430_L1C_SGP.tif,INSAT3D_TIR1_India/3DIMG_07NOV2019_0430_L1C_SGP.tif,Gujarat,Amreli,21.6032,71.2221,0.73
3DIMG_07NOV2019_0430_L1C_SGP.tif,INSAT3D_TIR1_India/3DIMG_07NOV2019_0430_L1C_SGP.tif,Gujarat,Anand,22.5645,72.9289,11.99
3DIMG_07NOV2019_0430_L1C_SGP.tif,INSAT3D_TIR1_India/3DIMG_07NOV2019_0430_L1C_SGP.tif,Gujarat,Aravalli,23.4619,73.3039,0.0
3DIMG_07NOV2019_0430_L1C_SGP.tif,INSAT3D_TIR1_India/3DIMG_07NOV2019_0430_L1C_SGP.tif,Gujarat,Banaskantha,24.1724,72.4346,32.63
3DIMG_07NOV2019_0430_L1C_SGP.tif,INSAT3D_TIR1_India/3DIMG_07NOV2019_0430_L1C_SGP.tif,Gujarat,Bharuch,21.7051,72.9959,10.14
3DIMG_07NOV2019_0430_L1C_SGP.tif,INSAT3D_TIR1_India/3DIMG_07NOV2019_0430_L1C_SGP.tif,Gujarat,Bhavnagar,21.7645,72.1519,0.06
3DIMG_07NOV2019_0430_L1C_SGP.tif,INSAT3D_TIR1_India/3DIMG_07NOV2019_0430_L1C_SGP.tif,Gujarat,Botad,22.1704,71.6662,8.97
3DIMG_07NOV2019_0430_L1C_SGP.tif,INSAT3D_TIR1_India/3DIMG_07NOV2019_0430_L1C_SGP.tif,Gujarat,Chhota Udepur,22.3108,74.0125,5.62
3DIMG_07NOV2019_0430_L1C_SGP.tif,INSAT3D_TIR1_India/3DIMG_07NOV2019_0430_L1C_SGP.tif,Gujarat,Dahod,22.8347,74.2552,2.58
3DIMG_07NOV2019_0430_L1C_SGP.tif,INSAT3D_TIR1_India/3DIMG_07NOV2019_0430_L1C_SGP.tif,Gujarat,Dang,20.7554,73.6873,17.08
3DIMG_07NOV2019_0430_L1C_SGP.tif,INSAT3D_TIR1_India/3DIMG_07NOV2019_0430_L1C_SGP.tif,Gujarat,Devbhumi Dwarka,22.2078,69.6582,33.13
3DIMG_07NOV2019_0430_L1C_SGP.tif,INSAT3D_TIR1_India/3DIMG_07NOV2019_0430_L1C_SGP.tif,Gujarat,Gandhinagar,23.2156,72.6369,4.99
3DIMG_07NOV2019_0430_L1C_SGP.tif,INSAT3D_TIR1_India/3DIMG_07NOV2019_0430_L1C_SGP.tif,Gujarat,Gir Somnath,20.9042,70.3644,15.09
3DIMG_07NOV2019_0430_L1C_SGP.tif,INSAT3D_TIR1_India/3DIMG_07NOV2019_0430_L1C_SGP.tif,Gujarat,Jamnagar,22.4707,70.0577,34.29
3DIMG_07NOV2019_0430_L1C_SGP.tif,INSAT3D_TIR1_India/3DIMG_07NOV2019_0430_L1C_SGP.tif,Gujarat,Junagadh,21.5222,70.4579,20.89
3DIMG_07NOV2019_0430_L1C_SGP.tif,INSAT3D_TIR1_India/3DIMG_07NOV2019_0430_L1C_SGP.tif,Gujarat,Kheda,22.6916,72.8634,15.95
3DIMG_07NOV2019_0430_L1C_SGP.tif,INSAT3D_TIR1_India/3DIMG_07NOV2019_0430_L1C_SGP.tif,Gujarat,Kutch (Bhuj),23.242,69.6669,35.8
3DIMG_07NOV2019_0430_L1C_SGP.tif,INSAT3D_TIR1_India/3DIMG_07NOV2019_0430_L1C_SGP.tif,Gujarat,Mahisagar,23.1311,73.6009,13.8
3DIMG_07NOV2019_0430_L1C_SGP.tif,INSAT3D_TIR1_India/3DIMG_07NOV2019_0430_L1C_SGP.tif,Gujarat,Mehsana,23.588,72.3693,5.69
3DIMG_07NOV2019_0430_L1C_SGP.tif,INSAT3D_TIR1_India/3DIMG_07NOV2019_0430_L1C_SGP.tif,Gujarat,Morbi,22.8173,70.8368,34.06
3DIMG_07NOV2019_0430_L1C_SGP.tif,INSAT3D_TIR1_India/3DIMG_07NOV2019_0430_L1C_SGP.tif,Gujarat,Narmada,21.8719,73.5028,11.79
3DIMG_07NOV2019_0430_L1C_SGP.tif,INSAT3D_TIR1_India/3DIMG_07NOV2019_0430_L1C_SGP.tif,Gujarat,Navsari,20.9467,72.952,12.54
3DIMG_07NOV2019_0430_L1C_SGP.tif,INSAT3D_TIR1_India/3DIMG_07NOV2019_0430_L1C_SGP.tif,Gujarat,Panchmahal,22.778,73.6143,0.0
3DIMG_07NOV2019_0430_L1C_SGP.tif,INSAT3D_TIR1_India/3DIMG_07NOV2019_0430_L1C_SGP.tif,Gujarat,Patan,23.8493,72.1266,28.34
3DIMG_07NOV2019_0430_L1C_SGP.tif,INSAT3D_TIR1_India/3DIMG_07NOV2019_0430_L1C_SGP.tif,Gujarat,Porbandar,21.6417,69.6293,36.85
3DIMG_07NOV2019_0430_L1C_SGP.tif,INSAT3D_TIR1_India/3DIMG_07NOV2019_0430_L1C_SGP.tif,Gujarat,Rajkot,22.3039,70.8022,29.21
3DIMG_07NOV2019_0430_L1C_SGP.tif,INSAT3D_TIR1_India/3DIMG_07NOV2019_0430_L1C_SGP.tif,Gujarat,Sabarkantha,23.5977,72.9688,3.46
3DIMG_07NOV2019_0430_L1C_SGP.tif,INSAT3D_TIR1_India/3DIMG_07NOV2019_0430_L1C_SGP.tif,Gujarat,Surat,21.1702,72.8311,5.91
3DIMG_07NOV2019_0430_L1C_SGP.tif,INSAT3D_TIR1_India/3DIMG_07NOV2019_0430_L1C_SGP.tif,Gujarat,Surendranagar,22.7274,71.637,31.42
3DIMG_07NOV2019_0430_L1C_SGP.tif,INSAT3D_TIR1_India/3DIMG_07NOV2019_0430_L1C_SGP.tif,Gujarat,Tapi,21.1147,73.3986,4.65
3DIMG_07NOV2019_0430_L1C_SGP.tif,INSAT3D_TIR1_India/3DIMG_07NOV2019_0430_L1C_SGP.tif,Gujarat,Vadodara,22.3072,73.1812,8.93
3DIMG_07NOV2019_0430_L1C_SGP.tif,INSAT3D_TIR1_India/3DIMG_07NOV2019_0430_L1C_SGP.tif,Gujarat,Valsad,20.5992,72.9342,30.04
3DIMG_07NOV2019_0500_L1C_SGP.tif,INSAT3D_TIR1_India/3DIMG_07NOV2019_0500_L1C_SGP.tif,Gujarat,Ahmedabad,23.0225,72.5714,13.11
3DIMG_07NOV2019_0500_L1C_SGP.tif,INSAT3D_TIR1_India/3DIMG_07NOV2019_0500_L1C_SGP.tif,Gujarat,Amreli,21.6032,71.2221,0.73
3DIMG_07NOV2019_0500_L1C_SGP.tif,INSAT3D_TIR1_India/3DIMG_07NOV2019_0500_L1C_SGP.tif,Gujarat,Anand,22.5645,72.9289,15.24
3DIMG_07NOV2019_0500_L1C_SGP.tif,INSAT3D_TIR1_India/3DIMG_07NOV2019_0500_L1C_SGP.tif,Gujarat,Aravalli,23.4619,73.3039,0.0
3DIMG_07NOV2019_0500_L1C_SGP.tif,INSAT3D_TIR1_India/3DIMG_07NOV2019_0500_L1C_SGP.tif,Gujarat,Banaskantha,24.1724,72.4346,29.22
3DIMG_07NOV2019_0500_L1C_SGP.tif,INSAT3D_TIR1_India/3DIMG_07NOV2019_0500_L1C_SGP.tif,Gujarat,Bharuch,21.7051,72.9959,13.46
3DIMG_07NOV2019_0500_L1C_SGP.tif,INSAT3D_TIR1_India/3DIMG_07NOV2019_0500_L1C_SGP.tif,Gujarat,Bhavnagar,21.7645,72.1519,11.83
3DIMG_07NOV2019_0500_L1C_SGP.tif,INSAT3D_TIR1_India/3DIMG_07NOV2019_0500_L1C_SGP.tif,Gujarat,Botad,22.1704,71.6662,0.3
3DIMG_07NOV2019_0500_L1C_SGP.tif,INSAT3D_TIR1_India/3DIMG_07NOV2019_0500_L1C_SGP.tif,Gujarat,Chhota Udepur,22.3108,74.0125,7.3
3DIMG_07NOV2019_0500_L1C_SGP.tif,INSAT3D_TIR1_India/3DIMG_07NOV2019_0500_L1C_SGP.tif,Gujarat,Dahod,22.8347,74.2552,2.58
3DIMG_07NOV2019_0500_L1C_SGP.tif,INSAT3D_TIR1_India/3DIMG_07NOV2019_0500_L1C_SGP.tif,Gujarat,Dang,20.7554,73.6873,27.28
3DIMG_07NOV2019_0500_L1C_SGP.tif,INSAT3D_TIR1_India/3DIMG_07NOV2019_0500_L1C_SGP.tif,Gujarat,Devbhumi Dwarka,22.2078,69.6582,34.31
3DIMG_07NOV2019_0500_L1C_SGP.tif,INSAT3D_TIR1_India/3DIMG_07NOV2019_0500_L1C_SGP.tif,Gujarat,Gandhinagar,23.2156,72.6369,1.23
3DIMG_07NOV2019_0500_L1C_SGP.tif,INSAT3D_TIR1_India/3DIMG_07NOV2019_0500_L1C_SGP.tif,Gujarat,Gir Somnath,20.9042,70.3644,23.07
3DIMG_07NOV2019_0500_L1C_SGP.tif,INSAT3D_TIR1_India/3DIMG_07NOV2019_0500_L1C_SGP.tif,Gujarat,Jamnagar,22.4707,70.0577,35.59
3DIMG_07NOV2019_0500_L1C_SGP.tif,INSAT3D_TIR1_India/3DIMG_07NOV2019_0500_L1C_SGP.tif,Gujarat,Junagadh,21.5222,70.4579,20.07
3DIMG_07NOV2019_0500_L1C_SGP.tif,INSAT3D_TIR1_India/3DIMG_07NOV2019_0500_L1C_SGP.tif,Gujarat,Kheda,22.6916,72.8634,2.25
3DIMG_07NOV2019_0500_L1C_SGP.tif,INSAT3D_TIR1_India/3DIMG_07NOV2019_0500_L1C_SGP.tif,Gujarat,Kutch (Bhuj),23.242,69.6669,37.58
3DIMG_07NOV2019_0500_L1C_SGP.tif,INSAT3D_TIR1_India/3DIMG_07NOV2019_0500_L1C_SGP.tif,Gujarat,Mahisagar,23.1311,73.6009,1.58
3DIMG_07NOV2019_0500_L1C_SGP.tif,INSAT3D_TIR1_India/3DIMG_07NOV2019_0500_L1C_SGP.tif,Gujarat,Mehsana,23.588,72.3693,3.96
3DIMG_07NOV2019_0500_L1C_SGP.tif,INSAT3D_TIR1_India/3DIMG_07NOV2019_0500_L1C_SGP.tif,Gujarat,Morbi,22.8173,70.8368,36.88
3DIMG_07NOV2019_0500_L1C_SGP.tif,INSAT3D_TIR1_India/3DIMG_07NOV2019_0500_L1C_SGP.tif,Gujarat,Narmada,21.8719,73.5028,10.29
3DIMG_07NOV2019_0500_L1C_SGP.tif,INSAT3D_TIR1_India/3DIMG_07NOV2019_0500_L1C_SGP.tif,Gujarat,Navsari,20.9467,72.952,7.42
3DIMG_07NOV2019_0500_L1C_SGP.tif,INSAT3D_TIR1_India/3DIMG_07NOV2019_0500_L1C_SGP.tif,Gujarat,Panchmahal,22.778,73.6143,1.86
3DIMG_07NOV2019_0500_L1C_SGP.tif,INSAT3D_TIR1_India/3DIMG_07NOV2019_0500_L1C_SGP.tif,Gujarat,Patan,23.8493,72.1266,30.16
3DIMG_07NOV2019_0500_L1C_SGP.tif,INSAT3D_TIR1_India/3DIMG_07NOV2019_0500_L1C_SGP.tif,Gujarat,Porbandar,21.6417,69.6293,35.25
3DIMG_07NOV2019_0500_L1C_SGP.tif,INSAT3D_TIR1_India/3DIMG_07NOV2019_0500_L1C_SGP.tif,Gujarat,Rajkot,22.3039,70.8022,32.84
3DIMG_07NOV2019_0500_L1C_SGP.tif,INSAT3D_TIR1_India/3DIMG_07NOV2019_0500_L1C_SGP.tif,Gujarat,Sabarkantha,23.5977,72.9688,7.63
3DIMG_07NOV2019_0500_L1C_SGP.tif,INSAT3D_TIR1_India/3DIMG_07NOV2019_0500_L1C_SGP.tif,Gujarat,Surat,21.1702,72.8311,10.55
3DIMG_07NOV2019_0500_L1C_SGP.tif,INSAT3D_TIR1_India/3DIMG_07NOV2019_0500_L1C_SGP.tif,Gujarat,Surendranagar,22.7274,71.637,29.95
3DIMG_07NOV2019_0500_L1C_SGP.tif,INSAT3D_TIR1_India/3DIMG_07NOV2019_0500_L1C_SGP.tif,Gujarat,Tapi,21.1147,73.3986,10.34
3DIMG_07NOV2019_0500_L1C_SGP.tif,INSAT3D_TIR1_India/3DIMG_07NOV2019_0500_L1C_SGP.tif,Gujarat,Vadodara,22.3072,73.1812,9.63
3DIMG_07NOV2019_0500_L1C_SGP.tif,INSAT3D_TIR1_India/3DIMG_07NOV2019_0500_L1C_SGP.tif,Gujarat,Valsad,20.5992,72.9342,12.51
3DIMG_07NOV2019_0530_L1C_SGP.tif,INSAT3D_TIR1_India/3DIMG_07NOV2019_0530_L1C_SGP.tif,Gujarat,Ahmedabad,23.0225,72.5714,20.06
3DIMG_07NOV2019_0530_L1C_SGP.tif,INSAT3D_TIR1_India/3DIMG_07NOV2019_0530_L1C_SGP.tif,Gujarat,Amreli,21.6032,71.2221,21.93
3DIMG_07NOV2019_0530_L1C_SGP.tif,INSAT3D_TIR1_India/3DIMG_07NOV2019_0530_L1C_SGP.tif,Gujarat,Anand,22.5645,72.9289,7.41
3DIMG_07NOV2019_0530_L1C_SGP.tif,INSAT3D_TIR1_India/3DIMG_07NOV2019_0530_L1C_SGP.tif,Gujarat,Aravalli,23.4619,73.3039,10.27
3DIMG_07NOV2019_0530_L1C_SGP.tif,INSAT3D_TIR1_India/3DIMG_07NOV2019_0530_L1C_SGP.tif,Gujarat,Banaskantha,24.1724,72.4346,36.33
3DIMG_07NOV2019_0530_L1C_SGP.tif,INSAT3D_TIR1_India/3DIMG_07NOV2019_0530_L1C_SGP.tif,Gujarat,Bharuch,21.7051,72.9959,16.61
3DIMG_07NOV2019_0530_L1C_SGP.tif,INSAT3D_TIR1_India/3DIMG_07NOV2019_0530_L1C_SGP.tif,Gujarat,Bhavnagar,21.7645,72.1519,0.06
3DIMG_07NOV2019_0530_L1C_SGP.tif,INSAT3D_TIR1_India/3DIMG_07NOV2019_0530_L1C_SGP.tif,Gujarat,Botad,22.1704,71.6662,0.3
3DIMG_07NOV2019_0530_L1C_SGP.tif,INSAT3D_TIR1_India/3DIMG_07NOV2019_0530_L1C_SGP.tif,Gujarat,Chhota Udepur,22.3108,74.0125,9.78
3DIMG_07NOV2019_0530_L1C_SGP.tif,INSAT3D_TIR1_India/3DIMG_07NOV2019_0530_L1C_SGP.tif,Gujarat,Dahod,22.8347,74.2552,10.88
3DIMG_07NOV2019_0530_L1C_SGP.tif,INSAT3D_TIR1_India/3DIMG_07NOV2019_0530_L1C_SGP.tif,Gujarat,Dang,20.7554,73.6873,16.14
3DIMG_07NOV2019_0530_L1C_SGP.tif,INSAT3D_TIR1_India/3DIMG_07NOV2019_0530_L1C_SGP.tif,Gujarat,Devbhumi Dwarka,22.2078,69.6582,35.49
3DIMG_07NOV2019_0530_L1C_SGP.tif,INSAT3D_TIR1_India/3DIMG_07NOV2019_0530_L1C_SGP.tif,Gujarat,Gandhinagar,23.2156,72.6369,8.18
3DIMG_07NOV2019_0530_L1C_SGP.tif,INSAT3D_TIR1_India/3DIMG_07NOV2019_0530_L1C_SGP.tif,Gujarat,Gir Somnath,20.9042,70.3644,27.91
3DIMG_07NOV2019_0530_L1C_SGP.tif,INSAT3D_TIR1_India/3DIMG_07NOV2019_0530_L1C_SGP.tif,Gujarat,Jamnagar,22.4707,70.0577,36.02
3DIMG_07NOV2019_0530_L1C_SGP.tif,INSAT3D_TIR1_India/3DIMG_07NOV2019_0530_L1C_SGP.tif,Gujarat,Junagadh,21.5222,70.4579,19.95
3DIMG_07NOV2019_0530_L1C_SGP.tif,INSAT3D_TIR1_India/3DIMG_07NOV2019_0530_L1C_SGP.tif,Gujarat,Kheda,22.6916,72.8634,4.54
3DIMG_07NOV2019_0530_L1C_SGP.tif,INSAT3D_TIR1_India/3DIMG_07NOV2019_0530_L1C_SGP.tif,Gujarat,Kutch (Bhuj),23.242,69.6669,39.42
3DIMG_07NOV2019_0530_L1C_SGP.tif,INSAT3D_TIR1_India/3DIMG_07NOV2019_0530_L1C_SGP.tif,Gujarat,Mahisagar,23.1311,73.6009,7.77
3DIMG_07NOV2019_0530_L1C_SGP.tif,INSAT3D_TIR1_India/3DIMG_07NOV2019_0530_L1C_SGP.tif,Gujarat,Mehsana,23.588,72.3693,26.89
3DIMG_07NOV2019_0530_L1C_SGP.tif,INSAT3D_TIR1_India/3DIMG_07NOV2019_0530_L1C_SGP.tif,Gujarat,Morbi,22.8173,70.8368,38.51
3DIMG_07NOV2019_0530_L1C_SGP.tif,INSAT3D_TIR1_India/3DIMG_07NOV2019_0530_L1C_SGP.tif,Gujarat,Narmada,21.8719,73.5028,10.38
3DIMG_07NOV2019_0530_L1C_SGP.tif,INSAT3D_TIR1_India/3DIMG_07NOV2019_0530_L1C_SGP.tif,Gujarat,Navsari,20.9467,72.952,17.86
3DIMG_07NOV2019_0530_L1C_SGP.tif,INSAT3D_TIR1_India/3DIMG_07NOV2019_0530_L1C_SGP.tif,Gujarat,Panchmahal,22.778,73.6143,9.06
3DIMG_07NOV2019_0530_L1C_SGP.tif,INSAT3D_TIR1_India/3DIMG_07NOV2019_0530_L1C_SGP.tif,Gujarat,Patan,23.8493,72.1266,35.66
3DIMG_07NOV2019_0530_L1C_SGP.tif,INSAT3D_TIR1_India/3DIMG_07NOV2019_0530_L1C_SGP.tif,Gujarat,Porbandar,21.6417,69.6293,38.83
3DIMG_07NOV2019_0530_L1C_SGP.tif,INSAT3D_TIR1_India/3DIMG_07NOV2019_0530_L1C_SGP.tif,Gujarat,Rajkot,22.3039,70.8022,36.11
3DIMG_07NOV2019_0530_L1C_SGP.tif,INSAT3D_TIR1_India/3DIMG_07NOV2019_0530_L1C_SGP.tif,Gujarat,Sabarkantha,23.5977,72.9688,4.94
3DIMG_07NOV2019_0530_L1C_SGP.tif,INSAT3D_TIR1_India/3DIMG_07NOV2019_0530_L1C_SGP.tif,Gujarat,Surat,21.1702,72.8311,15.33
3DIMG_07NOV2019_0530_L1C_SGP.tif,INSAT3D_TIR1_India/3DIMG_07NOV2019_0530_L1C_SGP.tif,Gujarat,Surendranagar,22.7274,71.637,33.64
3DIMG_07NOV2019_0530_L1C_SGP.tif,INSAT3D_TIR1_India/3DIMG_07NOV2019_0530_L1C_SGP.tif,Gujarat,Tapi,21.1147,73.3986,1.72
3DIMG_07NOV2019_0530_L1C_SGP.tif,INSAT3D_TIR1_India/3DIMG_07NOV2019_0530_L1C_SGP.tif,Gujarat,Vadodara,22.3072,73.1812,11.25
3DIMG_07NOV2019_0530_L1C_SGP.tif,INSAT3D_TIR1_India/3DIMG_07NOV2019_0530_L1C_SGP.tif,Gujarat,Valsad,20.5992,72.9342,2.39
3DIMG_07NOV2019_0600_L1C_SGP.tif,INSAT3D_TIR1_India/3DIMG_07NOV2019_0600_L1C_SGP.tif,Gujarat,Ahmedabad,23.0225,72.5714,4.59
3DIMG_07NOV2019_0600_L1C_SGP.tif,INSAT3D_TIR1_India/3DIMG_07NOV2019_0600_L1C_SGP.tif,Gujarat,Amreli,21.6032,71.2221,15.63
3DIMG_07NOV2019_0600_L1C_SGP.tif,INSAT3D_TIR1_India/3DIMG_07NOV2019_0600_L1C_SGP.tif,Gujarat,Anand,22.5645,72.9289,13.44
3DIMG_07NOV2019_0600_L1C_SGP.tif,INSAT3D_TIR1_India/3DIMG_07NOV2019_0600_L1C_SGP.tif,Gujarat,Aravalli,23.4619,73.3039,8.48
3DIMG_07NOV2019_0600_L1C_SGP.tif,INSAT3D_TIR1_India/3DIMG_07NOV2019_0600_L1C_SGP.tif,Gujarat,Banaskantha,24.1724,72.4346,37.65
3DIMG_07NOV2019_0600_L1C_SGP.tif,INSAT3D_TIR1_India/3DIMG_07NOV2019_0600_L1C_SGP.tif,Gujarat,Bharuch,21.7051,72.9959,10.21
3DIMG_07NOV2019_0600_L1C_SGP.tif,INSAT3D_TIR1_India/3DIMG_07NOV2019_0600_L1C_SGP.tif,Gujarat,Bhavnagar,21.7645,72.1519,0.06
3DIMG_07NOV2019_0600_L1C_SGP.tif,INSAT3D_TIR1_India/3DIMG_07NOV2019_0600_L1C_SGP.tif,Gujarat,Botad,22.1704,71.6662,12.4
3DIMG_07NOV2019_0600_L1C_SGP.tif,INSAT3D_TIR1_India/3DIMG_07NOV2019_0600_L1C_SGP.tif,Gujarat,Chhota Udepur,22.3108,74.0125,9.33
3DIMG_07NOV2019_0600_L1C_SGP.tif,INSAT3D_TIR1_India/3DIMG_07NOV2019_0600_L1C_SGP.tif,Gujarat,Dahod,22.8347,74.2552,13.2
3DIMG_07NOV2019_0600_L1C_SGP.tif,INSAT3D_TIR1_India/3DIMG_07NOV2019_0600_L1C_SGP.tif,Gujarat,Dang,20.7554,73.6873,11.24
3DIMG_07NOV2019_0600_L1C_SGP.tif,INSAT3D_TIR1_India/3DIMG_07NOV2019_0600_L1C_SGP.tif,Gujarat,Devbhumi Dwarka,22.2078,69.6582,37.54
3DIMG_07NOV2019_0600_L1C_SGP.tif,INSAT3D_TIR1_India/3DIMG_07NOV2019_0600_L1C_SGP.tif,Gujarat,Gandhinagar,23.2156,72.6369,7.78
3DIMG_07NOV2019_0600_L1C_SGP.tif,INSAT3D_TIR1_India/3DIMG_07NOV2019_0600_L1C_SGP.tif,Gujarat,Gir Somnath,20.9042,70.3644,23.11
3DIMG_07NOV2019_0600_L1C_SGP.tif,INSAT3D_TIR1_India/3DIMG_07NOV2019_0600_L1C_SGP.tif,Gujarat,Jamnagar,22.4707,70.0577,37.04
3DIMG_07NOV2019_0600_L1C_SGP.tif,INSAT3D_TIR1_India/3DIMG_07NOV2019_0600_L1C_SGP.tif,Gujarat,Junagadh,21.5222,70.4579,23.67
3DIMG_07NOV2019_0600_L1C_SGP.tif,INSAT3D_TIR1_India/3DIMG_07NOV2019_0600_L1C_SGP.tif,Gujarat,Kheda,22.6916,72.8634,2.35
3DIMG_07NOV2019_0600_L1C_SGP.tif,INSAT3D_TIR1_India/3DIMG_07NOV2019_0600_L1C_SGP.tif,Gujarat,Kutch (Bhuj),23.242,69.6669,40.85
3DIMG_07NOV2019_0600_L1C_SGP.tif,INSAT3D_TIR1_India/3DIMG_07NOV2019_0600_L1C_SGP.tif,Gujarat,Mahisagar,23.1311,73.6009,10.57
3DIMG_07NOV2019_0600_L1C_SGP.tif,INSAT3D_TIR1_India/3DIMG_07NOV2019_0600_L1C_SGP.tif,Gujarat,Mehsana,23.588,72.3693,27.33
3DIMG_07NOV2019_0600_L1C_SGP.tif,INSAT3D_TIR1_India/3DIMG_07NOV2019_0600_L1C_SGP.tif,Gujarat,Morbi,22.8173,70.8368,38.83
3DIMG_07NOV2019_0600_L1C_SGP.tif,INSAT3D_TIR1_India/3DIMG_07NOV2019_0600_L1C_SGP.tif,Gujarat,Narmada,21.8719,73.5028,11.89
3DIMG_07NOV2019_0600_L1C_SGP.tif,INSAT3D_TIR1_India/3DIMG_07NOV2019_0600_L1C_SGP.tif,Gujarat,Navsari,20.9467,72.952,0.24
3DIMG_07NOV2019_0600_L1C_SGP.tif,INSAT3D_TIR1_India/3DIMG_07NOV2019_0600_L1C_SGP.tif,Gujarat,Panchmahal,22.778,73.6143,12.09
3DIMG_07NOV2019_0600_L1C_SGP.tif,INSAT3D_TIR1_India/3DIMG_07NOV2019_0600_L1C_SGP.tif,Gujarat,Patan,23.8493,72.1266,36.81
3DIMG_07NOV2019_0600_L1C_SGP.tif,INSAT3D_TIR1_India/3DIMG_07NOV2019_0600_L1C_SGP.tif,Gujarat,Porbandar,21.6417,69.6293,37.46
3DIMG_07NOV2019_0600_L1C_SGP.tif,INSAT3D_TIR1_India/3DIMG_07NOV2019_0600_L1C_SGP.tif,Gujarat,Rajkot,22.3039,70.8022,29.68
3DIMG_07NOV2019_0600_L1C_SGP.tif,INSAT3D_TIR1_India/3DIMG_07NOV2019_0600_L1C_SGP.tif,Gujarat,Sabarkantha,23.5977,72.9688,7.59
3DIMG_07NOV2019_0600_L1C_SGP.tif,INSAT3D_TIR1_India/3DIMG_07NOV2019_0600_L1C_SGP.tif,Gujarat,Surat,21.1702,72.8311,0.21
3DIMG_07NOV2019_0600_L1C_SGP.tif,INSAT3D_TIR1_India/3DIMG_07NOV2019_0600_L1C_SGP.tif,Gujarat,Surendranagar,22.7274,71.637,27.4
3DIMG_07NOV2019_0600_L1C_SGP.tif,INSAT3D_TIR1_India/3DIMG_07NOV2019_0600_L1C_SGP.tif,Gujarat,Tapi,21.1147,73.3986,15.34
3DIMG_07NOV2019_0600_L1C_SGP.tif,INSAT3D_TIR1_India/3DIMG_07NOV2019_0600_L1C_SGP.tif,Gujarat,Vadodara,22.3072,73.1812,11.93
3DIMG_07NOV2019_0600_L1C_SGP.tif,INSAT3D_TIR1_India/3DIMG_07NOV2019_0600_L1C_SGP.tif,Gujarat,Valsad,20.5992,72.9342,2.39
3DIMG_07NOV2019_0630_L1C_SGP.tif,INSAT3D_TIR1_India/3DIMG_07NOV2019_0630_L1C_SGP.tif,Gujarat,Ahmedabad,23.0225,72.5714,10.99
3DIMG_07NOV2019_0630_L1C_SGP.tif,INSAT3D_TIR1_India/3DIMG_07NOV2019_0630_L1C_SGP.tif,Gujarat,Amreli,21.6032,71.2221,17.07
3DIMG_07NOV2019_0630_L1C_SGP.tif,INSAT3D_TIR1_India/3DIMG_07NOV2019_0630_L1C_SGP.tif,Gujarat,Anand,22.5645,72.9289,12.44
3DIMG_07NOV2019_0630_L1C_SGP.tif,INSAT3D_TIR1_India/3DIMG_07NOV2019_0630_L1C_SGP.tif,Gujarat,Aravalli,23.4619,73.3039,9.53
3DIMG_07NOV2019_0630_L1C_SGP.tif,INSAT3D_TIR1_India/3DIMG_07NOV2019_0630_L1C_SGP.tif,Gujarat,Banaskantha,24.1724,72.4346,37.35
3DIMG_07NOV2019_0630_L1C_SGP.tif,INSAT3D_TIR1_India/3DIMG_07NOV2019_0630_L1C_SGP.tif,Gujarat,Bharuch,21.7051,72.9959,21.48
3DIMG_07NOV2019_0630_L1C_SGP.tif,INSAT3D_TIR1_India/3DIMG_07NOV2019_0630_L1C_SGP.tif,Gujarat,Bhavnagar,21.7645,72.1519,0.06
3DIMG_07NOV2019_0630_L1C_SGP.tif,INSAT3D_TIR1_India/3DIMG_07NOV2019_0630_L1C_SGP.tif,Gujarat,Botad,22.1704,71.6662,27.7
3DIMG_07NOV2019_0630_L1C_SGP.tif,INSAT3D_TIR1_India/3DIMG_07NOV2019_0630_L1C_SGP.tif,Gujarat,Chhota Udepur,22.3108,74.0125,12.27
3DIMG_07NOV2019_0630_L1C_SGP.tif,INSAT3D_TIR1_India/3DIMG_07NOV2019_0630_L1C_SGP.tif,Gujarat,Dahod,22.8347,74.2552,11.53
3DIMG_07NOV2019_0630_L1C_SGP.tif,INSAT3D_TIR1_India/3DIMG_07NOV2019_0630_L1C_SGP.tif,Gujarat,Dang,20.7554,73.6873,0.0
3DIMG_07NOV2019_0630_L1C_SGP.tif,INSAT3D_TIR1_India/3DIMG_07NOV2019_0630_L1C_SGP.tif,Gujarat,Devbhumi Dwarka,22.2078,69.6582,36.89
3DIMG_07NOV2019_0630_L1C_SGP.tif,INSAT3D_TIR1_India/3DIMG_07NOV2019_0630_L1C_SGP.tif,Gujarat,Gandhinagar,23.2156,72.6369,12.78
3DIMG_07NOV2019_0630_L1C_SGP.tif,INSAT3D_TIR1_India/3DIMG_07NOV2019_0630_L1C_SGP.tif,Gujarat,Gir Somnath,20.9042,70.3644,20.16
3DIMG_07NOV2019_0630_L1C_SGP.tif,INSAT3D_TIR1_India/3DIMG_07NOV2019_0630_L1C_SGP.tif,Gujarat,Jamnagar,22.4707,70.0577,36.54
3DIMG_07NOV2019_0630_L1C_SGP.tif,INSAT3D_TIR1_India/3DIMG_07NOV2019_0630_L1C_SGP.tif,Gujarat,Junagadh,21.5222,70.4579,28.02
3DIMG_07NOV2019_0630_L1C_SGP.tif,INSAT3D_TIR1_India/3DIMG_07NOV2019_0630_L1C_SGP.tif,Gujarat,Kheda,22.6916,72.8634,9.44
3DIMG_07NOV2019_0630_L1C_SGP.tif,INSAT3D_TIR1_India/3DIMG_07NOV2019_0630_L1C_SGP.tif,Gujarat,Kutch (Bhuj),23.242,69.6669,40.57
3DIMG_07NOV2019_0630_L1C_SGP.tif,INSAT3D_TIR1_India/3DIMG_07NOV2019_0630_L1C_SGP.tif,Gujarat,Mahisagar,23.1311,73.6009,11.32
3DIMG_07NOV2019_0630_L1C_SGP.tif,INSAT3D_TIR1_India/3DIMG_07NOV2019_0630_L1C_SGP.tif,Gujarat,Mehsana,23.588,72.3693,24.41
3DIMG_07NOV2019_0630_L1C_SGP.tif,INSAT3D_TIR1_India/3DIMG_07NOV2019_0630_L1C_SGP.tif,Gujarat,Morbi,22.8173,70.8368,38.78
3DIMG_07NOV2019_0630_L1C_SGP.tif,INSAT3D_TIR1_India/3DIMG_07NOV2019_0630_L1C_SGP.tif,Gujarat,Narmada,21.8719,73.5028,9.78
3DIMG_07NOV2019_0630_L1C_SGP.tif,INSAT3D_TIR1_India/3DIMG_07NOV2019_0630_L1C_SGP.tif,Gujarat,Navsari,20.9467,72.952,0.11
3DIMG_07NOV2019_0630_L1C_SGP.tif,INSAT3D_TIR1_India/3DIMG_07NOV2019_0630_L1C_SGP.tif,Gujarat,Panchmahal,22.778,73.6143,14.44
3DIMG_07NOV2019_0630_L1C_SGP.tif,INSAT3D_TIR1_India/3DIMG_07NOV2019_0630_L1C_SGP.tif,Gujarat,Patan,23.8493,72.1266,35.21
3DIMG_07NOV2019_0630_L1C_SGP.tif,INSAT3D_TIR1_India/3DIMG_07NOV2019_0630_L1C_SGP.tif,Gujarat,Porbandar,21.6417,69.6293,37.75
3DIMG_07NOV2019_0630_L1C_SGP.tif,INSAT3D_TIR1_India/3DIMG_07NOV2019_0630_L1C_SGP.tif,Gujarat,Rajkot,22.3039,70.8022,27.48
3DIMG_07NOV2019_0630_L1C_SGP.tif,INSAT3D_TIR1_India/3DIMG_07NOV2019_0630_L1C_SGP.tif,Gujarat,Sabarkantha,23.5977,72.9688,5.83
3DIMG_07NOV2019_0630_L1C_SGP.tif,INSAT3D_TIR1_India/3DIMG_07NOV2019_0630_L1C_SGP.tif,Gujarat,Surat,21.1702,72.8311,6.8
3DIMG_07NOV2019_0630_L1C_SGP.tif,INSAT3D_TIR1_India/3DIMG_07NOV2019_0630_L1C_SGP.tif,Gujarat,Surendranagar,22.7274,71.637,35.8
3DIMG_07NOV2019_0630_L1C_SGP.tif,INSAT3D_TIR1_India/3DIMG_07NOV2019_0630_L1C_SGP.tif,Gujarat,Tapi,21.1147,73.3986,7.22
3DIMG_07NOV2019_0630_L1C_SGP.tif,INSAT3D_TIR1_India/3DIMG_07NOV2019_0630_L1C_SGP.tif,Gujarat,Vadodara,22.3072,73.1812,9.07
3DIMG_07NOV2019_0630_L1C_SGP.tif,INSAT3D_TIR1_India/3DIMG_07NOV2019_0630_L1C_SGP.tif,Gujarat,Valsad,20.5992,72.9342,2.39
3DIMG_07NOV2019_0700_L1C_SGP.tif,INSAT3D_TIR1_India/3DIMG_07NOV2019_0700_L1C_SGP.tif,Gujarat,Ahmedabad,23.0225,72.5714,9.98
3DIMG_07NOV2019_0700_L1C_SGP.tif,INSAT3D_TIR1_India/3DIMG_07NOV2019_0700_L1C_SGP.tif,Gujarat,Amreli,21.6032,71.2221,15.03
3DIMG_07NOV2019_0700_L1C_SGP.tif,INSAT3D_TIR1_India/3DIMG_07NOV2019_0700_L1C_SGP.tif,Gujarat,Anand,22.5645,72.9289,1.06
3DIMG_07NOV2019_0700_L1C_SGP.tif,INSAT3D_TIR1_India/3DIMG_07NOV2019_0700_L1C_SGP.tif,Gujarat,Aravalli,23.4619,73.3039,4.4
3DIMG_07NOV2019_0700_L1C_SGP.tif,INSAT3D_TIR1_India/3DIMG_07NOV2019_0700_L1C_SGP.tif,Gujarat,Banaskantha,24.1724,72.4346,35.73
3DIMG_07NOV2019_0700_L1C_SGP.tif,INSAT3D_TIR1_India/3DIMG_07NOV2019_0700_L1C_SGP.tif,Gujarat,Bharuch,21.7051,72.9959,15.24
3DIMG_07NOV2019_0700_L1C_SGP.tif,INSAT3D_TIR1_India/3DIMG_07NOV2019_0700_L1C_SGP.tif,Gujarat,Bhavnagar,21.7645,72.1519,0.06
3DIMG_07NOV2019_0700_L1C_SGP.tif,INSAT3D_TIR1_India/3DIMG_07NOV2019_0700_L1C_SGP.tif,Gujarat,Botad,22.1704,71.6662,15.64
3DIMG_07NOV2019_0700_L1C_SGP.tif,INSAT3D_TIR1_India/3DIMG_07NOV2019_0700_L1C_SGP.tif,Gujarat,Chhota Udepur,22.3108,74.0125,9.63
3DIMG_07NOV2019_0700_L1C_SGP.tif,INSAT3D_TIR1_India/3DIMG_07NOV2019_0700_L1C_SGP.tif,Gujarat,Dahod,22.8347,74.2552,11.48
3DIMG_07NOV2019_0700_L1C_SGP.tif,INSAT3D_TIR1_India/3DIMG_07NOV2019_0700_L1C_SGP.tif,Gujarat,Dang,20.7554,73.6873,8.33
3DIMG_07NOV2019_0700_L1C_SGP.tif,INSAT3D_TIR1_India/3DIMG_07NOV2019_0700_L1C_SGP.tif,Gujarat,Devbhumi Dwarka,22.2078,69.6582,34.98
3DIMG_07NOV2019_0700_L1C_SGP.tif,INSAT3D_TIR1_India/3DIMG_07NOV2019_0700_L1C_SGP.tif,Gujarat,Gandhinagar,23.2156,72.6369,13.48
3DIMG_07NOV2019_0700_L1C_SGP.tif,INSAT3D_TIR1_India/3DIMG_07NOV2019_0700_L1C_SGP.tif,Gujarat,Gir Somnath,20.9042,70.3644,21.47
3DIMG_07NOV2019_0700_L1C_SGP.tif,INSAT3D_TIR1_India/3DIMG_07NOV2019_0700_L1C_SGP.tif,Gujarat,Jamnagar,22.4707,70.0577,36.8
3DIMG_07NOV2019_0700_L1C_SGP.tif,INSAT3D_TIR1_India/3DIMG_07NOV2019_0700_L1C_SGP.tif,Gujarat,Junagadh,21.5222,70.4579,24.47
3DIMG_07NOV2019_0700_L1C_SGP.tif,INSAT3D_TIR1_India/3DIMG_07NOV2019_0700_L1C_SGP.tif,Gujarat,Kheda,22.6916,72.8634,2.02
3DIMG_07NOV2019_0700_L1C_SGP.tif,INSAT3D_TIR1_India/3DIMG_07NOV2019_0700_L1C_SGP.tif,Gujarat,Kutch (Bhuj),23.242,69.6669,41.53
3DIMG_07NOV2019_0700_L1C_SGP.tif,INSAT3D_TIR1_India/3DIMG_07NOV2019_0700_L1C_SGP.tif,Gujarat,Mahisagar,23.1311,73.6009,7.87
3DIMG_07NOV2019_0700_L1C_SGP.tif,INSAT3D_TIR1_India/3DIMG_07NOV2019_0700_L1C_SGP.tif,Gujarat,Mehsana,23.588,72.3693,23.48
3DIMG_07NOV2019_0700_L1C_SGP.tif,INSAT3D_TIR1_India/3DIMG_07NOV2019_0700_L1C_SGP.tif,Gujarat,Morbi,22.8173,70.8368,38.73
3DIMG_07NOV2019_0700_L1C_SGP.tif,INSAT3D_TIR1_India/3DIMG_07NOV2019_0700_L1C_SGP.tif,Gujarat,Narmada,21.8719,73.5028,17.23
3DIMG_07NOV2019_0700_L1C_SGP.tif,INSAT3D_TIR1_India/3DIMG_07NOV2019_0700_L1C_SGP.tif,Gujarat,Navsari,20.9467,72.952,1.09
3DIMG_07NOV2019_0700_L1C_SGP.tif,INSAT3D_TIR1_India/3DIMG_07NOV2019_0700_L1C_SGP.tif,Gujarat,Panchmahal,22.778,73.6143,9.96
3DIMG_07NOV2019_0700_L1C_SGP.tif,INSAT3D_TIR1_India/3DIMG_07NOV2019_0700_L1C_SGP.tif,Gujarat,Patan,23.8493,72.1266,33.56
3DIMG_07NOV2019_0700_L1C_SGP.tif,INSAT3D_TIR1_India/3DIMG_07NOV2019_0700_L1C_SGP.tif,Gujarat,Porbandar,21.6417,69.6293,37.5
3DIMG_07NOV2019_0700_L1C_SGP.tif,INSAT3D_TIR1_India/3DIMG_07NOV2019_0700_L1C_SGP.tif,Gujarat,Rajkot,22.3039,70.8022,28.53
3DIMG_07NOV2019_0700_L1C_SGP.tif,INSAT3D_TIR1_India/3DIMG_07NOV2019_0700_L1C_SGP.tif,Gujarat,Sabarkantha,23.5977,72.9688,16.59
3DIMG_07NOV2019_0700_L1C_SGP.tif,INSAT3D_TIR1_India/3DIMG_07NOV2019_0700_L1C_SGP.tif,Gujarat,Surat,21.1702,72.8311,0.21
3DIMG_07NOV2019_0700_L1C_SGP.tif,INSAT3D_TIR1_India/3DIMG_07NOV2019_0700_L1C_SGP.tif,Gujarat,Surendranagar,22.7274,71.637,29.74
3DIMG_07NOV2019_0700_L1C_SGP.tif,INSAT3D_TIR1_India/3DIMG_07NOV2019_0700_L1C_SGP.tif,Gujarat,Tapi,21.1147,73.3986,6.39
3DIMG_07NOV2019_0700_L1C_SGP.tif,INSAT3D_TIR1_India/3DIMG_07NOV2019_0700_L1C_SGP.tif,Gujarat,Vadodara,22.3072,73.1812,0.0
3DIMG_07NOV2019_0700_L1C_SGP.tif,INSAT3D_TIR1_India/3DIMG_07NOV2019_0700_L1C_SGP.tif,Gujarat,Valsad,20.5992,72.9342,4.76
3DIMG_07NOV2019_0730_L1C_SGP.tif,INSAT3D_TIR1_India/3DIMG_07NOV2019_0730_L1C_SGP.tif,Gujarat,Ahmedabad,23.0225,72.5714,25.78
3DIMG_07NOV2019_0730_L1C_SGP.tif,INSAT3D_TIR1_India/3DIMG_07NOV2019_0730_L1C_SGP.tif,Gujarat,Amreli,21.6032,71.2221,16.08
3DIMG_07NOV2019_0730_L1C_SGP.tif,INSAT3D_TIR1_India/3DIMG_07NOV2019_0730_L1C_SGP.tif,Gujarat,Anand,22.5645,72.9289,1.06
3DIMG_07NOV2019_0730_L1C_SGP.tif,INSAT3D_TIR1_India/3DIMG_07NOV2019_0730_L1C_SGP.tif,Gujarat,Aravalli,23.4619,73.3039,7.28
3DIMG_07NOV2019_0730_L1C_SGP.tif,INSAT3D_TIR1_India/3DIMG_07NOV2019_0730_L1C_SGP.tif,Gujarat,Banaskantha,24.1724,72.4346,30.6
3DIMG_07NOV2019_0730_L1C_SGP.tif,INSAT3D_TIR1_India/3DIMG_07NOV2019_0730_L1C_SGP.tif,Gujarat,Bharuch,21.7051,72.9959,5.98
3DIMG_07NOV2019_0730_L1C_SGP.tif,INSAT3D_TIR1_India/3DIMG_07NOV2019_0730_L1C_SGP.tif,Gujarat,Bhavnagar,21.7645,72.1519,6.68
3DIMG_07NOV2019_0730_L1C_SGP.tif,INSAT3D_TIR1_India/3DIMG_07NOV2019_0730_L1C_SGP.tif,Gujarat,Botad,22.1704,71.6662,21.72
3DIMG_07NOV2019_0730_L1C_SGP.tif,INSAT3D_TIR1_India/3DIMG_07NOV2019_0730_L1C_SGP.tif,Gujarat,Chhota Udepur,22.3108,74.0125,10.75
3DIMG_07NOV2019_0730_L1C_SGP.tif,INSAT3D_TIR1_India/3DIMG_07NOV2019_0730_L1C_SGP.tif,Gujarat,Dahod,22.8347,74.2552,13.43
3DIMG_07NOV2019_0730_L1C_SGP.tif,INSAT3D_TIR1_India/3DIMG_07NOV2019_0730_L1C_SGP.tif,Gujarat,Dang,20.7554,73.6873,13.88
3DIMG_07NOV2019_0730_L1C_SGP.tif,INSAT3D_TIR1_India/3DIMG_07NOV2019_0730_L1C_SGP.tif,Gujarat,Devbhumi Dwarka,22.2078,69.6582,31.79
3DIMG_07NOV2019_0730_L1C_SGP.tif,INSAT3D_TIR1_India/3DIMG_07NOV2019_0730_L1C_SGP.tif,Gujarat,Gandhinagar,23.2156,72.6369,21.41
3DIMG_07NOV2019_0730_L1C_SGP.tif,INSAT3D_TIR1_India/3DIMG_07NOV2019_0730_L1C_SGP.tif,Gujarat,Gir Somnath,20.9042,70.3644,22.24
3DIMG_07NOV2019_0730_L1C_SGP.tif,INSAT3D_TIR1_India/3DIMG_07NOV2019_0730_L1C_SGP.tif,Gujarat,Jamnagar,22.4707,70.0577,36.12
3DIMG_07NOV2019_0730_L1C_SGP.tif,INSAT3D_TIR1_India/3DIMG_07NOV2019_0730_L1C_SGP.tif,Gujarat,Junagadh,21.5222,70.4579,27.54
3DIMG_07NOV2019_0730_L1C_SGP.tif,INSAT3D_TIR1_India/3DIMG_07NOV2019_0730_L1C_SGP.tif,Gujarat,Kheda,22.6916,72.8634,8.92
3DIMG_07NOV2019_0730_L1C_SGP.tif,INSAT3D_TIR1_India/3DIMG_07NOV2019_0730_L1C_SGP.tif,Gujarat,Kutch (Bhuj),23.242,69.6669,40.63
3DIMG_07NOV2019_0730_L1C_SGP.tif,INSAT3D_TIR1_India/3DIMG_07NOV2019_0730_L1C_SGP.tif,Gujarat,Mahisagar,23.1311,73.6009,2.42
3DIMG_07NOV2019_0730_L1C_SGP.tif,INSAT3D_TIR1_India/3DIMG_07NOV2019_0730_L1C_SGP.tif,Gujarat,Mehsana,23.588,72.3693,28.26
3DIMG_07NOV2019_0730_L1C_SGP.tif,INSAT3D_TIR1_India/3DIMG_07NOV2019_0730_L1C_SGP.tif,Gujarat,Morbi,22.8173,70.8368,38.78
3DIMG_07NOV2019_0730_L1C_SGP.tif,INSAT3D_TIR1_India/3DIMG_07NOV2019_0730_L1C_SGP.tif,Gujarat,Narmada,21.8719,73.5028,16.86
3DIMG_07NOV2019_0730_L1C_SGP.tif,INSAT3D_TIR1_India/3DIMG_07NOV2019_0730_L1C_SGP.tif,Gujarat,Navsari,20.9467,72.952,0.11
3DIMG_07NOV2019_0730_L1C_SGP.tif,INSAT3D_TIR1_India/3DIMG_07NOV2019_0730_L1C_SGP.tif,Gujarat,Panchmahal,22.778,73.6143,0.0
3DIMG_07NOV2019_0730_L1C_SGP.tif,INSAT3D_TIR1_India/3DIMG_07NOV2019_0730_L1C_SGP.tif,Gujarat,Patan,23.8493,72.1266,30.74
3DIMG_07NOV2019_0730_L1C_SGP.tif,INSAT3D_TIR1_India/3DIMG_07NOV2019_0730_L1C_SGP.tif,Gujarat,Porbandar,21.6417,69.6293,36.9
3DIMG_07NOV2019_0730_L1C_SGP.tif,INSAT3D_TIR1_India/3DIMG_07NOV2019_0730_L1C_SGP.tif,Gujarat,Rajkot,22.3039,70.8022,27.13
3DIMG_07NOV2019_0730_L1C_SGP.tif,INSAT3D_TIR1_India/3DIMG_07NOV2019_0730_L1C_SGP.tif,Gujarat,Sabarkantha,23.5977,72.9688,10.26
3DIMG_07NOV2019_0730_L1C_SGP.tif,INSAT3D_TIR1_India/3DIMG_07NOV2019_0730_L1C_SGP.tif,Gujarat,Surat,21.1702,72.8311,0.21
3DIMG_07NOV2019_0730_L1C_SGP.tif,INSAT3D_TIR1_India/3DIMG_07NOV2019_0730_L1C_SGP.tif,Gujarat,Surendranagar,22.7274,71.637,30.1
3DIMG_07NOV2019_0730_L1C_SGP.tif,INSAT3D_TIR1_India/3DIMG_07NOV2019_0730_L1C_SGP.tif,Gujarat,Tapi,21.1147,73.3986,16.17
3DIMG_07NOV2019_0730_L1C_SGP.tif,INSAT3D_TIR1_India/3DIMG_07NOV2019_0730_L1C_SGP.tif,Gujarat,Vadodara,22.3072,73.1812,0.0
3DIMG_07NOV2019_0730_L1C_SGP.tif,INSAT3D_TIR1_India/3DIMG_07NOV2019_0730_L1C_SGP.tif,Gujarat,Valsad,20.5992,72.9342,23.83
3DIMG_07NOV2019_0800_L1C_SGP.tif,INSAT3D_TIR1_India/3DIMG_07NOV2019_0800_L1C_SGP.tif,Gujarat,Ahmedabad,23.0225,72.5714,23.89
3DIMG_07NOV2019_0800_L1C_SGP.tif,INSAT3D_TIR1_India/3DIMG_07NOV2019_0800_L1C_SGP.tif,Gujarat,Amreli,21.6032,71.2221,15.03
3DIMG_07NOV2019_0800_L1C_SGP.tif,INSAT3D_TIR1_India/3DIMG_07NOV2019_0800_L1C_SGP.tif,Gujarat,Anand,22.5645,72.9289,15.39
3DIMG_07NOV2019_0800_L1C_SGP.tif,INSAT3D_TIR1_India/3DIMG_07NOV2019_0800_L1C_SGP.tif,Gujarat,Aravalli,23.4619,73.3039,8.8
3DIMG_07NOV2019_0800_L1C_SGP.tif,INSAT3D_TIR1_India/3DIMG_07NOV2019_0800_L1C_SGP.tif,Gujarat,Banaskantha,24.1724,72.4346,29.7
3DIMG_07NOV2019_0800_L1C_SGP.tif,INSAT3D_TIR1_India/3DIMG_07NOV2019_0800_L1C_SGP.tif,Gujarat,Bharuch,21.7051,72.9959,3.86
3DIMG_07NOV2019_0800_L1C_SGP.tif,INSAT3D_TIR1_India/3DIMG_07NOV2019_0800_L1C_SGP.tif,Gujarat,Bhavnagar,21.7645,72.1519,11.06
3DIMG_07NOV2019_0800_L1C_SGP.tif,INSAT3D_TIR1_India/3DIMG_07NOV2019_0800_L1C_SGP.tif,Gujarat,Botad,22.1704,71.6662,18.22
3DIMG_07NOV2019_0800_L1C_SGP.tif,INSAT3D_TIR1_India/3DIMG_07NOV2019_0800_L1C_SGP.tif,Gujarat,Chhota Udepur,22.3108,74.0125,9.83
3DIMG_07NOV2019_0800_L1C_SGP.tif,INSAT3D_TIR1_India/3DIMG_07NOV2019_0800_L1C_SGP.tif,Gujarat,Dahod,22.8347,74.2552,13.43
3DIMG_07NOV2019_0800_L1C_SGP.tif,INSAT3D_TIR1_India/3DIMG_07NOV2019_0800_L1C_SGP.tif,Gujarat,Dang,20.7554,73.6873,13.28
3DIMG_07NOV2019_0800_L1C_SGP.tif,INSAT3D_TIR1_India/3DIMG_07NOV2019_0800_L1C_SGP.tif,Gujarat,Devbhumi Dwarka,22.2078,69.6582,32.54
3DIMG_07NOV2019_0800_L1C_SGP.tif,INSAT3D_TIR1_India/3DIMG_07NOV2019_0800_L1C_SGP.tif,Gujarat,Gandhinagar,23.2156,72.6369,21.88
3DIMG_07NOV2019_0800_L1C_SGP.tif,INSAT3D_TIR1_India/3DIMG_07NOV2019_0800_L1C_SGP.tif,Gujarat,Gir Somnath,20.9042,70.3644,24.21
3DIMG_07NOV2019_0800_L1C_SGP.tif,INSAT3D_TIR1_India/3DIMG_07NOV2019_0800_L1C_SGP.tif,Gujarat,Jamnagar,22.4707,70.0577,36.94
3DIMG_07NOV2019_0800_L1C_SGP.tif,INSAT3D_TIR1_India/3DIMG_07NOV2019_0800_L1C_SGP.tif,Gujarat,Junagadh,21.5222,70.4579,29.55
3DIMG_07NOV2019_0800_L1C_SGP.tif,INSAT3D_TIR1_India/3DIMG_07NOV2019_0800_L1C_SGP.tif,Gujarat,Kheda,22.6916,72.8634,20.12
3DIMG_07NOV2019_0800_L1C_SGP.tif,INSAT3D_TIR1_India/3DIMG_07NOV2019_0800_L1C_SGP.tif,Gujarat,Kutch (Bhuj),23.242,69.6669,37.85
3DIMG_07NOV2019_0800_L1C_SGP.tif,INSAT3D_TIR1_India/3DIMG_07NOV2019_0800_L1C_SGP.tif,Gujarat,Mahisagar,23.1311,73.6009,0.0
3DIMG_07NOV2019_0800_L1C_SGP.tif,INSAT3D_TIR1_India/3DIMG_07NOV2019_0800_L1C_SGP.tif,Gujarat,Mehsana,23.588,72.3693,24.53
3DIMG_07NOV2019_0800_L1C_SGP.tif,INSAT3D_TIR1_India/3DIMG_07NOV2019_0800_L1C_SGP.tif,Gujarat,Morbi,22.8173,70.8368,39.78
3DIMG_07NOV2019_0800_L1C_SGP.tif,INSAT3D_TIR1_India/3DIMG_07NOV2019_0800_L1C_SGP.tif,Gujarat,Narmada,21.8719,73.5028,21.91
3DIMG_07NOV2019_0800_L1C_SGP.tif,INSAT3D_TIR1_India/3DIMG_07NOV2019_0800_L1C_SGP.tif,Gujarat,Navsari,20.9467,72.952,0.11
3DIMG_07NOV2019_0800_L1C_SGP.tif,INSAT3D_TIR1_India/3DIMG_07NOV2019_0800_L1C_SGP.tif,Gujarat,Panchmahal,22.778,73.6143,0.0
3DIMG_07NOV2019_0800_L1C_SGP.tif,INSAT3D_TIR1_India/3DIMG_07NOV2019_0800_L1C_SGP.tif,Gujarat,Patan,23.8493,72.1266,24.89
3DIMG_07NOV2019_0800_L1C_SGP.tif,INSAT3D_TIR1_India/3DIMG_07NOV2019_0800_L1C_SGP.tif,Gujarat,Porbandar,21.6417,69.6293,37.33
3DIMG_07NOV2019_0800_L1C_SGP.tif,INSAT3D_TIR1_India/3DIMG_07NOV2019_0800_L1C_SGP.tif,Gujarat,Rajkot,22.3039,70.8022,27.91
3DIMG_07NOV2019_0800_L1C_SGP.tif,INSAT3D_TIR1_India/3DIMG_07NOV2019_0800_L1C_SGP.tif,Gujarat,Sabarkantha,23.5977,72.9688,18.94
3DIMG_07NOV2019_0800_L1C_SGP.tif,INSAT3D_TIR1_India/3DIMG_07NOV2019_0800_L1C_SGP.tif,Gujarat,Surat,21.1702,72.8311,0.21
3DIMG_07NOV2019_0800_L1C_SGP.tif,INSAT3D_TIR1_India/3DIMG_07NOV2019_0800_L1C_SGP.tif,Gujarat,Surendranagar,22.7274,71.637,36.25
3DIMG_07NOV2019_0800_L1C_SGP.tif,INSAT3D_TIR1_India/3DIMG_07NOV2019_0800_L1C_SGP.tif,Gujarat,Tapi,21.1147,73.3986,5.99
3DIMG_07NOV2019_0800_L1C_SGP.tif,INSAT3D_TIR1_India/3DIMG_07NOV2019_0800_L1C_SGP.tif,Gujarat,Vadodara,22.3072,73.1812,0.0
3DIMG_07NOV2019_0800_L1C_SGP.tif,INSAT3D_TIR1_India/3DIMG_07NOV2019_0800_L1C_SGP.tif,Gujarat,Valsad,20.5992,72.9342,11.48
3DIMG_07NOV2019_0830_L1C_SGP.tif,INSAT3D_TIR1_India/3DIMG_07NOV2019_0830_L1C_SGP.tif,Gujarat,Ahmedabad,23.0225,72.5714,31.34
3DIMG_07NOV2019_0830_L1C_SGP.tif,INSAT3D_TIR1_India/3DIMG_07NOV2019_0830_L1C_SGP.tif,Gujarat,Amreli,21.6032,71.2221,2.43
3DIMG_07NOV2019_0830_L1C_SGP.tif,INSAT3D_TIR1_India/3DIMG_07NOV2019_0830_L1C_SGP.tif,Gujarat,Anand,22.5645,72.9289,14.14
3DIMG_07NOV2019_0830_L1C_SGP.tif,INSAT3D_TIR1_India/3DIMG_07NOV2019_0830_L1C_SGP.tif,Gujarat,Aravalli,23.4619,73.3039,10.07
3DIMG_07NOV2019_0830_L1C_SGP.tif,INSAT3D_TIR1_India/3DIMG_07NOV2019_0830_L1C_SGP.tif,Gujarat,Banaskantha,24.1724,72.4346,28.42
3DIMG_07NOV2019_0830_L1C_SGP.tif,INSAT3D_TIR1_India/3DIMG_07NOV2019_0830_L1C_SGP.tif,Gujarat,Bharuch,21.7051,72.9959,2.76
3DIMG_07NOV2019_0830_L1C_SGP.tif,INSAT3D_TIR1_India/3DIMG_07NOV2019_0830_L1C_SGP.tif,Gujarat,Bhavnagar,21.7645,72.1519,6.74
3DIMG_07NOV2019_0830_L1C_SGP.tif,INSAT3D_TIR1_India/3DIMG_07NOV2019_0830_L1C_SGP.tif,Gujarat,Botad,22.1704,71.6662,23.47
3DIMG_07NOV2019_0830_L1C_SGP.tif,INSAT3D_TIR1_India/3DIMG_07NOV2019_0830_L1C_SGP.tif,Gujarat,Chhota Udepur,22.3108,74.0125,9.95
3DIMG_07NOV2019_0830_L1C_SGP.tif,INSAT3D_TIR1_India/3DIMG_07NOV2019_0830_L1C_SGP.tif,Gujarat,Dahod,22.8347,74.2552,8.27
3DIMG_07NOV2019_0830_L1C_SGP.tif,INSAT3D_TIR1_India/3DIMG_07NOV2019_0830_L1C_SGP.tif,Gujarat,Dang,20.7554,73.6873,25.74
3DIMG_07NOV2019_0830_L1C_SGP.tif,INSAT3D_TIR1_India/3DIMG_07NOV2019_0830_L1C_SGP.tif,Gujarat,Devbhumi Dwarka,22.2078,69.6582,33.91
3DIMG_07NOV2019_0830_L1C_SGP.tif,INSAT3D_TIR1_India/3DIMG_07NOV2019_0830_L1C_SGP.tif,Gujarat,Gandhinagar,23.2156,72.6369,24.89
3DIMG_07NOV2019_0830_L1C_SGP.tif,INSAT3D_TIR1_India/3DIMG_07NOV2019_0830_L1C_SGP.tif,Gujarat,Gir Somnath,20.9042,70.3644,24.76
3DIMG_07NOV2019_0830_L1C_SGP.tif,INSAT3D_TIR1_India/3DIMG_07NOV2019_0830_L1C_SGP.tif,Gujarat,Jamnagar,22.4707,70.0577,37.15
3DIMG_07NOV2019_0830_L1C_SGP.tif,INSAT3D_TIR1_India/3DIMG_07NOV2019_0830_L1C_SGP.tif,Gujarat,Junagadh,21.5222,70.4579,27.09
3DIMG_07NOV2019_0830_L1C_SGP.tif,INSAT3D_TIR1_India/3DIMG_07NOV2019_0830_L1C_SGP.tif,Gujarat,Kheda,22.6916,72.8634,20.19
3DIMG_07NOV2019_0830_L1C_SGP.tif,INSAT3D_TIR1_India/3DIMG_07NOV2019_0830_L1C_SGP.tif,Gujarat,Kutch (Bhuj),23.242,69.6669,37.92
3DIMG_07NOV2019_0830_L1C_SGP.tif,INSAT3D_TIR1_India/3DIMG_07NOV2019_0830_L1C_SGP.tif,Gujarat,Mahisagar,23.1311,73.6009,0.0
3DIMG_07NOV2019_0830_L1C_SGP.tif,INSAT3D_TIR1_India/3DIMG_07NOV2019_0830_L1C_SGP.tif,Gujarat,Mehsana,23.588,72.3693,26.74
3DIMG_07NOV2019_0830_L1C_SGP.tif,INSAT3D_TIR1_India/3DIMG_07NOV2019_0830_L1C_SGP.tif,Gujarat,Morbi,22.8173,70.8368,38.69
3DIMG_07NOV2019_0830_L1C_SGP.tif,INSAT3D_TIR1_India/3DIMG_07NOV2019_0830_L1C_SGP.tif,Gujarat,Narmada,21.8719,73.5028,11.34
3DIMG_07NOV2019_0830_L1C_SGP.tif,INSAT3D_TIR1_India/3DIMG_07NOV2019_0830_L1C_SGP.tif,Gujarat,Navsari,20.9467,72.952,0.11
3DIMG_07NOV2019_0830_L1C_SGP.tif,INSAT3D_TIR1_India/3DIMG_07NOV2019_0830_L1C_SGP.tif,Gujarat,Panchmahal,22.778,73.6143,6.36
3DIMG_07NOV2019_0830_L1C_SGP.tif,INSAT3D_TIR1_India/3DIMG_07NOV2019_0830_L1C_SGP.tif,Gujarat,Patan,23.8493,72.1266,25.44
3DIMG_07NOV2019_0830_L1C_SGP.tif,INSAT3D_TIR1_India/3DIMG_07NOV2019_0830_L1C_SGP.tif,Gujarat,Porbandar,21.6417,69.6293,33.66
3DIMG_07NOV2019_0830_L1C_SGP.tif,INSAT3D_TIR1_India/3DIMG_07NOV2019_0830_L1C_SGP.tif,Gujarat,Rajkot,22.3039,70.8022,34.19
3DIMG_07NOV2019_0830_L1C_SGP.tif,INSAT3D_TIR1_India/3DIMG_07NOV2019_0830_L1C_SGP.tif,Gujarat,Sabarkantha,23.5977,72.9688,20.99
3DIMG_07NOV2019_0830_L1C_SGP.tif,INSAT3D_TIR1_India/3DIMG_07NOV2019_0830_L1C_SGP.tif,Gujarat,Surat,21.1702,72.8311,0.21
3DIMG_07NOV2019_0830_L1C_SGP.tif,INSAT3D_TIR1_India/3DIMG_07NOV2019_0830_L1C_SGP.tif,Gujarat,Surendranagar,22.7274,71.637,36.85
3DIMG_07NOV2019_0830_L1C_SGP.tif,INSAT3D_TIR1_India/3DIMG_07NOV2019_0830_L1C_SGP.tif,Gujarat,Tapi,21.1147,73.3986,0.89
3DIMG_07NOV2019_0830_L1C_SGP.tif,INSAT3D_TIR1_India/3DIMG_07NOV2019_0830_L1C_SGP.tif,Gujarat,Vadodara,22.3072,73.1812,15.22
3DIMG_07NOV2019_0830_L1C_SGP.tif,INSAT3D_TIR1_India/3DIMG_07NOV2019_0830_L1C_SGP.tif,Gujarat,Valsad,20.5992,72.9342,5.16
3DIMG_07NOV2019_0859_L1C_SGP.tif,INSAT3D_TIR1_India/3DIMG_07NOV2019_0859_L1C_SGP.tif,Gujarat,Ahmedabad,23.0225,72.5714,29.16
3DIMG_07NOV2019_0859_L1C_SGP.tif,INSAT3D_TIR1_India/3DIMG_07NOV2019_0859_L1C_SGP.tif,Gujarat,Amreli,21.6032,71.2221,9.02
3DIMG_07NOV2019_0859_L1C_SGP.tif,INSAT3D_TIR1_India/3DIMG_07NOV2019_0859_L1C_SGP.tif,Gujarat,Anand,22.5645,72.9289,21.19
3DIMG_07NOV2019_0859_L1C_SGP.tif,INSAT3D_TIR1_India/3DIMG_07NOV2019_0859_L1C_SGP.tif,Gujarat,Aravalli,23.4619,73.3039,14.25
3DIMG_07NOV2019_0859_L1C_SGP.tif,INSAT3D_TIR1_India/3DIMG_07NOV2019_0859_L1C_SGP.tif,Gujarat,Banaskantha,24.1724,72.4346,25.92
3DIMG_07NOV2019_0859_L1C_SGP.tif,INSAT3D_TIR1_India/3DIMG_07NOV2019_0859_L1C_SGP.tif,Gujarat,Bharuch,21.7051,72.9959,2.76
3DIMG_07NOV2019_0859_L1C_SGP.tif,INSAT3D_TIR1_India/3DIMG_07NOV2019_0859_L1C_SGP.tif,Gujarat,Bhavnagar,21.7645,72.1519,0.06
3DIMG_07NOV2019_0859_L1C_SGP.tif,INSAT3D_TIR1_India/3DIMG_07NOV2019_0859_L1C_SGP.tif,Gujarat,Botad,22.1704,71.6662,13.67
3DIMG_07NOV2019_0859_L1C_SGP.tif,INSAT3D_TIR1_India/3DIMG_07NOV2019_0859_L1C_SGP.tif,Gujarat,Chhota Udepur,22.3108,74.0125,6.15
3DIMG_07NOV2019_0859_L1C_SGP.tif,INSAT3D_TIR1_India/3DIMG_07NOV2019_0859_L1C_SGP.tif,Gujarat,Dahod,22.8347,74.2552,7.98
3DIMG_07NOV2019_0859_L1C_SGP.tif,INSAT3D_TIR1_India/3DIMG_07NOV2019_0859_L1C_SGP.tif,Gujarat,Dang,20.7554,73.6873,15.26
3DIMG_07NOV2019_0859_L1C_SGP.tif,INSAT3D_TIR1_India/3DIMG_07NOV2019_0859_L1C_SGP.tif,Gujarat,Devbhumi Dwarka,22.2078,69.6582,35.73
3DIMG_07NOV2019_0859_L1C_SGP.tif,INSAT3D_TIR1_India/3DIMG_07NOV2019_0859_L1C_SGP.tif,Gujarat,Gandhinagar,23.2156,72.6369,24.41
3DIMG_07NOV2019_0859_L1C_SGP.tif,INSAT3D_TIR1_India/3DIMG_07NOV2019_0859_L1C_SGP.tif,Gujarat,Gir Somnath,20.9042,70.3644,24.42
3DIMG_07NOV2019_0859_L1C_SGP.tif,INSAT3D_TIR1_India/3DIMG_07NOV2019_0859_L1C_SGP.tif,Gujarat,Jamnagar,22.4707,70.0577,37.15
3DIMG_07NOV2019_0859_L1C_SGP.tif,INSAT3D_TIR1_India/3DIMG_07NOV2019_0859_L1C_SGP.tif,Gujarat,Junagadh,21.5222,70.4579,25.65
3DIMG_07NOV2019_0859_L1C_SGP.tif,INSAT3D_TIR1_India/3DIMG_07NOV2019_0859_L1C_SGP.tif,Gujarat,Kheda,22.6916,72.8634,22.84
3DIMG_07NOV2019_0859_L1C_SGP.tif,INSAT3D_TIR1_India/3DIMG_07NOV2019_0859_L1C_SGP.tif,Gujarat,Kutch (Bhuj),23.242,69.6669,37.1
3DIMG_07NOV2019_0859_L1C_SGP.tif,INSAT3D_TIR1_India/3DIMG_07NOV2019_0859_L1C_SGP.tif,Gujarat,Mahisagar,23.1311,73.6009,24.27
3DIMG_07NOV2019_0859_L1C_SGP.tif,INSAT3D_TIR1_India/3DIMG_07NOV2019_0859_L1C_SGP.tif,Gujarat,Mehsana,23.588,72.3693,26.46
3DIMG_07NOV2019_0859_L1C_SGP.tif,INSAT3D_TIR1_India/3DIMG_07NOV2019_0859_L1C_SGP.tif,Gujarat,Morbi,22.8173,70.8368,38.31
3DIMG_07NOV2019_0859_L1C_SGP.tif,INSAT3D_TIR1_India/3DIMG_07NOV2019_0859_L1C_SGP.tif,Gujarat,Narmada,21.8719,73.5028,20.58
3DIMG_07NOV2019_0859_L1C_SGP.tif,INSAT3D_TIR1_India/3DIMG_07NOV2019_0859_L1C_SGP.tif,Gujarat,Navsari,20.9467,72.952,0.11
3DIMG_07NOV2019_0859_L1C_SGP.tif,INSAT3D_TIR1_India/3DIMG_07NOV2019_0859_L1C_SGP.tif,Gujarat,Panchmahal,22.778,73.6143,12.22
3DIMG_07NOV2019_0859_L1C_SGP.tif,INSAT3D_TIR1_India/3DIMG_07NOV2019_0859_L1C_SGP.tif,Gujarat,Patan,23.8493,72.1266,28.39
3DIMG_07NOV2019_0859_L1C_SGP.tif,INSAT3D_TIR1_India/3DIMG_07NOV2019_0859_L1C_SGP.tif,Gujarat,Porbandar,21.6417,69.6293,33.16
3DIMG_07NOV2019_0859_L1C_SGP.tif,INSAT3D_TIR1_India/3DIMG_07NOV2019_0859_L1C_SGP.tif,Gujarat,Rajkot,22.3039,70.8022,32.21
3DIMG_07NOV2019_0859_L1C_SGP.tif,INSAT3D_TIR1_India/3DIMG_07NOV2019_0859_L1C_SGP.tif,Gujarat,Sabarkantha,23.5977,72.9688,19.96
3DIMG_07NOV2019_0859_L1C_SGP.tif,INSAT3D_TIR1_India/3DIMG_07NOV2019_0859_L1C_SGP.tif,Gujarat,Surat,21.1702,72.8311,0.21
3DIMG_07NOV2019_0859_L1C_SGP.tif,INSAT3D_TIR1_India/3DIMG_07NOV2019_0859_L1C_SGP.tif,Gujarat,Surendranagar,22.7274,71.637,36.07
3DIMG_07NOV2019_0859_L1C_SGP.tif,INSAT3D_TIR1_India/3DIMG_07NOV2019_0859_L1C_SGP.tif,Gujarat,Tapi,21.1147,73.3986,0.0
3DIMG_07NOV2019_0859_L1C_SGP.tif,INSAT3D_TIR1_India/3DIMG_07NOV2019_0859_L1C_SGP.tif,Gujarat,Vadodara,22.3072,73.1812,9.92
3DIMG_07NOV2019_0859_L1C_SGP.tif,INSAT3D_TIR1_India/3DIMG_07NOV2019_0859_L1C_SGP.tif,Gujarat,Valsad,20.5992,72.9342,2.39
3DIMG_07NOV2019_0900_L1C_SGP.tif,INSAT3D_TIR1_India/3DIMG_07NOV2019_0900_L1C_SGP.tif,Gujarat,Ahmedabad,23.0225,72.5714,29.16
3DIMG_07NOV2019_0900_L1C_SGP.tif,INSAT3D_TIR1_India/3DIMG_07NOV2019_0900_L1C_SGP.tif,Gujarat,Amreli,21.6032,71.2221,9.02
3DIMG_07NOV2019_0900_L1C_SGP.tif,INSAT3D_TIR1_India/3DIMG_07NOV2019_0900_L1C_SGP.tif,Gujarat,Anand,22.5645,72.9289,21.19
3DIMG_07NOV2019_0900_L1C_SGP.tif,INSAT3D_TIR1_India/3DIMG_07NOV2019_0900_L1C_SGP.tif,Gujarat,Aravalli,23.4619,73.3039,14.25
3DIMG_07NOV2019_0900_L1C_SGP.tif,INSAT3D_TIR1_India/3DIMG_07NOV2019_0900_L1C_SGP.tif,Gujarat,Banaskantha,24.1724,72.4346,25.92
3DIMG_07NOV2019_0900_L1C_SGP.tif,INSAT3D_TIR1_India/3DIMG_07NOV2019_0900_L1C_SGP.tif,Gujarat,Bharuch,21.7051,72.9959,2.76
3DIMG_07NOV2019_0900_L1C_SGP.tif,INSAT3D_TIR1_India/3DIMG_07NOV2019_0900_L1C_SGP.tif,Gujarat,Bhavnagar,21.7645,72.1519,0.06
3DIMG_07NOV2019_0900_L1C_SGP.tif,INSAT3D_TIR1_India/3DIMG_07NOV2019_0900_L1C_SGP.tif,Gujarat,Botad,22.1704,71.6662,13.67
3DIMG_07NOV2019_0900_L1C_SGP.tif,INSAT3D_TIR1_India/3DIMG_07NOV2019_0900_L1C_SGP.tif,Gujarat,Chhota Udepur,22.3108,74.0125,6.15
3DIMG_07NOV2019_0900_L1C_SGP.tif,INSAT3D_TIR1_India/3DIMG_07NOV2019_0900_L1C_SGP.tif,Gujarat,Dahod,22.8347,74.2552,7.98
3DIMG_07NOV2019_0900_L1C_SGP.tif,INSAT3D_TIR1_India/3DIMG_07NOV2019_0900_L1C_SGP.tif,Gujarat,Dang,20.7554,73.6873,15.26
3DIMG_07NOV2019_0900_L1C_SGP.tif,INSAT3D_TIR1_India/3DIMG_07NOV2019_0900_L1C_SGP.tif,Gujarat,Devbhumi Dwarka,22.2078,69.6582,35.73
3DIMG_07NOV2019_0900_L1C_SGP.tif,INSAT3D_TIR1_India/3DIMG_07NOV2019_0900_L1C_SGP.tif,Gujarat,Gandhinagar,23.2156,72.6369,24.41
3DIMG_07NOV2019_0900_L1C_SGP.tif,INSAT3D_TIR1_India/3DIMG_07NOV2019_0900_L1C_SGP.tif,Gujarat,Gir Somnath,20.9042,70.3644,24.42
3DIMG_07NOV2019_0900_L1C_SGP.tif,INSAT3D_TIR1_India/3DIMG_07NOV2019_0900_L1C_SGP.tif,Gujarat,Jamnagar,22.4707,70.0577,37.15
3DIMG_07NOV2019_0900_L1C_SGP.tif,INSAT3D_TIR1_India/3DIMG_07NOV2019_0900_L1C_SGP.tif,Gujarat,Junagadh,21.5222,70.4579,25.65
3DIMG_07NOV2019_0900_L1C_SGP.tif,INSAT3D_TIR1_India/3DIMG_07NOV2019_0900_L1C_SGP.tif,Gujarat,Kheda,22.6916,72.8634,22.84
3DIMG_07NOV2019_0900_L1C_SGP.tif,INSAT3D_TIR1_India/3DIMG_07NOV2019_0900_L1C_SGP.tif,Gujarat,Kutch (Bhuj),23.242,69.6669,37.1
3DIMG_07NOV2019_0900_L1C_SGP.tif,INSAT3D_TIR1_India/3DIMG_07NOV2019_0900_L1C_SGP.tif,Gujarat,Mahisagar,23.1311,73.6009,24.27
3DIMG_07NOV2019_0900_L1C_SGP.tif,INSAT3D_TIR1_India/3DIMG_07NOV2019_0900_L1C_SGP.tif,Gujarat,Mehsana,23.588,72.3693,26.46
3DIMG_07NOV2019_0900_L1C_SGP.tif,INSAT3D_TIR1_India/3DIMG_07NOV2019_0900_L1C_SGP.tif,Gujarat,Morbi,22.8173,70.8368,38.31
3DIMG_07NOV2019_0900_L1C_SGP.tif,INSAT3D_TIR1_India/3DIMG_07NOV2019_0900_L1C_SGP.tif,Gujarat,Narmada,21.8719,73.5028,20.58
3DIMG_07NOV2019_0900_L1C_SGP.tif,INSAT3D_TIR1_India/3DIMG_07NOV2019_0900_L1C_SGP.tif,Gujarat,Navsari,20.9467,72.952,0.11
3DIMG_07NOV2019_0900_L1C_SGP.tif,INSAT3D_TIR1_India/3DIMG_07NOV2019_0900_L1C_SGP.tif,Gujarat,Panchmahal,22.778,73.6143,12.22
3DIMG_07NOV2019_0900_L1C_SGP.tif,INSAT3D_TIR1_India/3DIMG_07NOV2019_0900_L1C_SGP.tif,Gujarat,Patan,23.8493,72.1266,28.39
3DIMG_07NOV2019_0900_L1C_SGP.tif,INSAT3D_TIR1_India/3DIMG_07NOV2019_0900_L1C_SGP.tif,Gujarat,Porbandar,21.6417,69.6293,33.16
3DIMG_07NOV2019_0900_L1C_SGP.tif,INSAT3D_TIR1_India/3DIMG_07NOV2019_0900_L1C_SGP.tif,Gujarat,Rajkot,22.3039,70.8022,32.21
3DIMG_07NOV2019_0900_L1C_SGP.tif,INSAT3D_TIR1_India/3DIMG_07NOV2019_0900_L1C_SGP.tif,Gujarat,Sabarkantha,23.5977,72.9688,19.96
3DIMG_07NOV2019_0900_L1C_SGP.tif,INSAT3D_TIR1_India/3DIMG_07NOV2019_0900_L1C_SGP.tif,Gujarat,Surat,21.1702,72.8311,0.21
3DIMG_07NOV2019_0900_L1C_SGP.tif,INSAT3D_TIR1_India/3DIMG_07NOV2019_0900_L1C_SGP.tif,Gujarat,Surendranagar,22.7274,71.637,36.07
3DIMG_07NOV2019_0900_L1C_SGP.tif,INSAT3D_TIR1_India/3DIMG_07NOV2019_0900_L1C_SGP.tif,Gujarat,Tapi,21.1147,73.3986,0.0
3DIMG_07NOV2019_0900_L1C_SGP.tif,INSAT3D_TIR1_India/3DIMG_07NOV2019_0900_L1C_SGP.tif,Gujarat,Vadodara,22.3072,73.1812,9.92
3DIMG_07NOV2019_0900_L1C_SGP.tif,INSAT3D_TIR1_India/3DIMG_07NOV2019_0900_L1C_SGP.tif,Gujarat,Valsad,20.5992,72.9342,2.39
3DIMG_07NOV2019_0929_L1C_SGP.tif,INSAT3D_TIR1_India/3DIMG_07NOV2019_0929_L1C_SGP.tif,Gujarat,Ahmedabad,23.0225,72.5714,29.34
3DIMG_07NOV2019_0929_L1C_SGP.tif,INSAT3D_TIR1_India/3DIMG_07NOV2019_0929_L1C_SGP.tif,Gujarat,Amreli,21.6032,71.2221,15.82
3DIMG_07NOV2019_0929_L1C_SGP.tif,INSAT3D_TIR1_India/3DIMG_07NOV2019_0929_L1C_SGP.tif,Gujarat,Anand,22.5645,72.9289,27.47
3DIMG_07NOV2019_0929_L1C_SGP.tif,INSAT3D_TIR1_India/3DIMG_07NOV2019_0929_L1C_SGP.tif,Gujarat,Aravalli,23.4619,73.3039,16.07
3DIMG_07NOV2019_0929_L1C_SGP.tif,INSAT3D_TIR1_India/3DIMG_07NOV2019_0929_L1C_SGP.tif,Gujarat,Banaskantha,24.1724,72.4346,34.6
3DIMG_07NOV2019_0929_L1C_SGP.tif,INSAT3D_TIR1_India/3DIMG_07NOV2019_0929_L1C_SGP.tif,Gujarat,Bharuch,21.7051,72.9959,6.01
3DIMG_07NOV2019_0929_L1C_SGP.tif,INSAT3D_TIR1_India/3DIMG_07NOV2019_0929_L1C_SGP.tif,Gujarat,Bhavnagar,21.7645,72.1519,11.36
3DIMG_07NOV2019_0929_L1C_SGP.tif,INSAT3D_TIR1_India/3DIMG_07NOV2019_0929_L1C_SGP.tif,Gujarat,Botad,22.1704,71.6662,10.14
3DIMG_07NOV2019_0929_L1C_SGP.tif,INSAT3D_TIR1_India/3DIMG_07NOV2019_0929_L1C_SGP.tif,Gujarat,Chhota Udepur,22.3108,74.0125,16.23
3DIMG_07NOV2019_0929_L1C_SGP.tif,INSAT3D_TIR1_India/3DIMG_07NOV2019_0929_L1C_SGP.tif,Gujarat,Dahod,22.8347,74.2552,14.97
3DIMG_07NOV2019_0929_L1C_SGP.tif,INSAT3D_TIR1_India/3DIMG_07NOV2019_0929_L1C_SGP.tif,Gujarat,Dang,20.7554,73.6873,16.19
3DIMG_07NOV2019_0929_L1C_SGP.tif,INSAT3D_TIR1_India/3DIMG_07NOV2019_0929_L1C_SGP.tif,Gujarat,Devbhumi Dwarka,22.2078,69.6582,36.29
3DIMG_07NOV2019_0929_L1C_SGP.tif,INSAT3D_TIR1_India/3DIMG_07NOV2019_0929_L1C_SGP.tif,Gujarat,Gandhinagar,23.2156,72.6369,29.66
3DIMG_07NOV2019_0929_L1C_SGP.tif,INSAT3D_TIR1_India/3DIMG_07NOV2019_0929_L1C_SGP.tif,Gujarat,Gir Somnath,20.9042,70.3644,26.07
3DIMG_07NOV2019_0929_L1C_SGP.tif,INSAT3D_TIR1_India/3DIMG_07NOV2019_0929_L1C_SGP.tif,Gujarat,Jamnagar,22.4707,70.0577,37.22
3DIMG_07NOV2019_0929_L1C_SGP.tif,INSAT3D_TIR1_India/3DIMG_07NOV2019_0929_L1C_SGP.tif,Gujarat,Junagadh,21.5222,70.4579,24.65
3DIMG_07NOV2019_0929_L1C_SGP.tif,INSAT3D_TIR1_India/3DIMG_07NOV2019_0929_L1C_SGP.tif,Gujarat,Kheda,22.6916,72.8634,21.07
3DIMG_07NOV2019_0929_L1C_SGP.tif,INSAT3D_TIR1_India/3DIMG_07NOV2019_0929_L1C_SGP.tif,Gujarat,Kutch (Bhuj),23.242,69.6669,38.98
3DIMG_07NOV2019_0929_L1C_SGP.tif,INSAT3D_TIR1_India/3DIMG_07NOV2019_0929_L1C_SGP.tif,Gujarat,Mahisagar,23.1311,73.6009,17.88
3DIMG_07NOV2019_0929_L1C_SGP.tif,INSAT3D_TIR1_India/3DIMG_07NOV2019_0929_L1C_SGP.tif,Gujarat,Mehsana,23.588,72.3693,23.76
3DIMG_07NOV2019_0929_L1C_SGP.tif,INSAT3D_TIR1_India/3DIMG_07NOV2019_0929_L1C_SGP.tif,Gujarat,Morbi,22.8173,70.8368,37.54
3DIMG_07NOV2019_0929_L1C_SGP.tif,INSAT3D_TIR1_India/3DIMG_07NOV2019_0929_L1C_SGP.tif,Gujarat,Narmada,21.8719,73.5028,3.24
3DIMG_07NOV2019_0929_L1C_SGP.tif,INSAT3D_TIR1_India/3DIMG_07NOV2019_0929_L1C_SGP.tif,Gujarat,Navsari,20.9467,72.952,0.11
3DIMG_07NOV2019_0929_L1C_SGP.tif,INSAT3D_TIR1_India/3DIMG_07NOV2019_0929_L1C_SGP.tif,Gujarat,Panchmahal,22.778,73.6143,7.62
3DIMG_07NOV2019_0929_L1C_SGP.tif,INSAT3D_TIR1_India/3DIMG_07NOV2019_0929_L1C_SGP.tif,Gujarat,Patan,23.8493,72.1266,33.54
3DIMG_07NOV2019_0929_L1C_SGP.tif,INSAT3D_TIR1_India/3DIMG_07NOV2019_0929_L1C_SGP.tif,Gujarat,Porbandar,21.6417,69.6293,33.06
3DIMG_07NOV2019_0929_L1C_SGP.tif,INSAT3D_TIR1_India/3DIMG_07NOV2019_0929_L1C_SGP.tif,Gujarat,Rajkot,22.3039,70.8022,31.69
3DIMG_07NOV2019_0929_L1C_SGP.tif,INSAT3D_TIR1_India/3DIMG_07NOV2019_0929_L1C_SGP.tif,Gujarat,Sabarkantha,23.5977,72.9688,20.78
3DIMG_07NOV2019_0929_L1C_SGP.tif,INSAT3D_TIR1_India/3DIMG_07NOV2019_0929_L1C_SGP.tif,Gujarat,Surat,21.1702,72.8311,0.21
3DIMG_07NOV2019_0929_L1C_SGP.tif,INSAT3D_TIR1_India/3DIMG_07NOV2019_0929_L1C_SGP.tif,Gujarat,Surendranagar,22.7274,71.637,36.19
3DIMG_07NOV2019_0929_L1C_SGP.tif,INSAT3D_TIR1_India/3DIMG_07NOV2019_0929_L1C_SGP.tif,Gujarat,Tapi,21.1147,73.3986,0.0
3DIMG_07NOV2019_0929_L1C_SGP.tif,INSAT3D_TIR1_India/3DIMG_07NOV2019_0929_L1C_SGP.tif,Gujarat,Vadodara,22.3072,73.1812,14.35
3DIMG_07NOV2019_0929_L1C_SGP.tif,INSAT3D_TIR1_India/3DIMG_07NOV2019_0929_L1C_SGP.tif,Gujarat,Valsad,20.5992,72.9342,2.39
3DIMG_07NOV2019_0930_L1C_SGP.tif,INSAT3D_TIR1_India/3DIMG_07NOV2019_0930_L1C_SGP.tif,Gujarat,Ahmedabad,23.0225,72.5714,28.89
3DIMG_07NOV2019_0930_L1C_SGP.tif,INSAT3D_TIR1_India/3DIMG_07NOV2019_0930_L1C_SGP.tif,Gujarat,Amreli,21.6032,71.2221,15.98
3DIMG_07NOV2019_0930_L1C_SGP.tif,INSAT3D_TIR1_India/3DIMG_07NOV2019_0930_L1C_SGP.tif,Gujarat,Anand,22.5645,72.9289,26.69
3DIMG_07NOV2019_0930_L1C_SGP.tif,INSAT3D_TIR1_India/3DIMG_07NOV2019_0930_L1C_SGP.tif,Gujarat,Aravalli,23.4619,73.3039,16.35
3DIMG_07NOV2019_0930_L1C_SGP.tif,INSAT3D_TIR1_India/3DIMG_07NOV2019_0930_L1C_SGP.tif,Gujarat,Banaskantha,24.1724,72.4346,34.55
3DIMG_07NOV2019_0930_L1C_SGP.tif,INSAT3D_TIR1_India/3DIMG_07NOV2019_0930_L1C_SGP.tif,Gujarat,Bharuch,21.7051,72.9959,4.26
3DIMG_07NOV2019_0930_L1C_SGP.tif,INSAT3D_TIR1_India/3DIMG_07NOV2019_0930_L1C_SGP.tif,Gujarat,Bhavnagar,21.7645,72.1519,11.48
3DIMG_07NOV2019_0930_L1C_SGP.tif,INSAT3D_TIR1_India/3DIMG_07NOV2019_0930_L1C_SGP.tif,Gujarat,Botad,22.1704,71.6662,10.54
3DIMG_07NOV2019_0930_L1C_SGP.tif,INSAT3D_TIR1_India/3DIMG_07NOV2019_0930_L1C_SGP.tif,Gujarat,Chhota Udepur,22.3108,74.0125,18.93
3DIMG_07NOV2019_0930_L1C_SGP.tif,INSAT3D_TIR1_India/3DIMG_07NOV2019_0930_L1C_SGP.tif,Gujarat,Dahod,22.8347,74.2552,14.95
3DIMG_07NOV2019_0930_L1C_SGP.tif,INSAT3D_TIR1_India/3DIMG_07NOV2019_0930_L1C_SGP.tif,Gujarat,Dang,20.7554,73.6873,19.51
3DIMG_07NOV2019_0930_L1C_SGP.tif,INSAT3D_TIR1_India/3DIMG_07NOV2019_0930_L1C_SGP.tif,Gujarat,Devbhumi Dwarka,22.2078,69.6582,35.54
3DIMG_07NOV2019_0930_L1C_SGP.tif,INSAT3D_TIR1_India/3DIMG_07NOV2019_0930_L1C_SGP.tif,Gujarat,Gandhinagar,23.2156,72.6369,30.19
3DIMG_07NOV2019_0930_L1C_SGP.tif,INSAT3D_TIR1_India/3DIMG_07NOV2019_0930_L1C_SGP.tif,Gujarat,Gir Somnath,20.9042,70.3644,26.19
3DIMG_07NOV2019_0930_L1C_SGP.tif,INSAT3D_TIR1_India/3DIMG_07NOV2019_0930_L1C_SGP.tif,Gujarat,Jamnagar,22.4707,70.0577,37.17
3DIMG_07NOV2019_0930_L1C_SGP.tif,INSAT3D_TIR1_India/3DIMG_07NOV2019_0930_L1C_SGP.tif,Gujarat,Junagadh,21.5222,70.4579,23.97
3DIMG_07NOV2019_0930_L1C_SGP.tif,INSAT3D_TIR1_India/3DIMG_07NOV2019_0930_L1C_SGP.tif,Gujarat,Kheda,22.6916,72.8634,23.15
3DIMG_07NOV2019_0930_L1C_SGP.tif,INSAT3D_TIR1_India/3DIMG_07NOV2019_0930_L1C_SGP.tif,Gujarat,Kutch (Bhuj),23.242,69.6669,36.75
3DIMG_07NOV2019_0930_L1C_SGP.tif,INSAT3D_TIR1_India/3DIMG_07NOV2019_0930_L1C_SGP.tif,Gujarat,Mahisagar,23.1311,73.6009,19.45
3DIMG_07NOV2019_0930_L1C_SGP.tif,INSAT3D_TIR1_India/3DIMG_07NOV2019_0930_L1C_SGP.tif,Gujarat,Mehsana,23.588,72.3693,25.24
3DIMG_07NOV2019_0930_L1C_SGP.tif,INSAT3D_TIR1_India/3DIMG_07NOV2019_0930_L1C_SGP.tif,Gujarat,Morbi,22.8173,70.8368,35.06
3DIMG_07NOV2019_0930_L1C_SGP.tif,INSAT3D_TIR1_India/3DIMG_07NOV2019_0930_L1C_SGP.tif,Gujarat,Narmada,21.8719,73.5028,2.01
3DIMG_07NOV2019_0930_L1C_SGP.tif,INSAT3D_TIR1_India/3DIMG_07NOV2019_0930_L1C_SGP.tif,Gujarat,Navsari,20.9467,72.952,0.11
3DIMG_07NOV2019_0930_L1C_SGP.tif,INSAT3D_TIR1_India/3DIMG_07NOV2019_0930_L1C_SGP.tif,Gujarat,Panchmahal,22.778,73.6143,5.41
3DIMG_07NOV2019_0930_L1C_SGP.tif,INSAT3D_TIR1_India/3DIMG_07NOV2019_0930_L1C_SGP.tif,Gujarat,Patan,23.8493,72.1266,32.87
3DIMG_07NOV2019_0930_L1C_SGP.tif,INSAT3D_TIR1_India/3DIMG_07NOV2019_0930_L1C_SGP.tif,Gujarat,Porbandar,21.6417,69.6293,33.55
3DIMG_07NOV2019_0930_L1C_SGP.tif,INSAT3D_TIR1_India/3DIMG_07NOV2019_0930_L1C_SGP.tif,Gujarat,Rajkot,22.3039,70.8022,31.29
3DIMG_07NOV2019_0930_L1C_SGP.tif,INSAT3D_TIR1_India/3DIMG_07NOV2019_0930_L1C_SGP.tif,Gujarat,Sabarkantha,23.5977,72.9688,20.93
3DIMG_07NOV2019_0930_L1C_SGP.tif,INSAT3D_TIR1_India/3DIMG_07NOV2019_0930_L1C_SGP.tif,Gujarat,Surat,21.1702,72.8311,0.21
3DIMG_07NOV2019_0930_L1C_SGP.tif,INSAT3D_TIR1_India/3DIMG_07NOV2019_0930_L1C_SGP.tif,Gujarat,Surendranagar,22.7274,71.637,36.4
3DIMG_07NOV2019_0930_L1C_SGP.tif,INSAT3D_TIR1_India/3DIMG_07NOV2019_0930_L1C_SGP.tif,Gujarat,Tapi,21.1147,73.3986,0.0
3DIMG_07NOV2019_0930_L1C_SGP.tif,INSAT3D_TIR1_India/3DIMG_07NOV2019_0930_L1C_SGP.tif,Gujarat,Vadodara,22.3072,73.1812,12.78
3DIMG_07NOV2019_0930_L1C_SGP.tif,INSAT3D_TIR1_India/3DIMG_07NOV2019_0930_L1C_SGP.tif,Gujarat,Valsad,20.5992,72.9342,2.39
3DIMG_07NOV2019_0959_L1C_SGP.tif,INSAT3D_TIR1_India/3DIMG_07NOV2019_0959_L1C_SGP.tif,Gujarat,Ahmedabad,23.0225,72.5714,26.03
3DIMG_07NOV2019_0959_L1C_SGP.tif,INSAT3D_TIR1_India/3DIMG_07NOV2019_0959_L1C_SGP.tif,Gujarat,Amreli,21.6032,71.2221,16.75
3DIMG_07NOV2019_0959_L1C_SGP.tif,INSAT3D_TIR1_India/3DIMG_07NOV2019_0959_L1C_SGP.tif,Gujarat,Anand,22.5645,72.9289,1.06
3DIMG_07NOV2019_0959_L1C_SGP.tif,INSAT3D_TIR1_India/3DIMG_07NOV2019_0959_L1C_SGP.tif,Gujarat,Aravalli,23.4619,73.3039,15.67
3DIMG_07NOV2019_0959_L1C_SGP.tif,INSAT3D_TIR1_India/3DIMG_07NOV2019_0959_L1C_SGP.tif,Gujarat,Banaskantha,24.1724,72.4346,35.17
3DIMG_07NOV2019_0959_L1C_SGP.tif,INSAT3D_TIR1_India/3DIMG_07NOV2019_0959_L1C_SGP.tif,Gujarat,Bharuch,21.7051,72.9959,2.76
3DIMG_07NOV2019_0959_L1C_SGP.tif,INSAT3D_TIR1_India/3DIMG_07NOV2019_0959_L1C_SGP.tif,Gujarat,Bhavnagar,21.7645,72.1519,9.99
3DIMG_07NOV2019_0959_L1C_SGP.tif,INSAT3D_TIR1_India/3DIMG_07NOV2019_0959_L1C_SGP.tif,Gujarat,Botad,22.1704,71.6662,14.8
3DIMG_07NOV2019_0959_L1C_SGP.tif,INSAT3D_TIR1_India/3DIMG_07NOV2019_0959_L1C_SGP.tif,Gujarat,Chhota Udepur,22.3108,74.0125,17.32
3DIMG_07NOV2019_0959_L1C_SGP.tif,INSAT3D_TIR1_India/3DIMG_07NOV2019_0959_L1C_SGP.tif,Gujarat,Dahod,22.8347,74.2552,14.2
3DIMG_07NOV2019_0959_L1C_SGP.tif,INSAT3D_TIR1_India/3DIMG_07NOV2019_0959_L1C_SGP.tif,Gujarat,Dang,20.7554,73.6873,19.86
3DIMG_07NOV2019_0959_L1C_SGP.tif,INSAT3D_TIR1_India/3DIMG_07NOV2019_0959_L1C_SGP.tif,Gujarat,Devbhumi Dwarka,22.2078,69.6582,35.24
3DIMG_07NOV2019_0959_L1C_SGP.tif,INSAT3D_TIR1_India/3DIMG_07NOV2019_0959_L1C_SGP.tif,Gujarat,Gandhinagar,23.2156,72.6369,29.59
3DIMG_07NOV2019_0959_L1C_SGP.tif,INSAT3D_TIR1_India/3DIMG_07NOV2019_0959_L1C_SGP.tif,Gujarat,Gir Somnath,20.9042,70.3644,23.52
3DIMG_07NOV2019_0959_L1C_SGP.tif,INSAT3D_TIR1_India/3DIMG_07NOV2019_0959_L1C_SGP.tif,Gujarat,Jamnagar,22.4707,70.0577,36.7
3DIMG_07NOV2019_0959_L1C_SGP.tif,INSAT3D_TIR1_India/3DIMG_07NOV2019_0959_L1C_SGP.tif,Gujarat,Junagadh,21.5222,70.4579,24.02
3DIMG_07NOV2019_0959_L1C_SGP.tif,INSAT3D_TIR1_India/3DIMG_07NOV2019_0959_L1C_SGP.tif,Gujarat,Kheda,22.6916,72.8634,2.02
3DIMG_07NOV2019_0959_L1C_SGP.tif,INSAT3D_TIR1_India/3DIMG_07NOV2019_0959_L1C_SGP.tif,Gujarat,Kutch (Bhuj),23.242,69.6669,38.08
3DIMG_07NOV2019_0959_L1C_SGP.tif,INSAT3D_TIR1_India/3DIMG_07NOV2019_0959_L1C_SGP.tif,Gujarat,Mahisagar,23.1311,73.6009,13.92
3DIMG_07NOV2019_0959_L1C_SGP.tif,INSAT3D_TIR1_India/3DIMG_07NOV2019_0959_L1C_SGP.tif,Gujarat,Mehsana,23.588,72.3693,19.03
3DIMG_07NOV2019_0959_L1C_SGP.tif,INSAT3D_TIR1_India/3DIMG_07NOV2019_0959_L1C_SGP.tif,Gujarat,Morbi,22.8173,70.8368,36.16
3DIMG_07NOV2019_0959_L1C_SGP.tif,INSAT3D_TIR1_India/3DIMG_07NOV2019_0959_L1C_SGP.tif,Gujarat,Narmada,21.8719,73.5028,0.16
3DIMG_07NOV2019_0959_L1C_SGP.tif,INSAT3D_TIR1_India/3DIMG_07NOV2019_0959_L1C_SGP.tif,Gujarat,Navsari,20.9467,72.952,0.11
3DIMG_07NOV2019_0959_L1C_SGP.tif,INSAT3D_TIR1_India/3DIMG_07NOV2019_0959_L1C_SGP.tif,Gujarat,Panchmahal,22.778,73.6143,9.96
3DIMG_07NOV2019_0959_L1C_SGP.tif,INSAT3D_TIR1_India/3DIMG_07NOV2019_0959_L1C_SGP.tif,Gujarat,Patan,23.8493,72.1266,33.61
3DIMG_07NOV2019_0959_L1C_SGP.tif,INSAT3D_TIR1_India/3DIMG_07NOV2019_0959_L1C_SGP.tif,Gujarat,Porbandar,21.6417,69.6293,29.6
3DIMG_07NOV2019_0959_L1C_SGP.tif,INSAT3D_TIR1_India/3DIMG_07NOV2019_0959_L1C_SGP.tif,Gujarat,Rajkot,22.3039,70.8022,29.39
3DIMG_07NOV2019_0959_L1C_SGP.tif,INSAT3D_TIR1_India/3DIMG_07NOV2019_0959_L1C_SGP.tif,Gujarat,Sabarkantha,23.5977,72.9688,16.89
3DIMG_07NOV2019_0959_L1C_SGP.tif,INSAT3D_TIR1_India/3DIMG_07NOV2019_0959_L1C_SGP.tif,Gujarat,Surat,21.1702,72.8311,0.21
3DIMG_07NOV2019_0959_L1C_SGP.tif,INSAT3D_TIR1_India/3DIMG_07NOV2019_0959_L1C_SGP.tif,Gujarat,Surendranagar,22.7274,71.637,35.15
3DIMG_07NOV2019_0959_L1C_SGP.tif,INSAT3D_TIR1_India/3DIMG_07NOV2019_0959_L1C_SGP.tif,Gujarat,Tapi,21.1147,73.3986,0.0
3DIMG_07NOV2019_0959_L1C_SGP.tif,INSAT3D_TIR1_India/3DIMG_07NOV2019_0959_L1C_SGP.tif,Gujarat,Vadodara,22.3072,73.1812,20.38
3DIMG_07NOV2019_0959_L1C_SGP.tif,INSAT3D_TIR1_India/3DIMG_07NOV2019_0959_L1C_SGP.tif,Gujarat,Valsad,20.5992,72.9342,14.24
3DIMG_07NOV2019_1000_L1C_SGP.tif,INSAT3D_TIR1_India/3DIMG_07NOV2019_1000_L1C_SGP.tif,Gujarat,Ahmedabad,23.0225,72.5714,25.68
3DIMG_07NOV2019_1000_L1C_SGP.tif,INSAT3D_TIR1_India/3DIMG_07NOV2019_1000_L1C_SGP.tif,Gujarat,Amreli,21.6032,71.2221,16.78
3DIMG_07NOV2019_1000_L1C_SGP.tif,INSAT3D_TIR1_India/3DIMG_07NOV2019_1000_L1C_SGP.tif,Gujarat,Anand,22.5645,72.9289,1.06
3DIMG_07NOV2019_1000_L1C_SGP.tif,INSAT3D_TIR1_India/3DIMG_07NOV2019_1000_L1C_SGP.tif,Gujarat,Aravalli,23.4619,73.3039,15.67
3DIMG_07NOV2019_1000_L1C_SGP.tif,INSAT3D_TIR1_India/3DIMG_07NOV2019_1000_L1C_SGP.tif,Gujarat,Banaskantha,24.1724,72.4346,35.22
3DIMG_07NOV2019_1000_L1C_SGP.tif,INSAT3D_TIR1_India/3DIMG_07NOV2019_1000_L1C_SGP.tif,Gujarat,Bharuch,21.7051,72.9959,2.76
3DIMG_07NOV2019_1000_L1C_SGP.tif,INSAT3D_TIR1_India/3DIMG_07NOV2019_1000_L1C_SGP.tif,Gujarat,Bhavnagar,21.7645,72.1519,9.63
3DIMG_07NOV2019_1000_L1C_SGP.tif,INSAT3D_TIR1_India/3DIMG_07NOV2019_1000_L1C_SGP.tif,Gujarat,Botad,22.1704,71.6662,14.4
3DIMG_07NOV2019_1000_L1C_SGP.tif,INSAT3D_TIR1_India/3DIMG_07NOV2019_1000_L1C_SGP.tif,Gujarat,Chhota Udepur,22.3108,74.0125,17.32
3DIMG_07NOV2019_1000_L1C_SGP.tif,INSAT3D_TIR1_India/3DIMG_07NOV2019_1000_L1C_SGP.tif,Gujarat,Dahod,22.8347,74.2552,14.2
3DIMG_07NOV2019_1000_L1C_SGP.tif,INSAT3D_TIR1_India/3DIMG_07NOV2019_1000_L1C_SGP.tif,Gujarat,Dang,20.7554,73.6873,18.39
3DIMG_07NOV2019_1000_L1C_SGP.tif,INSAT3D_TIR1_India/3DIMG_07NOV2019_1000_L1C_SGP.tif,Gujarat,Devbhumi Dwarka,22.2078,69.6582,35.24
3DIMG_07NOV2019_1000_L1C_SGP.tif,INSAT3D_TIR1_India/3DIMG_07NOV2019_1000_L1C_SGP.tif,Gujarat,Gandhinagar,23.2156,72.6369,29.24
3DIMG_07NOV2019_1000_L1C_SGP.tif,INSAT3D_TIR1_India/3DIMG_07NOV2019_1000_L1C_SGP.tif,Gujarat,Gir Somnath,20.9042,70.3644,23.29
3DIMG_07NOV2019_1000_L1C_SGP.tif,INSAT3D_TIR1_India/3DIMG_07NOV2019_1000_L1C_SGP.tif,Gujarat,Jamnagar,22.4707,70.0577,36.74
3DIMG_07NOV2019_1000_L1C_SGP.tif,INSAT3D_TIR1_India/3DIMG_07NOV2019_1000_L1C_SGP.tif,Gujarat,Junagadh,21.5222,70.4579,24.02
3DIMG_07NOV2019_1000_L1C_SGP.tif,INSAT3D_TIR1_India/3DIMG_07NOV2019_1000_L1C_SGP.tif,Gujarat,Kheda,22.6916,72.8634,2.02
3DIMG_07NOV2019_1000_L1C_SGP.tif,INSAT3D_TIR1_India/3DIMG_07NOV2019_1000_L1C_SGP.tif,Gujarat,Kutch (Bhuj),23.242,69.6669,37.15
3DIMG_07NOV2019_1000_L1C_SGP.tif,INSAT3D_TIR1_India/3DIMG_07NOV2019_1000_L1C_SGP.tif,Gujarat,Mahisagar,23.1311,73.6009,13.92
3DIMG_07NOV2019_1000_L1C_SGP.tif,INSAT3D_TIR1_India/3DIMG_07NOV2019_1000_L1C_SGP.tif,Gujarat,Mehsana,23.588,72.3693,16.89
3DIMG_07NOV2019_1000_L1C_SGP.tif,INSAT3D_TIR1_India/3DIMG_07NOV2019_1000_L1C_SGP.tif,Gujarat,Morbi,22.8173,70.8368,36.16
3DIMG_07NOV2019_1000_L1C_SGP.tif,INSAT3D_TIR1_India/3DIMG_07NOV2019_1000_L1C_SGP.tif,Gujarat,Narmada,21.8719,73.5028,0.16
3DIMG_07NOV2019_1000_L1C_SGP.tif,INSAT3D_TIR1_India/3DIMG_07NOV2019_1000_L1C_SGP.tif,Gujarat,Navsari,20.9467,72.952,0.11
3DIMG_07NOV2019_1000_L1C_SGP.tif,INSAT3D_TIR1_India/3DIMG_07NOV2019_1000_L1C_SGP.tif,Gujarat,Panchmahal,22.778,73.6143,9.96
3DIMG_07NOV2019_1000_L1C_SGP.tif,INSAT3D_TIR1_India/3DIMG_07NOV2019_1000_L1C_SGP.tif,Gujarat,Patan,23.8493,72.1266,33.12
3DIMG_07NOV2019_1000_L1C_SGP.tif,INSAT3D_TIR1_India/3DIMG_07NOV2019_1000_L1C_SGP.tif,Gujarat,Porbandar,21.6417,69.6293,29.6
3DIMG_07NOV2019_1000_L1C_SGP.tif,INSAT3D_TIR1_India/3DIMG_07NOV2019_1000_L1C_SGP.tif,Gujarat,Rajkot,22.3039,70.8022,29.39
3DIMG_07NOV2019_1000_L1C_SGP.tif,INSAT3D_TIR1_India/3DIMG_07NOV2019_1000_L1C_SGP.tif,Gujarat,Sabarkantha,23.5977,72.9688,16.89
3DIMG_07NOV2019_1000_L1C_SGP.tif,INSAT3D_TIR1_India/3DIMG_07NOV2019_1000_L1C_SGP.tif,Gujarat,Surat,21.1702,72.8311,0.21
3DIMG_07NOV2019_1000_L1C_SGP.tif,INSAT3D_TIR1_India/3DIMG_07NOV2019_1000_L1C_SGP.tif,Gujarat,Surendranagar,22.7274,71.637,35.24
3DIMG_07NOV2019_1000_L1C_SGP.tif,INSAT3D_TIR1_India/3DIMG_07NOV2019_1000_L1C_SGP.tif,Gujarat,Tapi,21.1147,73.3986,0.0
3DIMG_07NOV2019_1000_L1C_SGP.tif,INSAT3D_TIR1_India/3DIMG_07NOV2019_1000_L1C_SGP.tif,Gujarat,Vadodara,22.3072,73.1812,20.38
3DIMG_07NOV2019_1000_L1C_SGP.tif,INSAT3D_TIR1_India/3DIMG_07NOV2019_1000_L1C_SGP.tif,Gujarat,Valsad,20.5992,72.9342,14.24
3DIMG_07NOV2019_1030_L1C_SGP.tif,INSAT3D_TIR1_India/3DIMG_07NOV2019_1030_L1C_SGP.tif,Gujarat,Ahmedabad,23.0225,72.5714,20.36
3DIMG_07NOV2019_1030_L1C_SGP.tif,INSAT3D_TIR1_India/3DIMG_07NOV2019_1030_L1C_SGP.tif,Gujarat,Amreli,21.6032,71.2221,18.03
3DIMG_07NOV2019_1030_L1C_SGP.tif,INSAT3D_TIR1_India/3DIMG_07NOV2019_1030_L1C_SGP.tif,Gujarat,Anand,22.5645,72.9289,14.92
3DIMG_07NOV2019_1030_L1C_SGP.tif,INSAT3D_TIR1_India/3DIMG_07NOV2019_1030_L1C_SGP.tif,Gujarat,Aravalli,23.4619,73.3039,3.92
3DIMG_07NOV2019_1030_L1C_SGP.tif,INSAT3D_TIR1_India/3DIMG_07NOV2019_1030_L1C_SGP.tif,Gujarat,Banaskantha,24.1724,72.4346,34.98
3DIMG_07NOV2019_1030_L1C_SGP.tif,INSAT3D_TIR1_India/3DIMG_07NOV2019_1030_L1C_SGP.tif,Gujarat,Bharuch,21.7051,72.9959,2.76
3DIMG_07NOV2019_1030_L1C_SGP.tif,INSAT3D_TIR1_India/3DIMG_07NOV2019_1030_L1C_SGP.tif,Gujarat,Bhavnagar,21.7645,72.1519,6.96
3DIMG_07NOV2019_1030_L1C_SGP.tif,INSAT3D_TIR1_India/3DIMG_07NOV2019_1030_L1C_SGP.tif,Gujarat,Botad,22.1704,71.6662,13.8
3DIMG_07NOV2019_1030_L1C_SGP.tif,INSAT3D_TIR1_India/3DIMG_07NOV2019_1030_L1C_SGP.tif,Gujarat,Chhota Udepur,22.3108,74.0125,6.73
3DIMG_07NOV2019_1030_L1C_SGP.tif,INSAT3D_TIR1_India/3DIMG_07NOV2019_1030_L1C_SGP.tif,Gujarat,Dahod,22.8347,74.2552,13.68
3DIMG_07NOV2019_1030_L1C_SGP.tif,INSAT3D_TIR1_India/3DIMG_07NOV2019_1030_L1C_SGP.tif,Gujarat,Dang,20.7554,73.6873,16.09
3DIMG_07NOV2019_1030_L1C_SGP.tif,INSAT3D_TIR1_India/3DIMG_07NOV2019_1030_L1C_SGP.tif,Gujarat,Devbhumi Dwarka,22.2078,69.6582,34.99
3DIMG_07NOV2019_1030_L1C_SGP.tif,INSAT3D_TIR1_India/3DIMG_07NOV2019_1030_L1C_SGP.tif,Gujarat,Gandhinagar,23.2156,72.6369,21.58
3DIMG_07NOV2019_1030_L1C_SGP.tif,INSAT3D_TIR1_India/3DIMG_07NOV2019_1030_L1C_SGP.tif,Gujarat,Gir Somnath,20.9042,70.3644,23.32
3DIMG_07NOV2019_1030_L1C_SGP.tif,INSAT3D_TIR1_India/3DIMG_07NOV2019_1030_L1C_SGP.tif,Gujarat,Jamnagar,22.4707,70.0577,35.77
3DIMG_07NOV2019_1030_L1C_SGP.tif,INSAT3D_TIR1_India/3DIMG_07NOV2019_1030_L1C_SGP.tif,Gujarat,Junagadh,21.5222,70.4579,28.74
3DIMG_07NOV2019_1030_L1C_SGP.tif,INSAT3D_TIR1_India/3DIMG_07NOV2019_1030_L1C_SGP.tif,Gujarat,Kheda,22.6916,72.8634,23.19
3DIMG_07NOV2019_1030_L1C_SGP.tif,INSAT3D_TIR1_India/3DIMG_07NOV2019_1030_L1C_SGP.tif,Gujarat,Kutch (Bhuj),23.242,69.6669,36.88
3DIMG_07NOV2019_1030_L1C_SGP.tif,INSAT3D_TIR1_India/3DIMG_07NOV2019_1030_L1C_SGP.tif,Gujarat,Mahisagar,23.1311,73.6009,14.1
3DIMG_07NOV2019_1030_L1C_SGP.tif,INSAT3D_TIR1_India/3DIMG_07NOV2019_1030_L1C_SGP.tif,Gujarat,Mehsana,23.588,72.3693,24.18
3DIMG_07NOV2019_1030_L1C_SGP.tif,INSAT3D_TIR1_India/3DIMG_07NOV2019_1030_L1C_SGP.tif,Gujarat,Morbi,22.8173,70.8368,35.28
3DIMG_07NOV2019_1030_L1C_SGP.tif,INSAT3D_TIR1_India/3DIMG_07NOV2019_1030_L1C_SGP.tif,Gujarat,Narmada,21.8719,73.5028,17.56
3DIMG_07NOV2019_1030_L1C_SGP.tif,INSAT3D_TIR1_India/3DIMG_07NOV2019_1030_L1C_SGP.tif,Gujarat,Navsari,20.9467,72.952,0.11
3DIMG_07NOV2019_1030_L1C_SGP.tif,INSAT3D_TIR1_India/3DIMG_07NOV2019_1030_L1C_SGP.tif,Gujarat,Panchmahal,22.778,73.6143,18.66
3DIMG_07NOV2019_1030_L1C_SGP.tif,INSAT3D_TIR1_India/3DIMG_07NOV2019_1030_L1C_SGP.tif,Gujarat,Patan,23.8493,72.1266,32.31
3DIMG_07NOV2019_1030_L1C_SGP.tif,INSAT3D_TIR1_India/3DIMG_07NOV2019_1030_L1C_SGP.tif,Gujarat,Porbandar,21.6417,69.6293,29.95
3DIMG_07NOV2019_1030_L1C_SGP.tif,INSAT3D_TIR1_India/3DIMG_07NOV2019_1030_L1C_SGP.tif,Gujarat,Rajkot,22.3039,70.8022,30.19
3DIMG_07NOV2019_1030_L1C_SGP.tif,INSAT3D_TIR1_India/3DIMG_07NOV2019_1030_L1C_SGP.tif,Gujarat,Sabarkantha,23.5977,72.9688,19.41
3DIMG_07NOV2019_1030_L1C_SGP.tif,INSAT3D_TIR1_India/3DIMG_07NOV2019_1030_L1C_SGP.tif,Gujarat,Surat,21.1702,72.8311,0.21
3DIMG_07NOV2019_1030_L1C_SGP.tif,INSAT3D_TIR1_India/3DIMG_07NOV2019_1030_L1C_SGP.tif,Gujarat,Surendranagar,22.7274,71.637,32.92
3DIMG_07NOV2019_1030_L1C_SGP.tif,INSAT3D_TIR1_India/3DIMG_07NOV2019_1030_L1C_SGP.tif,Gujarat,Tapi,21.1147,73.3986,0.0
3DIMG_07NOV2019_1030_L1C_SGP.tif,INSAT3D_TIR1_India/3DIMG_07NOV2019_1030_L1C_SGP.tif,Gujarat,Vadodara,22.3072,73.1812,14.28
3DIMG_07NOV2019_1030_L1C_SGP.tif,INSAT3D_TIR1_India/3DIMG_07NOV2019_1030_L1C_SGP.tif,Gujarat,Valsad,20.5992,72.9342,6.76
3DIMG_07NOV2019_1100_L1C_SGP.tif,INSAT3D_TIR1_India/3DIMG_07NOV2019_1100_L1C_SGP.tif,Gujarat,Ahmedabad,23.0225,72.5714,23.61
3DIMG_07NOV2019_1100_L1C_SGP.tif,INSAT3D_TIR1_India/3DIMG_07NOV2019_1100_L1C_SGP.tif,Gujarat,Amreli,21.6032,71.2221,17.2
3DIMG_07NOV2019_1100_L1C_SGP.tif,INSAT3D_TIR1_India/3DIMG_07NOV2019_1100_L1C_SGP.tif,Gujarat,Anand,22.5645,72.9289,31.22
3DIMG_07NOV2019_1100_L1C_SGP.tif,INSAT3D_TIR1_India/3DIMG_07NOV2019_1100_L1C_SGP.tif,Gujarat,Aravalli,23.4619,73.3039,13.38
3DIMG_07NOV2019_1100_L1C_SGP.tif,INSAT3D_TIR1_India/3DIMG_07NOV2019_1100_L1C_SGP.tif,Gujarat,Banaskantha,24.1724,72.4346,33.32
3DIMG_07NOV2019_1100_L1C_SGP.tif,INSAT3D_TIR1_India/3DIMG_07NOV2019_1100_L1C_SGP.tif,Gujarat,Bharuch,21.7051,72.9959,2.76
3DIMG_07NOV2019_1100_L1C_SGP.tif,INSAT3D_TIR1_India/3DIMG_07NOV2019_1100_L1C_SGP.tif,Gujarat,Bhavnagar,21.7645,72.1519,11.91
3DIMG_07NOV2019_1100_L1C_SGP.tif,INSAT3D_TIR1_India/3DIMG_07NOV2019_1100_L1C_SGP.tif,Gujarat,Botad,22.1704,71.6662,15.27
3DIMG_07NOV2019_1100_L1C_SGP.tif,INSAT3D_TIR1_India/3DIMG_07NOV2019_1100_L1C_SGP.tif,Gujarat,Chhota Udepur,22.3108,74.0125,16.25
3DIMG_07NOV2019_1100_L1C_SGP.tif,INSAT3D_TIR1_India/3DIMG_07NOV2019_1100_L1C_SGP.tif,Gujarat,Dahod,22.8347,74.2552,14.95
3DIMG_07NOV2019_1100_L1C_SGP.tif,INSAT3D_TIR1_India/3DIMG_07NOV2019_1100_L1C_SGP.tif,Gujarat,Dang,20.7554,73.6873,22.13
3DIMG_07NOV2019_1100_L1C_SGP.tif,INSAT3D_TIR1_India/3DIMG_07NOV2019_1100_L1C_SGP.tif,Gujarat,Devbhumi Dwarka,22.2078,69.6582,33.86
3DIMG_07NOV2019_1100_L1C_SGP.tif,INSAT3D_TIR1_India/3DIMG_07NOV2019_1100_L1C_SGP.tif,Gujarat,Gandhinagar,23.2156,72.6369,18.79
3DIMG_07NOV2019_1100_L1C_SGP.tif,INSAT3D_TIR1_India/3DIMG_07NOV2019_1100_L1C_SGP.tif,Gujarat,Gir Somnath,20.9042,70.3644,26.01
3DIMG_07NOV2019_1100_L1C_SGP.tif,INSAT3D_TIR1_India/3DIMG_07NOV2019_1100_L1C_SGP.tif,Gujarat,Jamnagar,22.4707,70.0577,35.3
3DIMG_07NOV2019_1100_L1C_SGP.tif,INSAT3D_TIR1_India/3DIMG_07NOV2019_1100_L1C_SGP.tif,Gujarat,Junagadh,21.5222,70.4579,35.09
3DIMG_07NOV2019_1100_L1C_SGP.tif,INSAT3D_TIR1_India/3DIMG_07NOV2019_1100_L1C_SGP.tif,Gujarat,Kheda,22.6916,72.8634,32.79
3DIMG_07NOV2019_1100_L1C_SGP.tif,INSAT3D_TIR1_India/3DIMG_07NOV2019_1100_L1C_SGP.tif,Gujarat,Kutch (Bhuj),23.242,69.6669,35.88
3DIMG_07NOV2019_1100_L1C_SGP.tif,INSAT3D_TIR1_India/3DIMG_07NOV2019_1100_L1C_SGP.tif,Gujarat,Mahisagar,23.1311,73.6009,12.47
3DIMG_07NOV2019_1100_L1C_SGP.tif,INSAT3D_TIR1_India/3DIMG_07NOV2019_1100_L1C_SGP.tif,Gujarat,Mehsana,23.588,72.3693,26.31
3DIMG_07NOV2019_1100_L1C_SGP.tif,INSAT3D_TIR1_India/3DIMG_07NOV2019_1100_L1C_SGP.tif,Gujarat,Morbi,22.8173,70.8368,35.04
3DIMG_07NOV2019_1100_L1C_SGP.tif,INSAT3D_TIR1_India/3DIMG_07NOV2019_1100_L1C_SGP.tif,Gujarat,Narmada,21.8719,73.5028,9.71
3DIMG_07NOV2019_1100_L1C_SGP.tif,INSAT3D_TIR1_India/3DIMG_07NOV2019_1100_L1C_SGP.tif,Gujarat,Navsari,20.9467,72.952,0.11
3DIMG_07NOV2019_1100_L1C_SGP.tif,INSAT3D_TIR1_India/3DIMG_07NOV2019_1100_L1C_SGP.tif,Gujarat,Panchmahal,22.778,73.6143,23.62
3DIMG_07NOV2019_1100_L1C_SGP.tif,INSAT3D_TIR1_India/3DIMG_07NOV2019_1100_L1C_SGP.tif,Gujarat,Patan,23.8493,72.1266,31.52
3DIMG_07NOV2019_1100_L1C_SGP.tif,INSAT3D_TIR1_India/3DIMG_07NOV2019_1100_L1C_SGP.tif,Gujarat,Porbandar,21.6417,69.6293,33.95
3DIMG_07NOV2019_1100_L1C_SGP.tif,INSAT3D_TIR1_India/3DIMG_07NOV2019_1100_L1C_SGP.tif,Gujarat,Rajkot,22.3039,70.8022,29.86
3DIMG_07NOV2019_1100_L1C_SGP.tif,INSAT3D_TIR1_India/3DIMG_07NOV2019_1100_L1C_SGP.tif,Gujarat,Sabarkantha,23.5977,72.9688,17.83
3DIMG_07NOV2019_1100_L1C_SGP.tif,INSAT3D_TIR1_India/3DIMG_07NOV2019_1100_L1C_SGP.tif,Gujarat,Surat,21.1702,72.8311,0.21
3DIMG_07NOV2019_1100_L1C_SGP.tif,INSAT3D_TIR1_India/3DIMG_07NOV2019_1100_L1C_SGP.tif,Gujarat,Surendranagar,22.7274,71.637,29.49
3DIMG_07NOV2019_1100_L1C_SGP.tif,INSAT3D_TIR1_India/3DIMG_07NOV2019_1100_L1C_SGP.tif,Gujarat,Tapi,21.1147,73.3986,0.0
3DIMG_07NOV2019_1100_L1C_SGP.tif,INSAT3D_TIR1_India/3DIMG_07NOV2019_1100_L1C_SGP.tif,Gujarat,Vadodara,22.3072,73.1812,5.92
3DIMG_07NOV2019_1100_L1C_SGP.tif,INSAT3D_TIR1_India/3DIMG_07NOV2019_1100_L1C_SGP.tif,Gujarat,Valsad,20.5992,72.9342,2.39
3DIMG_07NOV2019_1130_L1C_SGP.tif,INSAT3D_TIR1_India/3DIMG_07NOV2019_1130_L1C_SGP.tif,Gujarat,Ahmedabad,23.0225,72.5714,24.63
3DIMG_07NOV2019_1130_L1C_SGP.tif,INSAT3D_TIR1_India/3DIMG_07NOV2019_1130_L1C_SGP.tif,Gujarat,Amreli,21.6032,71.2221,19.93
3DIMG_07NOV2019_1130_L1C_SGP.tif,INSAT3D_TIR1_India/3DIMG_07NOV2019_1130_L1C_SGP.tif,Gujarat,Anand,22.5645,72.9289,28.92
3DIMG_07NOV2019_1130_L1C_SGP.tif,INSAT3D_TIR1_India/3DIMG_07NOV2019_1130_L1C_SGP.tif,Gujarat,Aravalli,23.4619,73.3039,15.42
3DIMG_07NOV2019_1130_L1C_SGP.tif,INSAT3D_TIR1_India/3DIMG_07NOV2019_1130_L1C_SGP.tif,Gujarat,Banaskantha,24.1724,72.4346,33.37
3DIMG_07NOV2019_1130_L1C_SGP.tif,INSAT3D_TIR1_India/3DIMG_07NOV2019_1130_L1C_SGP.tif,Gujarat,Bharuch,21.7051,72.9959,2.76
3DIMG_07NOV2019_1130_L1C_SGP.tif,INSAT3D_TIR1_India/3DIMG_07NOV2019_1130_L1C_SGP.tif,Gujarat,Bhavnagar,21.7645,72.1519,13.53
3DIMG_07NOV2019_1130_L1C_SGP.tif,INSAT3D_TIR1_India/3DIMG_07NOV2019_1130_L1C_SGP.tif,Gujarat,Botad,22.1704,71.6662,15.67
3DIMG_07NOV2019_1130_L1C_SGP.tif,INSAT3D_TIR1_India/3DIMG_07NOV2019_1130_L1C_SGP.tif,Gujarat,Chhota Udepur,22.3108,74.0125,17.95
3DIMG_07NOV2019_1130_L1C_SGP.tif,INSAT3D_TIR1_India/3DIMG_07NOV2019_1130_L1C_SGP.tif,Gujarat,Dahod,22.8347,74.2552,20.12
3DIMG_07NOV2019_1130_L1C_SGP.tif,INSAT3D_TIR1_India/3DIMG_07NOV2019_1130_L1C_SGP.tif,Gujarat,Dang,20.7554,73.6873,18.83
3DIMG_07NOV2019_1130_L1C_SGP.tif,INSAT3D_TIR1_India/3DIMG_07NOV2019_1130_L1C_SGP.tif,Gujarat,Devbhumi Dwarka,22.2078,69.6582,33.09
3DIMG_07NOV2019_1130_L1C_SGP.tif,INSAT3D_TIR1_India/3DIMG_07NOV2019_1130_L1C_SGP.tif,Gujarat,Gandhinagar,23.2156,72.6369,18.49
3DIMG_07NOV2019_1130_L1C_SGP.tif,INSAT3D_TIR1_India/3DIMG_07NOV2019_1130_L1C_SGP.tif,Gujarat,Gir Somnath,20.9042,70.3644,26.39
3DIMG_07NOV2019_1130_L1C_SGP.tif,INSAT3D_TIR1_India/3DIMG_07NOV2019_1130_L1C_SGP.tif,Gujarat,Jamnagar,22.4707,70.0577,34.69
3DIMG_07NOV2019_1130_L1C_SGP.tif,INSAT3D_TIR1_India/3DIMG_07NOV2019_1130_L1C_SGP.tif,Gujarat,Junagadh,21.5222,70.4579,34.64
3DIMG_07NOV2019_1130_L1C_SGP.tif,INSAT3D_TIR1_India/3DIMG_07NOV2019_1130_L1C_SGP.tif,Gujarat,Kheda,22.6916,72.8634,30.3
3DIMG_07NOV2019_1130_L1C_SGP.tif,INSAT3D_TIR1_India/3DIMG_07NOV2019_1130_L1C_SGP.tif,Gujarat,Kutch (Bhuj),23.242,69.6669,35.39
3DIMG_07NOV2019_1130_L1C_SGP.tif,INSAT3D_TIR1_India/3DIMG_07NOV2019_1130_L1C_SGP.tif,Gujarat,Mahisagar,23.1311,73.6009,16.55
3DIMG_07NOV2019_1130_L1C_SGP.tif,INSAT3D_TIR1_India/3DIMG_07NOV2019_1130_L1C_SGP.tif,Gujarat,Mehsana,23.588,72.3693,28.73
3DIMG_07NOV2019_1130_L1C_SGP.tif,INSAT3D_TIR1_India/3DIMG_07NOV2019_1130_L1C_SGP.tif,Gujarat,Morbi,22.8173,70.8368,31.18
3DIMG_07NOV2019_1130_L1C_SGP.tif,INSAT3D_TIR1_India/3DIMG_07NOV2019_1130_L1C_SGP.tif,Gujarat,Narmada,21.8719,73.5028,0.0
3DIMG_07NOV2019_1130_L1C_SGP.tif,INSAT3D_TIR1_India/3DIMG_07NOV2019_1130_L1C_SGP.tif,Gujarat,Navsari,20.9467,72.952,0.11
3DIMG_07NOV2019_1130_L1C_SGP.tif,INSAT3D_TIR1_India/3DIMG_07NOV2019_1130_L1C_SGP.tif,Gujarat,Panchmahal,22.778,73.6143,28.02
3DIMG_07NOV2019_1130_L1C_SGP.tif,INSAT3D_TIR1_India/3DIMG_07NOV2019_1130_L1C_SGP.tif,Gujarat,Patan,23.8493,72.1266,29.92
3DIMG_07NOV2019_1130_L1C_SGP.tif,INSAT3D_TIR1_India/3DIMG_07NOV2019_1130_L1C_SGP.tif,Gujarat,Porbandar,21.6417,69.6293,32.51
3DIMG_07NOV2019_1130_L1C_SGP.tif,INSAT3D_TIR1_India/3DIMG_07NOV2019_1130_L1C_SGP.tif,Gujarat,Rajkot,22.3039,70.8022,29.38
3DIMG_07NOV2019_1130_L1C_SGP.tif,INSAT3D_TIR1_India/3DIMG_07NOV2019_1130_L1C_SGP.tif,Gujarat,Sabarkantha,23.5977,72.9688,17.04
3DIMG_07NOV2019_1130_L1C_SGP.tif,INSAT3D_TIR1_India/3DIMG_07NOV2019_1130_L1C_SGP.tif,Gujarat,Surat,21.1702,72.8311,0.21
3DIMG_07NOV2019_1130_L1C_SGP.tif,INSAT3D_TIR1_India/3DIMG_07NOV2019_1130_L1C_SGP.tif,Gujarat,Surendranagar,22.7274,71.637,28.99
3DIMG_07NOV2019_1130_L1C_SGP.tif,INSAT3D_TIR1_India/3DIMG_07NOV2019_1130_L1C_SGP.tif,Gujarat,Tapi,21.1147,73.3986,4.99
3DIMG_07NOV2019_1130_L1C_SGP.tif,INSAT3D_TIR1_India/3DIMG_07NOV2019_1130_L1C_SGP.tif,Gujarat,Vadodara,22.3072,73.1812,0.0
3DIMG_07NOV2019_1130_L1C_SGP.tif,INSAT3D_TIR1_India/3DIMG_07NOV2019_1130_L1C_SGP.tif,Gujarat,Valsad,20.5992,72.9342,15.81
3DIMG_07NOV2019_1200_L1C_SGP.tif,INSAT3D_TIR1_India/3DIMG_07NOV2019_1200_L1C_SGP.tif,Gujarat,Ahmedabad,23.0225,72.5714,26.84
3DIMG_07NOV2019_1200_L1C_SGP.tif,INSAT3D_TIR1_India/3DIMG_07NOV2019_1200_L1C_SGP.tif,Gujarat,Amreli,21.6032,71.2221,17.92
3DIMG_07NOV2019_1200_L1C_SGP.tif,INSAT3D_TIR1_India/3DIMG_07NOV2019_1200_L1C_SGP.tif,Gujarat,Anand,22.5645,72.9289,11.07
3DIMG_07NOV2019_1200_L1C_SGP.tif,INSAT3D_TIR1_India/3DIMG_07NOV2019_1200_L1C_SGP.tif,Gujarat,Aravalli,23.4619,73.3039,14.68
3DIMG_07NOV2019_1200_L1C_SGP.tif,INSAT3D_TIR1_India/3DIMG_07NOV2019_1200_L1C_SGP.tif,Gujarat,Banaskantha,24.1724,72.4346,32.47
3DIMG_07NOV2019_1200_L1C_SGP.tif,INSAT3D_TIR1_India/3DIMG_07NOV2019_1200_L1C_SGP.tif,Gujarat,Bharuch,21.7051,72.9959,2.76
3DIMG_07NOV2019_1200_L1C_SGP.tif,INSAT3D_TIR1_India/3DIMG_07NOV2019_1200_L1C_SGP.tif,Gujarat,Bhavnagar,21.7645,72.1519,13.83
3DIMG_07NOV2019_1200_L1C_SGP.tif,INSAT3D_TIR1_India/3DIMG_07NOV2019_1200_L1C_SGP.tif,Gujarat,Botad,22.1704,71.6662,16.62
3DIMG_07NOV2019_1200_L1C_SGP.tif,INSAT3D_TIR1_India/3DIMG_07NOV2019_1200_L1C_SGP.tif,Gujarat,Chhota Udepur,22.3108,74.0125,15.17
3DIMG_07NOV2019_1200_L1C_SGP.tif,INSAT3D_TIR1_India/3DIMG_07NOV2019_1200_L1C_SGP.tif,Gujarat,Dahod,22.8347,74.2552,28.53
3DIMG_07NOV2019_1200_L1C_SGP.tif,INSAT3D_TIR1_India/3DIMG_07NOV2019_1200_L1C_SGP.tif,Gujarat,Dang,20.7554,73.6873,20.18
3DIMG_07NOV2019_1200_L1C_SGP.tif,INSAT3D_TIR1_India/3DIMG_07NOV2019_1200_L1C_SGP.tif,Gujarat,Devbhumi Dwarka,22.2078,69.6582,31.49
3DIMG_07NOV2019_1200_L1C_SGP.tif,INSAT3D_TIR1_India/3DIMG_07NOV2019_1200_L1C_SGP.tif,Gujarat,Gandhinagar,23.2156,72.6369,19.04
3DIMG_07NOV2019_1200_L1C_SGP.tif,INSAT3D_TIR1_India/3DIMG_07NOV2019_1200_L1C_SGP.tif,Gujarat,Gir Somnath,20.9042,70.3644,26.49
3DIMG_07NOV2019_1200_L1C_SGP.tif,INSAT3D_TIR1_India/3DIMG_07NOV2019_1200_L1C_SGP.tif,Gujarat,Jamnagar,22.4707,70.0577,33.19
3DIMG_07NOV2019_1200_L1C_SGP.tif,INSAT3D_TIR1_India/3DIMG_07NOV2019_1200_L1C_SGP.tif,Gujarat,Junagadh,21.5222,70.4579,34.14
3DIMG_07NOV2019_1200_L1C_SGP.tif,INSAT3D_TIR1_India/3DIMG_07NOV2019_1200_L1C_SGP.tif,Gujarat,Kheda,22.6916,72.8634,15.39
3DIMG_07NOV2019_1200_L1C_SGP.tif,INSAT3D_TIR1_India/3DIMG_07NOV2019_1200_L1C_SGP.tif,Gujarat,Kutch (Bhuj),23.242,69.6669,33.74
3DIMG_07NOV2019_1200_L1C_SGP.tif,INSAT3D_TIR1_India/3DIMG_07NOV2019_1200_L1C_SGP.tif,Gujarat,Mahisagar,23.1311,73.6009,17.15
3DIMG_07NOV2019_1200_L1C_SGP.tif,INSAT3D_TIR1_India/3DIMG_07NOV2019_1200_L1C_SGP.tif,Gujarat,Mehsana,23.588,72.3693,29.11
3DIMG_07NOV2019_1200_L1C_SGP.tif,INSAT3D_TIR1_India/3DIMG_07NOV2019_1200_L1C_SGP.tif,Gujarat,Morbi,22.8173,70.8368,31.93
3DIMG_07NOV2019_1200_L1C_SGP.tif,INSAT3D_TIR1_India/3DIMG_07NOV2019_1200_L1C_SGP.tif,Gujarat,Narmada,21.8719,73.5028,0.0
3DIMG_07NOV2019_1200_L1C_SGP.tif,INSAT3D_TIR1_India/3DIMG_07NOV2019_1200_L1C_SGP.tif,Gujarat,Navsari,20.9467,72.952,27.72
3DIMG_07NOV2019_1200_L1C_SGP.tif,INSAT3D_TIR1_India/3DIMG_07NOV2019_1200_L1C_SGP.tif,Gujarat,Panchmahal,22.778,73.6143,24.32
3DIMG_07NOV2019_1200_L1C_SGP.tif,INSAT3D_TIR1_India/3DIMG_07NOV2019_1200_L1C_SGP.tif,Gujarat,Patan,23.8493,72.1266,29.99
3DIMG_07NOV2019_1200_L1C_SGP.tif,INSAT3D_TIR1_India/3DIMG_07NOV2019_1200_L1C_SGP.tif,Gujarat,Porbandar,21.6417,69.6293,30.75
3DIMG_07NOV2019_1200_L1C_SGP.tif,INSAT3D_TIR1_India/3DIMG_07NOV2019_1200_L1C_SGP.tif,Gujarat,Rajkot,22.3039,70.8022,26.21
3DIMG_07NOV2019_1200_L1C_SGP.tif,INSAT3D_TIR1_India/3DIMG_07NOV2019_1200_L1C_SGP.tif,Gujarat,Sabarkantha,23.5977,72.9688,17.69
3DIMG_07NOV2019_1200_L1C_SGP.tif,INSAT3D_TIR1_India/3DIMG_07NOV2019_1200_L1C_SGP.tif,Gujarat,Surat,21.1702,72.8311,17.05
3DIMG_07NOV2019_1200_L1C_SGP.tif,INSAT3D_TIR1_India/3DIMG_07NOV2019_1200_L1C_SGP.tif,Gujarat,Surendranagar,22.7274,71.637,31.85
3DIMG_07NOV2019_1200_L1C_SGP.tif,INSAT3D_TIR1_India/3DIMG_07NOV2019_1200_L1C_SGP.tif,Gujarat,Tapi,21.1147,73.3986,4.12
3DIMG_07NOV2019_1200_L1C_SGP.tif,INSAT3D_TIR1_India/3DIMG_07NOV2019_1200_L1C_SGP.tif,Gujarat,Vadodara,22.3072,73.1812,5.73
3DIMG_07NOV2019_1200_L1C_SGP.tif,INSAT3D_TIR1_India/3DIMG_07NOV2019_1200_L1C_SGP.tif,Gujarat,Valsad,20.5992,72.9342,26.91
3DIMG_07NOV2019_1230_L1C_SGP.tif,INSAT3D_TIR1_India/3DIMG_07NOV2019_1230_L1C_SGP.tif,Gujarat,Ahmedabad,23.0225,72.5714,25.98
3DIMG_07NOV2019_1230_L1C_SGP.tif,INSAT3D_TIR1_India/3DIMG_07NOV2019_1230_L1C_SGP.tif,Gujarat,Amreli,21.6032,71.2221,20.93
3DIMG_07NOV2019_1230_L1C_SGP.tif,INSAT3D_TIR1_India/3DIMG_07NOV2019_1230_L1C_SGP.tif,Gujarat,Anand,22.5645,72.9289,12.24
3DIMG_07NOV2019_1230_L1C_SGP.tif,INSAT3D_TIR1_India/3DIMG_07NOV2019_1230_L1C_SGP.tif,Gujarat,Aravalli,23.4619,73.3039,14.33
3DIMG_07NOV2019_1230_L1C_SGP.tif,INSAT3D_TIR1_India/3DIMG_07NOV2019_1230_L1C_SGP.tif,Gujarat,Banaskantha,24.1724,72.4346,31.33
3DIMG_07NOV2019_1230_L1C_SGP.tif,INSAT3D_TIR1_India/3DIMG_07NOV2019_1230_L1C_SGP.tif,Gujarat,Bharuch,21.7051,72.9959,8.28
3DIMG_07NOV2019_1230_L1C_SGP.tif,INSAT3D_TIR1_India/3DIMG_07NOV2019_1230_L1C_SGP.tif,Gujarat,Bhavnagar,21.7645,72.1519,22.43
3DIMG_07NOV2019_1230_L1C_SGP.tif,INSAT3D_TIR1_India/3DIMG_07NOV2019_1230_L1C_SGP.tif,Gujarat,Botad,22.1704,71.6662,20.4
3DIMG_07NOV2019_1230_L1C_SGP.tif,INSAT3D_TIR1_India/3DIMG_07NOV2019_1230_L1C_SGP.tif,Gujarat,Chhota Udepur,22.3108,74.0125,16.25
3DIMG_07NOV2019_1230_L1C_SGP.tif,INSAT3D_TIR1_India/3DIMG_07NOV2019_1230_L1C_SGP.tif,Gujarat,Dahod,22.8347,74.2552,24.78
3DIMG_07NOV2019_1230_L1C_SGP.tif,INSAT3D_TIR1_India/3DIMG_07NOV2019_1230_L1C_SGP.tif,Gujarat,Dang,20.7554,73.6873,22.86
3DIMG_07NOV2019_1230_L1C_SGP.tif,INSAT3D_TIR1_India/3DIMG_07NOV2019_1230_L1C_SGP.tif,Gujarat,Devbhumi Dwarka,22.2078,69.6582,30.53
3DIMG_07NOV2019_1230_L1C_SGP.tif,INSAT3D_TIR1_India/3DIMG_07NOV2019_1230_L1C_SGP.tif,Gujarat,Gandhinagar,23.2156,72.6369,26.63
3DIMG_07NOV2019_1230_L1C_SGP.tif,INSAT3D_TIR1_India/3DIMG_07NOV2019_1230_L1C_SGP.tif,Gujarat,Gir Somnath,20.9042,70.3644,23.44
3DIMG_07NOV2019_1230_L1C_SGP.tif,INSAT3D_TIR1_India/3DIMG_07NOV2019_1230_L1C_SGP.tif,Gujarat,Jamnagar,22.4707,70.0577,32.8
3DIMG_07NOV2019_1230_L1C_SGP.tif,INSAT3D_TIR1_India/3DIMG_07NOV2019_1230_L1C_SGP.tif,Gujarat,Junagadh,21.5222,70.4579,33.95
3DIMG_07NOV2019_1230_L1C_SGP.tif,INSAT3D_TIR1_India/3DIMG_07NOV2019_1230_L1C_SGP.tif,Gujarat,Kheda,22.6916,72.8634,15.0
3DIMG_07NOV2019_1230_L1C_SGP.tif,INSAT3D_TIR1_India/3DIMG_07NOV2019_1230_L1C_SGP.tif,Gujarat,Kutch (Bhuj),23.242,69.6669,32.57
3DIMG_07NOV2019_1230_L1C_SGP.tif,INSAT3D_TIR1_India/3DIMG_07NOV2019_1230_L1C_SGP.tif,Gujarat,Mahisagar,23.1311,73.6009,16.77
3DIMG_07NOV2019_1230_L1C_SGP.tif,INSAT3D_TIR1_India/3DIMG_07NOV2019_1230_L1C_SGP.tif,Gujarat,Mehsana,23.588,72.3693,28.16
3DIMG_07NOV2019_1230_L1C_SGP.tif,INSAT3D_TIR1_India/3DIMG_07NOV2019_1230_L1C_SGP.tif,Gujarat,Morbi,22.8173,70.8368,32.76
3DIMG_07NOV2019_1230_L1C_SGP.tif,INSAT3D_TIR1_India/3DIMG_07NOV2019_1230_L1C_SGP.tif,Gujarat,Narmada,21.8719,73.5028,1.08
3DIMG_07NOV2019_1230_L1C_SGP.tif,INSAT3D_TIR1_India/3DIMG_07NOV2019_1230_L1C_SGP.tif,Gujarat,Navsari,20.9467,72.952,24.07
3DIMG_07NOV2019_1230_L1C_SGP.tif,INSAT3D_TIR1_India/3DIMG_07NOV2019_1230_L1C_SGP.tif,Gujarat,Panchmahal,22.778,73.6143,27.99
3DIMG_07NOV2019_1230_L1C_SGP.tif,INSAT3D_TIR1_India/3DIMG_07NOV2019_1230_L1C_SGP.tif,Gujarat,Patan,23.8493,72.1266,29.64
3DIMG_07NOV2019_1230_L1C_SGP.tif,INSAT3D_TIR1_India/3DIMG_07NOV2019_1230_L1C_SGP.tif,Gujarat,Porbandar,21.6417,69.6293,32.98
3DIMG_07NOV2019_1230_L1C_SGP.tif,INSAT3D_TIR1_India/3DIMG_07NOV2019_1230_L1C_SGP.tif,Gujarat,Rajkot,22.3039,70.8022,29.96
3DIMG_07NOV2019_1230_L1C_SGP.tif,INSAT3D_TIR1_India/3DIMG_07NOV2019_1230_L1C_SGP.tif,Gujarat,Sabarkantha,23.5977,72.9688,19.91
3DIMG_07NOV2019_1230_L1C_SGP.tif,INSAT3D_TIR1_India/3DIMG_07NOV2019_1230_L1C_SGP.tif,Gujarat,Surat,21.1702,72.8311,21.81
3DIMG_07NOV2019_1230_L1C_SGP.tif,INSAT3D_TIR1_India/3DIMG_07NOV2019_1230_L1C_SGP.tif,Gujarat,Surendranagar,22.7274,71.637,32.7
3DIMG_07NOV2019_1230_L1C_SGP.tif,INSAT3D_TIR1_India/3DIMG_07NOV2019_1230_L1C_SGP.tif,Gujarat,Tapi,21.1147,73.3986,8.92
3DIMG_07NOV2019_1230_L1C_SGP.tif,INSAT3D_TIR1_India/3DIMG_07NOV2019_1230_L1C_SGP.tif,Gujarat,Vadodara,22.3072,73.1812,9.78
3DIMG_07NOV2019_1230_L1C_SGP.tif,INSAT3D_TIR1_India/3DIMG_07NOV2019_1230_L1C_SGP.tif,Gujarat,Valsad,20.5992,72.9342,29.34
3DIMG_07NOV2019_1300_L1C_SGP.tif,INSAT3D_TIR1_India/3DIMG_07NOV2019_1300_L1C_SGP.tif,Gujarat,Ahmedabad,23.0225,72.5714,24.11
3DIMG_07NOV2019_1300_L1C_SGP.tif,INSAT3D_TIR1_India/3DIMG_07NOV2019_1300_L1C_SGP.tif,Gujarat,Amreli,21.6032,71.2221,20.03
3DIMG_07NOV2019_1300_L1C_SGP.tif,INSAT3D_TIR1_India/3DIMG_07NOV2019_1300_L1C_SGP.tif,Gujarat,Anand,22.5645,72.9289,12.34
3DIMG_07NOV2019_1300_L1C_SGP.tif,INSAT3D_TIR1_India/3DIMG_07NOV2019_1300_L1C_SGP.tif,Gujarat,Aravalli,23.4619,73.3039,14.75
3DIMG_07NOV2019_1300_L1C_SGP.tif,INSAT3D_TIR1_India/3DIMG_07NOV2019_1300_L1C_SGP.tif,Gujarat,Banaskantha,24.1724,72.4346,30.38
3DIMG_07NOV2019_1300_L1C_SGP.tif,INSAT3D_TIR1_India/3DIMG_07NOV2019_1300_L1C_SGP.tif,Gujarat,Bharuch,21.7051,72.9959,2.76
3DIMG_07NOV2019_1300_L1C_SGP.tif,INSAT3D_TIR1_India/3DIMG_07NOV2019_1300_L1C_SGP.tif,Gujarat,Bhavnagar,21.7645,72.1519,24.41
3DIMG_07NOV2019_1300_L1C_SGP.tif,INSAT3D_TIR1_India/3DIMG_07NOV2019_1300_L1C_SGP.tif,Gujarat,Botad,22.1704,71.6662,21.67
3DIMG_07NOV2019_1300_L1C_SGP.tif,INSAT3D_TIR1_India/3DIMG_07NOV2019_1300_L1C_SGP.tif,Gujarat,Chhota Udepur,22.3108,74.0125,16.5
3DIMG_07NOV2019_1300_L1C_SGP.tif,INSAT3D_TIR1_India/3DIMG_07NOV2019_1300_L1C_SGP.tif,Gujarat,Dahod,22.8347,74.2552,16.7
3DIMG_07NOV2019_1300_L1C_SGP.tif,INSAT3D_TIR1_India/3DIMG_07NOV2019_1300_L1C_SGP.tif,Gujarat,Dang,20.7554,73.6873,27.71
3DIMG_07NOV2019_1300_L1C_SGP.tif,INSAT3D_TIR1_India/3DIMG_07NOV2019_1300_L1C_SGP.tif,Gujarat,Devbhumi Dwarka,22.2078,69.6582,30.01
3DIMG_07NOV2019_1300_L1C_SGP.tif,INSAT3D_TIR1_India/3DIMG_07NOV2019_1300_L1C_SGP.tif,Gujarat,Gandhinagar,23.2156,72.6369,30.81
3DIMG_07NOV2019_1300_L1C_SGP.tif,INSAT3D_TIR1_India/3DIMG_07NOV2019_1300_L1C_SGP.tif,Gujarat,Gir Somnath,20.9042,70.3644,22.04
3DIMG_07NOV2019_1300_L1C_SGP.tif,INSAT3D_TIR1_India/3DIMG_07NOV2019_1300_L1C_SGP.tif,Gujarat,Jamnagar,22.4707,70.0577,31.69
3DIMG_07NOV2019_1300_L1C_SGP.tif,INSAT3D_TIR1_India/3DIMG_07NOV2019_1300_L1C_SGP.tif,Gujarat,Junagadh,21.5222,70.4579,33.37
3DIMG_07NOV2019_1300_L1C_SGP.tif,INSAT3D_TIR1_India/3DIMG_07NOV2019_1300_L1C_SGP.tif,Gujarat,Kheda,22.6916,72.8634,14.6
3DIMG_07NOV2019_1300_L1C_SGP.tif,INSAT3D_TIR1_India/3DIMG_07NOV2019_1300_L1C_SGP.tif,Gujarat,Kutch (Bhuj),23.242,69.6669,32.43
3DIMG_07NOV2019_1300_L1C_SGP.tif,INSAT3D_TIR1_India/3DIMG_07NOV2019_1300_L1C_SGP.tif,Gujarat,Mahisagar,23.1311,73.6009,23.38
3DIMG_07NOV2019_1300_L1C_SGP.tif,INSAT3D_TIR1_India/3DIMG_07NOV2019_1300_L1C_SGP.tif,Gujarat,Mehsana,23.588,72.3693,27.86
3DIMG_07NOV2019_1300_L1C_SGP.tif,INSAT3D_TIR1_India/3DIMG_07NOV2019_1300_L1C_SGP.tif,Gujarat,Morbi,22.8173,70.8368,33.04
3DIMG_07NOV2019_1300_L1C_SGP.tif,INSAT3D_TIR1_India/3DIMG_07NOV2019_1300_L1C_SGP.tif,Gujarat,Narmada,21.8719,73.5028,8.48
3DIMG_07NOV2019_1300_L1C_SGP.tif,INSAT3D_TIR1_India/3DIMG_07NOV2019_1300_L1C_SGP.tif,Gujarat,Navsari,20.9467,72.952,21.04
3DIMG_07NOV2019_1300_L1C_SGP.tif,INSAT3D_TIR1_India/3DIMG_07NOV2019_1300_L1C_SGP.tif,Gujarat,Panchmahal,22.778,73.6143,24.12
3DIMG_07NOV2019_1300_L1C_SGP.tif,INSAT3D_TIR1_India/3DIMG_07NOV2019_1300_L1C_SGP.tif,Gujarat,Patan,23.8493,72.1266,28.92
3DIMG_07NOV2019_1300_L1C_SGP.tif,INSAT3D_TIR1_India/3DIMG_07NOV2019_1300_L1C_SGP.tif,Gujarat,Porbandar,21.6417,69.6293,33.23
3DIMG_07NOV2019_1300_L1C_SGP.tif,INSAT3D_TIR1_India/3DIMG_07NOV2019_1300_L1C_SGP.tif,Gujarat,Rajkot,22.3039,70.8022,29.69
3DIMG_07NOV2019_1300_L1C_SGP.tif,INSAT3D_TIR1_India/3DIMG_07NOV2019_1300_L1C_SGP.tif,Gujarat,Sabarkantha,23.5977,72.9688,26.94
3DIMG_07NOV2019_1300_L1C_SGP.tif,INSAT3D_TIR1_India/3DIMG_07NOV2019_1300_L1C_SGP.tif,Gujarat,Surat,21.1702,72.8311,17.8
3DIMG_07NOV2019_1300_L1C_SGP.tif,INSAT3D_TIR1_India/3DIMG_07NOV2019_1300_L1C_SGP.tif,Gujarat,Surendranagar,22.7274,71.637,33.62
3DIMG_07NOV2019_1300_L1C_SGP.tif,INSAT3D_TIR1_India/3DIMG_07NOV2019_1300_L1C_SGP.tif,Gujarat,Tapi,21.1147,73.3986,23.6
3DIMG_07NOV2019_1300_L1C_SGP.tif,INSAT3D_TIR1_India/3DIMG_07NOV2019_1300_L1C_SGP.tif,Gujarat,Vadodara,22.3072,73.1812,14.57
3DIMG_07NOV2019_1300_L1C_SGP.tif,INSAT3D_TIR1_India/3DIMG_07NOV2019_1300_L1C_SGP.tif,Gujarat,Valsad,20.5992,72.9342,27.76
3DIMG_07NOV2019_1330_L1C_SGP.tif,INSAT3D_TIR1_India/3DIMG_07NOV2019_1330_L1C_SGP.tif,Gujarat,Ahmedabad,23.0225,72.5714,28.93
3DIMG_07NOV2019_1330_L1C_SGP.tif,INSAT3D_TIR1_India/3DIMG_07NOV2019_1330_L1C_SGP.tif,Gujarat,Amreli,21.6032,71.2221,22.25
3DIMG_07NOV2019_1330_L1C_SGP.tif,INSAT3D_TIR1_India/3DIMG_07NOV2019_1330_L1C_SGP.tif,Gujarat,Anand,22.5645,72.9289,11.07
3DIMG_07NOV2019_1330_L1C_SGP.tif,INSAT3D_TIR1_India/3DIMG_07NOV2019_1330_L1C_SGP.tif,Gujarat,Aravalli,23.4619,73.3039,21.13
3DIMG_07NOV2019_1330_L1C_SGP.tif,INSAT3D_TIR1_India/3DIMG_07NOV2019_1330_L1C_SGP.tif,Gujarat,Banaskantha,24.1724,72.4346,29.63
3DIMG_07NOV2019_1330_L1C_SGP.tif,INSAT3D_TIR1_India/3DIMG_07NOV2019_1330_L1C_SGP.tif,Gujarat,Bharuch,21.7051,72.9959,2.76
3DIMG_07NOV2019_1330_L1C_SGP.tif,INSAT3D_TIR1_India/3DIMG_07NOV2019_1330_L1C_SGP.tif,Gujarat,Bhavnagar,21.7645,72.1519,21.06
3DIMG_07NOV2019_1330_L1C_SGP.tif,INSAT3D_TIR1_India/3DIMG_07NOV2019_1330_L1C_SGP.tif,Gujarat,Botad,22.1704,71.6662,22.97
3DIMG_07NOV2019_1330_L1C_SGP.tif,INSAT3D_TIR1_India/3DIMG_07NOV2019_1330_L1C_SGP.tif,Gujarat,Chhota Udepur,22.3108,74.0125,23.42
3DIMG_07NOV2019_1330_L1C_SGP.tif,INSAT3D_TIR1_India/3DIMG_07NOV2019_1330_L1C_SGP.tif,Gujarat,Dahod,22.8347,74.2552,26.52
3DIMG_07NOV2019_1330_L1C_SGP.tif,INSAT3D_TIR1_India/3DIMG_07NOV2019_1330_L1C_SGP.tif,Gujarat,Dang,20.7554,73.6873,28.09
3DIMG_07NOV2019_1330_L1C_SGP.tif,INSAT3D_TIR1_India/3DIMG_07NOV2019_1330_L1C_SGP.tif,Gujarat,Devbhumi Dwarka,22.2078,69.6582,29.68
3DIMG_07NOV2019_1330_L1C_SGP.tif,INSAT3D_TIR1_India/3DIMG_07NOV2019_1330_L1C_SGP.tif,Gujarat,Gandhinagar,23.2156,72.6369,30.11
3DIMG_07NOV2019_1330_L1C_SGP.tif,INSAT3D_TIR1_India/3DIMG_07NOV2019_1330_L1C_SGP.tif,Gujarat,Gir Somnath,20.9042,70.3644,23.26
3DIMG_07NOV2019_1330_L1C_SGP.tif,INSAT3D_TIR1_India/3DIMG_07NOV2019_1330_L1C_SGP.tif,Gujarat,Jamnagar,22.4707,70.0577,31.25
3DIMG_07NOV2019_1330_L1C_SGP.tif,INSAT3D_TIR1_India/3DIMG_07NOV2019_1330_L1C_SGP.tif,Gujarat,Junagadh,21.5222,70.4579,33.29
3DIMG_07NOV2019_1330_L1C_SGP.tif,INSAT3D_TIR1_India/3DIMG_07NOV2019_1330_L1C_SGP.tif,Gujarat,Kheda,22.6916,72.8634,14.72
3DIMG_07NOV2019_1330_L1C_SGP.tif,INSAT3D_TIR1_India/3DIMG_07NOV2019_1330_L1C_SGP.tif,Gujarat,Kutch (Bhuj),23.242,69.6669,31.55
3DIMG_07NOV2019_1330_L1C_SGP.tif,INSAT3D_TIR1_India/3DIMG_07NOV2019_1330_L1C_SGP.tif,Gujarat,Mahisagar,23.1311,73.6009,19.97
3DIMG_07NOV2019_1330_L1C_SGP.tif,INSAT3D_TIR1_India/3DIMG_07NOV2019_1330_L1C_SGP.tif,Gujarat,Mehsana,23.588,72.3693,27.33
3DIMG_07NOV2019_1330_L1C_SGP.tif,INSAT3D_TIR1_India/3DIMG_07NOV2019_1330_L1C_SGP.tif,Gujarat,Morbi,22.8173,70.8368,32.08
3DIMG_07NOV2019_1330_L1C_SGP.tif,INSAT3D_TIR1_India/3DIMG_07NOV2019_1330_L1C_SGP.tif,Gujarat,Narmada,21.8719,73.5028,0.0
3DIMG_07NOV2019_1330_L1C_SGP.tif,INSAT3D_TIR1_India/3DIMG_07NOV2019_1330_L1C_SGP.tif,Gujarat,Navsari,20.9467,72.952,17.72
3DIMG_07NOV2019_1330_L1C_SGP.tif,INSAT3D_TIR1_India/3DIMG_07NOV2019_1330_L1C_SGP.tif,Gujarat,Panchmahal,22.778,73.6143,23.34
3DIMG_07NOV2019_1330_L1C_SGP.tif,INSAT3D_TIR1_India/3DIMG_07NOV2019_1330_L1C_SGP.tif,Gujarat,Patan,23.8493,72.1266,23.59
3DIMG_07NOV2019_1330_L1C_SGP.tif,INSAT3D_TIR1_India/3DIMG_07NOV2019_1330_L1C_SGP.tif,Gujarat,Porbandar,21.6417,69.6293,33.21
3DIMG_07NOV2019_1330_L1C_SGP.tif,INSAT3D_TIR1_India/3DIMG_07NOV2019_1330_L1C_SGP.tif,Gujarat,Rajkot,22.3039,70.8022,29.66
3DIMG_07NOV2019_1330_L1C_SGP.tif,INSAT3D_TIR1_India/3DIMG_07NOV2019_1330_L1C_SGP.tif,Gujarat,Sabarkantha,23.5977,72.9688,28.06
3DIMG_07NOV2019_1330_L1C_SGP.tif,INSAT3D_TIR1_India/3DIMG_07NOV2019_1330_L1C_SGP.tif,Gujarat,Surat,21.1702,72.8311,22.88
3DIMG_07NOV2019_1330_L1C_SGP.tif,INSAT3D_TIR1_India/3DIMG_07NOV2019_1330_L1C_SGP.tif,Gujarat,Surendranagar,22.7274,71.637,33.24
3DIMG_07NOV2019_1330_L1C_SGP.tif,INSAT3D_TIR1_India/3DIMG_07NOV2019_1330_L1C_SGP.tif,Gujarat,Tapi,21.1147,73.3986,26.94
3DIMG_07NOV2019_1330_L1C_SGP.tif,INSAT3D_TIR1_India/3DIMG_07NOV2019_1330_L1C_SGP.tif,Gujarat,Vadodara,22.3072,73.1812,16.28
3DIMG_07NOV2019_1330_L1C_SGP.tif,INSAT3D_TIR1_India/3DIMG_07NOV2019_1330_L1C_SGP.tif,Gujarat,Valsad,20.5992,72.9342,31.94
3DIMG_07NOV2019_1400_L1C_SGP.tif,INSAT3D_TIR1_India/3DIMG_07NOV2019_1400_L1C_SGP.tif,Gujarat,Ahmedabad,23.0225,72.5714,26.04
3DIMG_07NOV2019_1400_L1C_SGP.tif,INSAT3D_TIR1_India/3DIMG_07NOV2019_1400_L1C_SGP.tif,Gujarat,Amreli,21.6032,71.2221,23.75
3DIMG_07NOV2019_1400_L1C_SGP.tif,INSAT3D_TIR1_India/3DIMG_07NOV2019_1400_L1C_SGP.tif,Gujarat,Anand,22.5645,72.9289,13.34
3DIMG_07NOV2019_1400_L1C_SGP.tif,INSAT3D_TIR1_India/3DIMG_07NOV2019_1400_L1C_SGP.tif,Gujarat,Aravalli,23.4619,73.3039,27.43
3DIMG_07NOV2019_1400_L1C_SGP.tif,INSAT3D_TIR1_India/3DIMG_07NOV2019_1400_L1C_SGP.tif,Gujarat,Banaskantha,24.1724,72.4346,29.97
3DIMG_07NOV2019_1400_L1C_SGP.tif,INSAT3D_TIR1_India/3DIMG_07NOV2019_1400_L1C_SGP.tif,Gujarat,Bharuch,21.7051,72.9959,2.76
3DIMG_07NOV2019_1400_L1C_SGP.tif,INSAT3D_TIR1_India/3DIMG_07NOV2019_1400_L1C_SGP.tif,Gujarat,Bhavnagar,21.7645,72.1519,22.91
3DIMG_07NOV2019_1400_L1C_SGP.tif,INSAT3D_TIR1_India/3DIMG_07NOV2019_1400_L1C_SGP.tif,Gujarat,Botad,22.1704,71.6662,20.72
3DIMG_07NOV2019_1400_L1C_SGP.tif,INSAT3D_TIR1_India/3DIMG_07NOV2019_1400_L1C_SGP.tif,Gujarat,Chhota Udepur,22.3108,74.0125,17.67
3DIMG_07NOV2019_1400_L1C_SGP.tif,INSAT3D_TIR1_India/3DIMG_07NOV2019_1400_L1C_SGP.tif,Gujarat,Dahod,22.8347,74.2552,24.92
3DIMG_07NOV2019_1400_L1C_SGP.tif,INSAT3D_TIR1_India/3DIMG_07NOV2019_1400_L1C_SGP.tif,Gujarat,Dang,20.7554,73.6873,26.58
3DIMG_07NOV2019_1400_L1C_SGP.tif,INSAT3D_TIR1_India/3DIMG_07NOV2019_1400_L1C_SGP.tif,Gujarat,Devbhumi Dwarka,22.2078,69.6582,29.08
3DIMG_07NOV2019_1400_L1C_SGP.tif,INSAT3D_TIR1_India/3DIMG_07NOV2019_1400_L1C_SGP.tif,Gujarat,Gandhinagar,23.2156,72.6369,30.71
3DIMG_07NOV2019_1400_L1C_SGP.tif,INSAT3D_TIR1_India/3DIMG_07NOV2019_1400_L1C_SGP.tif,Gujarat,Gir Somnath,20.9042,70.3644,24.24
3DIMG_07NOV2019_1400_L1C_SGP.tif,INSAT3D_TIR1_India/3DIMG_07NOV2019_1400_L1C_SGP.tif,Gujarat,Jamnagar,22.4707,70.0577,31.15
3DIMG_07NOV2019_1400_L1C_SGP.tif,INSAT3D_TIR1_India/3DIMG_07NOV2019_1400_L1C_SGP.tif,Gujarat,Junagadh,21.5222,70.4579,33.54
3DIMG_07NOV2019_1400_L1C_SGP.tif,INSAT3D_TIR1_India/3DIMG_07NOV2019_1400_L1C_SGP.tif,Gujarat,Kheda,22.6916,72.8634,13.4
3DIMG_07NOV2019_1400_L1C_SGP.tif,INSAT3D_TIR1_India/3DIMG_07NOV2019_1400_L1C_SGP.tif,Gujarat,Kutch (Bhuj),23.242,69.6669,30.77
3DIMG_07NOV2019_1400_L1C_SGP.tif,INSAT3D_TIR1_India/3DIMG_07NOV2019_1400_L1C_SGP.tif,Gujarat,Mahisagar,23.1311,73.6009,23.7
3DIMG_07NOV2019_1400_L1C_SGP.tif,INSAT3D_TIR1_India/3DIMG_07NOV2019_1400_L1C_SGP.tif,Gujarat,Mehsana,23.588,72.3693,27.16
3DIMG_07NOV2019_1400_L1C_SGP.tif,INSAT3D_TIR1_India/3DIMG_07NOV2019_1400_L1C_SGP.tif,Gujarat,Morbi,22.8173,70.8368,32.11
3DIMG_07NOV2019_1400_L1C_SGP.tif,INSAT3D_TIR1_India/3DIMG_07NOV2019_1400_L1C_SGP.tif,Gujarat,Narmada,21.8719,73.5028,0.0
3DIMG_07NOV2019_1400_L1C_SGP.tif,INSAT3D_TIR1_India/3DIMG_07NOV2019_1400_L1C_SGP.tif,Gujarat,Navsari,20.9467,72.952,23.92
3DIMG_07NOV2019_1400_L1C_SGP.tif,INSAT3D_TIR1_India/3DIMG_07NOV2019_1400_L1C_SGP.tif,Gujarat,Panchmahal,22.778,73.6143,13.54
3DIMG_07NOV2019_1400_L1C_SGP.tif,INSAT3D_TIR1_India/3DIMG_07NOV2019_1400_L1C_SGP.tif,Gujarat,Patan,23.8493,72.1266,19.41
3DIMG_07NOV2019_1400_L1C_SGP.tif,INSAT3D_TIR1_India/3DIMG_07NOV2019_1400_L1C_SGP.tif,Gujarat,Porbandar,21.6417,69.6293,32.86
3DIMG_07NOV2019_1400_L1C_SGP.tif,INSAT3D_TIR1_India/3DIMG_07NOV2019_1400_L1C_SGP.tif,Gujarat,Rajkot,22.3039,70.8022,29.56
3DIMG_07NOV2019_1400_L1C_SGP.tif,INSAT3D_TIR1_India/3DIMG_07NOV2019_1400_L1C_SGP.tif,Gujarat,Sabarkantha,23.5977,72.9688,29.31
3DIMG_07NOV2019_1400_L1C_SGP.tif,INSAT3D_TIR1_India/3DIMG_07NOV2019_1400_L1C_SGP.tif,Gujarat,Surat,21.1702,72.8311,26.63
3DIMG_07NOV2019_1400_L1C_SGP.tif,INSAT3D_TIR1_India/3DIMG_07NOV2019_1400_L1C_SGP.tif,Gujarat,Surendranagar,22.7274,71.637,33.57
3DIMG_07NOV2019_1400_L1C_SGP.tif,INSAT3D_TIR1_India/3DIMG_07NOV2019_1400_L1C_SGP.tif,Gujarat,Tapi,21.1147,73.3986,26.17
3DIMG_07NOV2019_1400_L1C_SGP.tif,INSAT3D_TIR1_India/3DIMG_07NOV2019_1400_L1C_SGP.tif,Gujarat,Vadodara,22.3072,73.1812,10.3
3DIMG_07NOV2019_1400_L1C_SGP.tif,INSAT3D_TIR1_India/3DIMG_07NOV2019_1400_L1C_SGP.tif,Gujarat,Valsad,20.5992,72.9342,29.59
3DIMG_07NOV2019_1430_L1C_SGP.tif,INSAT3D_TIR1_India/3DIMG_07NOV2019_1430_L1C_SGP.tif,Gujarat,Ahmedabad,23.0225,72.5714,20.46
3DIMG_07NOV2019_1430_L1C_SGP.tif,INSAT3D_TIR1_India/3DIMG_07NOV2019_1430_L1C_SGP.tif,Gujarat,Amreli,21.6032,71.2221,23.83
3DIMG_07NOV2019_1430_L1C_SGP.tif,INSAT3D_TIR1_India/3DIMG_07NOV2019_1430_L1C_SGP.tif,Gujarat,Anand,22.5645,72.9289,14.99
3DIMG_07NOV2019_1430_L1C_SGP.tif,INSAT3D_TIR1_India/3DIMG_07NOV2019_1430_L1C_SGP.tif,Gujarat,Aravalli,23.4619,73.3039,26.93
3DIMG_07NOV2019_1430_L1C_SGP.tif,INSAT3D_TIR1_India/3DIMG_07NOV2019_1430_L1C_SGP.tif,Gujarat,Banaskantha,24.1724,72.4346,29.82
3DIMG_07NOV2019_1430_L1C_SGP.tif,INSAT3D_TIR1_India/3DIMG_07NOV2019_1430_L1C_SGP.tif,Gujarat,Bharuch,21.7051,72.9959,22.39
3DIMG_07NOV2019_1430_L1C_SGP.tif,INSAT3D_TIR1_India/3DIMG_07NOV2019_1430_L1C_SGP.tif,Gujarat,Bhavnagar,21.7645,72.1519,21.88
3DIMG_07NOV2019_1430_L1C_SGP.tif,INSAT3D_TIR1_India/3DIMG_07NOV2019_1430_L1C_SGP.tif,Gujarat,Botad,22.1704,71.6662,25.85
3DIMG_07NOV2019_1430_L1C_SGP.tif,INSAT3D_TIR1_India/3DIMG_07NOV2019_1430_L1C_SGP.tif,Gujarat,Chhota Udepur,22.3108,74.0125,12.4
3DIMG_07NOV2019_1430_L1C_SGP.tif,INSAT3D_TIR1_India/3DIMG_07NOV2019_1430_L1C_SGP.tif,Gujarat,Dahod,22.8347,74.2552,18.83
3DIMG_07NOV2019_1430_L1C_SGP.tif,INSAT3D_TIR1_India/3DIMG_07NOV2019_1430_L1C_SGP.tif,Gujarat,Dang,20.7554,73.6873,22.68
3DIMG_07NOV2019_1430_L1C_SGP.tif,INSAT3D_TIR1_India/3DIMG_07NOV2019_1430_L1C_SGP.tif,Gujarat,Devbhumi Dwarka,22.2078,69.6582,28.63
3DIMG_07NOV2019_1430_L1C_SGP.tif,INSAT3D_TIR1_India/3DIMG_07NOV2019_1430_L1C_SGP.tif,Gujarat,Gandhinagar,23.2156,72.6369,30.93
3DIMG_07NOV2019_1430_L1C_SGP.tif,INSAT3D_TIR1_India/3DIMG_07NOV2019_1430_L1C_SGP.tif,Gujarat,Gir Somnath,20.9042,70.3644,28.47
3DIMG_07NOV2019_1430_L1C_SGP.tif,INSAT3D_TIR1_India/3DIMG_07NOV2019_1430_L1C_SGP.tif,Gujarat,Jamnagar,22.4707,70.0577,30.17
3DIMG_07NOV2019_1430_L1C_SGP.tif,INSAT3D_TIR1_India/3DIMG_07NOV2019_1430_L1C_SGP.tif,Gujarat,Junagadh,21.5222,70.4579,33.37
3DIMG_07NOV2019_1430_L1C_SGP.tif,INSAT3D_TIR1_India/3DIMG_07NOV2019_1430_L1C_SGP.tif,Gujarat,Kheda,22.6916,72.8634,16.29
3DIMG_07NOV2019_1430_L1C_SGP.tif,INSAT3D_TIR1_India/3DIMG_07NOV2019_1430_L1C_SGP.tif,Gujarat,Kutch (Bhuj),23.242,69.6669,30.93
3DIMG_07NOV2019_1430_L1C_SGP.tif,INSAT3D_TIR1_India/3DIMG_07NOV2019_1430_L1C_SGP.tif,Gujarat,Mahisagar,23.1311,73.6009,23.85
3DIMG_07NOV2019_1430_L1C_SGP.tif,INSAT3D_TIR1_India/3DIMG_07NOV2019_1430_L1C_SGP.tif,Gujarat,Mehsana,23.588,72.3693,27.16
3DIMG_07NOV2019_1430_L1C_SGP.tif,INSAT3D_TIR1_India/3DIMG_07NOV2019_1430_L1C_SGP.tif,Gujarat,Morbi,22.8173,70.8368,31.79
3DIMG_07NOV2019_1430_L1C_SGP.tif,INSAT3D_TIR1_India/3DIMG_07NOV2019_1430_L1C_SGP.tif,Gujarat,Narmada,21.8719,73.5028,0.0
3DIMG_07NOV2019_1430_L1C_SGP.tif,INSAT3D_TIR1_India/3DIMG_07NOV2019_1430_L1C_SGP.tif,Gujarat,Navsari,20.9467,72.952,23.51
3DIMG_07NOV2019_1430_L1C_SGP.tif,INSAT3D_TIR1_India/3DIMG_07NOV2019_1430_L1C_SGP.tif,Gujarat,Panchmahal,22.778,73.6143,10.72
3DIMG_07NOV2019_1430_L1C_SGP.tif,INSAT3D_TIR1_India/3DIMG_07NOV2019_1430_L1C_SGP.tif,Gujarat,Patan,23.8493,72.1266,18.61
3DIMG_07NOV2019_1430_L1C_SGP.tif,INSAT3D_TIR1_India/3DIMG_07NOV2019_1430_L1C_SGP.tif,Gujarat,Porbandar,21.6417,69.6293,33.6
3DIMG_07NOV2019_1430_L1C_SGP.tif,INSAT3D_TIR1_India/3DIMG_07NOV2019_1430_L1C_SGP.tif,Gujarat,Rajkot,22.3039,70.8022,29.44
3DIMG_07NOV2019_1430_L1C_SGP.tif,INSAT3D_TIR1_India/3DIMG_07NOV2019_1430_L1C_SGP.tif,Gujarat,Sabarkantha,23.5977,72.9688,28.94
3DIMG_07NOV2019_1430_L1C_SGP.tif,INSAT3D_TIR1_India/3DIMG_07NOV2019_1430_L1C_SGP.tif,Gujarat,Surat,21.1702,72.8311,24.58
3DIMG_07NOV2019_1430_L1C_SGP.tif,INSAT3D_TIR1_India/3DIMG_07NOV2019_1430_L1C_SGP.tif,Gujarat,Surendranagar,22.7274,71.637,33.74
3DIMG_07NOV2019_1430_L1C_SGP.tif,INSAT3D_TIR1_India/3DIMG_07NOV2019_1430_L1C_SGP.tif,Gujarat,Tapi,21.1147,73.3986,24.07
3DIMG_07NOV2019_1430_L1C_SGP.tif,INSAT3D_TIR1_India/3DIMG_07NOV2019_1430_L1C_SGP.tif,Gujarat,Vadodara,22.3072,73.1812,11.5
3DIMG_07NOV2019_1430_L1C_SGP.tif,INSAT3D_TIR1_India/3DIMG_07NOV2019_1430_L1C_SGP.tif,Gujarat,Valsad,20.5992,72.9342,31.79
3DIMG_07NOV2019_1500_L1C_SGP.tif,INSAT3D_TIR1_India/3DIMG_07NOV2019_1500_L1C_SGP.tif,Gujarat,Ahmedabad,23.0225,72.5714,24.13
3DIMG_07NOV2019_1500_L1C_SGP.tif,INSAT3D_TIR1_India/3DIMG_07NOV2019_1500_L1C_SGP.tif,Gujarat,Amreli,21.6032,71.2221,24.63
3DIMG_07NOV2019_1500_L1C_SGP.tif,INSAT3D_TIR1_India/3DIMG_07NOV2019_1500_L1C_SGP.tif,Gujarat,Anand,22.5645,72.9289,15.34
3DIMG_07NOV2019_1500_L1C_SGP.tif,INSAT3D_TIR1_India/3DIMG_07NOV2019_1500_L1C_SGP.tif,Gujarat,Aravalli,23.4619,73.3039,26.72
3DIMG_07NOV2019_1500_L1C_SGP.tif,INSAT3D_TIR1_India/3DIMG_07NOV2019_1500_L1C_SGP.tif,Gujarat,Banaskantha,24.1724,72.4346,30.05
3DIMG_07NOV2019_1500_L1C_SGP.tif,INSAT3D_TIR1_India/3DIMG_07NOV2019_1500_L1C_SGP.tif,Gujarat,Bharuch,21.7051,72.9959,18.19
3DIMG_07NOV2019_1500_L1C_SGP.tif,INSAT3D_TIR1_India/3DIMG_07NOV2019_1500_L1C_SGP.tif,Gujarat,Bhavnagar,21.7645,72.1519,20.93
3DIMG_07NOV2019_1500_L1C_SGP.tif,INSAT3D_TIR1_India/3DIMG_07NOV2019_1500_L1C_SGP.tif,Gujarat,Botad,22.1704,71.6662,24.75
3DIMG_07NOV2019_1500_L1C_SGP.tif,INSAT3D_TIR1_India/3DIMG_07NOV2019_1500_L1C_SGP.tif,Gujarat,Chhota Udepur,22.3108,74.0125,7.25
3DIMG_07NOV2019_1500_L1C_SGP.tif,INSAT3D_TIR1_India/3DIMG_07NOV2019_1500_L1C_SGP.tif,Gujarat,Dahod,22.8347,74.2552,12.02
3DIMG_07NOV2019_1500_L1C_SGP.tif,INSAT3D_TIR1_India/3DIMG_07NOV2019_1500_L1C_SGP.tif,Gujarat,Dang,20.7554,73.6873,25.93
3DIMG_07NOV2019_1500_L1C_SGP.tif,INSAT3D_TIR1_India/3DIMG_07NOV2019_1500_L1C_SGP.tif,Gujarat,Devbhumi Dwarka,22.2078,69.6582,28.61
3DIMG_07NOV2019_1500_L1C_SGP.tif,INSAT3D_TIR1_India/3DIMG_07NOV2019_1500_L1C_SGP.tif,Gujarat,Gandhinagar,23.2156,72.6369,30.11
3DIMG_07NOV2019_1500_L1C_SGP.tif,INSAT3D_TIR1_India/3DIMG_07NOV2019_1500_L1C_SGP.tif,Gujarat,Gir Somnath,20.9042,70.3644,29.89
3DIMG_07NOV2019_1500_L1C_SGP.tif,INSAT3D_TIR1_India/3DIMG_07NOV2019_1500_L1C_SGP.tif,Gujarat,Jamnagar,22.4707,70.0577,29.84
3DIMG_07NOV2019_1500_L1C_SGP.tif,INSAT3D_TIR1_India/3DIMG_07NOV2019_1500_L1C_SGP.tif,Gujarat,Junagadh,21.5222,70.4579,33.09
3DIMG_07NOV2019_1500_L1C_SGP.tif,INSAT3D_TIR1_India/3DIMG_07NOV2019_1500_L1C_SGP.tif,Gujarat,Kheda,22.6916,72.8634,17.42
3DIMG_07NOV2019_1500_L1C_SGP.tif,INSAT3D_TIR1_India/3DIMG_07NOV2019_1500_L1C_SGP.tif,Gujarat,Kutch (Bhuj),23.242,69.6669,30.14
3DIMG_07NOV2019_1500_L1C_SGP.tif,INSAT3D_TIR1_India/3DIMG_07NOV2019_1500_L1C_SGP.tif,Gujarat,Mahisagar,23.1311,73.6009,16.27
3DIMG_07NOV2019_1500_L1C_SGP.tif,INSAT3D_TIR1_India/3DIMG_07NOV2019_1500_L1C_SGP.tif,Gujarat,Mehsana,23.588,72.3693,27.06
3DIMG_07NOV2019_1500_L1C_SGP.tif,INSAT3D_TIR1_India/3DIMG_07NOV2019_1500_L1C_SGP.tif,Gujarat,Morbi,22.8173,70.8368,30.83
3DIMG_07NOV2019_1500_L1C_SGP.tif,INSAT3D_TIR1_India/3DIMG_07NOV2019_1500_L1C_SGP.tif,Gujarat,Narmada,21.8719,73.5028,5.74
3DIMG_07NOV2019_1500_L1C_SGP.tif,INSAT3D_TIR1_India/3DIMG_07NOV2019_1500_L1C_SGP.tif,Gujarat,Navsari,20.9467,72.952,23.77
3DIMG_07NOV2019_1500_L1C_SGP.tif,INSAT3D_TIR1_India/3DIMG_07NOV2019_1500_L1C_SGP.tif,Gujarat,Panchmahal,22.778,73.6143,9.77
3DIMG_07NOV2019_1500_L1C_SGP.tif,INSAT3D_TIR1_India/3DIMG_07NOV2019_1500_L1C_SGP.tif,Gujarat,Patan,23.8493,72.1266,18.72
3DIMG_07NOV2019_1500_L1C_SGP.tif,INSAT3D_TIR1_India/3DIMG_07NOV2019_1500_L1C_SGP.tif,Gujarat,Porbandar,21.6417,69.6293,33.91
3DIMG_07NOV2019_1500_L1C_SGP.tif,INSAT3D_TIR1_India/3DIMG_07NOV2019_1500_L1C_SGP.tif,Gujarat,Rajkot,22.3039,70.8022,29.34
3DIMG_07NOV2019_1500_L1C_SGP.tif,INSAT3D_TIR1_India/3DIMG_07NOV2019_1500_L1C_SGP.tif,Gujarat,Sabarkantha,23.5977,72.9688,29.28
3DIMG_07NOV2019_1500_L1C_SGP.tif,INSAT3D_TIR1_India/3DIMG_07NOV2019_1500_L1C_SGP.tif,Gujarat,Surat,21.1702,72.8311,25.91
3DIMG_07NOV2019_1500_L1C_SGP.tif,INSAT3D_TIR1_India/3DIMG_07NOV2019_1500_L1C_SGP.tif,Gujarat,Surendranagar,22.7274,71.637,33.14
3DIMG_07NOV2019_1500_L1C_SGP.tif,INSAT3D_TIR1_India/3DIMG_07NOV2019_1500_L1C_SGP.tif,Gujarat,Tapi,21.1147,73.3986,27.39
3DIMG_07NOV2019_1500_L1C_SGP.tif,INSAT3D_TIR1_India/3DIMG_07NOV2019_1500_L1C_SGP.tif,Gujarat,Vadodara,22.3072,73.1812,11.7
3DIMG_07NOV2019_1500_L1C_SGP.tif,INSAT3D_TIR1_India/3DIMG_07NOV2019_1500_L1C_SGP.tif,Gujarat,Valsad,20.5992,72.9342,33.28
3DIMG_07NOV2019_1530_L1C_SGP.tif,INSAT3D_TIR1_India/3DIMG_07NOV2019_1530_L1C_SGP.tif,Gujarat,Ahmedabad,23.0225,72.5714,22.71
3DIMG_07NOV2019_1530_L1C_SGP.tif,INSAT3D_TIR1_India/3DIMG_07NOV2019_1530_L1C_SGP.tif,Gujarat,Amreli,21.6032,71.2221,21.72
3DIMG_07NOV2019_1530_L1C_SGP.tif,INSAT3D_TIR1_India/3DIMG_07NOV2019_1530_L1C_SGP.tif,Gujarat,Anand,22.5645,72.9289,16.59
3DIMG_07NOV2019_1530_L1C_SGP.tif,INSAT3D_TIR1_India/3DIMG_07NOV2019_1530_L1C_SGP.tif,Gujarat,Aravalli,23.4619,73.3039,26.4
3DIMG_07NOV2019_1530_L1C_SGP.tif,INSAT3D_TIR1_India/3DIMG_07NOV2019_1530_L1C_SGP.tif,Gujarat,Banaskantha,24.1724,72.4346,29.05
3DIMG_07NOV2019_1530_L1C_SGP.tif,INSAT3D_TIR1_India/3DIMG_07NOV2019_1530_L1C_SGP.tif,Gujarat,Bharuch,21.7051,72.9959,2.76
3DIMG_07NOV2019_1530_L1C_SGP.tif,INSAT3D_TIR1_India/3DIMG_07NOV2019_1530_L1C_SGP.tif,Gujarat,Bhavnagar,21.7645,72.1519,16.13
3DIMG_07NOV2019_1530_L1C_SGP.tif,INSAT3D_TIR1_India/3DIMG_07NOV2019_1530_L1C_SGP.tif,Gujarat,Botad,22.1704,71.6662,23.1
3DIMG_07NOV2019_1530_L1C_SGP.tif,INSAT3D_TIR1_India/3DIMG_07NOV2019_1530_L1C_SGP.tif,Gujarat,Chhota Udepur,22.3108,74.0125,13.77
3DIMG_07NOV2019_1530_L1C_SGP.tif,INSAT3D_TIR1_India/3DIMG_07NOV2019_1530_L1C_SGP.tif,Gujarat,Dahod,22.8347,74.2552,11.23
3DIMG_07NOV2019_1530_L1C_SGP.tif,INSAT3D_TIR1_India/3DIMG_07NOV2019_1530_L1C_SGP.tif,Gujarat,Dang,20.7554,73.6873,27.08
3DIMG_07NOV2019_1530_L1C_SGP.tif,INSAT3D_TIR1_India/3DIMG_07NOV2019_1530_L1C_SGP.tif,Gujarat,Devbhumi Dwarka,22.2078,69.6582,28.23
3DIMG_07NOV2019_1530_L1C_SGP.tif,INSAT3D_TIR1_India/3DIMG_07NOV2019_1530_L1C_SGP.tif,Gujarat,Gandhinagar,23.2156,72.6369,27.31
3DIMG_07NOV2019_1530_L1C_SGP.tif,INSAT3D_TIR1_India/3DIMG_07NOV2019_1530_L1C_SGP.tif,Gujarat,Gir Somnath,20.9042,70.3644,25.79
3DIMG_07NOV2019_1530_L1C_SGP.tif,INSAT3D_TIR1_India/3DIMG_07NOV2019_1530_L1C_SGP.tif,Gujarat,Jamnagar,22.4707,70.0577,29.42
3DIMG_07NOV2019_1530_L1C_SGP.tif,INSAT3D_TIR1_India/3DIMG_07NOV2019_1530_L1C_SGP.tif,Gujarat,Junagadh,21.5222,70.4579,32.89
3DIMG_07NOV2019_1530_L1C_SGP.tif,INSAT3D_TIR1_India/3DIMG_07NOV2019_1530_L1C_SGP.tif,Gujarat,Kheda,22.6916,72.8634,18.49
3DIMG_07NOV2019_1530_L1C_SGP.tif,INSAT3D_TIR1_India/3DIMG_07NOV2019_1530_L1C_SGP.tif,Gujarat,Kutch (Bhuj),23.242,69.6669,29.8
3DIMG_07NOV2019_1530_L1C_SGP.tif,INSAT3D_TIR1_India/3DIMG_07NOV2019_1530_L1C_SGP.tif,Gujarat,Mahisagar,23.1311,73.6009,10.3
3DIMG_07NOV2019_1530_L1C_SGP.tif,INSAT3D_TIR1_India/3DIMG_07NOV2019_1530_L1C_SGP.tif,Gujarat,Mehsana,23.588,72.3693,26.33
3DIMG_07NOV2019_1530_L1C_SGP.tif,INSAT3D_TIR1_India/3DIMG_07NOV2019_1530_L1C_SGP.tif,Gujarat,Morbi,22.8173,70.8368,31.19
3DIMG_07NOV2019_1530_L1C_SGP.tif,INSAT3D_TIR1_India/3DIMG_07NOV2019_1530_L1C_SGP.tif,Gujarat,Narmada,21.8719,73.5028,23.89
3DIMG_07NOV2019_1530_L1C_SGP.tif,INSAT3D_TIR1_India/3DIMG_07NOV2019_1530_L1C_SGP.tif,Gujarat,Navsari,20.9467,72.952,24.87
3DIMG_07NOV2019_1530_L1C_SGP.tif,INSAT3D_TIR1_India/3DIMG_07NOV2019_1530_L1C_SGP.tif,Gujarat,Panchmahal,22.778,73.6143,10.96
3DIMG_07NOV2019_1530_L1C_SGP.tif,INSAT3D_TIR1_India/3DIMG_07NOV2019_1530_L1C_SGP.tif,Gujarat,Patan,23.8493,72.1266,17.61
3DIMG_07NOV2019_1530_L1C_SGP.tif,INSAT3D_TIR1_India/3DIMG_07NOV2019_1530_L1C_SGP.tif,Gujarat,Porbandar,21.6417,69.6293,33.66
3DIMG_07NOV2019_1530_L1C_SGP.tif,INSAT3D_TIR1_India/3DIMG_07NOV2019_1530_L1C_SGP.tif,Gujarat,Rajkot,22.3039,70.8022,28.74
3DIMG_07NOV2019_1530_L1C_SGP.tif,INSAT3D_TIR1_India/3DIMG_07NOV2019_1530_L1C_SGP.tif,Gujarat,Sabarkantha,23.5977,72.9688,28.68
3DIMG_07NOV2019_1530_L1C_SGP.tif,INSAT3D_TIR1_India/3DIMG_07NOV2019_1530_L1C_SGP.tif,Gujarat,Surat,21.1702,72.8311,27.08
3DIMG_07NOV2019_1530_L1C_SGP.tif,INSAT3D_TIR1_India/3DIMG_07NOV2019_1530_L1C_SGP.tif,Gujarat,Surendranagar,22.7274,71.637,33.25
3DIMG_07NOV2019_1530_L1C_SGP.tif,INSAT3D_TIR1_India/3DIMG_07NOV2019_1530_L1C_SGP.tif,Gujarat,Tapi,21.1147,73.3986,27.59
3DIMG_07NOV2019_1530_L1C_SGP.tif,INSAT3D_TIR1_India/3DIMG_07NOV2019_1530_L1C_SGP.tif,Gujarat,Vadodara,22.3072,73.1812,12.77
3DIMG_07NOV2019_1530_L1C_SGP.tif,INSAT3D_TIR1_India/3DIMG_07NOV2019_1530_L1C_SGP.tif,Gujarat,Valsad,20.5992,72.9342,32.68
3DIMG_07NOV2019_1600_L1C_SGP.tif,INSAT3D_TIR1_India/3DIMG_07NOV2019_1600_L1C_SGP.tif,Gujarat,Ahmedabad,23.0225,72.5714,18.08
3DIMG_07NOV2019_1600_L1C_SGP.tif,INSAT3D_TIR1_India/3DIMG_07NOV2019_1600_L1C_SGP.tif,Gujarat,Amreli,21.6032,71.2221,22.3
3DIMG_07NOV2019_1600_L1C_SGP.tif,INSAT3D_TIR1_India/3DIMG_07NOV2019_1600_L1C_SGP.tif,Gujarat,Anand,22.5645,72.9289,4.52
3DIMG_07NOV2019_1600_L1C_SGP.tif,INSAT3D_TIR1_India/3DIMG_07NOV2019_1600_L1C_SGP.tif,Gujarat,Aravalli,23.4619,73.3039,20.52
3DIMG_07NOV2019_1600_L1C_SGP.tif,INSAT3D_TIR1_India/3DIMG_07NOV2019_1600_L1C_SGP.tif,Gujarat,Banaskantha,24.1724,72.4346,23.37
3DIMG_07NOV2019_1600_L1C_SGP.tif,INSAT3D_TIR1_India/3DIMG_07NOV2019_1600_L1C_SGP.tif,Gujarat,Bharuch,21.7051,72.9959,2.76
3DIMG_07NOV2019_1600_L1C_SGP.tif,INSAT3D_TIR1_India/3DIMG_07NOV2019_1600_L1C_SGP.tif,Gujarat,Bhavnagar,21.7645,72.1519,13.84
3DIMG_07NOV2019_1600_L1C_SGP.tif,INSAT3D_TIR1_India/3DIMG_07NOV2019_1600_L1C_SGP.tif,Gujarat,Botad,22.1704,71.6662,22.89
3DIMG_07NOV2019_1600_L1C_SGP.tif,INSAT3D_TIR1_India/3DIMG_07NOV2019_1600_L1C_SGP.tif,Gujarat,Chhota Udepur,22.3108,74.0125,18.97
3DIMG_07NOV2019_1600_L1C_SGP.tif,INSAT3D_TIR1_India/3DIMG_07NOV2019_1600_L1C_SGP.tif,Gujarat,Dahod,22.8347,74.2552,11.73
3DIMG_07NOV2019_1600_L1C_SGP.tif,INSAT3D_TIR1_India/3DIMG_07NOV2019_1600_L1C_SGP.tif,Gujarat,Dang,20.7554,73.6873,26.31
3DIMG_07NOV2019_1600_L1C_SGP.tif,INSAT3D_TIR1_India/3DIMG_07NOV2019_1600_L1C_SGP.tif,Gujarat,Devbhumi Dwarka,22.2078,69.6582,27.63
3DIMG_07NOV2019_1600_L1C_SGP.tif,INSAT3D_TIR1_India/3DIMG_07NOV2019_1600_L1C_SGP.tif,Gujarat,Gandhinagar,23.2156,72.6369,23.78
3DIMG_07NOV2019_1600_L1C_SGP.tif,INSAT3D_TIR1_India/3DIMG_07NOV2019_1600_L1C_SGP.tif,Gujarat,Gir Somnath,20.9042,70.3644,27.54
3DIMG_07NOV2019_1600_L1C_SGP.tif,INSAT3D_TIR1_India/3DIMG_07NOV2019_1600_L1C_SGP.tif,Gujarat,Jamnagar,22.4707,70.0577,27.94
3DIMG_07NOV2019_1600_L1C_SGP.tif,INSAT3D_TIR1_India/3DIMG_07NOV2019_1600_L1C_SGP.tif,Gujarat,Junagadh,21.5222,70.4579,32.57
3DIMG_07NOV2019_1600_L1C_SGP.tif,INSAT3D_TIR1_India/3DIMG_07NOV2019_1600_L1C_SGP.tif,Gujarat,Kheda,22.6916,72.8634,15.3
3DIMG_07NOV2019_1600_L1C_SGP.tif,INSAT3D_TIR1_India/3DIMG_07NOV2019_1600_L1C_SGP.tif,Gujarat,Kutch (Bhuj),23.242,69.6669,29.25
3DIMG_07NOV2019_1600_L1C_SGP.tif,INSAT3D_TIR1_India/3DIMG_07NOV2019_1600_L1C_SGP.tif,Gujarat,Mahisagar,23.1311,73.6009,10.78
3DIMG_07NOV2019_1600_L1C_SGP.tif,INSAT3D_TIR1_India/3DIMG_07NOV2019_1600_L1C_SGP.tif,Gujarat,Mehsana,23.588,72.3693,26.14
3DIMG_07NOV2019_1600_L1C_SGP.tif,INSAT3D_TIR1_India/3DIMG_07NOV2019_1600_L1C_SGP.tif,Gujarat,Morbi,22.8173,70.8368,27.76
3DIMG_07NOV2019_1600_L1C_SGP.tif,INSAT3D_TIR1_India/3DIMG_07NOV2019_1600_L1C_SGP.tif,Gujarat,Narmada,21.8719,73.5028,19.53
3DIMG_07NOV2019_1600_L1C_SGP.tif,INSAT3D_TIR1_India/3DIMG_07NOV2019_1600_L1C_SGP.tif,Gujarat,Navsari,20.9467,72.952,26.02
3DIMG_07NOV2019_1600_L1C_SGP.tif,INSAT3D_TIR1_India/3DIMG_07NOV2019_1600_L1C_SGP.tif,Gujarat,Panchmahal,22.778,73.6143,12.91
3DIMG_07NOV2019_1600_L1C_SGP.tif,INSAT3D_TIR1_India/3DIMG_07NOV2019_1600_L1C_SGP.tif,Gujarat,Patan,23.8493,72.1266,17.64
3DIMG_07NOV2019_1600_L1C_SGP.tif,INSAT3D_TIR1_India/3DIMG_07NOV2019_1600_L1C_SGP.tif,Gujarat,Porbandar,21.6417,69.6293,33.6
3DIMG_07NOV2019_1600_L1C_SGP.tif,INSAT3D_TIR1_India/3DIMG_07NOV2019_1600_L1C_SGP.tif,Gujarat,Rajkot,22.3039,70.8022,28.49
3DIMG_07NOV2019_1600_L1C_SGP.tif,INSAT3D_TIR1_India/3DIMG_07NOV2019_1600_L1C_SGP.tif,Gujarat,Sabarkantha,23.5977,72.9688,28.09
3DIMG_07NOV2019_1600_L1C_SGP.tif,INSAT3D_TIR1_India/3DIMG_07NOV2019_1600_L1C_SGP.tif,Gujarat,Surat,21.1702,72.8311,25.81
3DIMG_07NOV2019_1600_L1C_SGP.tif,INSAT3D_TIR1_India/3DIMG_07NOV2019_1600_L1C_SGP.tif,Gujarat,Surendranagar,22.7274,71.637,32.95
3DIMG_07NOV2019_1600_L1C_SGP.tif,INSAT3D_TIR1_India/3DIMG_07NOV2019_1600_L1C_SGP.tif,Gujarat,Tapi,21.1147,73.3986,26.74
3DIMG_07NOV2019_1600_L1C_SGP.tif,INSAT3D_TIR1_India/3DIMG_07NOV2019_1600_L1C_SGP.tif,Gujarat,Vadodara,22.3072,73.1812,0.0
3DIMG_07NOV2019_1600_L1C_SGP.tif,INSAT3D_TIR1_India/3DIMG_07NOV2019_1600_L1C_SGP.tif,Gujarat,Valsad,20.5992,72.9342,30.28
3DIMG_07NOV2019_1630_L1C_SGP.tif,INSAT3D_TIR1_India/3DIMG_07NOV2019_1630_L1C_SGP.tif,Gujarat,Ahmedabad,23.0225,72.5714,16.23
3DIMG_07NOV2019_1630_L1C_SGP.tif,INSAT3D_TIR1_India/3DIMG_07NOV2019_1630_L1C_SGP.tif,Gujarat,Amreli,21.6032,71.2221,22.32
3DIMG_07NOV2019_1630_L1C_SGP.tif,INSAT3D_TIR1_India/3DIMG_07NOV2019_1630_L1C_SGP.tif,Gujarat,Anand,22.5645,72.9289,11.71
3DIMG_07NOV2019_1630_L1C_SGP.tif,INSAT3D_TIR1_India/3DIMG_07NOV2019_1630_L1C_SGP.tif,Gujarat,Aravalli,23.4619,73.3039,14.45
3DIMG_07NOV2019_1630_L1C_SGP.tif,INSAT3D_TIR1_India/3DIMG_07NOV2019_1630_L1C_SGP.tif,Gujarat,Banaskantha,24.1724,72.4346,18.62
3DIMG_07NOV2019_1630_L1C_SGP.tif,INSAT3D_TIR1_India/3DIMG_07NOV2019_1630_L1C_SGP.tif,Gujarat,Bharuch,21.7051,72.9959,8.53
3DIMG_07NOV2019_1630_L1C_SGP.tif,INSAT3D_TIR1_India/3DIMG_07NOV2019_1630_L1C_SGP.tif,Gujarat,Bhavnagar,21.7645,72.1519,13.31
3DIMG_07NOV2019_1630_L1C_SGP.tif,INSAT3D_TIR1_India/3DIMG_07NOV2019_1630_L1C_SGP.tif,Gujarat,Botad,22.1704,71.6662,22.25
3DIMG_07NOV2019_1630_L1C_SGP.tif,INSAT3D_TIR1_India/3DIMG_07NOV2019_1630_L1C_SGP.tif,Gujarat,Chhota Udepur,22.3108,74.0125,10.68
3DIMG_07NOV2019_1630_L1C_SGP.tif,INSAT3D_TIR1_India/3DIMG_07NOV2019_1630_L1C_SGP.tif,Gujarat,Dahod,22.8347,74.2552,12.02
3DIMG_07NOV2019_1630_L1C_SGP.tif,INSAT3D_TIR1_India/3DIMG_07NOV2019_1630_L1C_SGP.tif,Gujarat,Dang,20.7554,73.6873,26.63
3DIMG_07NOV2019_1630_L1C_SGP.tif,INSAT3D_TIR1_India/3DIMG_07NOV2019_1630_L1C_SGP.tif,Gujarat,Devbhumi Dwarka,22.2078,69.6582,27.16
3DIMG_07NOV2019_1630_L1C_SGP.tif,INSAT3D_TIR1_India/3DIMG_07NOV2019_1630_L1C_SGP.tif,Gujarat,Gandhinagar,23.2156,72.6369,22.01
3DIMG_07NOV2019_1630_L1C_SGP.tif,INSAT3D_TIR1_India/3DIMG_07NOV2019_1630_L1C_SGP.tif,Gujarat,Gir Somnath,20.9042,70.3644,27.39
3DIMG_07NOV2019_1630_L1C_SGP.tif,INSAT3D_TIR1_India/3DIMG_07NOV2019_1630_L1C_SGP.tif,Gujarat,Jamnagar,22.4707,70.0577,27.47
3DIMG_07NOV2019_1630_L1C_SGP.tif,INSAT3D_TIR1_India/3DIMG_07NOV2019_1630_L1C_SGP.tif,Gujarat,Junagadh,21.5222,70.4579,32.59
3DIMG_07NOV2019_1630_L1C_SGP.tif,INSAT3D_TIR1_India/3DIMG_07NOV2019_1630_L1C_SGP.tif,Gujarat,Kheda,22.6916,72.8634,17.49
3DIMG_07NOV2019_1630_L1C_SGP.tif,INSAT3D_TIR1_India/3DIMG_07NOV2019_1630_L1C_SGP.tif,Gujarat,Kutch (Bhuj),23.242,69.6669,28.27
3DIMG_07NOV2019_1630_L1C_SGP.tif,INSAT3D_TIR1_India/3DIMG_07NOV2019_1630_L1C_SGP.tif,Gujarat,Mahisagar,23.1311,73.6009,10.73
3DIMG_07NOV2019_1630_L1C_SGP.tif,INSAT3D_TIR1_India/3DIMG_07NOV2019_1630_L1C_SGP.tif,Gujarat,Mehsana,23.588,72.3693,25.23
3DIMG_07NOV2019_1630_L1C_SGP.tif,INSAT3D_TIR1_India/3DIMG_07NOV2019_1630_L1C_SGP.tif,Gujarat,Morbi,22.8173,70.8368,25.59
3DIMG_07NOV2019_1630_L1C_SGP.tif,INSAT3D_TIR1_India/3DIMG_07NOV2019_1630_L1C_SGP.tif,Gujarat,Narmada,21.8719,73.5028,14.43
3DIMG_07NOV2019_1630_L1C_SGP.tif,INSAT3D_TIR1_India/3DIMG_07NOV2019_1630_L1C_SGP.tif,Gujarat,Navsari,20.9467,72.952,25.92
3DIMG_07NOV2019_1630_L1C_SGP.tif,INSAT3D_TIR1_India/3DIMG_07NOV2019_1630_L1C_SGP.tif,Gujarat,Panchmahal,22.778,73.6143,7.87
3DIMG_07NOV2019_1630_L1C_SGP.tif,INSAT3D_TIR1_India/3DIMG_07NOV2019_1630_L1C_SGP.tif,Gujarat,Patan,23.8493,72.1266,20.17
3DIMG_07NOV2019_1630_L1C_SGP.tif,INSAT3D_TIR1_India/3DIMG_07NOV2019_1630_L1C_SGP.tif,Gujarat,Porbandar,21.6417,69.6293,32.76
3DIMG_07NOV2019_1630_L1C_SGP.tif,INSAT3D_TIR1_India/3DIMG_07NOV2019_1630_L1C_SGP.tif,Gujarat,Rajkot,22.3039,70.8022,27.59
3DIMG_07NOV2019_1630_L1C_SGP.tif,INSAT3D_TIR1_India/3DIMG_07NOV2019_1630_L1C_SGP.tif,Gujarat,Sabarkantha,23.5977,72.9688,27.53
3DIMG_07NOV2019_1630_L1C_SGP.tif,INSAT3D_TIR1_India/3DIMG_07NOV2019_1630_L1C_SGP.tif,Gujarat,Surat,21.1702,72.8311,27.56
3DIMG_07NOV2019_1630_L1C_SGP.tif,INSAT3D_TIR1_India/3DIMG_07NOV2019_1630_L1C_SGP.tif,Gujarat,Surendranagar,22.7274,71.637,31.95
3DIMG_07NOV2019_1630_L1C_SGP.tif,INSAT3D_TIR1_India/3DIMG_07NOV2019_1630_L1C_SGP.tif,Gujarat,Tapi,21.1147,73.3986,22.02
3DIMG_07NOV2019_1630_L1C_SGP.tif,INSAT3D_TIR1_India/3DIMG_07NOV2019_1630_L1C_SGP.tif,Gujarat,Vadodara,22.3072,73.1812,10.75
3DIMG_07NOV2019_1630_L1C_SGP.tif,INSAT3D_TIR1_India/3DIMG_07NOV2019_1630_L1C_SGP.tif,Gujarat,Valsad,20.5992,72.9342,24.91
3DIMG_07NOV2019_2000_L1C_SGP.tif,INSAT3D_TIR1_India/3DIMG_07NOV2019_2000_L1C_SGP.tif,Gujarat,Ahmedabad,23.0225,72.5714,22.23
3DIMG_07NOV2019_2000_L1C_SGP.tif,INSAT3D_TIR1_India/3DIMG_07NOV2019_2000_L1C_SGP.tif,Gujarat,Amreli,21.6032,71.2221,26.2
3DIMG_07NOV2019_2000_L1C_SGP.tif,INSAT3D_TIR1_India/3DIMG_07NOV2019_2000_L1C_SGP.tif,Gujarat,Anand,22.5645,72.9289,12.64
3DIMG_07NOV2019_2000_L1C_SGP.tif,INSAT3D_TIR1_India/3DIMG_07NOV2019_2000_L1C_SGP.tif,Gujarat,Aravalli,23.4619,73.3039,13.97
3DIMG_07NOV2019_2000_L1C_SGP.tif,INSAT3D_TIR1_India/3DIMG_07NOV2019_2000_L1C_SGP.tif,Gujarat,Banaskantha,24.1724,72.4346,20.52
3DIMG_07NOV2019_2000_L1C_SGP.tif,INSAT3D_TIR1_India/3DIMG_07NOV2019_2000_L1C_SGP.tif,Gujarat,Bharuch,21.7051,72.9959,2.76
3DIMG_07NOV2019_2000_L1C_SGP.tif,INSAT3D_TIR1_India/3DIMG_07NOV2019_2000_L1C_SGP.tif,Gujarat,Bhavnagar,21.7645,72.1519,14.38
3DIMG_07NOV2019_2000_L1C_SGP.tif,INSAT3D_TIR1_India/3DIMG_07NOV2019_2000_L1C_SGP.tif,Gujarat,Botad,22.1704,71.6662,25.44
3DIMG_07NOV2019_2000_L1C_SGP.tif,INSAT3D_TIR1_India/3DIMG_07NOV2019_2000_L1C_SGP.tif,Gujarat,Chhota Udepur,22.3108,74.0125,13.87
3DIMG_07NOV2019_2000_L1C_SGP.tif,INSAT3D_TIR1_India/3DIMG_07NOV2019_2000_L1C_SGP.tif,Gujarat,Dahod,22.8347,74.2552,10.83
3DIMG_07NOV2019_2000_L1C_SGP.tif,INSAT3D_TIR1_India/3DIMG_07NOV2019_2000_L1C_SGP.tif,Gujarat,Dang,20.7554,73.6873,21.03
3DIMG_07NOV2019_2000_L1C_SGP.tif,INSAT3D_TIR1_India/3DIMG_07NOV2019_2000_L1C_SGP.tif,Gujarat,Devbhumi Dwarka,22.2078,69.6582,23.14
3DIMG_07NOV2019_2000_L1C_SGP.tif,INSAT3D_TIR1_India/3DIMG_07NOV2019_2000_L1C_SGP.tif,Gujarat,Gandhinagar,23.2156,72.6369,25.91
3DIMG_07NOV2019_2000_L1C_SGP.tif,INSAT3D_TIR1_India/3DIMG_07NOV2019_2000_L1C_SGP.tif,Gujarat,Gir Somnath,20.9042,70.3644,29.41
3DIMG_07NOV2019_2000_L1C_SGP.tif,INSAT3D_TIR1_India/3DIMG_07NOV2019_2000_L1C_SGP.tif,Gujarat,Jamnagar,22.4707,70.0577,25.5
3DIMG_07NOV2019_2000_L1C_SGP.tif,INSAT3D_TIR1_India/3DIMG_07NOV2019_2000_L1C_SGP.tif,Gujarat,Junagadh,21.5222,70.4579,28.37
3DIMG_07NOV2019_2000_L1C_SGP.tif,INSAT3D_TIR1_India/3DIMG_07NOV2019_2000_L1C_SGP.tif,Gujarat,Kheda,22.6916,72.8634,12.9
3DIMG_07NOV2019_2000_L1C_SGP.tif,INSAT3D_TIR1_India/3DIMG_07NOV2019_2000_L1C_SGP.tif,Gujarat,Kutch (Bhuj),23.242,69.6669,23.32
3DIMG_07NOV2019_2000_L1C_SGP.tif,INSAT3D_TIR1_India/3DIMG_07NOV2019_2000_L1C_SGP.tif,Gujarat,Mahisagar,23.1311,73.6009,9.08
3DIMG_07NOV2019_2000_L1C_SGP.tif,INSAT3D_TIR1_India/3DIMG_07NOV2019_2000_L1C_SGP.tif,Gujarat,Mehsana,23.588,72.3693,20.69
3DIMG_07NOV2019_2000_L1C_SGP.tif,INSAT3D_TIR1_India/3DIMG_07NOV2019_2000_L1C_SGP.tif,Gujarat,Morbi,22.8173,70.8368,24.53
3DIMG_07NOV2019_2000_L1C_SGP.tif,INSAT3D_TIR1_India/3DIMG_07NOV2019_2000_L1C_SGP.tif,Gujarat,Narmada,21.8719,73.5028,18.91
3DIMG_07NOV2019_2000_L1C_SGP.tif,INSAT3D_TIR1_India/3DIMG_07NOV2019_2000_L1C_SGP.tif,Gujarat,Navsari,20.9467,72.952,0.11
3DIMG_07NOV2019_2000_L1C_SGP.tif,INSAT3D_TIR1_India/3DIMG_07NOV2019_2000_L1C_SGP.tif,Gujarat,Panchmahal,22.778,73.6143,8.66
3DIMG_07NOV2019_2000_L1C_SGP.tif,INSAT3D_TIR1_India/3DIMG_07NOV2019_2000_L1C_SGP.tif,Gujarat,Patan,23.8493,72.1266,18.94
3DIMG_07NOV2019_2000_L1C_SGP.tif,INSAT3D_TIR1_India/3DIMG_07NOV2019_2000_L1C_SGP.tif,Gujarat,Porbandar,21.6417,69.6293,29.15
3DIMG_07NOV2019_2000_L1C_SGP.tif,INSAT3D_TIR1_India/3DIMG_07NOV2019_2000_L1C_SGP.tif,Gujarat,Rajkot,22.3039,70.8022,22.86
3DIMG_07NOV2019_2000_L1C_SGP.tif,INSAT3D_TIR1_India/3DIMG_07NOV2019_2000_L1C_SGP.tif,Gujarat,Sabarkantha,23.5977,72.9688,23.94
3DIMG_07NOV2019_2000_L1C_SGP.tif,INSAT3D_TIR1_India/3DIMG_07NOV2019_2000_L1C_SGP.tif,Gujarat,Surat,21.1702,72.8311,0.21
3DIMG_07NOV2019_2000_L1C_SGP.tif,INSAT3D_TIR1_India/3DIMG_07NOV2019_2000_L1C_SGP.tif,Gujarat,Surendranagar,22.7274,71.637,28.12
3DIMG_07NOV2019_2000_L1C_SGP.tif,INSAT3D_TIR1_India/3DIMG_07NOV2019_2000_L1C_SGP.tif,Gujarat,Tapi,21.1147,73.3986,9.25
3DIMG_07NOV2019_2000_L1C_SGP.tif,INSAT3D_TIR1_India/3DIMG_07NOV2019_2000_L1C_SGP.tif,Gujarat,Vadodara,22.3072,73.1812,3.8
3DIMG_07NOV2019_2000_L1C_SGP.tif,INSAT3D_TIR1_India/3DIMG_07NOV2019_2000_L1C_SGP.tif,Gujarat,Valsad,20.5992,72.9342,16.13
3DIMG_07NOV2019_2030_L1C_SGP.tif,INSAT3D_TIR1_India/3DIMG_07NOV2019_2030_L1C_SGP.tif,Gujarat,Ahmedabad,23.0225,72.5714,24.88
3DIMG_07NOV2019_2030_L1C_SGP.tif,INSAT3D_TIR1_India/3DIMG_07NOV2019_2030_L1C_SGP.tif,Gujarat,Amreli,21.6032,71.2221,26.48
3DIMG_07NOV2019_2030_L1C_SGP.tif,INSAT3D_TIR1_India/3DIMG_07NOV2019_2030_L1C_SGP.tif,Gujarat,Anand,22.5645,72.9289,10.96
3DIMG_07NOV2019_2030_L1C_SGP.tif,INSAT3D_TIR1_India/3DIMG_07NOV2019_2030_L1C_SGP.tif,Gujarat,Aravalli,23.4619,73.3039,15.95
3DIMG_07NOV2019_2030_L1C_SGP.tif,INSAT3D_TIR1_India/3DIMG_07NOV2019_2030_L1C_SGP.tif,Gujarat,Banaskantha,24.1724,72.4346,22.65
3DIMG_07NOV2019_2030_L1C_SGP.tif,INSAT3D_TIR1_India/3DIMG_07NOV2019_2030_L1C_SGP.tif,Gujarat,Bharuch,21.7051,72.9959,2.76
3DIMG_07NOV2019_2030_L1C_SGP.tif,INSAT3D_TIR1_India/3DIMG_07NOV2019_2030_L1C_SGP.tif,Gujarat,Bhavnagar,21.7645,72.1519,14.89
3DIMG_07NOV2019_2030_L1C_SGP.tif,INSAT3D_TIR1_India/3DIMG_07NOV2019_2030_L1C_SGP.tif,Gujarat,Botad,22.1704,71.6662,22.84
3DIMG_07NOV2019_2030_L1C_SGP.tif,INSAT3D_TIR1_India/3DIMG_07NOV2019_2030_L1C_SGP.tif,Gujarat,Chhota Udepur,22.3108,74.0125,13.4
3DIMG_07NOV2019_2030_L1C_SGP.tif,INSAT3D_TIR1_India/3DIMG_07NOV2019_2030_L1C_SGP.tif,Gujarat,Dahod,22.8347,74.2552,9.78
3DIMG_07NOV2019_2030_L1C_SGP.tif,INSAT3D_TIR1_India/3DIMG_07NOV2019_2030_L1C_SGP.tif,Gujarat,Dang,20.7554,73.6873,22.51
3DIMG_07NOV2019_2030_L1C_SGP.tif,INSAT3D_TIR1_India/3DIMG_07NOV2019_2030_L1C_SGP.tif,Gujarat,Devbhumi Dwarka,22.2078,69.6582,22.64
3DIMG_07NOV2019_2030_L1C_SGP.tif,INSAT3D_TIR1_India/3DIMG_07NOV2019_2030_L1C_SGP.tif,Gujarat,Gandhinagar,23.2156,72.6369,25.56
3DIMG_07NOV2019_2030_L1C_SGP.tif,INSAT3D_TIR1_India/3DIMG_07NOV2019_2030_L1C_SGP.tif,Gujarat,Gir Somnath,20.9042,70.3644,28.42
3DIMG_07NOV2019_2030_L1C_SGP.tif,INSAT3D_TIR1_India/3DIMG_07NOV2019_2030_L1C_SGP.tif,Gujarat,Jamnagar,22.4707,70.0577,25.34
3DIMG_07NOV2019_2030_L1C_SGP.tif,INSAT3D_TIR1_India/3DIMG_07NOV2019_2030_L1C_SGP.tif,Gujarat,Junagadh,21.5222,70.4579,28.02
3DIMG_07NOV2019_2030_L1C_SGP.tif,INSAT3D_TIR1_India/3DIMG_07NOV2019_2030_L1C_SGP.tif,Gujarat,Kheda,22.6916,72.8634,14.57
3DIMG_07NOV2019_2030_L1C_SGP.tif,INSAT3D_TIR1_India/3DIMG_07NOV2019_2030_L1C_SGP.tif,Gujarat,Kutch (Bhuj),23.242,69.6669,23.54
3DIMG_07NOV2019_2030_L1C_SGP.tif,INSAT3D_TIR1_India/3DIMG_07NOV2019_2030_L1C_SGP.tif,Gujarat,Mahisagar,23.1311,73.6009,9.25
3DIMG_07NOV2019_2030_L1C_SGP.tif,INSAT3D_TIR1_India/3DIMG_07NOV2019_2030_L1C_SGP.tif,Gujarat,Mehsana,23.588,72.3693,22.18
3DIMG_07NOV2019_2030_L1C_SGP.tif,INSAT3D_TIR1_India/3DIMG_07NOV2019_2030_L1C_SGP.tif,Gujarat,Morbi,22.8173,70.8368,22.11
3DIMG_07NOV2019_2030_L1C_SGP.tif,INSAT3D_TIR1_India/3DIMG_07NOV2019_2030_L1C_SGP.tif,Gujarat,Narmada,21.8719,73.5028,11.26
3DIMG_07NOV2019_2030_L1C_SGP.tif,INSAT3D_TIR1_India/3DIMG_07NOV2019_2030_L1C_SGP.tif,Gujarat,Navsari,20.9467,72.952,0.11
3DIMG_07NOV2019_2030_L1C_SGP.tif,INSAT3D_TIR1_India/3DIMG_07NOV2019_2030_L1C_SGP.tif,Gujarat,Panchmahal,22.778,73.6143,9.39
3DIMG_07NOV2019_2030_L1C_SGP.tif,INSAT3D_TIR1_India/3DIMG_07NOV2019_2030_L1C_SGP.tif,Gujarat,Patan,23.8493,72.1266,19.49
3DIMG_07NOV2019_2030_L1C_SGP.tif,INSAT3D_TIR1_India/3DIMG_07NOV2019_2030_L1C_SGP.tif,Gujarat,Porbandar,21.6417,69.6293,28.26
3DIMG_07NOV2019_2030_L1C_SGP.tif,INSAT3D_TIR1_India/3DIMG_07NOV2019_2030_L1C_SGP.tif,Gujarat,Rajkot,22.3039,70.8022,23.73
3DIMG_07NOV2019_2030_L1C_SGP.tif,INSAT3D_TIR1_India/3DIMG_07NOV2019_2030_L1C_SGP.tif,Gujarat,Sabarkantha,23.5977,72.9688,24.16
3DIMG_07NOV2019_2030_L1C_SGP.tif,INSAT3D_TIR1_India/3DIMG_07NOV2019_2030_L1C_SGP.tif,Gujarat,Surat,21.1702,72.8311,0.21
3DIMG_07NOV2019_2030_L1C_SGP.tif,INSAT3D_TIR1_India/3DIMG_07NOV2019_2030_L1C_SGP.tif,Gujarat,Surendranagar,22.7274,71.637,28.59
3DIMG_07NOV2019_2030_L1C_SGP.tif,INSAT3D_TIR1_India/3DIMG_07NOV2019_2030_L1C_SGP.tif,Gujarat,Tapi,21.1147,73.3986,0.0
3DIMG_07NOV2019_2030_L1C_SGP.tif,INSAT3D_TIR1_India/3DIMG_07NOV2019_2030_L1C_SGP.tif,Gujarat,Vadodara,22.3072,73.1812,0.75
3DIMG_07NOV2019_2030_L1C_SGP.tif,INSAT3D_TIR1_India/3DIMG_07NOV2019_2030_L1C_SGP.tif,Gujarat,Valsad,20.5992,72.9342,18.74
3DIMG_07NOV2019_2100_L1C_SGP.tif,INSAT3D_TIR1_India/3DIMG_07NOV2019_2100_L1C_SGP.tif,Gujarat,Ahmedabad,23.0225,72.5714,20.71
3DIMG_07NOV2019_2100_L1C_SGP.tif,INSAT3D_TIR1_India/3DIMG_07NOV2019_2100_L1C_SGP.tif,Gujarat,Amreli,21.6032,71.2221,26.05
3DIMG_07NOV2019_2100_L1C_SGP.tif,INSAT3D_TIR1_India/3DIMG_07NOV2019_2100_L1C_SGP.tif,Gujarat,Anand,22.5645,72.9289,10.14
3DIMG_07NOV2019_2100_L1C_SGP.tif,INSAT3D_TIR1_India/3DIMG_07NOV2019_2100_L1C_SGP.tif,Gujarat,Aravalli,23.4619,73.3039,13.55
3DIMG_07NOV2019_2100_L1C_SGP.tif,INSAT3D_TIR1_India/3DIMG_07NOV2019_2100_L1C_SGP.tif,Gujarat,Banaskantha,24.1724,72.4346,23.12
3DIMG_07NOV2019_2100_L1C_SGP.tif,INSAT3D_TIR1_India/3DIMG_07NOV2019_2100_L1C_SGP.tif,Gujarat,Bharuch,21.7051,72.9959,2.76
3DIMG_07NOV2019_2100_L1C_SGP.tif,INSAT3D_TIR1_India/3DIMG_07NOV2019_2100_L1C_SGP.tif,Gujarat,Bhavnagar,21.7645,72.1519,12.23
3DIMG_07NOV2019_2100_L1C_SGP.tif,INSAT3D_TIR1_India/3DIMG_07NOV2019_2100_L1C_SGP.tif,Gujarat,Botad,22.1704,71.6662,25.62
3DIMG_07NOV2019_2100_L1C_SGP.tif,INSAT3D_TIR1_India/3DIMG_07NOV2019_2100_L1C_SGP.tif,Gujarat,Chhota Udepur,22.3108,74.0125,20.35
3DIMG_07NOV2019_2100_L1C_SGP.tif,INSAT3D_TIR1_India/3DIMG_07NOV2019_2100_L1C_SGP.tif,Gujarat,Dahod,22.8347,74.2552,10.75
3DIMG_07NOV2019_2100_L1C_SGP.tif,INSAT3D_TIR1_India/3DIMG_07NOV2019_2100_L1C_SGP.tif,Gujarat,Dang,20.7554,73.6873,22.28
3DIMG_07NOV2019_2100_L1C_SGP.tif,INSAT3D_TIR1_India/3DIMG_07NOV2019_2100_L1C_SGP.tif,Gujarat,Devbhumi Dwarka,22.2078,69.6582,22.64
3DIMG_07NOV2019_2100_L1C_SGP.tif,INSAT3D_TIR1_India/3DIMG_07NOV2019_2100_L1C_SGP.tif,Gujarat,Gandhinagar,23.2156,72.6369,23.44
3DIMG_07NOV2019_2100_L1C_SGP.tif,INSAT3D_TIR1_India/3DIMG_07NOV2019_2100_L1C_SGP.tif,Gujarat,Gir Somnath,20.9042,70.3644,29.14
3DIMG_07NOV2019_2100_L1C_SGP.tif,INSAT3D_TIR1_India/3DIMG_07NOV2019_2100_L1C_SGP.tif,Gujarat,Jamnagar,22.4707,70.0577,24.72
3DIMG_07NOV2019_2100_L1C_SGP.tif,INSAT3D_TIR1_India/3DIMG_07NOV2019_2100_L1C_SGP.tif,Gujarat,Junagadh,21.5222,70.4579,27.74
3DIMG_07NOV2019_2100_L1C_SGP.tif,INSAT3D_TIR1_India/3DIMG_07NOV2019_2100_L1C_SGP.tif,Gujarat,Kheda,22.6916,72.8634,12.22
3DIMG_07NOV2019_2100_L1C_SGP.tif,INSAT3D_TIR1_India/3DIMG_07NOV2019_2100_L1C_SGP.tif,Gujarat,Kutch (Bhuj),23.242,69.6669,23.37
3DIMG_07NOV2019_2100_L1C_SGP.tif,INSAT3D_TIR1_India/3DIMG_07NOV2019_2100_L1C_SGP.tif,Gujarat,Mahisagar,23.1311,73.6009,3.43
3DIMG_07NOV2019_2100_L1C_SGP.tif,INSAT3D_TIR1_India/3DIMG_07NOV2019_2100_L1C_SGP.tif,Gujarat,Mehsana,23.588,72.3693,21.43
3DIMG_07NOV2019_2100_L1C_SGP.tif,INSAT3D_TIR1_India/3DIMG_07NOV2019_2100_L1C_SGP.tif,Gujarat,Morbi,22.8173,70.8368,23.39
3DIMG_07NOV2019_2100_L1C_SGP.tif,INSAT3D_TIR1_India/3DIMG_07NOV2019_2100_L1C_SGP.tif,Gujarat,Narmada,21.8719,73.5028,0.0
3DIMG_07NOV2019_2100_L1C_SGP.tif,INSAT3D_TIR1_India/3DIMG_07NOV2019_2100_L1C_SGP.tif,Gujarat,Navsari,20.9467,72.952,0.11
3DIMG_07NOV2019_2100_L1C_SGP.tif,INSAT3D_TIR1_India/3DIMG_07NOV2019_2100_L1C_SGP.tif,Gujarat,Panchmahal,22.778,73.6143,7.31
3DIMG_07NOV2019_2100_L1C_SGP.tif,INSAT3D_TIR1_India/3DIMG_07NOV2019_2100_L1C_SGP.tif,Gujarat,Patan,23.8493,72.1266,23.66
3DIMG_07NOV2019_2100_L1C_SGP.tif,INSAT3D_TIR1_India/3DIMG_07NOV2019_2100_L1C_SGP.tif,Gujarat,Porbandar,21.6417,69.6293,29.1
3DIMG_07NOV2019_2100_L1C_SGP.tif,INSAT3D_TIR1_India/3DIMG_07NOV2019_2100_L1C_SGP.tif,Gujarat,Rajkot,22.3039,70.8022,23.29
3DIMG_07NOV2019_2100_L1C_SGP.tif,INSAT3D_TIR1_India/3DIMG_07NOV2019_2100_L1C_SGP.tif,Gujarat,Sabarkantha,23.5977,72.9688,23.84
3DIMG_07NOV2019_2100_L1C_SGP.tif,INSAT3D_TIR1_India/3DIMG_07NOV2019_2100_L1C_SGP.tif,Gujarat,Surat,21.1702,72.8311,0.21
3DIMG_07NOV2019_2100_L1C_SGP.tif,INSAT3D_TIR1_India/3DIMG_07NOV2019_2100_L1C_SGP.tif,Gujarat,Surendranagar,22.7274,71.637,28.04
3DIMG_07NOV2019_2100_L1C_SGP.tif,INSAT3D_TIR1_India/3DIMG_07NOV2019_2100_L1C_SGP.tif,Gujarat,Tapi,21.1147,73.3986,0.0
3DIMG_07NOV2019_2100_L1C_SGP.tif,INSAT3D_TIR1_India/3DIMG_07NOV2019_2100_L1C_SGP.tif,Gujarat,Vadodara,22.3072,73.1812,5.3
3DIMG_07NOV2019_2100_L1C_SGP.tif,INSAT3D_TIR1_India/3DIMG_07NOV2019_2100_L1C_SGP.tif,Gujarat,Valsad,20.5992,72.9342,18.98
3DIMG_07NOV2019_2130_L1C_SGP.tif,INSAT3D_TIR1_India/3DIMG_07NOV2019_2130_L1C_SGP.tif,Gujarat,Ahmedabad,23.0225,72.5714,16.51
3DIMG_07NOV2019_2130_L1C_SGP.tif,INSAT3D_TIR1_India/3DIMG_07NOV2019_2130_L1C_SGP.tif,Gujarat,Amreli,21.6032,71.2221,25.65
3DIMG_07NOV2019_2130_L1C_SGP.tif,INSAT3D_TIR1_India/3DIMG_07NOV2019_2130_L1C_SGP.tif,Gujarat,Anand,22.5645,72.9289,9.47
3DIMG_07NOV2019_2130_L1C_SGP.tif,INSAT3D_TIR1_India/3DIMG_07NOV2019_2130_L1C_SGP.tif,Gujarat,Aravalli,23.4619,73.3039,9.5
3DIMG_07NOV2019_2130_L1C_SGP.tif,INSAT3D_TIR1_India/3DIMG_07NOV2019_2130_L1C_SGP.tif,Gujarat,Banaskantha,24.1724,72.4346,24.53
3DIMG_07NOV2019_2130_L1C_SGP.tif,INSAT3D_TIR1_India/3DIMG_07NOV2019_2130_L1C_SGP.tif,Gujarat,Bharuch,21.7051,72.9959,2.76
3DIMG_07NOV2019_2130_L1C_SGP.tif,INSAT3D_TIR1_India/3DIMG_07NOV2019_2130_L1C_SGP.tif,Gujarat,Bhavnagar,21.7645,72.1519,14.98
3DIMG_07NOV2019_2130_L1C_SGP.tif,INSAT3D_TIR1_India/3DIMG_07NOV2019_2130_L1C_SGP.tif,Gujarat,Botad,22.1704,71.6662,24.79
3DIMG_07NOV2019_2130_L1C_SGP.tif,INSAT3D_TIR1_India/3DIMG_07NOV2019_2130_L1C_SGP.tif,Gujarat,Chhota Udepur,22.3108,74.0125,15.27
3DIMG_07NOV2019_2130_L1C_SGP.tif,INSAT3D_TIR1_India/3DIMG_07NOV2019_2130_L1C_SGP.tif,Gujarat,Dahod,22.8347,74.2552,12.57
3DIMG_07NOV2019_2130_L1C_SGP.tif,INSAT3D_TIR1_India/3DIMG_07NOV2019_2130_L1C_SGP.tif,Gujarat,Dang,20.7554,73.6873,12.18
3DIMG_07NOV2019_2130_L1C_SGP.tif,INSAT3D_TIR1_India/3DIMG_07NOV2019_2130_L1C_SGP.tif,Gujarat,Devbhumi Dwarka,22.2078,69.6582,22.64
3DIMG_07NOV2019_2130_L1C_SGP.tif,INSAT3D_TIR1_India/3DIMG_07NOV2019_2130_L1C_SGP.tif,Gujarat,Gandhinagar,23.2156,72.6369,21.36
3DIMG_07NOV2019_2130_L1C_SGP.tif,INSAT3D_TIR1_India/3DIMG_07NOV2019_2130_L1C_SGP.tif,Gujarat,Gir Somnath,20.9042,70.3644,29.69
3DIMG_07NOV2019_2130_L1C_SGP.tif,INSAT3D_TIR1_India/3DIMG_07NOV2019_2130_L1C_SGP.tif,Gujarat,Jamnagar,22.4707,70.0577,25.34
3DIMG_07NOV2019_2130_L1C_SGP.tif,INSAT3D_TIR1_India/3DIMG_07NOV2019_2130_L1C_SGP.tif,Gujarat,Junagadh,21.5222,70.4579,28.6
3DIMG_07NOV2019_2130_L1C_SGP.tif,INSAT3D_TIR1_India/3DIMG_07NOV2019_2130_L1C_SGP.tif,Gujarat,Kheda,22.6916,72.8634,13.49
3DIMG_07NOV2019_2130_L1C_SGP.tif,INSAT3D_TIR1_India/3DIMG_07NOV2019_2130_L1C_SGP.tif,Gujarat,Kutch (Bhuj),23.242,69.6669,23.13
3DIMG_07NOV2019_2130_L1C_SGP.tif,INSAT3D_TIR1_India/3DIMG_07NOV2019_2130_L1C_SGP.tif,Gujarat,Mahisagar,23.1311,73.6009,9.58
3DIMG_07NOV2019_2130_L1C_SGP.tif,INSAT3D_TIR1_India/3DIMG_07NOV2019_2130_L1C_SGP.tif,Gujarat,Mehsana,23.588,72.3693,22.28
3DIMG_07NOV2019_2130_L1C_SGP.tif,INSAT3D_TIR1_India/3DIMG_07NOV2019_2130_L1C_SGP.tif,Gujarat,Morbi,22.8173,70.8368,26.21
3DIMG_07NOV2019_2130_L1C_SGP.tif,INSAT3D_TIR1_India/3DIMG_07NOV2019_2130_L1C_SGP.tif,Gujarat,Narmada,21.8719,73.5028,11.71
3DIMG_07NOV2019_2130_L1C_SGP.tif,INSAT3D_TIR1_India/3DIMG_07NOV2019_2130_L1C_SGP.tif,Gujarat,Navsari,20.9467,72.952,0.11
3DIMG_07NOV2019_2130_L1C_SGP.tif,INSAT3D_TIR1_India/3DIMG_07NOV2019_2130_L1C_SGP.tif,Gujarat,Panchmahal,22.778,73.6143,7.57
3DIMG_07NOV2019_2130_L1C_SGP.tif,INSAT3D_TIR1_India/3DIMG_07NOV2019_2130_L1C_SGP.tif,Gujarat,Patan,23.8493,72.1266,23.69
3DIMG_07NOV2019_2130_L1C_SGP.tif,INSAT3D_TIR1_India/3DIMG_07NOV2019_2130_L1C_SGP.tif,Gujarat,Porbandar,21.6417,69.6293,30.08
3DIMG_07NOV2019_2130_L1C_SGP.tif,INSAT3D_TIR1_India/3DIMG_07NOV2019_2130_L1C_SGP.tif,Gujarat,Rajkot,22.3039,70.8022,23.29
3DIMG_07NOV2019_2130_L1C_SGP.tif,INSAT3D_TIR1_India/3DIMG_07NOV2019_2130_L1C_SGP.tif,Gujarat,Sabarkantha,23.5977,72.9688,23.54
3DIMG_07NOV2019_2130_L1C_SGP.tif,INSAT3D_TIR1_India/3DIMG_07NOV2019_2130_L1C_SGP.tif,Gujarat,Surat,21.1702,72.8311,0.21
3DIMG_07NOV2019_2130_L1C_SGP.tif,INSAT3D_TIR1_India/3DIMG_07NOV2019_2130_L1C_SGP.tif,Gujarat,Surendranagar,22.7274,71.637,27.6
3DIMG_07NOV2019_2130_L1C_SGP.tif,INSAT3D_TIR1_India/3DIMG_07NOV2019_2130_L1C_SGP.tif,Gujarat,Tapi,21.1147,73.3986,0.0
3DIMG_07NOV2019_2130_L1C_SGP.tif,INSAT3D_TIR1_India/3DIMG_07NOV2019_2130_L1C_SGP.tif,Gujarat,Vadodara,22.3072,73.1812,9.1
3DIMG_07NOV2019_2130_L1C_SGP.tif,INSAT3D_TIR1_India/3DIMG_07NOV2019_2130_L1C_SGP.tif,Gujarat,Valsad,20.5992,72.9342,19.31
3DIMG_07NOV2019_2200_L1C_SGP.tif,INSAT3D_TIR1_India/3DIMG_07NOV2019_2200_L1C_SGP.tif,Gujarat,Ahmedabad,23.0225,72.5714,14.14
3DIMG_07NOV2019_2200_L1C_SGP.tif,INSAT3D_TIR1_India/3DIMG_07NOV2019_2200_L1C_SGP.tif,Gujarat,Amreli,21.6032,71.2221,26.3
3DIMG_07NOV2019_2200_L1C_SGP.tif,INSAT3D_TIR1_India/3DIMG_07NOV2019_2200_L1C_SGP.tif,Gujarat,Anand,22.5645,72.9289,12.16
3DIMG_07NOV2019_2200_L1C_SGP.tif,INSAT3D_TIR1_India/3DIMG_07NOV2019_2200_L1C_SGP.tif,Gujarat,Aravalli,23.4619,73.3039,9.88
3DIMG_07NOV2019_2200_L1C_SGP.tif,INSAT3D_TIR1_India/3DIMG_07NOV2019_2200_L1C_SGP.tif,Gujarat,Banaskantha,24.1724,72.4346,24.3
3DIMG_07NOV2019_2200_L1C_SGP.tif,INSAT3D_TIR1_India/3DIMG_07NOV2019_2200_L1C_SGP.tif,Gujarat,Bharuch,21.7051,72.9959,2.76
3DIMG_07NOV2019_2200_L1C_SGP.tif,INSAT3D_TIR1_India/3DIMG_07NOV2019_2200_L1C_SGP.tif,Gujarat,Bhavnagar,21.7645,72.1519,16.99
3DIMG_07NOV2019_2200_L1C_SGP.tif,INSAT3D_TIR1_India/3DIMG_07NOV2019_2200_L1C_SGP.tif,Gujarat,Botad,22.1704,71.6662,20.45
3DIMG_07NOV2019_2200_L1C_SGP.tif,INSAT3D_TIR1_India/3DIMG_07NOV2019_2200_L1C_SGP.tif,Gujarat,Chhota Udepur,22.3108,74.0125,13.88
3DIMG_07NOV2019_2200_L1C_SGP.tif,INSAT3D_TIR1_India/3DIMG_07NOV2019_2200_L1C_SGP.tif,Gujarat,Dahod,22.8347,74.2552,14.2
3DIMG_07NOV2019_2200_L1C_SGP.tif,INSAT3D_TIR1_India/3DIMG_07NOV2019_2200_L1C_SGP.tif,Gujarat,Dang,20.7554,73.6873,13.24
3DIMG_07NOV2019_2200_L1C_SGP.tif,INSAT3D_TIR1_India/3DIMG_07NOV2019_2200_L1C_SGP.tif,Gujarat,Devbhumi Dwarka,22.2078,69.6582,22.64
3DIMG_07NOV2019_2200_L1C_SGP.tif,INSAT3D_TIR1_India/3DIMG_07NOV2019_2200_L1C_SGP.tif,Gujarat,Gandhinagar,23.2156,72.6369,17.28
3DIMG_07NOV2019_2200_L1C_SGP.tif,INSAT3D_TIR1_India/3DIMG_07NOV2019_2200_L1C_SGP.tif,Gujarat,Gir Somnath,20.9042,70.3644,29.47
3DIMG_07NOV2019_2200_L1C_SGP.tif,INSAT3D_TIR1_India/3DIMG_07NOV2019_2200_L1C_SGP.tif,Gujarat,Jamnagar,22.4707,70.0577,25.14
3DIMG_07NOV2019_2200_L1C_SGP.tif,INSAT3D_TIR1_India/3DIMG_07NOV2019_2200_L1C_SGP.tif,Gujarat,Junagadh,21.5222,70.4579,28.52
3DIMG_07NOV2019_2200_L1C_SGP.tif,INSAT3D_TIR1_India/3DIMG_07NOV2019_2200_L1C_SGP.tif,Gujarat,Kheda,22.6916,72.8634,13.44
3DIMG_07NOV2019_2200_L1C_SGP.tif,INSAT3D_TIR1_India/3DIMG_07NOV2019_2200_L1C_SGP.tif,Gujarat,Kutch (Bhuj),23.242,69.6669,22.38
3DIMG_07NOV2019_2200_L1C_SGP.tif,INSAT3D_TIR1_India/3DIMG_07NOV2019_2200_L1C_SGP.tif,Gujarat,Mahisagar,23.1311,73.6009,9.33
3DIMG_07NOV2019_2200_L1C_SGP.tif,INSAT3D_TIR1_India/3DIMG_07NOV2019_2200_L1C_SGP.tif,Gujarat,Mehsana,23.588,72.3693,22.84
3DIMG_07NOV2019_2200_L1C_SGP.tif,INSAT3D_TIR1_India/3DIMG_07NOV2019_2200_L1C_SGP.tif,Gujarat,Morbi,22.8173,70.8368,26.01
3DIMG_07NOV2019_2200_L1C_SGP.tif,INSAT3D_TIR1_India/3DIMG_07NOV2019_2200_L1C_SGP.tif,Gujarat,Narmada,21.8719,73.5028,12.18
3DIMG_07NOV2019_2200_L1C_SGP.tif,INSAT3D_TIR1_India/3DIMG_07NOV2019_2200_L1C_SGP.tif,Gujarat,Navsari,20.9467,72.952,0.11
3DIMG_07NOV2019_2200_L1C_SGP.tif,INSAT3D_TIR1_India/3DIMG_07NOV2019_2200_L1C_SGP.tif,Gujarat,Panchmahal,22.778,73.6143,8.66
3DIMG_07NOV2019_2200_L1C_SGP.tif,INSAT3D_TIR1_India/3DIMG_07NOV2019_2200_L1C_SGP.tif,Gujarat,Patan,23.8493,72.1266,23.96
3DIMG_07NOV2019_2200_L1C_SGP.tif,INSAT3D_TIR1_India/3DIMG_07NOV2019_2200_L1C_SGP.tif,Gujarat,Porbandar,21.6417,69.6293,29.33
3DIMG_07NOV2019_2200_L1C_SGP.tif,INSAT3D_TIR1_India/3DIMG_07NOV2019_2200_L1C_SGP.tif,Gujarat,Rajkot,22.3039,70.8022,23.59
3DIMG_07NOV2019_2200_L1C_SGP.tif,INSAT3D_TIR1_India/3DIMG_07NOV2019_2200_L1C_SGP.tif,Gujarat,Sabarkantha,23.5977,72.9688,22.76
3DIMG_07NOV2019_2200_L1C_SGP.tif,INSAT3D_TIR1_India/3DIMG_07NOV2019_2200_L1C_SGP.tif,Gujarat,Surat,21.1702,72.8311,0.21
3DIMG_07NOV2019_2200_L1C_SGP.tif,INSAT3D_TIR1_India/3DIMG_07NOV2019_2200_L1C_SGP.tif,Gujarat,Surendranagar,22.7274,71.637,28.29
3DIMG_07NOV2019_2200_L1C_SGP.tif,INSAT3D_TIR1_India/3DIMG_07NOV2019_2200_L1C_SGP.tif,Gujarat,Tapi,21.1147,73.3986,0.0
3DIMG_07NOV2019_2200_L1C_SGP.tif,INSAT3D_TIR1_India/3DIMG_07NOV2019_2200_L1C_SGP.tif,Gujarat,Vadodara,22.3072,73.1812,0.0
3DIMG_07NOV2019_2200_L1C_SGP.tif,INSAT3D_TIR1_India/3DIMG_07NOV2019_2200_L1C_SGP.tif,Gujarat,Valsad,20.5992,72.9342,4.46
3DIMG_07NOV2019_2230_L1C_SGP.tif,INSAT3D_TIR1_India/3DIMG_07NOV2019_2230_L1C_SGP.tif,Gujarat,Ahmedabad,23.0225,72.5714,15.34
3DIMG_07NOV2019_2230_L1C_SGP.tif,INSAT3D_TIR1_India/3DIMG_07NOV2019_2230_L1C_SGP.tif,Gujarat,Amreli,21.6032,71.2221,26.67
3DIMG_07NOV2019_2230_L1C_SGP.tif,INSAT3D_TIR1_India/3DIMG_07NOV2019_2230_L1C_SGP.tif,Gujarat,Anand,22.5645,72.9289,12.57
3DIMG_07NOV2019_2230_L1C_SGP.tif,INSAT3D_TIR1_India/3DIMG_07NOV2019_2230_L1C_SGP.tif,Gujarat,Aravalli,23.4619,73.3039,10.2
3DIMG_07NOV2019_2230_L1C_SGP.tif,INSAT3D_TIR1_India/3DIMG_07NOV2019_2230_L1C_SGP.tif,Gujarat,Banaskantha,24.1724,72.4346,24.18
3DIMG_07NOV2019_2230_L1C_SGP.tif,INSAT3D_TIR1_India/3DIMG_07NOV2019_2230_L1C_SGP.tif,Gujarat,Bharuch,21.7051,72.9959,2.76
3DIMG_07NOV2019_2230_L1C_SGP.tif,INSAT3D_TIR1_India/3DIMG_07NOV2019_2230_L1C_SGP.tif,Gujarat,Bhavnagar,21.7645,72.1519,19.63
3DIMG_07NOV2019_2230_L1C_SGP.tif,INSAT3D_TIR1_India/3DIMG_07NOV2019_2230_L1C_SGP.tif,Gujarat,Botad,22.1704,71.6662,24.12
3DIMG_07NOV2019_2230_L1C_SGP.tif,INSAT3D_TIR1_India/3DIMG_07NOV2019_2230_L1C_SGP.tif,Gujarat,Chhota Udepur,22.3108,74.0125,19.55
3DIMG_07NOV2019_2230_L1C_SGP.tif,INSAT3D_TIR1_India/3DIMG_07NOV2019_2230_L1C_SGP.tif,Gujarat,Dahod,22.8347,74.2552,12.62
3DIMG_07NOV2019_2230_L1C_SGP.tif,INSAT3D_TIR1_India/3DIMG_07NOV2019_2230_L1C_SGP.tif,Gujarat,Dang,20.7554,73.6873,10.64
3DIMG_07NOV2019_2230_L1C_SGP.tif,INSAT3D_TIR1_India/3DIMG_07NOV2019_2230_L1C_SGP.tif,Gujarat,Devbhumi Dwarka,22.2078,69.6582,22.86
3DIMG_07NOV2019_2230_L1C_SGP.tif,INSAT3D_TIR1_India/3DIMG_07NOV2019_2230_L1C_SGP.tif,Gujarat,Gandhinagar,23.2156,72.6369,19.71
3DIMG_07NOV2019_2230_L1C_SGP.tif,INSAT3D_TIR1_India/3DIMG_07NOV2019_2230_L1C_SGP.tif,Gujarat,Gir Somnath,20.9042,70.3644,30.26
3DIMG_07NOV2019_2230_L1C_SGP.tif,INSAT3D_TIR1_India/3DIMG_07NOV2019_2230_L1C_SGP.tif,Gujarat,Jamnagar,22.4707,70.0577,25.09
3DIMG_07NOV2019_2230_L1C_SGP.tif,INSAT3D_TIR1_India/3DIMG_07NOV2019_2230_L1C_SGP.tif,Gujarat,Junagadh,21.5222,70.4579,28.92
3DIMG_07NOV2019_2230_L1C_SGP.tif,INSAT3D_TIR1_India/3DIMG_07NOV2019_2230_L1C_SGP.tif,Gujarat,Kheda,22.6916,72.8634,14.1
3DIMG_07NOV2019_2230_L1C_SGP.tif,INSAT3D_TIR1_India/3DIMG_07NOV2019_2230_L1C_SGP.tif,Gujarat,Kutch (Bhuj),23.242,69.6669,23.32
3DIMG_07NOV2019_2230_L1C_SGP.tif,INSAT3D_TIR1_India/3DIMG_07NOV2019_2230_L1C_SGP.tif,Gujarat,Mahisagar,23.1311,73.6009,8.55
3DIMG_07NOV2019_2230_L1C_SGP.tif,INSAT3D_TIR1_India/3DIMG_07NOV2019_2230_L1C_SGP.tif,Gujarat,Mehsana,23.588,72.3693,22.93
3DIMG_07NOV2019_2230_L1C_SGP.tif,INSAT3D_TIR1_India/3DIMG_07NOV2019_2230_L1C_SGP.tif,Gujarat,Morbi,22.8173,70.8368,25.93
3DIMG_07NOV2019_2230_L1C_SGP.tif,INSAT3D_TIR1_India/3DIMG_07NOV2019_2230_L1C_SGP.tif,Gujarat,Narmada,21.8719,73.5028,2.86
3DIMG_07NOV2019_2230_L1C_SGP.tif,INSAT3D_TIR1_India/3DIMG_07NOV2019_2230_L1C_SGP.tif,Gujarat,Navsari,20.9467,72.952,0.11
3DIMG_07NOV2019_2230_L1C_SGP.tif,INSAT3D_TIR1_India/3DIMG_07NOV2019_2230_L1C_SGP.tif,Gujarat,Panchmahal,22.778,73.6143,5.77
3DIMG_07NOV2019_2230_L1C_SGP.tif,INSAT3D_TIR1_India/3DIMG_07NOV2019_2230_L1C_SGP.tif,Gujarat,Patan,23.8493,72.1266,24.21
3DIMG_07NOV2019_2230_L1C_SGP.tif,INSAT3D_TIR1_India/3DIMG_07NOV2019_2230_L1C_SGP.tif,Gujarat,Porbandar,21.6417,69.6293,30.68
3DIMG_07NOV2019_2230_L1C_SGP.tif,INSAT3D_TIR1_India/3DIMG_07NOV2019_2230_L1C_SGP.tif,Gujarat,Rajkot,22.3039,70.8022,23.53
3DIMG_07NOV2019_2230_L1C_SGP.tif,INSAT3D_TIR1_India/3DIMG_07NOV2019_2230_L1C_SGP.tif,Gujarat,Sabarkantha,23.5977,72.9688,23.74
3DIMG_07NOV2019_2230_L1C_SGP.tif,INSAT3D_TIR1_India/3DIMG_07NOV2019_2230_L1C_SGP.tif,Gujarat,Surat,21.1702,72.8311,0.21
3DIMG_07NOV2019_2230_L1C_SGP.tif,INSAT3D_TIR1_India/3DIMG_07NOV2019_2230_L1C_SGP.tif,Gujarat,Surendranagar,22.7274,71.637,28.65
3DIMG_07NOV2019_2230_L1C_SGP.tif,INSAT3D_TIR1_India/3DIMG_07NOV2019_2230_L1C_SGP.tif,Gujarat,Tapi,21.1147,73.3986,0.0
3DIMG_07NOV2019_2230_L1C_SGP.tif,INSAT3D_TIR1_India/3DIMG_07NOV2019_2230_L1C_SGP.tif,Gujarat,Vadodara,22.3072,73.1812,0.0
3DIMG_07NOV2019_2230_L1C_SGP.tif,INSAT3D_TIR1_India/3DIMG_07NOV2019_2230_L1C_SGP.tif,Gujarat,Valsad,20.5992,72.9342,2.39
3DIMG_07NOV2019_2300_L1C_SGP.tif,INSAT3D_TIR1_India/3DIMG_07NOV2019_2300_L1C_SGP.tif,Gujarat,Ahmedabad,23.0225,72.5714,19.73
3DIMG_07NOV2019_2300_L1C_SGP.tif,INSAT3D_TIR1_India/3DIMG_07NOV2019_2300_L1C_SGP.tif,Gujarat,Amreli,21.6032,71.2221,27.05
3DIMG_07NOV2019_2300_L1C_SGP.tif,INSAT3D_TIR1_India/3DIMG_07NOV2019_2300_L1C_SGP.tif,Gujarat,Anand,22.5645,72.9289,13.02
3DIMG_07NOV2019_2300_L1C_SGP.tif,INSAT3D_TIR1_India/3DIMG_07NOV2019_2300_L1C_SGP.tif,Gujarat,Aravalli,23.4619,73.3039,13.08
3DIMG_07NOV2019_2300_L1C_SGP.tif,INSAT3D_TIR1_India/3DIMG_07NOV2019_2300_L1C_SGP.tif,Gujarat,Banaskantha,24.1724,72.4346,22.93
3DIMG_07NOV2019_2300_L1C_SGP.tif,INSAT3D_TIR1_India/3DIMG_07NOV2019_2300_L1C_SGP.tif,Gujarat,Bharuch,21.7051,72.9959,13.26
3DIMG_07NOV2019_2300_L1C_SGP.tif,INSAT3D_TIR1_India/3DIMG_07NOV2019_2300_L1C_SGP.tif,Gujarat,Bhavnagar,21.7645,72.1519,19.13
3DIMG_07NOV2019_2300_L1C_SGP.tif,INSAT3D_TIR1_India/3DIMG_07NOV2019_2300_L1C_SGP.tif,Gujarat,Botad,22.1704,71.6662,23.85
3DIMG_07NOV2019_2300_L1C_SGP.tif,INSAT3D_TIR1_India/3DIMG_07NOV2019_2300_L1C_SGP.tif,Gujarat,Chhota Udepur,22.3108,74.0125,18.53
3DIMG_07NOV2019_2300_L1C_SGP.tif,INSAT3D_TIR1_India/3DIMG_07NOV2019_2300_L1C_SGP.tif,Gujarat,Dahod,22.8347,74.2552,13.4
3DIMG_07NOV2019_2300_L1C_SGP.tif,INSAT3D_TIR1_India/3DIMG_07NOV2019_2300_L1C_SGP.tif,Gujarat,Dang,20.7554,73.6873,0.0
3DIMG_07NOV2019_2300_L1C_SGP.tif,INSAT3D_TIR1_India/3DIMG_07NOV2019_2300_L1C_SGP.tif,Gujarat,Devbhumi Dwarka,22.2078,69.6582,23.61
3DIMG_07NOV2019_2300_L1C_SGP.tif,INSAT3D_TIR1_India/3DIMG_07NOV2019_2300_L1C_SGP.tif,Gujarat,Gandhinagar,23.2156,72.6369,24.33
3DIMG_07NOV2019_2300_L1C_SGP.tif,INSAT3D_TIR1_India/3DIMG_07NOV2019_2300_L1C_SGP.tif,Gujarat,Gir Somnath,20.9042,70.3644,29.32
3DIMG_07NOV2019_2300_L1C_SGP.tif,INSAT3D_TIR1_India/3DIMG_07NOV2019_2300_L1C_SGP.tif,Gujarat,Jamnagar,22.4707,70.0577,25.57
3DIMG_07NOV2019_2300_L1C_SGP.tif,INSAT3D_TIR1_India/3DIMG_07NOV2019_2300_L1C_SGP.tif,Gujarat,Junagadh,21.5222,70.4579,28.79
3DIMG_07NOV2019_2300_L1C_SGP.tif,INSAT3D_TIR1_India/3DIMG_07NOV2019_2300_L1C_SGP.tif,Gujarat,Kheda,22.6916,72.8634,14.0
3DIMG_07NOV2019_2300_L1C_SGP.tif,INSAT3D_TIR1_India/3DIMG_07NOV2019_2300_L1C_SGP.tif,Gujarat,Kutch (Bhuj),23.242,69.6669,22.82
3DIMG_07NOV2019_2300_L1C_SGP.tif,INSAT3D_TIR1_India/3DIMG_07NOV2019_2300_L1C_SGP.tif,Gujarat,Mahisagar,23.1311,73.6009,5.7
3DIMG_07NOV2019_2300_L1C_SGP.tif,INSAT3D_TIR1_India/3DIMG_07NOV2019_2300_L1C_SGP.tif,Gujarat,Mehsana,23.588,72.3693,21.16
3DIMG_07NOV2019_2300_L1C_SGP.tif,INSAT3D_TIR1_India/3DIMG_07NOV2019_2300_L1C_SGP.tif,Gujarat,Morbi,22.8173,70.8368,26.03
3DIMG_07NOV2019_2300_L1C_SGP.tif,INSAT3D_TIR1_India/3DIMG_07NOV2019_2300_L1C_SGP.tif,Gujarat,Narmada,21.8719,73.5028,3.96
3DIMG_07NOV2019_2300_L1C_SGP.tif,INSAT3D_TIR1_India/3DIMG_07NOV2019_2300_L1C_SGP.tif,Gujarat,Navsari,20.9467,72.952,0.11
3DIMG_07NOV2019_2300_L1C_SGP.tif,INSAT3D_TIR1_India/3DIMG_07NOV2019_2300_L1C_SGP.tif,Gujarat,Panchmahal,22.778,73.6143,6.34
3DIMG_07NOV2019_2300_L1C_SGP.tif,INSAT3D_TIR1_India/3DIMG_07NOV2019_2300_L1C_SGP.tif,Gujarat,Patan,23.8493,72.1266,24.49
3DIMG_07NOV2019_2300_L1C_SGP.tif,INSAT3D_TIR1_India/3DIMG_07NOV2019_2300_L1C_SGP.tif,Gujarat,Porbandar,21.6417,69.6293,28.78
3DIMG_07NOV2019_2300_L1C_SGP.tif,INSAT3D_TIR1_India/3DIMG_07NOV2019_2300_L1C_SGP.tif,Gujarat,Rajkot,22.3039,70.8022,24.34
3DIMG_07NOV2019_2300_L1C_SGP.tif,INSAT3D_TIR1_India/3DIMG_07NOV2019_2300_L1C_SGP.tif,Gujarat,Sabarkantha,23.5977,72.9688,24.38
3DIMG_07NOV2019_2300_L1C_SGP.tif,INSAT3D_TIR1_India/3DIMG_07NOV2019_2300_L1C_SGP.tif,Gujarat,Surat,21.1702,72.8311,0.21
3DIMG_07NOV2019_2300_L1C_SGP.tif,INSAT3D_TIR1_India/3DIMG_07NOV2019_2300_L1C_SGP.tif,Gujarat,Surendranagar,22.7274,71.637,29.34
3DIMG_07NOV2019_2300_L1C_SGP.tif,INSAT3D_TIR1_India/3DIMG_07NOV2019_2300_L1C_SGP.tif,Gujarat,Tapi,21.1147,73.3986,1.4
3DIMG_07NOV2019_2300_L1C_SGP.tif,INSAT3D_TIR1_India/3DIMG_07NOV2019_2300_L1C_SGP.tif,Gujarat,Vadodara,22.3072,73.1812,2.08
3DIMG_07NOV2019_2300_L1C_SGP.tif,INSAT3D_TIR1_India/3DIMG_07NOV2019_2300_L1C_SGP.tif,Gujarat,Valsad,20.5992,72.9342,13.79
3DIMG_07NOV2019_2330_L1C_SGP.tif,INSAT3D_TIR1_India/3DIMG_07NOV2019_2330_L1C_SGP.tif,Gujarat,Ahmedabad,23.0225,72.5714,24.94
3DIMG_07NOV2019_2330_L1C_SGP.tif,INSAT3D_TIR1_India/3DIMG_07NOV2019_2330_L1C_SGP.tif,Gujarat,Amreli,21.6032,71.2221,27.27
3DIMG_07NOV2019_2330_L1C_SGP.tif,INSAT3D_TIR1_India/3DIMG_07NOV2019_2330_L1C_SGP.tif,Gujarat,Anand,22.5645,72.9289,14.57
3DIMG_07NOV2019_2330_L1C_SGP.tif,INSAT3D_TIR1_India/3DIMG_07NOV2019_2330_L1C_SGP.tif,Gujarat,Aravalli,23.4619,73.3039,16.75
3DIMG_07NOV2019_2330_L1C_SGP.tif,INSAT3D_TIR1_India/3DIMG_07NOV2019_2330_L1C_SGP.tif,Gujarat,Banaskantha,24.1724,72.4346,25.12
3DIMG_07NOV2019_2330_L1C_SGP.tif,INSAT3D_TIR1_India/3DIMG_07NOV2019_2330_L1C_SGP.tif,Gujarat,Bharuch,21.7051,72.9959,20.13
3DIMG_07NOV2019_2330_L1C_SGP.tif,INSAT3D_TIR1_India/3DIMG_07NOV2019_2330_L1C_SGP.tif,Gujarat,Bhavnagar,21.7645,72.1519,17.74
3DIMG_07NOV2019_2330_L1C_SGP.tif,INSAT3D_TIR1_India/3DIMG_07NOV2019_2330_L1C_SGP.tif,Gujarat,Botad,22.1704,71.6662,25.29
3DIMG_07NOV2019_2330_L1C_SGP.tif,INSAT3D_TIR1_India/3DIMG_07NOV2019_2330_L1C_SGP.tif,Gujarat,Chhota Udepur,22.3108,74.0125,14.08
3DIMG_07NOV2019_2330_L1C_SGP.tif,INSAT3D_TIR1_India/3DIMG_07NOV2019_2330_L1C_SGP.tif,Gujarat,Dahod,22.8347,74.2552,13.05
3DIMG_07NOV2019_2330_L1C_SGP.tif,INSAT3D_TIR1_India/3DIMG_07NOV2019_2330_L1C_SGP.tif,Gujarat,Dang,20.7554,73.6873,11.81
3DIMG_07NOV2019_2330_L1C_SGP.tif,INSAT3D_TIR1_India/3DIMG_07NOV2019_2330_L1C_SGP.tif,Gujarat,Devbhumi Dwarka,22.2078,69.6582,23.51
3DIMG_07NOV2019_2330_L1C_SGP.tif,INSAT3D_TIR1_India/3DIMG_07NOV2019_2330_L1C_SGP.tif,Gujarat,Gandhinagar,23.2156,72.6369,25.36
3DIMG_07NOV2019_2330_L1C_SGP.tif,INSAT3D_TIR1_India/3DIMG_07NOV2019_2330_L1C_SGP.tif,Gujarat,Gir Somnath,20.9042,70.3644,29.82
3DIMG_07NOV2019_2330_L1C_SGP.tif,INSAT3D_TIR1_India/3DIMG_07NOV2019_2330_L1C_SGP.tif,Gujarat,Jamnagar,22.4707,70.0577,26.05
3DIMG_07NOV2019_2330_L1C_SGP.tif,INSAT3D_TIR1_India/3DIMG_07NOV2019_2330_L1C_SGP.tif,Gujarat,Junagadh,21.5222,70.4579,29.5
3DIMG_07NOV2019_2330_L1C_SGP.tif,INSAT3D_TIR1_India/3DIMG_07NOV2019_2330_L1C_SGP.tif,Gujarat,Kheda,22.6916,72.8634,15.4
3DIMG_07NOV2019_2330_L1C_SGP.tif,INSAT3D_TIR1_India/3DIMG_07NOV2019_2330_L1C_SGP.tif,Gujarat,Kutch (Bhuj),23.242,69.6669,23.3
3DIMG_07NOV2019_2330_L1C_SGP.tif,INSAT3D_TIR1_India/3DIMG_07NOV2019_2330_L1C_SGP.tif,Gujarat,Mahisagar,23.1311,73.6009,5.87
3DIMG_07NOV2019_2330_L1C_SGP.tif,INSAT3D_TIR1_India/3DIMG_07NOV2019_2330_L1C_SGP.tif,Gujarat,Mehsana,23.588,72.3693,23.88
3DIMG_07NOV2019_2330_L1C_SGP.tif,INSAT3D_TIR1_India/3DIMG_07NOV2019_2330_L1C_SGP.tif,Gujarat,Morbi,22.8173,70.8368,25.43
3DIMG_07NOV2019_2330_L1C_SGP.tif,INSAT3D_TIR1_India/3DIMG_07NOV2019_2330_L1C_SGP.tif,Gujarat,Narmada,21.8719,73.5028,14.11
3DIMG_07NOV2019_2330_L1C_SGP.tif,INSAT3D_TIR1_India/3DIMG_07NOV2019_2330_L1C_SGP.tif,Gujarat,Navsari,20.9467,72.952,6.47
3DIMG_07NOV2019_2330_L1C_SGP.tif,INSAT3D_TIR1_India/3DIMG_07NOV2019_2330_L1C_SGP.tif,Gujarat,Panchmahal,22.778,73.6143,10.41
3DIMG_07NOV2019_2330_L1C_SGP.tif,INSAT3D_TIR1_India/3DIMG_07NOV2019_2330_L1C_SGP.tif,Gujarat,Patan,23.8493,72.1266,22.02
3DIMG_07NOV2019_2330_L1C_SGP.tif,INSAT3D_TIR1_India/3DIMG_07NOV2019_2330_L1C_SGP.tif,Gujarat,Porbandar,21.6417,69.6293,29.83
3DIMG_07NOV2019_2330_L1C_SGP.tif,INSAT3D_TIR1_India/3DIMG_07NOV2019_2330_L1C_SGP.tif,Gujarat,Rajkot,22.3039,70.8022,24.58
3DIMG_07NOV2019_2330_L1C_SGP.tif,INSAT3D_TIR1_India/3DIMG_07NOV2019_2330_L1C_SGP.tif,Gujarat,Sabarkantha,23.5977,72.9688,25.43
3DIMG_07NOV2019_2330_L1C_SGP.tif,INSAT3D_TIR1_India/3DIMG_07NOV2019_2330_L1C_SGP.tif,Gujarat,Surat,21.1702,72.8311,9.41
3DIMG_07NOV2019_2330_L1C_SGP.tif,INSAT3D_TIR1_India/3DIMG_07NOV2019_2330_L1C_SGP.tif,Gujarat,Surendranagar,22.7274,71.637,29.5
3DIMG_07NOV2019_2330_L1C_SGP.tif,INSAT3D_TIR1_India/3DIMG_07NOV2019_2330_L1C_SGP.tif,Gujarat,Tapi,21.1147,73.3986,5.62
3DIMG_07NOV2019_2330_L1C_SGP.tif,INSAT3D_TIR1_India/3DIMG_07NOV2019_2330_L1C_SGP.tif,Gujarat,Vadodara,22.3072,73.1812,11.03
3DIMG_07NOV2019_2330_L1C_SGP.tif,INSAT3D_TIR1_India/3DIMG_07NOV2019_2330_L1C_SGP.tif,Gujarat,Valsad,20.5992,72.9342,19.91
3DIMG_07NOV2019_0000_L1C_SGP_vis.tif,INSAT3D_VIS_India/3DIMG_07NOV2019_0000_L1C_SGP_vis.tif,Gujarat,Ahmedabad,23.0225,72.5714,4.0
3DIMG_07NOV2019_0000_L1C_SGP_vis.tif,INSAT3D_VIS_India/3DIMG_07NOV2019_0000_L1C_SGP_vis.tif,Gujarat,Amreli,21.6032,71.2221,5.0
3DIMG_07NOV2019_0000_L1C_SGP_vis.tif,INSAT3D_VIS_India/3DIMG_07NOV2019_0000_L1C_SGP_vis.tif,Gujarat,Anand,22.5645,72.9289,4.9
3DIMG_07NOV2019_0000_L1C_SGP_vis.tif,INSAT3D_VIS_India/3DIMG_07NOV2019_0000_L1C_SGP_vis.tif,Gujarat,Aravalli,23.4619,73.3039,3.9
3DIMG_07NOV2019_0000_L1C_SGP_vis.tif,INSAT3D_VIS_India/3DIMG_07NOV2019_0000_L1C_SGP_vis.tif,Gujarat,Banaskantha,24.1724,72.4346,0.0
3DIMG_07NOV2019_0000_L1C_SGP_vis.tif,INSAT3D_VIS_India/3DIMG_07NOV2019_0000_L1C_SGP_vis.tif,Gujarat,Bharuch,21.7051,72.9959,0.0
3DIMG_07NOV2019_0000_L1C_SGP_vis.tif,INSAT3D_VIS_India/3DIMG_07NOV2019_0000_L1C_SGP_vis.tif,Gujarat,Bhavnagar,21.7645,72.1519,2.6
3DIMG_07NOV2019_0000_L1C_SGP_vis.tif,INSAT3D_VIS_India/3DIMG_07NOV2019_0000_L1C_SGP_vis.tif,Gujarat,Botad,22.1704,71.6662,1.6
3DIMG_07NOV2019_0000_L1C_SGP_vis.tif,INSAT3D_VIS_India/3DIMG_07NOV2019_0000_L1C_SGP_vis.tif,Gujarat,Chhota Udepur,22.3108,74.0125,0.0
3DIMG_07NOV2019_0000_L1C_SGP_vis.tif,INSAT3D_VIS_India/3DIMG_07NOV2019_0000_L1C_SGP_vis.tif,Gujarat,Dahod,22.8347,74.2552,3.2
3DIMG_07NOV2019_0000_L1C_SGP_vis.tif,INSAT3D_VIS_India/3DIMG_07NOV2019_0000_L1C_SGP_vis.tif,Gujarat,Dang,20.7554,73.6873,0.0
3DIMG_07NOV2019_0000_L1C_SGP_vis.tif,INSAT3D_VIS_India/3DIMG_07NOV2019_0000_L1C_SGP_vis.tif,Gujarat,Devbhumi Dwarka,22.2078,69.6582,2.8
3DIMG_07NOV2019_0000_L1C_SGP_vis.tif,INSAT3D_VIS_India/3DIMG_07NOV2019_0000_L1C_SGP_vis.tif,Gujarat,Gandhinagar,23.2156,72.6369,2.6
3DIMG_07NOV2019_0000_L1C_SGP_vis.tif,INSAT3D_VIS_India/3DIMG_07NOV2019_0000_L1C_SGP_vis.tif,Gujarat,Gir Somnath,20.9042,70.3644,4.0
3DIMG_07NOV2019_0000_L1C_SGP_vis.tif,INSAT3D_VIS_India/3DIMG_07NOV2019_0000_L1C_SGP_vis.tif,Gujarat,Jamnagar,22.4707,70.0577,3.1
3DIMG_07NOV2019_0000_L1C_SGP_vis.tif,INSAT3D_VIS_India/3DIMG_07NOV2019_0000_L1C_SGP_vis.tif,Gujarat,Junagadh,21.5222,70.4579,1.3
3DIMG_07NOV2019_0000_L1C_SGP_vis.tif,INSAT3D_VIS_India/3DIMG_07NOV2019_0000_L1C_SGP_vis.tif,Gujarat,Kheda,22.6916,72.8634,3.3
3DIMG_07NOV2019_0000_L1C_SGP_vis.tif,INSAT3D_VIS_India/3DIMG_07NOV2019_0000_L1C_SGP_vis.tif,Gujarat,Kutch (Bhuj),23.242,69.6669,2.9
3DIMG_07NOV2019_0000_L1C_SGP_vis.tif,INSAT3D_VIS_India/3DIMG_07NOV2019_0000_L1C_SGP_vis.tif,Gujarat,Mahisagar,23.1311,73.6009,1.2
3DIMG_07NOV2019_0000_L1C_SGP_vis.tif,INSAT3D_VIS_India/3DIMG_07NOV2019_0000_L1C_SGP_vis.tif,Gujarat,Mehsana,23.588,72.3693,3.7
3DIMG_07NOV2019_0000_L1C_SGP_vis.tif,INSAT3D_VIS_India/3DIMG_07NOV2019_0000_L1C_SGP_vis.tif,Gujarat,Morbi,22.8173,70.8368,0.3
3DIMG_07NOV2019_0000_L1C_SGP_vis.tif,INSAT3D_VIS_India/3DIMG_07NOV2019_0000_L1C_SGP_vis.tif,Gujarat,Narmada,21.8719,73.5028,0.0
3DIMG_07NOV2019_0000_L1C_SGP_vis.tif,INSAT3D_VIS_India/3DIMG_07NOV2019_0000_L1C_SGP_vis.tif,Gujarat,Navsari,20.9467,72.952,4.8
3DIMG_07NOV2019_0000_L1C_SGP_vis.tif,INSAT3D_VIS_India/3DIMG_07NOV2019_0000_L1C_SGP_vis.tif,Gujarat,Panchmahal,22.778,73.6143,0.0
3DIMG_07NOV2019_0000_L1C_SGP_vis.tif,INSAT3D_VIS_India/3DIMG_07NOV2019_0000_L1C_SGP_vis.tif,Gujarat,Patan,23.8493,72.1266,3.6
3DIMG_07NOV2019_0000_L1C_SGP_vis.tif,INSAT3D_VIS_India/3DIMG_07NOV2019_0000_L1C_SGP_vis.tif,Gujarat,Porbandar,21.6417,69.6293,4.9
3DIMG_07NOV2019_0000_L1C_SGP_vis.tif,INSAT3D_VIS_India/3DIMG_07NOV2019_0000_L1C_SGP_vis.tif,Gujarat,Rajkot,22.3039,70.8022,2.8
3DIMG_07NOV2019_0000_L1C_SGP_vis.tif,INSAT3D_VIS_India/3DIMG_07NOV2019_0000_L1C_SGP_vis.tif,Gujarat,Sabarkantha,23.5977,72.9688,0.0
3DIMG_07NOV2019_0000_L1C_SGP_vis.tif,INSAT3D_VIS_India/3DIMG_07NOV2019_0000_L1C_SGP_vis.tif,Gujarat,Surat,21.1702,72.8311,2.5
3DIMG_07NOV2019_0000_L1C_SGP_vis.tif,INSAT3D_VIS_India/3DIMG_07NOV2019_0000_L1C_SGP_vis.tif,Gujarat,Surendranagar,22.7274,71.637,0.5
3DIMG_07NOV2019_0000_L1C_SGP_vis.tif,INSAT3D_VIS_India/3DIMG_07NOV2019_0000_L1C_SGP_vis.tif,Gujarat,Tapi,21.1147,73.3986,3.7
3DIMG_07NOV2019_0000_L1C_SGP_vis.tif,INSAT3D_VIS_India/3DIMG_07NOV2019_0000_L1C_SGP_vis.tif,Gujarat,Vadodara,22.3072,73.1812,0.0
3DIMG_07NOV2019_0000_L1C_SGP_vis.tif,INSAT3D_VIS_India/3DIMG_07NOV2019_0000_L1C_SGP_vis.tif,Gujarat,Valsad,20.5992,72.9342,0.0
3DIMG_07NOV2019_0030_L1C_SGP_vis.tif,INSAT3D_VIS_India/3DIMG_07NOV2019_0030_L1C_SGP_vis.tif,Gujarat,Ahmedabad,23.0225,72.5714,0.0
3DIMG_07NOV2019_0030_L1C_SGP_vis.tif,INSAT3D_VIS_India/3DIMG_07NOV2019_0030_L1C_SGP_vis.tif,Gujarat,Amreli,21.6032,71.2221,4.6
3DIMG_07NOV2019_0030_L1C_SGP_vis.tif,INSAT3D_VIS_India/3DIMG_07NOV2019_0030_L1C_SGP_vis.tif,Gujarat,Anand,22.5645,72.9289,4.4
3DIMG_07NOV2019_0030_L1C_SGP_vis.tif,INSAT3D_VIS_India/3DIMG_07NOV2019_0030_L1C_SGP_vis.tif,Gujarat,Aravalli,23.4619,73.3039,0.0
3DIMG_07NOV2019_0030_L1C_SGP_vis.tif,INSAT3D_VIS_India/3DIMG_07NOV2019_0030_L1C_SGP_vis.tif,Gujarat,Banaskantha,24.1724,72.4346,0.0
3DIMG_07NOV2019_0030_L1C_SGP_vis.tif,INSAT3D_VIS_India/3DIMG_07NOV2019_0030_L1C_SGP_vis.tif,Gujarat,Bharuch,21.7051,72.9959,0.4
3DIMG_07NOV2019_0030_L1C_SGP_vis.tif,INSAT3D_VIS_India/3DIMG_07NOV2019_0030_L1C_SGP_vis.tif,Gujarat,Bhavnagar,21.7645,72.1519,0.3
3DIMG_07NOV2019_0030_L1C_SGP_vis.tif,INSAT3D_VIS_India/3DIMG_07NOV2019_0030_L1C_SGP_vis.tif,Gujarat,Botad,22.1704,71.6662,0.0
3DIMG_07NOV2019_0030_L1C_SGP_vis.tif,INSAT3D_VIS_India/3DIMG_07NOV2019_0030_L1C_SGP_vis.tif,Gujarat,Chhota Udepur,22.3108,74.0125,5.9
3DIMG_07NOV2019_0030_L1C_SGP_vis.tif,INSAT3D_VIS_India/3DIMG_07NOV2019_0030_L1C_SGP_vis.tif,Gujarat,Dahod,22.8347,74.2552,0.3
3DIMG_07NOV2019_0030_L1C_SGP_vis.tif,INSAT3D_VIS_India/3DIMG_07NOV2019_0030_L1C_SGP_vis.tif,Gujarat,Dang,20.7554,73.6873,0.0
3DIMG_07NOV2019_0030_L1C_SGP_vis.tif,INSAT3D_VIS_India/3DIMG_07NOV2019_0030_L1C_SGP_vis.tif,Gujarat,Devbhumi Dwarka,22.2078,69.6582,3.4
3DIMG_07NOV2019_0030_L1C_SGP_vis.tif,INSAT3D_VIS_India/3DIMG_07NOV2019_0030_L1C_SGP_vis.tif,Gujarat,Gandhinagar,23.2156,72.6369,4.1
3DIMG_07NOV2019_0030_L1C_SGP_vis.tif,INSAT3D_VIS_India/3DIMG_07NOV2019_0030_L1C_SGP_vis.tif,Gujarat,Gir Somnath,20.9042,70.3644,0.0
3DIMG_07NOV2019_0030_L1C_SGP_vis.tif,INSAT3D_VIS_India/3DIMG_07NOV2019_0030_L1C_SGP_vis.tif,Gujarat,Jamnagar,22.4707,70.0577,4.3
3DIMG_07NOV2019_0030_L1C_SGP_vis.tif,INSAT3D_VIS_India/3DIMG_07NOV2019_0030_L1C_SGP_vis.tif,Gujarat,Junagadh,21.5222,70.4579,2.4
3DIMG_07NOV2019_0030_L1C_SGP_vis.tif,INSAT3D_VIS_India/3DIMG_07NOV2019_0030_L1C_SGP_vis.tif,Gujarat,Kheda,22.6916,72.8634,3.9
3DIMG_07NOV2019_0030_L1C_SGP_vis.tif,INSAT3D_VIS_India/3DIMG_07NOV2019_0030_L1C_SGP_vis.tif,Gujarat,Kutch (Bhuj),23.242,69.6669,0.0
3DIMG_07NOV2019_0030_L1C_SGP_vis.tif,INSAT3D_VIS_India/3DIMG_07NOV2019_0030_L1C_SGP_vis.tif,Gujarat,Mahisagar,23.1311,73.6009,3.3
3DIMG_07NOV2019_0030_L1C_SGP_vis.tif,INSAT3D_VIS_India/3DIMG_07NOV2019_0030_L1C_SGP_vis.tif,Gujarat,Mehsana,23.588,72.3693,1.6
3DIMG_07NOV2019_0030_L1C_SGP_vis.tif,INSAT3D_VIS_India/3DIMG_07NOV2019_0030_L1C_SGP_vis.tif,Gujarat,Morbi,22.8173,70.8368,2.6
3DIMG_07NOV2019_0030_L1C_SGP_vis.tif,INSAT3D_VIS_India/3DIMG_07NOV2019_0030_L1C_SGP_vis.tif,Gujarat,Narmada,21.8719,73.5028,0.1
3DIMG_07NOV2019_0030_L1C_SGP_vis.tif,INSAT3D_VIS_India/3DIMG_07NOV2019_0030_L1C_SGP_vis.tif,Gujarat,Navsari,20.9467,72.952,3.3
3DIMG_07NOV2019_0030_L1C_SGP_vis.tif,INSAT3D_VIS_India/3DIMG_07NOV2019_0030_L1C_SGP_vis.tif,Gujarat,Panchmahal,22.778,73.6143,0.7
3DIMG_07NOV2019_0030_L1C_SGP_vis.tif,INSAT3D_VIS_India/3DIMG_07NOV2019_0030_L1C_SGP_vis.tif,Gujarat,Patan,23.8493,72.1266,2.2
3DIMG_07NOV2019_0030_L1C_SGP_vis.tif,INSAT3D_VIS_India/3DIMG_07NOV2019_0030_L1C_SGP_vis.tif,Gujarat,Porbandar,21.6417,69.6293,2.7
3DIMG_07NOV2019_0030_L1C_SGP_vis.tif,INSAT3D_VIS_India/3DIMG_07NOV2019_0030_L1C_SGP_vis.tif,Gujarat,Rajkot,22.3039,70.8022,0.0
3DIMG_07NOV2019_0030_L1C_SGP_vis.tif,INSAT3D_VIS_India/3DIMG_07NOV2019_0030_L1C_SGP_vis.tif,Gujarat,Sabarkantha,23.5977,72.9688,0.0
3DIMG_07NOV2019_0030_L1C_SGP_vis.tif,INSAT3D_VIS_India/3DIMG_07NOV2019_0030_L1C_SGP_vis.tif,Gujarat,Surat,21.1702,72.8311,2.2
3DIMG_07NOV2019_0030_L1C_SGP_vis.tif,INSAT3D_VIS_India/3DIMG_07NOV2019_0030_L1C_SGP_vis.tif,Gujarat,Surendranagar,22.7274,71.637,0.7
3DIMG_07NOV2019_0030_L1C_SGP_vis.tif,INSAT3D_VIS_India/3DIMG_07NOV2019_0030_L1C_SGP_vis.tif,Gujarat,Tapi,21.1147,73.3986,2.0
3DIMG_07NOV2019_0030_L1C_SGP_vis.tif,INSAT3D_VIS_India/3DIMG_07NOV2019_0030_L1C_SGP_vis.tif,Gujarat,Vadodara,22.3072,73.1812,0.0
3DIMG_07NOV2019_0030_L1C_SGP_vis.tif,INSAT3D_VIS_India/3DIMG_07NOV2019_0030_L1C_SGP_vis.tif,Gujarat,Valsad,20.5992,72.9342,3.7
3DIMG_07NOV2019_0100_L1C_SGP_vis.tif,INSAT3D_VIS_India/3DIMG_07NOV2019_0100_L1C_SGP_vis.tif,Gujarat,Ahmedabad,23.0225,72.5714,2.7
3DIMG_07NOV2019_0100_L1C_SGP_vis.tif,INSAT3D_VIS_India/3DIMG_07NOV2019_0100_L1C_SGP_vis.tif,Gujarat,Amreli,21.6032,71.2221,2.4
3DIMG_07NOV2019_0100_L1C_SGP_vis.tif,INSAT3D_VIS_India/3DIMG_07NOV2019_0100_L1C_SGP_vis.tif,Gujarat,Anand,22.5645,72.9289,0.0
3DIMG_07NOV2019_0100_L1C_SGP_vis.tif,INSAT3D_VIS_India/3DIMG_07NOV2019_0100_L1C_SGP_vis.tif,Gujarat,Aravalli,23.4619,73.3039,0.0
3DIMG_07NOV2019_0100_L1C_SGP_vis.tif,INSAT3D_VIS_India/3DIMG_07NOV2019_0100_L1C_SGP_vis.tif,Gujarat,Banaskantha,24.1724,72.4346,1.2
3DIMG_07NOV2019_0100_L1C_SGP_vis.tif,INSAT3D_VIS_India/3DIMG_07NOV2019_0100_L1C_SGP_vis.tif,Gujarat,Bharuch,21.7051,72.9959,0.0
3DIMG_07NOV2019_0100_L1C_SGP_vis.tif,INSAT3D_VIS_India/3DIMG_07NOV2019_0100_L1C_SGP_vis.tif,Gujarat,Bhavnagar,21.7645,72.1519,2.7
3DIMG_07NOV2019_0100_L1C_SGP_vis.tif,INSAT3D_VIS_India/3DIMG_07NOV2019_0100_L1C_SGP_vis.tif,Gujarat,Botad,22.1704,71.6662,0.0
3DIMG_07NOV2019_0100_L1C_SGP_vis.tif,INSAT3D_VIS_India/3DIMG_07NOV2019_0100_L1C_SGP_vis.tif,Gujarat,Chhota Udepur,22.3108,74.0125,0.0
3DIMG_07NOV2019_0100_L1C_SGP_vis.tif,INSAT3D_VIS_India/3DIMG_07NOV2019_0100_L1C_SGP_vis.tif,Gujarat,Dahod,22.8347,74.2552,0.0
3DIMG_07NOV2019_0100_L1C_SGP_vis.tif,INSAT3D_VIS_India/3DIMG_07NOV2019_0100_L1C_SGP_vis.tif,Gujarat,Dang,20.7554,73.6873,5.6
3DIMG_07NOV2019_0100_L1C_SGP_vis.tif,INSAT3D_VIS_India/3DIMG_07NOV2019_0100_L1C_SGP_vis.tif,Gujarat,Devbhumi Dwarka,22.2078,69.6582,2.0
3DIMG_07NOV2019_0100_L1C_SGP_vis.tif,INSAT3D_VIS_India/3DIMG_07NOV2019_0100_L1C_SGP_vis.tif,Gujarat,Gandhinagar,23.2156,72.6369,5.5
3DIMG_07NOV2019_0100_L1C_SGP_vis.tif,INSAT3D_VIS_India/3DIMG_07NOV2019_0100_L1C_SGP_vis.tif,Gujarat,Gir Somnath,20.9042,70.3644,0.7
3DIMG_07NOV2019_0100_L1C_SGP_vis.tif,INSAT3D_VIS_India/3DIMG_07NOV2019_0100_L1C_SGP_vis.tif,Gujarat,Jamnagar,22.4707,70.0577,1.9
3DIMG_07NOV2019_0100_L1C_SGP_vis.tif,INSAT3D_VIS_India/3DIMG_07NOV2019_0100_L1C_SGP_vis.tif,Gujarat,Junagadh,21.5222,70.4579,3.9
3DIMG_07NOV2019_0100_L1C_SGP_vis.tif,INSAT3D_VIS_India/3DIMG_07NOV2019_0100_L1C_SGP_vis.tif,Gujarat,Kheda,22.6916,72.8634,0.0
3DIMG_07NOV2019_0100_L1C_SGP_vis.tif,INSAT3D_VIS_India/3DIMG_07NOV2019_0100_L1C_SGP_vis.tif,Gujarat,Kutch (Bhuj),23.242,69.6669,0.0
3DIMG_07NOV2019_0100_L1C_SGP_vis.tif,INSAT3D_VIS_India/3DIMG_07NOV2019_0100_L1C_SGP_vis.tif,Gujarat,Mahisagar,23.1311,73.6009,3.6
3DIMG_07NOV2019_0100_L1C_SGP_vis.tif,INSAT3D_VIS_India/3DIMG_07NOV2019_0100_L1C_SGP_vis.tif,Gujarat,Mehsana,23.588,72.3693,3.8
3DIMG_07NOV2019_0100_L1C_SGP_vis.tif,INSAT3D_VIS_India/3DIMG_07NOV2019_0100_L1C_SGP_vis.tif,Gujarat,Morbi,22.8173,70.8368,0.0
3DIMG_07NOV2019_0100_L1C_SGP_vis.tif,INSAT3D_VIS_India/3DIMG_07NOV2019_0100_L1C_SGP_vis.tif,Gujarat,Narmada,21.8719,73.5028,4.4
3DIMG_07NOV2019_0100_L1C_SGP_vis.tif,INSAT3D_VIS_India/3DIMG_07NOV2019_0100_L1C_SGP_vis.tif,Gujarat,Navsari,20.9467,72.952,0.0
3DIMG_07NOV2019_0100_L1C_SGP_vis.tif,INSAT3D_VIS_India/3DIMG_07NOV2019_0100_L1C_SGP_vis.tif,Gujarat,Panchmahal,22.778,73.6143,0.0
3DIMG_07NOV2019_0100_L1C_SGP_vis.tif,INSAT3D_VIS_India/3DIMG_07NOV2019_0100_L1C_SGP_vis.tif,Gujarat,Patan,23.8493,72.1266,1.8
3DIMG_07NOV2019_0100_L1C_SGP_vis.tif,INSAT3D_VIS_India/3DIMG_07NOV2019_0100_L1C_SGP_vis.tif,Gujarat,Porbandar,21.6417,69.6293,0.1
3DIMG_07NOV2019_0100_L1C_SGP_vis.tif,INSAT3D_VIS_India/3DIMG_07NOV2019_0100_L1C_SGP_vis.tif,Gujarat,Rajkot,22.3039,70.8022,0.0
3DIMG_07NOV2019_0100_L1C_SGP_vis.tif,INSAT3D_VIS_India/3DIMG_07NOV2019_0100_L1C_SGP_vis.tif,Gujarat,Sabarkantha,23.5977,72.9688,0.0
3DIMG_07NOV2019_0100_L1C_SGP_vis.tif,INSAT3D_VIS_India/3DIMG_07NOV2019_0100_L1C_SGP_vis.tif,Gujarat,Surat,21.1702,72.8311,0.2
3DIMG_07NOV2019_0100_L1C_SGP_vis.tif,INSAT3D_VIS_India/3DIMG_07NOV2019_0100_L1C_SGP_vis.tif,Gujarat,Surendranagar,22.7274,71.637,0.7
3DIMG_07NOV2019_0100_L1C_SGP_vis.tif,INSAT3D_VIS_India/3DIMG_07NOV2019_0100_L1C_SGP_vis.tif,Gujarat,Tapi,21.1147,73.3986,0.0
3DIMG_07NOV2019_0100_L1C_SGP_vis.tif,INSAT3D_VIS_India/3DIMG_07NOV2019_0100_L1C_SGP_vis.tif,Gujarat,Vadodara,22.3072,73.1812,0.0
3DIMG_07NOV2019_0100_L1C_SGP_vis.tif,INSAT3D_VIS_India/3DIMG_07NOV2019_0100_L1C_SGP_vis.tif,Gujarat,Valsad,20.5992,72.9342,3.0
3DIMG_07NOV2019_0130_L1C_SGP_vis.tif,INSAT3D_VIS_India/3DIMG_07NOV2019_0130_L1C_SGP_vis.tif,Gujarat,Ahmedabad,23.0225,72.5714,1.49
3DIMG_07NOV2019_0130_L1C_SGP_vis.tif,INSAT3D_VIS_India/3DIMG_07NOV2019_0130_L1C_SGP_vis.tif,Gujarat,Amreli,21.6032,71.2221,5.9
3DIMG_07NOV2019_0130_L1C_SGP_vis.tif,INSAT3D_VIS_India/3DIMG_07NOV2019_0130_L1C_SGP_vis.tif,Gujarat,Anand,22.5645,72.9289,1.39
3DIMG_07NOV2019_0130_L1C_SGP_vis.tif,INSAT3D_VIS_India/3DIMG_07NOV2019_0130_L1C_SGP_vis.tif,Gujarat,Aravalli,23.4619,73.3039,0.0
3DIMG_07NOV2019_0130_L1C_SGP_vis.tif,INSAT3D_VIS_India/3DIMG_07NOV2019_0130_L1C_SGP_vis.tif,Gujarat,Banaskantha,24.1724,72.4346,0.0
3DIMG_07NOV2019_0130_L1C_SGP_vis.tif,INSAT3D_VIS_India/3DIMG_07NOV2019_0130_L1C_SGP_vis.tif,Gujarat,Bharuch,21.7051,72.9959,4.1
3DIMG_07NOV2019_0130_L1C_SGP_vis.tif,INSAT3D_VIS_India/3DIMG_07NOV2019_0130_L1C_SGP_vis.tif,Gujarat,Bhavnagar,21.7645,72.1519,0.7
3DIMG_07NOV2019_0130_L1C_SGP_vis.tif,INSAT3D_VIS_India/3DIMG_07NOV2019_0130_L1C_SGP_vis.tif,Gujarat,Botad,22.1704,71.6662,0.0
3DIMG_07NOV2019_0130_L1C_SGP_vis.tif,INSAT3D_VIS_India/3DIMG_07NOV2019_0130_L1C_SGP_vis.tif,Gujarat,Chhota Udepur,22.3108,74.0125,2.68
3DIMG_07NOV2019_0130_L1C_SGP_vis.tif,INSAT3D_VIS_India/3DIMG_07NOV2019_0130_L1C_SGP_vis.tif,Gujarat,Dahod,22.8347,74.2552,2.97
3DIMG_07NOV2019_0130_L1C_SGP_vis.tif,INSAT3D_VIS_India/3DIMG_07NOV2019_0130_L1C_SGP_vis.tif,Gujarat,Dang,20.7554,73.6873,1.8
3DIMG_07NOV2019_0130_L1C_SGP_vis.tif,INSAT3D_VIS_India/3DIMG_07NOV2019_0130_L1C_SGP_vis.tif,Gujarat,Devbhumi Dwarka,22.2078,69.6582,0.0
3DIMG_07NOV2019_0130_L1C_SGP_vis.tif,INSAT3D_VIS_India/3DIMG_07NOV2019_0130_L1C_SGP_vis.tif,Gujarat,Gandhinagar,23.2156,72.6369,1.46
3DIMG_07NOV2019_0130_L1C_SGP_vis.tif,INSAT3D_VIS_India/3DIMG_07NOV2019_0130_L1C_SGP_vis.tif,Gujarat,Gir Somnath,20.9042,70.3644,0.41
3DIMG_07NOV2019_0130_L1C_SGP_vis.tif,INSAT3D_VIS_India/3DIMG_07NOV2019_0130_L1C_SGP_vis.tif,Gujarat,Jamnagar,22.4707,70.0577,3.0
3DIMG_07NOV2019_0130_L1C_SGP_vis.tif,INSAT3D_VIS_India/3DIMG_07NOV2019_0130_L1C_SGP_vis.tif,Gujarat,Junagadh,21.5222,70.4579,3.9
3DIMG_07NOV2019_0130_L1C_SGP_vis.tif,INSAT3D_VIS_India/3DIMG_07NOV2019_0130_L1C_SGP_vis.tif,Gujarat,Kheda,22.6916,72.8634,3.1
3DIMG_07NOV2019_0130_L1C_SGP_vis.tif,INSAT3D_VIS_India/3DIMG_07NOV2019_0130_L1C_SGP_vis.tif,Gujarat,Kutch (Bhuj),23.242,69.6669,0.0
3DIMG_07NOV2019_0130_L1C_SGP_vis.tif,INSAT3D_VIS_India/3DIMG_07NOV2019_0130_L1C_SGP_vis.tif,Gujarat,Mahisagar,23.1311,73.6009,1.48
3DIMG_07NOV2019_0130_L1C_SGP_vis.tif,INSAT3D_VIS_India/3DIMG_07NOV2019_0130_L1C_SGP_vis.tif,Gujarat,Mehsana,23.588,72.3693,0.2
3DIMG_07NOV2019_0130_L1C_SGP_vis.tif,INSAT3D_VIS_India/3DIMG_07NOV2019_0130_L1C_SGP_vis.tif,Gujarat,Morbi,22.8173,70.8368,0.0
3DIMG_07NOV2019_0130_L1C_SGP_vis.tif,INSAT3D_VIS_India/3DIMG_07NOV2019_0130_L1C_SGP_vis.tif,Gujarat,Narmada,21.8719,73.5028,1.34
3DIMG_07NOV2019_0130_L1C_SGP_vis.tif,INSAT3D_VIS_India/3DIMG_07NOV2019_0130_L1C_SGP_vis.tif,Gujarat,Navsari,20.9467,72.952,2.18
3DIMG_07NOV2019_0130_L1C_SGP_vis.tif,INSAT3D_VIS_India/3DIMG_07NOV2019_0130_L1C_SGP_vis.tif,Gujarat,Panchmahal,22.778,73.6143,0.24
3DIMG_07NOV2019_0130_L1C_SGP_vis.tif,INSAT3D_VIS_India/3DIMG_07NOV2019_0130_L1C_SGP_vis.tif,Gujarat,Patan,23.8493,72.1266,3.8
3DIMG_07NOV2019_0130_L1C_SGP_vis.tif,INSAT3D_VIS_India/3DIMG_07NOV2019_0130_L1C_SGP_vis.tif,Gujarat,Porbandar,21.6417,69.6293,5.1
3DIMG_07NOV2019_0130_L1C_SGP_vis.tif,INSAT3D_VIS_India/3DIMG_07NOV2019_0130_L1C_SGP_vis.tif,Gujarat,Rajkot,22.3039,70.8022,4.0
3DIMG_07NOV2019_0130_L1C_SGP_vis.tif,INSAT3D_VIS_India/3DIMG_07NOV2019_0130_L1C_SGP_vis.tif,Gujarat,Sabarkantha,23.5977,72.9688,0.85
3DIMG_07NOV2019_0130_L1C_SGP_vis.tif,INSAT3D_VIS_India/3DIMG_07NOV2019_0130_L1C_SGP_vis.tif,Gujarat,Surat,21.1702,72.8311,1.58
3DIMG_07NOV2019_0130_L1C_SGP_vis.tif,INSAT3D_VIS_India/3DIMG_07NOV2019_0130_L1C_SGP_vis.tif,Gujarat,Surendranagar,22.7274,71.637,0.0
3DIMG_07NOV2019_0130_L1C_SGP_vis.tif,INSAT3D_VIS_India/3DIMG_07NOV2019_0130_L1C_SGP_vis.tif,Gujarat,Tapi,21.1147,73.3986,0.0
3DIMG_07NOV2019_0130_L1C_SGP_vis.tif,INSAT3D_VIS_India/3DIMG_07NOV2019_0130_L1C_SGP_vis.tif,Gujarat,Vadodara,22.3072,73.1812,0.79
3DIMG_07NOV2019_0130_L1C_SGP_vis.tif,INSAT3D_VIS_India/3DIMG_07NOV2019_0130_L1C_SGP_vis.tif,Gujarat,Valsad,20.5992,72.9342,3.73
3DIMG_07NOV2019_0200_L1C_SGP_vis.tif,INSAT3D_VIS_India/3DIMG_07NOV2019_0200_L1C_SGP_vis.tif,Gujarat,Ahmedabad,23.0225,72.5714,4.07
3DIMG_07NOV2019_0200_L1C_SGP_vis.tif,INSAT3D_VIS_India/3DIMG_07NOV2019_0200_L1C_SGP_vis.tif,Gujarat,Amreli,21.6032,71.2221,3.77
3DIMG_07NOV2019_0200_L1C_SGP_vis.tif,INSAT3D_VIS_India/3DIMG_07NOV2019_0200_L1C_SGP_vis.tif,Gujarat,Anand,22.5645,72.9289,4.47
3DIMG_07NOV2019_0200_L1C_SGP_vis.tif,INSAT3D_VIS_India/3DIMG_07NOV2019_0200_L1C_SGP_vis.tif,Gujarat,Aravalli,23.4619,73.3039,4.44
3DIMG_07NOV2019_0200_L1C_SGP_vis.tif,INSAT3D_VIS_India/3DIMG_07NOV2019_0200_L1C_SGP_vis.tif,Gujarat,Banaskantha,24.1724,72.4346,1.05
3DIMG_07NOV2019_0200_L1C_SGP_vis.tif,INSAT3D_VIS_India/3DIMG_07NOV2019_0200_L1C_SGP_vis.tif,Gujarat,Bharuch,21.7051,72.9959,6.83
3DIMG_07NOV2019_0200_L1C_SGP_vis.tif,INSAT3D_VIS_India/3DIMG_07NOV2019_0200_L1C_SGP_vis.tif,Gujarat,Bhavnagar,21.7645,72.1519,3.82
3DIMG_07NOV2019_0200_L1C_SGP_vis.tif,INSAT3D_VIS_India/3DIMG_07NOV2019_0200_L1C_SGP_vis.tif,Gujarat,Botad,22.1704,71.6662,2.91
3DIMG_07NOV2019_0200_L1C_SGP_vis.tif,INSAT3D_VIS_India/3DIMG_07NOV2019_0200_L1C_SGP_vis.tif,Gujarat,Chhota Udepur,22.3108,74.0125,3.13
3DIMG_07NOV2019_0200_L1C_SGP_vis.tif,INSAT3D_VIS_India/3DIMG_07NOV2019_0200_L1C_SGP_vis.tif,Gujarat,Dahod,22.8347,74.2552,3.23
3DIMG_07NOV2019_0200_L1C_SGP_vis.tif,INSAT3D_VIS_India/3DIMG_07NOV2019_0200_L1C_SGP_vis.tif,Gujarat,Dang,20.7554,73.6873,1.5
3DIMG_07NOV2019_0200_L1C_SGP_vis.tif,INSAT3D_VIS_India/3DIMG_07NOV2019_0200_L1C_SGP_vis.tif,Gujarat,Devbhumi Dwarka,22.2078,69.6582,0.0
3DIMG_07NOV2019_0200_L1C_SGP_vis.tif,INSAT3D_VIS_India/3DIMG_07NOV2019_0200_L1C_SGP_vis.tif,Gujarat,Gandhinagar,23.2156,72.6369,3.0
3DIMG_07NOV2019_0200_L1C_SGP_vis.tif,INSAT3D_VIS_India/3DIMG_07NOV2019_0200_L1C_SGP_vis.tif,Gujarat,Gir Somnath,20.9042,70.3644,4.95
3DIMG_07NOV2019_0200_L1C_SGP_vis.tif,INSAT3D_VIS_India/3DIMG_07NOV2019_0200_L1C_SGP_vis.tif,Gujarat,Jamnagar,22.4707,70.0577,0.0
3DIMG_07NOV2019_0200_L1C_SGP_vis.tif,INSAT3D_VIS_India/3DIMG_07NOV2019_0200_L1C_SGP_vis.tif,Gujarat,Junagadh,21.5222,70.4579,3.88
3DIMG_07NOV2019_0200_L1C_SGP_vis.tif,INSAT3D_VIS_India/3DIMG_07NOV2019_0200_L1C_SGP_vis.tif,Gujarat,Kheda,22.6916,72.8634,6.15
3DIMG_07NOV2019_0200_L1C_SGP_vis.tif,INSAT3D_VIS_India/3DIMG_07NOV2019_0200_L1C_SGP_vis.tif,Gujarat,Kutch (Bhuj),23.242,69.6669,4.9
3DIMG_07NOV2019_0200_L1C_SGP_vis.tif,INSAT3D_VIS_India/3DIMG_07NOV2019_0200_L1C_SGP_vis.tif,Gujarat,Mahisagar,23.1311,73.6009,2.36
3DIMG_07NOV2019_0200_L1C_SGP_vis.tif,INSAT3D_VIS_India/3DIMG_07NOV2019_0200_L1C_SGP_vis.tif,Gujarat,Mehsana,23.588,72.3693,0.0
3DIMG_07NOV2019_0200_L1C_SGP_vis.tif,INSAT3D_VIS_India/3DIMG_07NOV2019_0200_L1C_SGP_vis.tif,Gujarat,Morbi,22.8173,70.8368,0.6
3DIMG_07NOV2019_0200_L1C_SGP_vis.tif,INSAT3D_VIS_India/3DIMG_07NOV2019_0200_L1C_SGP_vis.tif,Gujarat,Narmada,21.8719,73.5028,3.45
3DIMG_07NOV2019_0200_L1C_SGP_vis.tif,INSAT3D_VIS_India/3DIMG_07NOV2019_0200_L1C_SGP_vis.tif,Gujarat,Navsari,20.9467,72.952,10.39
3DIMG_07NOV2019_0200_L1C_SGP_vis.tif,INSAT3D_VIS_India/3DIMG_07NOV2019_0200_L1C_SGP_vis.tif,Gujarat,Panchmahal,22.778,73.6143,5.12
3DIMG_07NOV2019_0200_L1C_SGP_vis.tif,INSAT3D_VIS_India/3DIMG_07NOV2019_0200_L1C_SGP_vis.tif,Gujarat,Patan,23.8493,72.1266,5.0
3DIMG_07NOV2019_0200_L1C_SGP_vis.tif,INSAT3D_VIS_India/3DIMG_07NOV2019_0200_L1C_SGP_vis.tif,Gujarat,Porbandar,21.6417,69.6293,0.0
3DIMG_07NOV2019_0200_L1C_SGP_vis.tif,INSAT3D_VIS_India/3DIMG_07NOV2019_0200_L1C_SGP_vis.tif,Gujarat,Rajkot,22.3039,70.8022,0.0
3DIMG_07NOV2019_0200_L1C_SGP_vis.tif,INSAT3D_VIS_India/3DIMG_07NOV2019_0200_L1C_SGP_vis.tif,Gujarat,Sabarkantha,23.5977,72.9688,2.45
3DIMG_07NOV2019_0200_L1C_SGP_vis.tif,INSAT3D_VIS_India/3DIMG_07NOV2019_0200_L1C_SGP_vis.tif,Gujarat,Surat,21.1702,72.8311,5.77
3DIMG_07NOV2019_0200_L1C_SGP_vis.tif,INSAT3D_VIS_India/3DIMG_07NOV2019_0200_L1C_SGP_vis.tif,Gujarat,Surendranagar,22.7274,71.637,2.5
3DIMG_07NOV2019_0200_L1C_SGP_vis.tif,INSAT3D_VIS_India/3DIMG_07NOV2019_0200_L1C_SGP_vis.tif,Gujarat,Tapi,21.1147,73.3986,6.28
3DIMG_07NOV2019_0200_L1C_SGP_vis.tif,INSAT3D_VIS_India/3DIMG_07NOV2019_0200_L1C_SGP_vis.tif,Gujarat,Vadodara,22.3072,73.1812,2.4
3DIMG_07NOV2019_0200_L1C_SGP_vis.tif,INSAT3D_VIS_India/3DIMG_07NOV2019_0200_L1C_SGP_vis.tif,Gujarat,Valsad,20.5992,72.9342,6.42
3DIMG_07NOV2019_0230_L1C_SGP_vis.tif,INSAT3D_VIS_India/3DIMG_07NOV2019_0230_L1C_SGP_vis.tif,Gujarat,Ahmedabad,23.0225,72.5714,7.23
3DIMG_07NOV2019_0230_L1C_SGP_vis.tif,INSAT3D_VIS_India/3DIMG_07NOV2019_0230_L1C_SGP_vis.tif,Gujarat,Amreli,21.6032,71.2221,9.57
3DIMG_07NOV2019_0230_L1C_SGP_vis.tif,INSAT3D_VIS_India/3DIMG_07NOV2019_0230_L1C_SGP_vis.tif,Gujarat,Anand,22.5645,72.9289,9.34
3DIMG_07NOV2019_0230_L1C_SGP_vis.tif,INSAT3D_VIS_India/3DIMG_07NOV2019_0230_L1C_SGP_vis.tif,Gujarat,Aravalli,23.4619,73.3039,8.01
3DIMG_07NOV2019_0230_L1C_SGP_vis.tif,INSAT3D_VIS_India/3DIMG_07NOV2019_0230_L1C_SGP_vis.tif,Gujarat,Banaskantha,24.1724,72.4346,1.95
3DIMG_07NOV2019_0230_L1C_SGP_vis.tif,INSAT3D_VIS_India/3DIMG_07NOV2019_0230_L1C_SGP_vis.tif,Gujarat,Bharuch,21.7051,72.9959,10.63
3DIMG_07NOV2019_0230_L1C_SGP_vis.tif,INSAT3D_VIS_India/3DIMG_07NOV2019_0230_L1C_SGP_vis.tif,Gujarat,Bhavnagar,21.7645,72.1519,8.77
3DIMG_07NOV2019_0230_L1C_SGP_vis.tif,INSAT3D_VIS_India/3DIMG_07NOV2019_0230_L1C_SGP_vis.tif,Gujarat,Botad,22.1704,71.6662,4.51
3DIMG_07NOV2019_0230_L1C_SGP_vis.tif,INSAT3D_VIS_India/3DIMG_07NOV2019_0230_L1C_SGP_vis.tif,Gujarat,Chhota Udepur,22.3108,74.0125,6.68
3DIMG_07NOV2019_0230_L1C_SGP_vis.tif,INSAT3D_VIS_India/3DIMG_07NOV2019_0230_L1C_SGP_vis.tif,Gujarat,Dahod,22.8347,74.2552,3.73
3DIMG_07NOV2019_0230_L1C_SGP_vis.tif,INSAT3D_VIS_India/3DIMG_07NOV2019_0230_L1C_SGP_vis.tif,Gujarat,Dang,20.7554,73.6873,4.11
3DIMG_07NOV2019_0230_L1C_SGP_vis.tif,INSAT3D_VIS_India/3DIMG_07NOV2019_0230_L1C_SGP_vis.tif,Gujarat,Devbhumi Dwarka,22.2078,69.6582,0.0
3DIMG_07NOV2019_0230_L1C_SGP_vis.tif,INSAT3D_VIS_India/3DIMG_07NOV2019_0230_L1C_SGP_vis.tif,Gujarat,Gandhinagar,23.2156,72.6369,7.36
3DIMG_07NOV2019_0230_L1C_SGP_vis.tif,INSAT3D_VIS_India/3DIMG_07NOV2019_0230_L1C_SGP_vis.tif,Gujarat,Gir Somnath,20.9042,70.3644,6.58
3DIMG_07NOV2019_0230_L1C_SGP_vis.tif,INSAT3D_VIS_India/3DIMG_07NOV2019_0230_L1C_SGP_vis.tif,Gujarat,Jamnagar,22.4707,70.0577,0.38
3DIMG_07NOV2019_0230_L1C_SGP_vis.tif,INSAT3D_VIS_India/3DIMG_07NOV2019_0230_L1C_SGP_vis.tif,Gujarat,Junagadh,21.5222,70.4579,5.07
3DIMG_07NOV2019_0230_L1C_SGP_vis.tif,INSAT3D_VIS_India/3DIMG_07NOV2019_0230_L1C_SGP_vis.tif,Gujarat,Kheda,22.6916,72.8634,11.8
3DIMG_07NOV2019_0230_L1C_SGP_vis.tif,INSAT3D_VIS_India/3DIMG_07NOV2019_0230_L1C_SGP_vis.tif,Gujarat,Kutch (Bhuj),23.242,69.6669,0.36
3DIMG_07NOV2019_0230_L1C_SGP_vis.tif,INSAT3D_VIS_India/3DIMG_07NOV2019_0230_L1C_SGP_vis.tif,Gujarat,Mahisagar,23.1311,73.6009,6.39
3DIMG_07NOV2019_0230_L1C_SGP_vis.tif,INSAT3D_VIS_India/3DIMG_07NOV2019_0230_L1C_SGP_vis.tif,Gujarat,Mehsana,23.588,72.3693,0.44
3DIMG_07NOV2019_0230_L1C_SGP_vis.tif,INSAT3D_VIS_India/3DIMG_07NOV2019_0230_L1C_SGP_vis.tif,Gujarat,Morbi,22.8173,70.8368,2.59
3DIMG_07NOV2019_0230_L1C_SGP_vis.tif,INSAT3D_VIS_India/3DIMG_07NOV2019_0230_L1C_SGP_vis.tif,Gujarat,Narmada,21.8719,73.5028,6.2
3DIMG_07NOV2019_0230_L1C_SGP_vis.tif,INSAT3D_VIS_India/3DIMG_07NOV2019_0230_L1C_SGP_vis.tif,Gujarat,Navsari,20.9467,72.952,15.54
3DIMG_07NOV2019_0230_L1C_SGP_vis.tif,INSAT3D_VIS_India/3DIMG_07NOV2019_0230_L1C_SGP_vis.tif,Gujarat,Panchmahal,22.778,73.6143,6.04
3DIMG_07NOV2019_0230_L1C_SGP_vis.tif,INSAT3D_VIS_India/3DIMG_07NOV2019_0230_L1C_SGP_vis.tif,Gujarat,Patan,23.8493,72.1266,1.46
3DIMG_07NOV2019_0230_L1C_SGP_vis.tif,INSAT3D_VIS_India/3DIMG_07NOV2019_0230_L1C_SGP_vis.tif,Gujarat,Porbandar,21.6417,69.6293,0.44
3DIMG_07NOV2019_0230_L1C_SGP_vis.tif,INSAT3D_VIS_India/3DIMG_07NOV2019_0230_L1C_SGP_vis.tif,Gujarat,Rajkot,22.3039,70.8022,0.0
3DIMG_07NOV2019_0230_L1C_SGP_vis.tif,INSAT3D_VIS_India/3DIMG_07NOV2019_0230_L1C_SGP_vis.tif,Gujarat,Sabarkantha,23.5977,72.9688,4.81
3DIMG_07NOV2019_0230_L1C_SGP_vis.tif,INSAT3D_VIS_India/3DIMG_07NOV2019_0230_L1C_SGP_vis.tif,Gujarat,Surat,21.1702,72.8311,14.68
3DIMG_07NOV2019_0230_L1C_SGP_vis.tif,INSAT3D_VIS_India/3DIMG_07NOV2019_0230_L1C_SGP_vis.tif,Gujarat,Surendranagar,22.7274,71.637,5.68
3DIMG_07NOV2019_0230_L1C_SGP_vis.tif,INSAT3D_VIS_India/3DIMG_07NOV2019_0230_L1C_SGP_vis.tif,Gujarat,Tapi,21.1147,73.3986,9.02
3DIMG_07NOV2019_0230_L1C_SGP_vis.tif,INSAT3D_VIS_India/3DIMG_07NOV2019_0230_L1C_SGP_vis.tif,Gujarat,Vadodara,22.3072,73.1812,9.84
3DIMG_07NOV2019_0230_L1C_SGP_vis.tif,INSAT3D_VIS_India/3DIMG_07NOV2019_0230_L1C_SGP_vis.tif,Gujarat,Valsad,20.5992,72.9342,15.22
3DIMG_07NOV2019_0300_L1C_SGP_vis.tif,INSAT3D_VIS_India/3DIMG_07NOV2019_0300_L1C_SGP_vis.tif,Gujarat,Ahmedabad,23.0225,72.5714,9.61
3DIMG_07NOV2019_0300_L1C_SGP_vis.tif,INSAT3D_VIS_India/3DIMG_07NOV2019_0300_L1C_SGP_vis.tif,Gujarat,Amreli,21.6032,71.2221,13.77
3DIMG_07NOV2019_0300_L1C_SGP_vis.tif,INSAT3D_VIS_India/3DIMG_07NOV2019_0300_L1C_SGP_vis.tif,Gujarat,Anand,22.5645,72.9289,11.41
3DIMG_07NOV2019_0300_L1C_SGP_vis.tif,INSAT3D_VIS_India/3DIMG_07NOV2019_0300_L1C_SGP_vis.tif,Gujarat,Aravalli,23.4619,73.3039,14.97
3DIMG_07NOV2019_0300_L1C_SGP_vis.tif,INSAT3D_VIS_India/3DIMG_07NOV2019_0300_L1C_SGP_vis.tif,Gujarat,Banaskantha,24.1724,72.4346,3.84
3DIMG_07NOV2019_0300_L1C_SGP_vis.tif,INSAT3D_VIS_India/3DIMG_07NOV2019_0300_L1C_SGP_vis.tif,Gujarat,Bharuch,21.7051,72.9959,10.57
3DIMG_07NOV2019_0300_L1C_SGP_vis.tif,INSAT3D_VIS_India/3DIMG_07NOV2019_0300_L1C_SGP_vis.tif,Gujarat,Bhavnagar,21.7645,72.1519,14.78
3DIMG_07NOV2019_0300_L1C_SGP_vis.tif,INSAT3D_VIS_India/3DIMG_07NOV2019_0300_L1C_SGP_vis.tif,Gujarat,Botad,22.1704,71.6662,8.43
3DIMG_07NOV2019_0300_L1C_SGP_vis.tif,INSAT3D_VIS_India/3DIMG_07NOV2019_0300_L1C_SGP_vis.tif,Gujarat,Chhota Udepur,22.3108,74.0125,16.24
3DIMG_07NOV2019_0300_L1C_SGP_vis.tif,INSAT3D_VIS_India/3DIMG_07NOV2019_0300_L1C_SGP_vis.tif,Gujarat,Dahod,22.8347,74.2552,5.99
3DIMG_07NOV2019_0300_L1C_SGP_vis.tif,INSAT3D_VIS_India/3DIMG_07NOV2019_0300_L1C_SGP_vis.tif,Gujarat,Dang,20.7554,73.6873,7.03
3DIMG_07NOV2019_0300_L1C_SGP_vis.tif,INSAT3D_VIS_India/3DIMG_07NOV2019_0300_L1C_SGP_vis.tif,Gujarat,Devbhumi Dwarka,22.2078,69.6582,0.0
3DIMG_07NOV2019_0300_L1C_SGP_vis.tif,INSAT3D_VIS_India/3DIMG_07NOV2019_0300_L1C_SGP_vis.tif,Gujarat,Gandhinagar,23.2156,72.6369,9.38
3DIMG_07NOV2019_0300_L1C_SGP_vis.tif,INSAT3D_VIS_India/3DIMG_07NOV2019_0300_L1C_SGP_vis.tif,Gujarat,Gir Somnath,20.9042,70.3644,7.97
3DIMG_07NOV2019_0300_L1C_SGP_vis.tif,INSAT3D_VIS_India/3DIMG_07NOV2019_0300_L1C_SGP_vis.tif,Gujarat,Jamnagar,22.4707,70.0577,1.2
3DIMG_07NOV2019_0300_L1C_SGP_vis.tif,INSAT3D_VIS_India/3DIMG_07NOV2019_0300_L1C_SGP_vis.tif,Gujarat,Junagadh,21.5222,70.4579,8.06
3DIMG_07NOV2019_0300_L1C_SGP_vis.tif,INSAT3D_VIS_India/3DIMG_07NOV2019_0300_L1C_SGP_vis.tif,Gujarat,Kheda,22.6916,72.8634,13.6
3DIMG_07NOV2019_0300_L1C_SGP_vis.tif,INSAT3D_VIS_India/3DIMG_07NOV2019_0300_L1C_SGP_vis.tif,Gujarat,Kutch (Bhuj),23.242,69.6669,1.23
3DIMG_07NOV2019_0300_L1C_SGP_vis.tif,INSAT3D_VIS_India/3DIMG_07NOV2019_0300_L1C_SGP_vis.tif,Gujarat,Mahisagar,23.1311,73.6009,7.72
3DIMG_07NOV2019_0300_L1C_SGP_vis.tif,INSAT3D_VIS_India/3DIMG_07NOV2019_0300_L1C_SGP_vis.tif,Gujarat,Mehsana,23.588,72.3693,0.85
3DIMG_07NOV2019_0300_L1C_SGP_vis.tif,INSAT3D_VIS_India/3DIMG_07NOV2019_0300_L1C_SGP_vis.tif,Gujarat,Morbi,22.8173,70.8368,2.11
3DIMG_07NOV2019_0300_L1C_SGP_vis.tif,INSAT3D_VIS_India/3DIMG_07NOV2019_0300_L1C_SGP_vis.tif,Gujarat,Narmada,21.8719,73.5028,14.64
3DIMG_07NOV2019_0300_L1C_SGP_vis.tif,INSAT3D_VIS_India/3DIMG_07NOV2019_0300_L1C_SGP_vis.tif,Gujarat,Navsari,20.9467,72.952,18.05
3DIMG_07NOV2019_0300_L1C_SGP_vis.tif,INSAT3D_VIS_India/3DIMG_07NOV2019_0300_L1C_SGP_vis.tif,Gujarat,Panchmahal,22.778,73.6143,4.54
3DIMG_07NOV2019_0300_L1C_SGP_vis.tif,INSAT3D_VIS_India/3DIMG_07NOV2019_0300_L1C_SGP_vis.tif,Gujarat,Patan,23.8493,72.1266,2.31
3DIMG_07NOV2019_0300_L1C_SGP_vis.tif,INSAT3D_VIS_India/3DIMG_07NOV2019_0300_L1C_SGP_vis.tif,Gujarat,Porbandar,21.6417,69.6293,1.74
3DIMG_07NOV2019_0300_L1C_SGP_vis.tif,INSAT3D_VIS_India/3DIMG_07NOV2019_0300_L1C_SGP_vis.tif,Gujarat,Rajkot,22.3039,70.8022,0.74
3DIMG_07NOV2019_0300_L1C_SGP_vis.tif,INSAT3D_VIS_India/3DIMG_07NOV2019_0300_L1C_SGP_vis.tif,Gujarat,Sabarkantha,23.5977,72.9688,12.82
3DIMG_07NOV2019_0300_L1C_SGP_vis.tif,INSAT3D_VIS_India/3DIMG_07NOV2019_0300_L1C_SGP_vis.tif,Gujarat,Surat,21.1702,72.8311,18.56
3DIMG_07NOV2019_0300_L1C_SGP_vis.tif,INSAT3D_VIS_India/3DIMG_07NOV2019_0300_L1C_SGP_vis.tif,Gujarat,Surendranagar,22.7274,71.637,6.54
3DIMG_07NOV2019_0300_L1C_SGP_vis.tif,INSAT3D_VIS_India/3DIMG_07NOV2019_0300_L1C_SGP_vis.tif,Gujarat,Tapi,21.1147,73.3986,11.54
3DIMG_07NOV2019_0300_L1C_SGP_vis.tif,INSAT3D_VIS_India/3DIMG_07NOV2019_0300_L1C_SGP_vis.tif,Gujarat,Vadodara,22.3072,73.1812,20.21
3DIMG_07NOV2019_0300_L1C_SGP_vis.tif,INSAT3D_VIS_India/3DIMG_07NOV2019_0300_L1C_SGP_vis.tif,Gujarat,Valsad,20.5992,72.9342,20.76
3DIMG_07NOV2019_0330_L1C_SGP_vis.tif,INSAT3D_VIS_India/3DIMG_07NOV2019_0330_L1C_SGP_vis.tif,Gujarat,Ahmedabad,23.0225,72.5714,6.38
3DIMG_07NOV2019_0330_L1C_SGP_vis.tif,INSAT3D_VIS_India/3DIMG_07NOV2019_0330_L1C_SGP_vis.tif,Gujarat,Amreli,21.6032,71.2221,14.88
3DIMG_07NOV2019_0330_L1C_SGP_vis.tif,INSAT3D_VIS_India/3DIMG_07NOV2019_0330_L1C_SGP_vis.tif,Gujarat,Anand,22.5645,72.9289,24.86
3DIMG_07NOV2019_0330_L1C_SGP_vis.tif,INSAT3D_VIS_India/3DIMG_07NOV2019_0330_L1C_SGP_vis.tif,Gujarat,Aravalli,23.4619,73.3039,12.84
3DIMG_07NOV2019_0330_L1C_SGP_vis.tif,INSAT3D_VIS_India/3DIMG_07NOV2019_0330_L1C_SGP_vis.tif,Gujarat,Banaskantha,24.1724,72.4346,5.73
3DIMG_07NOV2019_0330_L1C_SGP_vis.tif,INSAT3D_VIS_India/3DIMG_07NOV2019_0330_L1C_SGP_vis.tif,Gujarat,Bharuch,21.7051,72.9959,11.95
3DIMG_07NOV2019_0330_L1C_SGP_vis.tif,INSAT3D_VIS_India/3DIMG_07NOV2019_0330_L1C_SGP_vis.tif,Gujarat,Bhavnagar,21.7645,72.1519,18.59
3DIMG_07NOV2019_0330_L1C_SGP_vis.tif,INSAT3D_VIS_India/3DIMG_07NOV2019_0330_L1C_SGP_vis.tif,Gujarat,Botad,22.1704,71.6662,14.32
3DIMG_07NOV2019_0330_L1C_SGP_vis.tif,INSAT3D_VIS_India/3DIMG_07NOV2019_0330_L1C_SGP_vis.tif,Gujarat,Chhota Udepur,22.3108,74.0125,21.05
3DIMG_07NOV2019_0330_L1C_SGP_vis.tif,INSAT3D_VIS_India/3DIMG_07NOV2019_0330_L1C_SGP_vis.tif,Gujarat,Dahod,22.8347,74.2552,6.17
3DIMG_07NOV2019_0330_L1C_SGP_vis.tif,INSAT3D_VIS_India/3DIMG_07NOV2019_0330_L1C_SGP_vis.tif,Gujarat,Dang,20.7554,73.6873,7.45
3DIMG_07NOV2019_0330_L1C_SGP_vis.tif,INSAT3D_VIS_India/3DIMG_07NOV2019_0330_L1C_SGP_vis.tif,Gujarat,Devbhumi Dwarka,22.2078,69.6582,1.37
3DIMG_07NOV2019_0330_L1C_SGP_vis.tif,INSAT3D_VIS_India/3DIMG_07NOV2019_0330_L1C_SGP_vis.tif,Gujarat,Gandhinagar,23.2156,72.6369,14.96
3DIMG_07NOV2019_0330_L1C_SGP_vis.tif,INSAT3D_VIS_India/3DIMG_07NOV2019_0330_L1C_SGP_vis.tif,Gujarat,Gir Somnath,20.9042,70.3644,6.97
3DIMG_07NOV2019_0330_L1C_SGP_vis.tif,INSAT3D_VIS_India/3DIMG_07NOV2019_0330_L1C_SGP_vis.tif,Gujarat,Jamnagar,22.4707,70.0577,1.94
3DIMG_07NOV2019_0330_L1C_SGP_vis.tif,INSAT3D_VIS_India/3DIMG_07NOV2019_0330_L1C_SGP_vis.tif,Gujarat,Junagadh,21.5222,70.4579,9.46
3DIMG_07NOV2019_0330_L1C_SGP_vis.tif,INSAT3D_VIS_India/3DIMG_07NOV2019_0330_L1C_SGP_vis.tif,Gujarat,Kheda,22.6916,72.8634,17.56
3DIMG_07NOV2019_0330_L1C_SGP_vis.tif,INSAT3D_VIS_India/3DIMG_07NOV2019_0330_L1C_SGP_vis.tif,Gujarat,Kutch (Bhuj),23.242,69.6669,2.45
3DIMG_07NOV2019_0330_L1C_SGP_vis.tif,INSAT3D_VIS_India/3DIMG_07NOV2019_0330_L1C_SGP_vis.tif,Gujarat,Mahisagar,23.1311,73.6009,18.65
3DIMG_07NOV2019_0330_L1C_SGP_vis.tif,INSAT3D_VIS_India/3DIMG_07NOV2019_0330_L1C_SGP_vis.tif,Gujarat,Mehsana,23.588,72.3693,7.14
3DIMG_07NOV2019_0330_L1C_SGP_vis.tif,INSAT3D_VIS_India/3DIMG_07NOV2019_0330_L1C_SGP_vis.tif,Gujarat,Morbi,22.8173,70.8368,3.17
3DIMG_07NOV2019_0330_L1C_SGP_vis.tif,INSAT3D_VIS_India/3DIMG_07NOV2019_0330_L1C_SGP_vis.tif,Gujarat,Narmada,21.8719,73.5028,15.37
3DIMG_07NOV2019_0330_L1C_SGP_vis.tif,INSAT3D_VIS_India/3DIMG_07NOV2019_0330_L1C_SGP_vis.tif,Gujarat,Navsari,20.9467,72.952,22.05
3DIMG_07NOV2019_0330_L1C_SGP_vis.tif,INSAT3D_VIS_India/3DIMG_07NOV2019_0330_L1C_SGP_vis.tif,Gujarat,Panchmahal,22.778,73.6143,5.88
3DIMG_07NOV2019_0330_L1C_SGP_vis.tif,INSAT3D_VIS_India/3DIMG_07NOV2019_0330_L1C_SGP_vis.tif,Gujarat,Patan,23.8493,72.1266,2.52
3DIMG_07NOV2019_0330_L1C_SGP_vis.tif,INSAT3D_VIS_India/3DIMG_07NOV2019_0330_L1C_SGP_vis.tif,Gujarat,Porbandar,21.6417,69.6293,2.45
3DIMG_07NOV2019_0330_L1C_SGP_vis.tif,INSAT3D_VIS_India/3DIMG_07NOV2019_0330_L1C_SGP_vis.tif,Gujarat,Rajkot,22.3039,70.8022,1.41
3DIMG_07NOV2019_0330_L1C_SGP_vis.tif,INSAT3D_VIS_India/3DIMG_07NOV2019_0330_L1C_SGP_vis.tif,Gujarat,Sabarkantha,23.5977,72.9688,15.93
3DIMG_07NOV2019_0330_L1C_SGP_vis.tif,INSAT3D_VIS_India/3DIMG_07NOV2019_0330_L1C_SGP_vis.tif,Gujarat,Surat,21.1702,72.8311,20.21
3DIMG_07NOV2019_0330_L1C_SGP_vis.tif,INSAT3D_VIS_India/3DIMG_07NOV2019_0330_L1C_SGP_vis.tif,Gujarat,Surendranagar,22.7274,71.637,6.6
3DIMG_07NOV2019_0330_L1C_SGP_vis.tif,INSAT3D_VIS_India/3DIMG_07NOV2019_0330_L1C_SGP_vis.tif,Gujarat,Tapi,21.1147,73.3986,15.67
3DIMG_07NOV2019_0330_L1C_SGP_vis.tif,INSAT3D_VIS_India/3DIMG_07NOV2019_0330_L1C_SGP_vis.tif,Gujarat,Vadodara,22.3072,73.1812,19.75
3DIMG_07NOV2019_0330_L1C_SGP_vis.tif,INSAT3D_VIS_India/3DIMG_07NOV2019_0330_L1C_SGP_vis.tif,Gujarat,Valsad,20.5992,72.9342,11.74
3DIMG_07NOV2019_0400_L1C_SGP_vis.tif,INSAT3D_VIS_India/3DIMG_07NOV2019_0400_L1C_SGP_vis.tif,Gujarat,Ahmedabad,23.0225,72.5714,10.31
3DIMG_07NOV2019_0400_L1C_SGP_vis.tif,INSAT3D_VIS_India/3DIMG_07NOV2019_0400_L1C_SGP_vis.tif,Gujarat,Amreli,21.6032,71.2221,16.36
3DIMG_07NOV2019_0400_L1C_SGP_vis.tif,INSAT3D_VIS_India/3DIMG_07NOV2019_0400_L1C_SGP_vis.tif,Gujarat,Anand,22.5645,72.9289,27.06
3DIMG_07NOV2019_0400_L1C_SGP_vis.tif,INSAT3D_VIS_India/3DIMG_07NOV2019_0400_L1C_SGP_vis.tif,Gujarat,Aravalli,23.4619,73.3039,12.07
3DIMG_07NOV2019_0400_L1C_SGP_vis.tif,INSAT3D_VIS_India/3DIMG_07NOV2019_0400_L1C_SGP_vis.tif,Gujarat,Banaskantha,24.1724,72.4346,4.92
3DIMG_07NOV2019_0400_L1C_SGP_vis.tif,INSAT3D_VIS_India/3DIMG_07NOV2019_0400_L1C_SGP_vis.tif,Gujarat,Bharuch,21.7051,72.9959,17.79
3DIMG_07NOV2019_0400_L1C_SGP_vis.tif,INSAT3D_VIS_India/3DIMG_07NOV2019_0400_L1C_SGP_vis.tif,Gujarat,Bhavnagar,21.7645,72.1519,21.51
3DIMG_07NOV2019_0400_L1C_SGP_vis.tif,INSAT3D_VIS_India/3DIMG_07NOV2019_0400_L1C_SGP_vis.tif,Gujarat,Botad,22.1704,71.6662,14.36
3DIMG_07NOV2019_0400_L1C_SGP_vis.tif,INSAT3D_VIS_India/3DIMG_07NOV2019_0400_L1C_SGP_vis.tif,Gujarat,Chhota Udepur,22.3108,74.0125,31.15
3DIMG_07NOV2019_0400_L1C_SGP_vis.tif,INSAT3D_VIS_India/3DIMG_07NOV2019_0400_L1C_SGP_vis.tif,Gujarat,Dahod,22.8347,74.2552,9.12
3DIMG_07NOV2019_0400_L1C_SGP_vis.tif,INSAT3D_VIS_India/3DIMG_07NOV2019_0400_L1C_SGP_vis.tif,Gujarat,Dang,20.7554,73.6873,12.07
3DIMG_07NOV2019_0400_L1C_SGP_vis.tif,INSAT3D_VIS_India/3DIMG_07NOV2019_0400_L1C_SGP_vis.tif,Gujarat,Devbhumi Dwarka,22.2078,69.6582,1.46
3DIMG_07NOV2019_0400_L1C_SGP_vis.tif,INSAT3D_VIS_India/3DIMG_07NOV2019_0400_L1C_SGP_vis.tif,Gujarat,Gandhinagar,23.2156,72.6369,17.17
3DIMG_07NOV2019_0400_L1C_SGP_vis.tif,INSAT3D_VIS_India/3DIMG_07NOV2019_0400_L1C_SGP_vis.tif,Gujarat,Gir Somnath,20.9042,70.3644,11.53
3DIMG_07NOV2019_0400_L1C_SGP_vis.tif,INSAT3D_VIS_India/3DIMG_07NOV2019_0400_L1C_SGP_vis.tif,Gujarat,Jamnagar,22.4707,70.0577,2.43
3DIMG_07NOV2019_0400_L1C_SGP_vis.tif,INSAT3D_VIS_India/3DIMG_07NOV2019_0400_L1C_SGP_vis.tif,Gujarat,Junagadh,21.5222,70.4579,12.68
3DIMG_07NOV2019_0400_L1C_SGP_vis.tif,INSAT3D_VIS_India/3DIMG_07NOV2019_0400_L1C_SGP_vis.tif,Gujarat,Kheda,22.6916,72.8634,23.52
3DIMG_07NOV2019_0400_L1C_SGP_vis.tif,INSAT3D_VIS_India/3DIMG_07NOV2019_0400_L1C_SGP_vis.tif,Gujarat,Kutch (Bhuj),23.242,69.6669,2.99
3DIMG_07NOV2019_0400_L1C_SGP_vis.tif,INSAT3D_VIS_India/3DIMG_07NOV2019_0400_L1C_SGP_vis.tif,Gujarat,Mahisagar,23.1311,73.6009,11.24
3DIMG_07NOV2019_0400_L1C_SGP_vis.tif,INSAT3D_VIS_India/3DIMG_07NOV2019_0400_L1C_SGP_vis.tif,Gujarat,Mehsana,23.588,72.3693,3.62
3DIMG_07NOV2019_0400_L1C_SGP_vis.tif,INSAT3D_VIS_India/3DIMG_07NOV2019_0400_L1C_SGP_vis.tif,Gujarat,Morbi,22.8173,70.8368,3.66
3DIMG_07NOV2019_0400_L1C_SGP_vis.tif,INSAT3D_VIS_India/3DIMG_07NOV2019_0400_L1C_SGP_vis.tif,Gujarat,Narmada,21.8719,73.5028,23.16
3DIMG_07NOV2019_0400_L1C_SGP_vis.tif,INSAT3D_VIS_India/3DIMG_07NOV2019_0400_L1C_SGP_vis.tif,Gujarat,Navsari,20.9467,72.952,21.29
3DIMG_07NOV2019_0400_L1C_SGP_vis.tif,INSAT3D_VIS_India/3DIMG_07NOV2019_0400_L1C_SGP_vis.tif,Gujarat,Panchmahal,22.778,73.6143,23.72
3DIMG_07NOV2019_0400_L1C_SGP_vis.tif,INSAT3D_VIS_India/3DIMG_07NOV2019_0400_L1C_SGP_vis.tif,Gujarat,Patan,23.8493,72.1266,3.68
3DIMG_07NOV2019_0400_L1C_SGP_vis.tif,INSAT3D_VIS_India/3DIMG_07NOV2019_0400_L1C_SGP_vis.tif,Gujarat,Porbandar,21.6417,69.6293,3.26
3DIMG_07NOV2019_0400_L1C_SGP_vis.tif,INSAT3D_VIS_India/3DIMG_07NOV2019_0400_L1C_SGP_vis.tif,Gujarat,Rajkot,22.3039,70.8022,1.63
3DIMG_07NOV2019_0400_L1C_SGP_vis.tif,INSAT3D_VIS_India/3DIMG_07NOV2019_0400_L1C_SGP_vis.tif,Gujarat,Sabarkantha,23.5977,72.9688,13.32
3DIMG_07NOV2019_0400_L1C_SGP_vis.tif,INSAT3D_VIS_India/3DIMG_07NOV2019_0400_L1C_SGP_vis.tif,Gujarat,Surat,21.1702,72.8311,16.21
3DIMG_07NOV2019_0400_L1C_SGP_vis.tif,INSAT3D_VIS_India/3DIMG_07NOV2019_0400_L1C_SGP_vis.tif,Gujarat,Surendranagar,22.7274,71.637,8.14
3DIMG_07NOV2019_0400_L1C_SGP_vis.tif,INSAT3D_VIS_India/3DIMG_07NOV2019_0400_L1C_SGP_vis.tif,Gujarat,Tapi,21.1147,73.3986,13.35
3DIMG_07NOV2019_0400_L1C_SGP_vis.tif,INSAT3D_VIS_India/3DIMG_07NOV2019_0400_L1C_SGP_vis.tif,Gujarat,Vadodara,22.3072,73.1812,13.93
3DIMG_07NOV2019_0400_L1C_SGP_vis.tif,INSAT3D_VIS_India/3DIMG_07NOV2019_0400_L1C_SGP_vis.tif,Gujarat,Valsad,20.5992,72.9342,7.98
3DIMG_07NOV2019_0430_L1C_SGP_vis.tif,INSAT3D_VIS_India/3DIMG_07NOV2019_0430_L1C_SGP_vis.tif,Gujarat,Ahmedabad,23.0225,72.5714,18.34
3DIMG_07NOV2019_0430_L1C_SGP_vis.tif,INSAT3D_VIS_India/3DIMG_07NOV2019_0430_L1C_SGP_vis.tif,Gujarat,Amreli,21.6032,71.2221,18.01
3DIMG_07NOV2019_0430_L1C_SGP_vis.tif,INSAT3D_VIS_India/3DIMG_07NOV2019_0430_L1C_SGP_vis.tif,Gujarat,Anand,22.5645,72.9289,15.49
3DIMG_07NOV2019_0430_L1C_SGP_vis.tif,INSAT3D_VIS_India/3DIMG_07NOV2019_0430_L1C_SGP_vis.tif,Gujarat,Aravalli,23.4619,73.3039,21.28
3DIMG_07NOV2019_0430_L1C_SGP_vis.tif,INSAT3D_VIS_India/3DIMG_07NOV2019_0430_L1C_SGP_vis.tif,Gujarat,Banaskantha,24.1724,72.4346,5.57
3DIMG_07NOV2019_0430_L1C_SGP_vis.tif,INSAT3D_VIS_India/3DIMG_07NOV2019_0430_L1C_SGP_vis.tif,Gujarat,Bharuch,21.7051,72.9959,25.37
3DIMG_07NOV2019_0430_L1C_SGP_vis.tif,INSAT3D_VIS_India/3DIMG_07NOV2019_0430_L1C_SGP_vis.tif,Gujarat,Bhavnagar,21.7645,72.1519,22.93
3DIMG_07NOV2019_0430_L1C_SGP_vis.tif,INSAT3D_VIS_India/3DIMG_07NOV2019_0430_L1C_SGP_vis.tif,Gujarat,Botad,22.1704,71.6662,8.19
3DIMG_07NOV2019_0430_L1C_SGP_vis.tif,INSAT3D_VIS_India/3DIMG_07NOV2019_0430_L1C_SGP_vis.tif,Gujarat,Chhota Udepur,22.3108,74.0125,28.55
3DIMG_07NOV2019_0430_L1C_SGP_vis.tif,INSAT3D_VIS_India/3DIMG_07NOV2019_0430_L1C_SGP_vis.tif,Gujarat,Dahod,22.8347,74.2552,26.2
3DIMG_07NOV2019_0430_L1C_SGP_vis.tif,INSAT3D_VIS_India/3DIMG_07NOV2019_0430_L1C_SGP_vis.tif,Gujarat,Dang,20.7554,73.6873,10.19
3DIMG_07NOV2019_0430_L1C_SGP_vis.tif,INSAT3D_VIS_India/3DIMG_07NOV2019_0430_L1C_SGP_vis.tif,Gujarat,Devbhumi Dwarka,22.2078,69.6582,1.97
3DIMG_07NOV2019_0430_L1C_SGP_vis.tif,INSAT3D_VIS_India/3DIMG_07NOV2019_0430_L1C_SGP_vis.tif,Gujarat,Gandhinagar,23.2156,72.6369,13.22
3DIMG_07NOV2019_0430_L1C_SGP_vis.tif,INSAT3D_VIS_India/3DIMG_07NOV2019_0430_L1C_SGP_vis.tif,Gujarat,Gir Somnath,20.9042,70.3644,18.69
3DIMG_07NOV2019_0430_L1C_SGP_vis.tif,INSAT3D_VIS_India/3DIMG_07NOV2019_0430_L1C_SGP_vis.tif,Gujarat,Jamnagar,22.4707,70.0577,2.67
3DIMG_07NOV2019_0430_L1C_SGP_vis.tif,INSAT3D_VIS_India/3DIMG_07NOV2019_0430_L1C_SGP_vis.tif,Gujarat,Junagadh,21.5222,70.4579,10.0
3DIMG_07NOV2019_0430_L1C_SGP_vis.tif,INSAT3D_VIS_India/3DIMG_07NOV2019_0430_L1C_SGP_vis.tif,Gujarat,Kheda,22.6916,72.8634,18.91
3DIMG_07NOV2019_0430_L1C_SGP_vis.tif,INSAT3D_VIS_India/3DIMG_07NOV2019_0430_L1C_SGP_vis.tif,Gujarat,Kutch (Bhuj),23.242,69.6669,3.79
3DIMG_07NOV2019_0430_L1C_SGP_vis.tif,INSAT3D_VIS_India/3DIMG_07NOV2019_0430_L1C_SGP_vis.tif,Gujarat,Mahisagar,23.1311,73.6009,24.32
3DIMG_07NOV2019_0430_L1C_SGP_vis.tif,INSAT3D_VIS_India/3DIMG_07NOV2019_0430_L1C_SGP_vis.tif,Gujarat,Mehsana,23.588,72.3693,10.28
3DIMG_07NOV2019_0430_L1C_SGP_vis.tif,INSAT3D_VIS_India/3DIMG_07NOV2019_0430_L1C_SGP_vis.tif,Gujarat,Morbi,22.8173,70.8368,4.29
3DIMG_07NOV2019_0430_L1C_SGP_vis.tif,INSAT3D_VIS_India/3DIMG_07NOV2019_0430_L1C_SGP_vis.tif,Gujarat,Narmada,21.8719,73.5028,26.97
3DIMG_07NOV2019_0430_L1C_SGP_vis.tif,INSAT3D_VIS_India/3DIMG_07NOV2019_0430_L1C_SGP_vis.tif,Gujarat,Navsari,20.9467,72.952,13.47
3DIMG_07NOV2019_0430_L1C_SGP_vis.tif,INSAT3D_VIS_India/3DIMG_07NOV2019_0430_L1C_SGP_vis.tif,Gujarat,Panchmahal,22.778,73.6143,32.34
3DIMG_07NOV2019_0430_L1C_SGP_vis.tif,INSAT3D_VIS_India/3DIMG_07NOV2019_0430_L1C_SGP_vis.tif,Gujarat,Patan,23.8493,72.1266,3.75
3DIMG_07NOV2019_0430_L1C_SGP_vis.tif,INSAT3D_VIS_India/3DIMG_07NOV2019_0430_L1C_SGP_vis.tif,Gujarat,Porbandar,21.6417,69.6293,4.33
3DIMG_07NOV2019_0430_L1C_SGP_vis.tif,INSAT3D_VIS_India/3DIMG_07NOV2019_0430_L1C_SGP_vis.tif,Gujarat,Rajkot,22.3039,70.8022,2.03
3DIMG_07NOV2019_0430_L1C_SGP_vis.tif,INSAT3D_VIS_India/3DIMG_07NOV2019_0430_L1C_SGP_vis.tif,Gujarat,Sabarkantha,23.5977,72.9688,18.53
3DIMG_07NOV2019_0430_L1C_SGP_vis.tif,INSAT3D_VIS_India/3DIMG_07NOV2019_0430_L1C_SGP_vis.tif,Gujarat,Surat,21.1702,72.8311,24.78
3DIMG_07NOV2019_0430_L1C_SGP_vis.tif,INSAT3D_VIS_India/3DIMG_07NOV2019_0430_L1C_SGP_vis.tif,Gujarat,Surendranagar,22.7274,71.637,5.88
3DIMG_07NOV2019_0430_L1C_SGP_vis.tif,INSAT3D_VIS_India/3DIMG_07NOV2019_0430_L1C_SGP_vis.tif,Gujarat,Tapi,21.1147,73.3986,14.47
3DIMG_07NOV2019_0430_L1C_SGP_vis.tif,INSAT3D_VIS_India/3DIMG_07NOV2019_0430_L1C_SGP_vis.tif,Gujarat,Vadodara,22.3072,73.1812,16.03
3DIMG_07NOV2019_0430_L1C_SGP_vis.tif,INSAT3D_VIS_India/3DIMG_07NOV2019_0430_L1C_SGP_vis.tif,Gujarat,Valsad,20.5992,72.9342,12.56
3DIMG_07NOV2019_0500_L1C_SGP_vis.tif,INSAT3D_VIS_India/3DIMG_07NOV2019_0500_L1C_SGP_vis.tif,Gujarat,Ahmedabad,23.0225,72.5714,29.74
3DIMG_07NOV2019_0500_L1C_SGP_vis.tif,INSAT3D_VIS_India/3DIMG_07NOV2019_0500_L1C_SGP_vis.tif,Gujarat,Amreli,21.6032,71.2221,16.85
3DIMG_07NOV2019_0500_L1C_SGP_vis.tif,INSAT3D_VIS_India/3DIMG_07NOV2019_0500_L1C_SGP_vis.tif,Gujarat,Anand,22.5645,72.9289,22.11
3DIMG_07NOV2019_0500_L1C_SGP_vis.tif,INSAT3D_VIS_India/3DIMG_07NOV2019_0500_L1C_SGP_vis.tif,Gujarat,Aravalli,23.4619,73.3039,25.52
3DIMG_07NOV2019_0500_L1C_SGP_vis.tif,INSAT3D_VIS_India/3DIMG_07NOV2019_0500_L1C_SGP_vis.tif,Gujarat,Banaskantha,24.1724,72.4346,5.97
3DIMG_07NOV2019_0500_L1C_SGP_vis.tif,INSAT3D_VIS_India/3DIMG_07NOV2019_0500_L1C_SGP_vis.tif,Gujarat,Bharuch,21.7051,72.9959,28.09
3DIMG_07NOV2019_0500_L1C_SGP_vis.tif,INSAT3D_VIS_India/3DIMG_07NOV2019_0500_L1C_SGP_vis.tif,Gujarat,Bhavnagar,21.7645,72.1519,14.59
3DIMG_07NOV2019_0500_L1C_SGP_vis.tif,INSAT3D_VIS_India/3DIMG_07NOV2019_0500_L1C_SGP_vis.tif,Gujarat,Botad,22.1704,71.6662,14.12
3DIMG_07NOV2019_0500_L1C_SGP_vis.tif,INSAT3D_VIS_India/3DIMG_07NOV2019_0500_L1C_SGP_vis.tif,Gujarat,Chhota Udepur,22.3108,74.0125,31.63
3DIMG_07NOV2019_0500_L1C_SGP_vis.tif,INSAT3D_VIS_India/3DIMG_07NOV2019_0500_L1C_SGP_vis.tif,Gujarat,Dahod,22.8347,74.2552,38.43
3DIMG_07NOV2019_0500_L1C_SGP_vis.tif,INSAT3D_VIS_India/3DIMG_07NOV2019_0500_L1C_SGP_vis.tif,Gujarat,Dang,20.7554,73.6873,11.39
3DIMG_07NOV2019_0500_L1C_SGP_vis.tif,INSAT3D_VIS_India/3DIMG_07NOV2019_0500_L1C_SGP_vis.tif,Gujarat,Devbhumi Dwarka,22.2078,69.6582,2.83
3DIMG_07NOV2019_0500_L1C_SGP_vis.tif,INSAT3D_VIS_India/3DIMG_07NOV2019_0500_L1C_SGP_vis.tif,Gujarat,Gandhinagar,23.2156,72.6369,13.52
3DIMG_07NOV2019_0500_L1C_SGP_vis.tif,INSAT3D_VIS_India/3DIMG_07NOV2019_0500_L1C_SGP_vis.tif,Gujarat,Gir Somnath,20.9042,70.3644,8.14
3DIMG_07NOV2019_0500_L1C_SGP_vis.tif,INSAT3D_VIS_India/3DIMG_07NOV2019_0500_L1C_SGP_vis.tif,Gujarat,Jamnagar,22.4707,70.0577,4.95
3DIMG_07NOV2019_0500_L1C_SGP_vis.tif,INSAT3D_VIS_India/3DIMG_07NOV2019_0500_L1C_SGP_vis.tif,Gujarat,Junagadh,21.5222,70.4579,17.16
3DIMG_07NOV2019_0500_L1C_SGP_vis.tif,INSAT3D_VIS_India/3DIMG_07NOV2019_0500_L1C_SGP_vis.tif,Gujarat,Kheda,22.6916,72.8634,23.82
3DIMG_07NOV2019_0500_L1C_SGP_vis.tif,INSAT3D_VIS_India/3DIMG_07NOV2019_0500_L1C_SGP_vis.tif,Gujarat,Kutch (Bhuj),23.242,69.6669,4.68
3DIMG_07NOV2019_0500_L1C_SGP_vis.tif,INSAT3D_VIS_India/3DIMG_07NOV2019_0500_L1C_SGP_vis.tif,Gujarat,Mahisagar,23.1311,73.6009,26.79
3DIMG_07NOV2019_0500_L1C_SGP_vis.tif,INSAT3D_VIS_India/3DIMG_07NOV2019_0500_L1C_SGP_vis.tif,Gujarat,Mehsana,23.588,72.3693,9.09
3DIMG_07NOV2019_0500_L1C_SGP_vis.tif,INSAT3D_VIS_India/3DIMG_07NOV2019_0500_L1C_SGP_vis.tif,Gujarat,Morbi,22.8173,70.8368,5.33
3DIMG_07NOV2019_0500_L1C_SGP_vis.tif,INSAT3D_VIS_India/3DIMG_07NOV2019_0500_L1C_SGP_vis.tif,Gujarat,Narmada,21.8719,73.5028,31.16
3DIMG_07NOV2019_0500_L1C_SGP_vis.tif,INSAT3D_VIS_India/3DIMG_07NOV2019_0500_L1C_SGP_vis.tif,Gujarat,Navsari,20.9467,72.952,28.01
3DIMG_07NOV2019_0500_L1C_SGP_vis.tif,INSAT3D_VIS_India/3DIMG_07NOV2019_0500_L1C_SGP_vis.tif,Gujarat,Panchmahal,22.778,73.6143,32.03
3DIMG_07NOV2019_0500_L1C_SGP_vis.tif,INSAT3D_VIS_India/3DIMG_07NOV2019_0500_L1C_SGP_vis.tif,Gujarat,Patan,23.8493,72.1266,4.91
3DIMG_07NOV2019_0500_L1C_SGP_vis.tif,INSAT3D_VIS_India/3DIMG_07NOV2019_0500_L1C_SGP_vis.tif,Gujarat,Porbandar,21.6417,69.6293,4.34
3DIMG_07NOV2019_0500_L1C_SGP_vis.tif,INSAT3D_VIS_India/3DIMG_07NOV2019_0500_L1C_SGP_vis.tif,Gujarat,Rajkot,22.3039,70.8022,2.95
3DIMG_07NOV2019_0500_L1C_SGP_vis.tif,INSAT3D_VIS_India/3DIMG_07NOV2019_0500_L1C_SGP_vis.tif,Gujarat,Sabarkantha,23.5977,72.9688,19.32
3DIMG_07NOV2019_0500_L1C_SGP_vis.tif,INSAT3D_VIS_India/3DIMG_07NOV2019_0500_L1C_SGP_vis.tif,Gujarat,Surat,21.1702,72.8311,15.97
3DIMG_07NOV2019_0500_L1C_SGP_vis.tif,INSAT3D_VIS_India/3DIMG_07NOV2019_0500_L1C_SGP_vis.tif,Gujarat,Surendranagar,22.7274,71.637,6.58
3DIMG_07NOV2019_0500_L1C_SGP_vis.tif,INSAT3D_VIS_India/3DIMG_07NOV2019_0500_L1C_SGP_vis.tif,Gujarat,Tapi,21.1147,73.3986,13.35
3DIMG_07NOV2019_0500_L1C_SGP_vis.tif,INSAT3D_VIS_India/3DIMG_07NOV2019_0500_L1C_SGP_vis.tif,Gujarat,Vadodara,22.3072,73.1812,20.41
3DIMG_07NOV2019_0500_L1C_SGP_vis.tif,INSAT3D_VIS_India/3DIMG_07NOV2019_0500_L1C_SGP_vis.tif,Gujarat,Valsad,20.5992,72.9342,11.93
3DIMG_07NOV2019_0530_L1C_SGP_vis.tif,INSAT3D_VIS_India/3DIMG_07NOV2019_0530_L1C_SGP_vis.tif,Gujarat,Ahmedabad,23.0225,72.5714,27.05
3DIMG_07NOV2019_0530_L1C_SGP_vis.tif,INSAT3D_VIS_India/3DIMG_07NOV2019_0530_L1C_SGP_vis.tif,Gujarat,Amreli,21.6032,71.2221,8.43
3DIMG_07NOV2019_0530_L1C_SGP_vis.tif,INSAT3D_VIS_India/3DIMG_07NOV2019_0530_L1C_SGP_vis.tif,Gujarat,Anand,22.5645,72.9289,28.51
3DIMG_07NOV2019_0530_L1C_SGP_vis.tif,INSAT3D_VIS_India/3DIMG_07NOV2019_0530_L1C_SGP_vis.tif,Gujarat,Aravalli,23.4619,73.3039,35.69
3DIMG_07NOV2019_0530_L1C_SGP_vis.tif,INSAT3D_VIS_India/3DIMG_07NOV2019_0530_L1C_SGP_vis.tif,Gujarat,Banaskantha,24.1724,72.4346,6.73
3DIMG_07NOV2019_0530_L1C_SGP_vis.tif,INSAT3D_VIS_India/3DIMG_07NOV2019_0530_L1C_SGP_vis.tif,Gujarat,Bharuch,21.7051,72.9959,21.5
3DIMG_07NOV2019_0530_L1C_SGP_vis.tif,INSAT3D_VIS_India/3DIMG_07NOV2019_0530_L1C_SGP_vis.tif,Gujarat,Bhavnagar,21.7645,72.1519,14.85
3DIMG_07NOV2019_0530_L1C_SGP_vis.tif,INSAT3D_VIS_India/3DIMG_07NOV2019_0530_L1C_SGP_vis.tif,Gujarat,Botad,22.1704,71.6662,12.07
3DIMG_07NOV2019_0530_L1C_SGP_vis.tif,INSAT3D_VIS_India/3DIMG_07NOV2019_0530_L1C_SGP_vis.tif,Gujarat,Chhota Udepur,22.3108,74.0125,37.99
3DIMG_07NOV2019_0530_L1C_SGP_vis.tif,INSAT3D_VIS_India/3DIMG_07NOV2019_0530_L1C_SGP_vis.tif,Gujarat,Dahod,22.8347,74.2552,35.45
3DIMG_07NOV2019_0530_L1C_SGP_vis.tif,INSAT3D_VIS_India/3DIMG_07NOV2019_0530_L1C_SGP_vis.tif,Gujarat,Dang,20.7554,73.6873,12.38
3DIMG_07NOV2019_0530_L1C_SGP_vis.tif,INSAT3D_VIS_India/3DIMG_07NOV2019_0530_L1C_SGP_vis.tif,Gujarat,Devbhumi Dwarka,22.2078,69.6582,3.21
3DIMG_07NOV2019_0530_L1C_SGP_vis.tif,INSAT3D_VIS_India/3DIMG_07NOV2019_0530_L1C_SGP_vis.tif,Gujarat,Gandhinagar,23.2156,72.6369,26.21
3DIMG_07NOV2019_0530_L1C_SGP_vis.tif,INSAT3D_VIS_India/3DIMG_07NOV2019_0530_L1C_SGP_vis.tif,Gujarat,Gir Somnath,20.9042,70.3644,7.51
3DIMG_07NOV2019_0530_L1C_SGP_vis.tif,INSAT3D_VIS_India/3DIMG_07NOV2019_0530_L1C_SGP_vis.tif,Gujarat,Jamnagar,22.4707,70.0577,5.43
3DIMG_07NOV2019_0530_L1C_SGP_vis.tif,INSAT3D_VIS_India/3DIMG_07NOV2019_0530_L1C_SGP_vis.tif,Gujarat,Junagadh,21.5222,70.4579,20.35
3DIMG_07NOV2019_0530_L1C_SGP_vis.tif,INSAT3D_VIS_India/3DIMG_07NOV2019_0530_L1C_SGP_vis.tif,Gujarat,Kheda,22.6916,72.8634,21.32
3DIMG_07NOV2019_0530_L1C_SGP_vis.tif,INSAT3D_VIS_India/3DIMG_07NOV2019_0530_L1C_SGP_vis.tif,Gujarat,Kutch (Bhuj),23.242,69.6669,5.29
3DIMG_07NOV2019_0530_L1C_SGP_vis.tif,INSAT3D_VIS_India/3DIMG_07NOV2019_0530_L1C_SGP_vis.tif,Gujarat,Mahisagar,23.1311,73.6009,35.12
3DIMG_07NOV2019_0530_L1C_SGP_vis.tif,INSAT3D_VIS_India/3DIMG_07NOV2019_0530_L1C_SGP_vis.tif,Gujarat,Mehsana,23.588,72.3693,6.45
3DIMG_07NOV2019_0530_L1C_SGP_vis.tif,INSAT3D_VIS_India/3DIMG_07NOV2019_0530_L1C_SGP_vis.tif,Gujarat,Morbi,22.8173,70.8368,5.9
3DIMG_07NOV2019_0530_L1C_SGP_vis.tif,INSAT3D_VIS_India/3DIMG_07NOV2019_0530_L1C_SGP_vis.tif,Gujarat,Narmada,21.8719,73.5028,32.6
3DIMG_07NOV2019_0530_L1C_SGP_vis.tif,INSAT3D_VIS_India/3DIMG_07NOV2019_0530_L1C_SGP_vis.tif,Gujarat,Navsari,20.9467,72.952,16.82
3DIMG_07NOV2019_0530_L1C_SGP_vis.tif,INSAT3D_VIS_India/3DIMG_07NOV2019_0530_L1C_SGP_vis.tif,Gujarat,Panchmahal,22.778,73.6143,31.86
3DIMG_07NOV2019_0530_L1C_SGP_vis.tif,INSAT3D_VIS_India/3DIMG_07NOV2019_0530_L1C_SGP_vis.tif,Gujarat,Patan,23.8493,72.1266,5.83
3DIMG_07NOV2019_0530_L1C_SGP_vis.tif,INSAT3D_VIS_India/3DIMG_07NOV2019_0530_L1C_SGP_vis.tif,Gujarat,Porbandar,21.6417,69.6293,5.56
3DIMG_07NOV2019_0530_L1C_SGP_vis.tif,INSAT3D_VIS_India/3DIMG_07NOV2019_0530_L1C_SGP_vis.tif,Gujarat,Rajkot,22.3039,70.8022,3.53
3DIMG_07NOV2019_0530_L1C_SGP_vis.tif,INSAT3D_VIS_India/3DIMG_07NOV2019_0530_L1C_SGP_vis.tif,Gujarat,Sabarkantha,23.5977,72.9688,13.0
3DIMG_07NOV2019_0530_L1C_SGP_vis.tif,INSAT3D_VIS_India/3DIMG_07NOV2019_0530_L1C_SGP_vis.tif,Gujarat,Surat,21.1702,72.8311,11.68
3DIMG_07NOV2019_0530_L1C_SGP_vis.tif,INSAT3D_VIS_India/3DIMG_07NOV2019_0530_L1C_SGP_vis.tif,Gujarat,Surendranagar,22.7274,71.637,6.68
3DIMG_07NOV2019_0530_L1C_SGP_vis.tif,INSAT3D_VIS_India/3DIMG_07NOV2019_0530_L1C_SGP_vis.tif,Gujarat,Tapi,21.1147,73.3986,19.72
3DIMG_07NOV2019_0530_L1C_SGP_vis.tif,INSAT3D_VIS_India/3DIMG_07NOV2019_0530_L1C_SGP_vis.tif,Gujarat,Vadodara,22.3072,73.1812,27.91
3DIMG_07NOV2019_0530_L1C_SGP_vis.tif,INSAT3D_VIS_India/3DIMG_07NOV2019_0530_L1C_SGP_vis.tif,Gujarat,Valsad,20.5992,72.9342,23.89
3DIMG_07NOV2019_0600_L1C_SGP_vis.tif,INSAT3D_VIS_India/3DIMG_07NOV2019_0600_L1C_SGP_vis.tif,Gujarat,Ahmedabad,23.0225,72.5714,19.78
3DIMG_07NOV2019_0600_L1C_SGP_vis.tif,INSAT3D_VIS_India/3DIMG_07NOV2019_0600_L1C_SGP_vis.tif,Gujarat,Amreli,21.6032,71.2221,26.73
3DIMG_07NOV2019_0600_L1C_SGP_vis.tif,INSAT3D_VIS_India/3DIMG_07NOV2019_0600_L1C_SGP_vis.tif,Gujarat,Anand,22.5645,72.9289,22.22
3DIMG_07NOV2019_0600_L1C_SGP_vis.tif,INSAT3D_VIS_India/3DIMG_07NOV2019_0600_L1C_SGP_vis.tif,Gujarat,Aravalli,23.4619,73.3039,36.05
3DIMG_07NOV2019_0600_L1C_SGP_vis.tif,INSAT3D_VIS_India/3DIMG_07NOV2019_0600_L1C_SGP_vis.tif,Gujarat,Banaskantha,24.1724,72.4346,8.28
3DIMG_07NOV2019_0600_L1C_SGP_vis.tif,INSAT3D_VIS_India/3DIMG_07NOV2019_0600_L1C_SGP_vis.tif,Gujarat,Bharuch,21.7051,72.9959,19.62
3DIMG_07NOV2019_0600_L1C_SGP_vis.tif,INSAT3D_VIS_India/3DIMG_07NOV2019_0600_L1C_SGP_vis.tif,Gujarat,Bhavnagar,21.7645,72.1519,28.87
3DIMG_07NOV2019_0600_L1C_SGP_vis.tif,INSAT3D_VIS_India/3DIMG_07NOV2019_0600_L1C_SGP_vis.tif,Gujarat,Botad,22.1704,71.6662,7.79
3DIMG_07NOV2019_0600_L1C_SGP_vis.tif,INSAT3D_VIS_India/3DIMG_07NOV2019_0600_L1C_SGP_vis.tif,Gujarat,Chhota Udepur,22.3108,74.0125,37.04
3DIMG_07NOV2019_0600_L1C_SGP_vis.tif,INSAT3D_VIS_India/3DIMG_07NOV2019_0600_L1C_SGP_vis.tif,Gujarat,Dahod,22.8347,74.2552,39.79
3DIMG_07NOV2019_0600_L1C_SGP_vis.tif,INSAT3D_VIS_India/3DIMG_07NOV2019_0600_L1C_SGP_vis.tif,Gujarat,Dang,20.7554,73.6873,12.95
3DIMG_07NOV2019_0600_L1C_SGP_vis.tif,INSAT3D_VIS_India/3DIMG_07NOV2019_0600_L1C_SGP_vis.tif,Gujarat,Devbhumi Dwarka,22.2078,69.6582,4.27
3DIMG_07NOV2019_0600_L1C_SGP_vis.tif,INSAT3D_VIS_India/3DIMG_07NOV2019_0600_L1C_SGP_vis.tif,Gujarat,Gandhinagar,23.2156,72.6369,29.0
3DIMG_07NOV2019_0600_L1C_SGP_vis.tif,INSAT3D_VIS_India/3DIMG_07NOV2019_0600_L1C_SGP_vis.tif,Gujarat,Gir Somnath,20.9042,70.3644,17.71
3DIMG_07NOV2019_0600_L1C_SGP_vis.tif,INSAT3D_VIS_India/3DIMG_07NOV2019_0600_L1C_SGP_vis.tif,Gujarat,Jamnagar,22.4707,70.0577,5.0
3DIMG_07NOV2019_0600_L1C_SGP_vis.tif,INSAT3D_VIS_India/3DIMG_07NOV2019_0600_L1C_SGP_vis.tif,Gujarat,Junagadh,21.5222,70.4579,18.06
3DIMG_07NOV2019_0600_L1C_SGP_vis.tif,INSAT3D_VIS_India/3DIMG_07NOV2019_0600_L1C_SGP_vis.tif,Gujarat,Kheda,22.6916,72.8634,24.5
3DIMG_07NOV2019_0600_L1C_SGP_vis.tif,INSAT3D_VIS_India/3DIMG_07NOV2019_0600_L1C_SGP_vis.tif,Gujarat,Kutch (Bhuj),23.242,69.6669,6.09
3DIMG_07NOV2019_0600_L1C_SGP_vis.tif,INSAT3D_VIS_India/3DIMG_07NOV2019_0600_L1C_SGP_vis.tif,Gujarat,Mahisagar,23.1311,73.6009,26.12
3DIMG_07NOV2019_0600_L1C_SGP_vis.tif,INSAT3D_VIS_India/3DIMG_07NOV2019_0600_L1C_SGP_vis.tif,Gujarat,Mehsana,23.588,72.3693,6.18
3DIMG_07NOV2019_0600_L1C_SGP_vis.tif,INSAT3D_VIS_India/3DIMG_07NOV2019_0600_L1C_SGP_vis.tif,Gujarat,Morbi,22.8173,70.8368,6.75
3DIMG_07NOV2019_0600_L1C_SGP_vis.tif,INSAT3D_VIS_India/3DIMG_07NOV2019_0600_L1C_SGP_vis.tif,Gujarat,Narmada,21.8719,73.5028,25.33
3DIMG_07NOV2019_0600_L1C_SGP_vis.tif,INSAT3D_VIS_India/3DIMG_07NOV2019_0600_L1C_SGP_vis.tif,Gujarat,Navsari,20.9467,72.952,18.51
3DIMG_07NOV2019_0600_L1C_SGP_vis.tif,INSAT3D_VIS_India/3DIMG_07NOV2019_0600_L1C_SGP_vis.tif,Gujarat,Panchmahal,22.778,73.6143,27.26
3DIMG_07NOV2019_0600_L1C_SGP_vis.tif,INSAT3D_VIS_India/3DIMG_07NOV2019_0600_L1C_SGP_vis.tif,Gujarat,Patan,23.8493,72.1266,6.32
3DIMG_07NOV2019_0600_L1C_SGP_vis.tif,INSAT3D_VIS_India/3DIMG_07NOV2019_0600_L1C_SGP_vis.tif,Gujarat,Porbandar,21.6417,69.6293,5.57
3DIMG_07NOV2019_0600_L1C_SGP_vis.tif,INSAT3D_VIS_India/3DIMG_07NOV2019_0600_L1C_SGP_vis.tif,Gujarat,Rajkot,22.3039,70.8022,5.26
3DIMG_07NOV2019_0600_L1C_SGP_vis.tif,INSAT3D_VIS_India/3DIMG_07NOV2019_0600_L1C_SGP_vis.tif,Gujarat,Sabarkantha,23.5977,72.9688,23.06
3DIMG_07NOV2019_0600_L1C_SGP_vis.tif,INSAT3D_VIS_India/3DIMG_07NOV2019_0600_L1C_SGP_vis.tif,Gujarat,Surat,21.1702,72.8311,16.69
3DIMG_07NOV2019_0600_L1C_SGP_vis.tif,INSAT3D_VIS_India/3DIMG_07NOV2019_0600_L1C_SGP_vis.tif,Gujarat,Surendranagar,22.7274,71.637,7.24
3DIMG_07NOV2019_0600_L1C_SGP_vis.tif,INSAT3D_VIS_India/3DIMG_07NOV2019_0600_L1C_SGP_vis.tif,Gujarat,Tapi,21.1147,73.3986,14.82
3DIMG_07NOV2019_0600_L1C_SGP_vis.tif,INSAT3D_VIS_India/3DIMG_07NOV2019_0600_L1C_SGP_vis.tif,Gujarat,Vadodara,22.3072,73.1812,31.6
3DIMG_07NOV2019_0600_L1C_SGP_vis.tif,INSAT3D_VIS_India/3DIMG_07NOV2019_0600_L1C_SGP_vis.tif,Gujarat,Valsad,20.5992,72.9342,35.88
3DIMG_07NOV2019_0630_L1C_SGP_vis.tif,INSAT3D_VIS_India/3DIMG_07NOV2019_0630_L1C_SGP_vis.tif,Gujarat,Ahmedabad,23.0225,72.5714,19.13
3DIMG_07NOV2019_0630_L1C_SGP_vis.tif,INSAT3D_VIS_India/3DIMG_07NOV2019_0630_L1C_SGP_vis.tif,Gujarat,Amreli,21.6032,71.2221,22.93
3DIMG_07NOV2019_0630_L1C_SGP_vis.tif,INSAT3D_VIS_India/3DIMG_07NOV2019_0630_L1C_SGP_vis.tif,Gujarat,Anand,22.5645,72.9289,21.65
3DIMG_07NOV2019_0630_L1C_SGP_vis.tif,INSAT3D_VIS_India/3DIMG_07NOV2019_0630_L1C_SGP_vis.tif,Gujarat,Aravalli,23.4619,73.3039,38.99
3DIMG_07NOV2019_0630_L1C_SGP_vis.tif,INSAT3D_VIS_India/3DIMG_07NOV2019_0630_L1C_SGP_vis.tif,Gujarat,Banaskantha,24.1724,72.4346,9.36
3DIMG_07NOV2019_0630_L1C_SGP_vis.tif,INSAT3D_VIS_India/3DIMG_07NOV2019_0630_L1C_SGP_vis.tif,Gujarat,Bharuch,21.7051,72.9959,12.06
3DIMG_07NOV2019_0630_L1C_SGP_vis.tif,INSAT3D_VIS_India/3DIMG_07NOV2019_0630_L1C_SGP_vis.tif,Gujarat,Bhavnagar,21.7645,72.1519,27.74
3DIMG_07NOV2019_0630_L1C_SGP_vis.tif,INSAT3D_VIS_India/3DIMG_07NOV2019_0630_L1C_SGP_vis.tif,Gujarat,Botad,22.1704,71.6662,8.31
3DIMG_07NOV2019_0630_L1C_SGP_vis.tif,INSAT3D_VIS_India/3DIMG_07NOV2019_0630_L1C_SGP_vis.tif,Gujarat,Chhota Udepur,22.3108,74.0125,28.23
3DIMG_07NOV2019_0630_L1C_SGP_vis.tif,INSAT3D_VIS_India/3DIMG_07NOV2019_0630_L1C_SGP_vis.tif,Gujarat,Dahod,22.8347,74.2552,37.84
3DIMG_07NOV2019_0630_L1C_SGP_vis.tif,INSAT3D_VIS_India/3DIMG_07NOV2019_0630_L1C_SGP_vis.tif,Gujarat,Dang,20.7554,73.6873,16.91
3DIMG_07NOV2019_0630_L1C_SGP_vis.tif,INSAT3D_VIS_India/3DIMG_07NOV2019_0630_L1C_SGP_vis.tif,Gujarat,Devbhumi Dwarka,22.2078,69.6582,4.29
3DIMG_07NOV2019_0630_L1C_SGP_vis.tif,INSAT3D_VIS_India/3DIMG_07NOV2019_0630_L1C_SGP_vis.tif,Gujarat,Gandhinagar,23.2156,72.6369,27.42
3DIMG_07NOV2019_0630_L1C_SGP_vis.tif,INSAT3D_VIS_India/3DIMG_07NOV2019_0630_L1C_SGP_vis.tif,Gujarat,Gir Somnath,20.9042,70.3644,30.94
3DIMG_07NOV2019_0630_L1C_SGP_vis.tif,INSAT3D_VIS_India/3DIMG_07NOV2019_0630_L1C_SGP_vis.tif,Gujarat,Jamnagar,22.4707,70.0577,5.23
3DIMG_07NOV2019_0630_L1C_SGP_vis.tif,INSAT3D_VIS_India/3DIMG_07NOV2019_0630_L1C_SGP_vis.tif,Gujarat,Junagadh,21.5222,70.4579,11.95
3DIMG_07NOV2019_0630_L1C_SGP_vis.tif,INSAT3D_VIS_India/3DIMG_07NOV2019_0630_L1C_SGP_vis.tif,Gujarat,Kheda,22.6916,72.8634,18.58
3DIMG_07NOV2019_0630_L1C_SGP_vis.tif,INSAT3D_VIS_India/3DIMG_07NOV2019_0630_L1C_SGP_vis.tif,Gujarat,Kutch (Bhuj),23.242,69.6669,6.37
3DIMG_07NOV2019_0630_L1C_SGP_vis.tif,INSAT3D_VIS_India/3DIMG_07NOV2019_0630_L1C_SGP_vis.tif,Gujarat,Mahisagar,23.1311,73.6009,17.39
3DIMG_07NOV2019_0630_L1C_SGP_vis.tif,INSAT3D_VIS_India/3DIMG_07NOV2019_0630_L1C_SGP_vis.tif,Gujarat,Mehsana,23.588,72.3693,8.34
3DIMG_07NOV2019_0630_L1C_SGP_vis.tif,INSAT3D_VIS_India/3DIMG_07NOV2019_0630_L1C_SGP_vis.tif,Gujarat,Morbi,22.8173,70.8368,6.79
3DIMG_07NOV2019_0630_L1C_SGP_vis.tif,INSAT3D_VIS_India/3DIMG_07NOV2019_0630_L1C_SGP_vis.tif,Gujarat,Narmada,21.8719,73.5028,15.36
3DIMG_07NOV2019_0630_L1C_SGP_vis.tif,INSAT3D_VIS_India/3DIMG_07NOV2019_0630_L1C_SGP_vis.tif,Gujarat,Navsari,20.9467,72.952,23.62
3DIMG_07NOV2019_0630_L1C_SGP_vis.tif,INSAT3D_VIS_India/3DIMG_07NOV2019_0630_L1C_SGP_vis.tif,Gujarat,Panchmahal,22.778,73.6143,23.9
3DIMG_07NOV2019_0630_L1C_SGP_vis.tif,INSAT3D_VIS_India/3DIMG_07NOV2019_0630_L1C_SGP_vis.tif,Gujarat,Patan,23.8493,72.1266,7.68
3DIMG_07NOV2019_0630_L1C_SGP_vis.tif,INSAT3D_VIS_India/3DIMG_07NOV2019_0630_L1C_SGP_vis.tif,Gujarat,Porbandar,21.6417,69.6293,4.28
3DIMG_07NOV2019_0630_L1C_SGP_vis.tif,INSAT3D_VIS_India/3DIMG_07NOV2019_0630_L1C_SGP_vis.tif,Gujarat,Rajkot,22.3039,70.8022,9.87
3DIMG_07NOV2019_0630_L1C_SGP_vis.tif,INSAT3D_VIS_India/3DIMG_07NOV2019_0630_L1C_SGP_vis.tif,Gujarat,Sabarkantha,23.5977,72.9688,19.26
3DIMG_07NOV2019_0630_L1C_SGP_vis.tif,INSAT3D_VIS_India/3DIMG_07NOV2019_0630_L1C_SGP_vis.tif,Gujarat,Surat,21.1702,72.8311,14.25
3DIMG_07NOV2019_0630_L1C_SGP_vis.tif,INSAT3D_VIS_India/3DIMG_07NOV2019_0630_L1C_SGP_vis.tif,Gujarat,Surendranagar,22.7274,71.637,7.42
3DIMG_07NOV2019_0630_L1C_SGP_vis.tif,INSAT3D_VIS_India/3DIMG_07NOV2019_0630_L1C_SGP_vis.tif,Gujarat,Tapi,21.1147,73.3986,15.83
3DIMG_07NOV2019_0630_L1C_SGP_vis.tif,INSAT3D_VIS_India/3DIMG_07NOV2019_0630_L1C_SGP_vis.tif,Gujarat,Vadodara,22.3072,73.1812,21.47
3DIMG_07NOV2019_0630_L1C_SGP_vis.tif,INSAT3D_VIS_India/3DIMG_07NOV2019_0630_L1C_SGP_vis.tif,Gujarat,Valsad,20.5992,72.9342,29.77
3DIMG_07NOV2019_0700_L1C_SGP_vis.tif,INSAT3D_VIS_India/3DIMG_07NOV2019_0700_L1C_SGP_vis.tif,Gujarat,Ahmedabad,23.0225,72.5714,17.74
3DIMG_07NOV2019_0700_L1C_SGP_vis.tif,INSAT3D_VIS_India/3DIMG_07NOV2019_0700_L1C_SGP_vis.tif,Gujarat,Amreli,21.6032,71.2221,23.11
3DIMG_07NOV2019_0700_L1C_SGP_vis.tif,INSAT3D_VIS_India/3DIMG_07NOV2019_0700_L1C_SGP_vis.tif,Gujarat,Anand,22.5645,72.9289,26.41
3DIMG_07NOV2019_0700_L1C_SGP_vis.tif,INSAT3D_VIS_India/3DIMG_07NOV2019_0700_L1C_SGP_vis.tif,Gujarat,Aravalli,23.4619,73.3039,32.95
3DIMG_07NOV2019_0700_L1C_SGP_vis.tif,INSAT3D_VIS_India/3DIMG_07NOV2019_0700_L1C_SGP_vis.tif,Gujarat,Banaskantha,24.1724,72.4346,12.23
3DIMG_07NOV2019_0700_L1C_SGP_vis.tif,INSAT3D_VIS_India/3DIMG_07NOV2019_0700_L1C_SGP_vis.tif,Gujarat,Bharuch,21.7051,72.9959,13.43
3DIMG_07NOV2019_0700_L1C_SGP_vis.tif,INSAT3D_VIS_India/3DIMG_07NOV2019_0700_L1C_SGP_vis.tif,Gujarat,Bhavnagar,21.7645,72.1519,18.85
3DIMG_07NOV2019_0700_L1C_SGP_vis.tif,INSAT3D_VIS_India/3DIMG_07NOV2019_0700_L1C_SGP_vis.tif,Gujarat,Botad,22.1704,71.6662,9.41
3DIMG_07NOV2019_0700_L1C_SGP_vis.tif,INSAT3D_VIS_India/3DIMG_07NOV2019_0700_L1C_SGP_vis.tif,Gujarat,Chhota Udepur,22.3108,74.0125,26.4
3DIMG_07NOV2019_0700_L1C_SGP_vis.tif,INSAT3D_VIS_India/3DIMG_07NOV2019_0700_L1C_SGP_vis.tif,Gujarat,Dahod,22.8347,74.2552,37.87
3DIMG_07NOV2019_0700_L1C_SGP_vis.tif,INSAT3D_VIS_India/3DIMG_07NOV2019_0700_L1C_SGP_vis.tif,Gujarat,Dang,20.7554,73.6873,10.66
3DIMG_07NOV2019_0700_L1C_SGP_vis.tif,INSAT3D_VIS_India/3DIMG_07NOV2019_0700_L1C_SGP_vis.tif,Gujarat,Devbhumi Dwarka,22.2078,69.6582,6.54
3DIMG_07NOV2019_0700_L1C_SGP_vis.tif,INSAT3D_VIS_India/3DIMG_07NOV2019_0700_L1C_SGP_vis.tif,Gujarat,Gandhinagar,23.2156,72.6369,15.12
3DIMG_07NOV2019_0700_L1C_SGP_vis.tif,INSAT3D_VIS_India/3DIMG_07NOV2019_0700_L1C_SGP_vis.tif,Gujarat,Gir Somnath,20.9042,70.3644,29.21
3DIMG_07NOV2019_0700_L1C_SGP_vis.tif,INSAT3D_VIS_India/3DIMG_07NOV2019_0700_L1C_SGP_vis.tif,Gujarat,Jamnagar,22.4707,70.0577,4.5
3DIMG_07NOV2019_0700_L1C_SGP_vis.tif,INSAT3D_VIS_India/3DIMG_07NOV2019_0700_L1C_SGP_vis.tif,Gujarat,Junagadh,21.5222,70.4579,13.03
3DIMG_07NOV2019_0700_L1C_SGP_vis.tif,INSAT3D_VIS_India/3DIMG_07NOV2019_0700_L1C_SGP_vis.tif,Gujarat,Kheda,22.6916,72.8634,22.1
3DIMG_07NOV2019_0700_L1C_SGP_vis.tif,INSAT3D_VIS_India/3DIMG_07NOV2019_0700_L1C_SGP_vis.tif,Gujarat,Kutch (Bhuj),23.242,69.6669,6.59
3DIMG_07NOV2019_0700_L1C_SGP_vis.tif,INSAT3D_VIS_India/3DIMG_07NOV2019_0700_L1C_SGP_vis.tif,Gujarat,Mahisagar,23.1311,73.6009,25.59
3DIMG_07NOV2019_0700_L1C_SGP_vis.tif,INSAT3D_VIS_India/3DIMG_07NOV2019_0700_L1C_SGP_vis.tif,Gujarat,Mehsana,23.588,72.3693,9.3
3DIMG_07NOV2019_0700_L1C_SGP_vis.tif,INSAT3D_VIS_India/3DIMG_07NOV2019_0700_L1C_SGP_vis.tif,Gujarat,Morbi,22.8173,70.8368,6.61
3DIMG_07NOV2019_0700_L1C_SGP_vis.tif,INSAT3D_VIS_India/3DIMG_07NOV2019_0700_L1C_SGP_vis.tif,Gujarat,Narmada,21.8719,73.5028,12.17
3DIMG_07NOV2019_0700_L1C_SGP_vis.tif,INSAT3D_VIS_India/3DIMG_07NOV2019_0700_L1C_SGP_vis.tif,Gujarat,Navsari,20.9467,72.952,18.58
3DIMG_07NOV2019_0700_L1C_SGP_vis.tif,INSAT3D_VIS_India/3DIMG_07NOV2019_0700_L1C_SGP_vis.tif,Gujarat,Panchmahal,22.778,73.6143,24.11
3DIMG_07NOV2019_0700_L1C_SGP_vis.tif,INSAT3D_VIS_India/3DIMG_07NOV2019_0700_L1C_SGP_vis.tif,Gujarat,Patan,23.8493,72.1266,7.28
3DIMG_07NOV2019_0700_L1C_SGP_vis.tif,INSAT3D_VIS_India/3DIMG_07NOV2019_0700_L1C_SGP_vis.tif,Gujarat,Porbandar,21.6417,69.6293,5.97
3DIMG_07NOV2019_0700_L1C_SGP_vis.tif,INSAT3D_VIS_India/3DIMG_07NOV2019_0700_L1C_SGP_vis.tif,Gujarat,Rajkot,22.3039,70.8022,6.19
3DIMG_07NOV2019_0700_L1C_SGP_vis.tif,INSAT3D_VIS_India/3DIMG_07NOV2019_0700_L1C_SGP_vis.tif,Gujarat,Sabarkantha,23.5977,72.9688,17.45
3DIMG_07NOV2019_0700_L1C_SGP_vis.tif,INSAT3D_VIS_India/3DIMG_07NOV2019_0700_L1C_SGP_vis.tif,Gujarat,Surat,21.1702,72.8311,18.58
3DIMG_07NOV2019_0700_L1C_SGP_vis.tif,INSAT3D_VIS_India/3DIMG_07NOV2019_0700_L1C_SGP_vis.tif,Gujarat,Surendranagar,22.7274,71.637,9.96
3DIMG_07NOV2019_0700_L1C_SGP_vis.tif,INSAT3D_VIS_India/3DIMG_07NOV2019_0700_L1C_SGP_vis.tif,Gujarat,Tapi,21.1147,73.3986,16.26
3DIMG_07NOV2019_0700_L1C_SGP_vis.tif,INSAT3D_VIS_India/3DIMG_07NOV2019_0700_L1C_SGP_vis.tif,Gujarat,Vadodara,22.3072,73.1812,23.56
3DIMG_07NOV2019_0700_L1C_SGP_vis.tif,INSAT3D_VIS_India/3DIMG_07NOV2019_0700_L1C_SGP_vis.tif,Gujarat,Valsad,20.5992,72.9342,20.41
3DIMG_07NOV2019_0730_L1C_SGP_vis.tif,INSAT3D_VIS_India/3DIMG_07NOV2019_0730_L1C_SGP_vis.tif,Gujarat,Ahmedabad,23.0225,72.5714,16.69
3DIMG_07NOV2019_0730_L1C_SGP_vis.tif,INSAT3D_VIS_India/3DIMG_07NOV2019_0730_L1C_SGP_vis.tif,Gujarat,Amreli,21.6032,71.2221,21.12
3DIMG_07NOV2019_0730_L1C_SGP_vis.tif,INSAT3D_VIS_India/3DIMG_07NOV2019_0730_L1C_SGP_vis.tif,Gujarat,Anand,22.5645,72.9289,24.17
3DIMG_07NOV2019_0730_L1C_SGP_vis.tif,INSAT3D_VIS_India/3DIMG_07NOV2019_0730_L1C_SGP_vis.tif,Gujarat,Aravalli,23.4619,73.3039,34.52
3DIMG_07NOV2019_0730_L1C_SGP_vis.tif,INSAT3D_VIS_India/3DIMG_07NOV2019_0730_L1C_SGP_vis.tif,Gujarat,Banaskantha,24.1724,72.4346,14.35
3DIMG_07NOV2019_0730_L1C_SGP_vis.tif,INSAT3D_VIS_India/3DIMG_07NOV2019_0730_L1C_SGP_vis.tif,Gujarat,Bharuch,21.7051,72.9959,16.14
3DIMG_07NOV2019_0730_L1C_SGP_vis.tif,INSAT3D_VIS_India/3DIMG_07NOV2019_0730_L1C_SGP_vis.tif,Gujarat,Bhavnagar,21.7645,72.1519,18.49
3DIMG_07NOV2019_0730_L1C_SGP_vis.tif,INSAT3D_VIS_India/3DIMG_07NOV2019_0730_L1C_SGP_vis.tif,Gujarat,Botad,22.1704,71.6662,12.39
3DIMG_07NOV2019_0730_L1C_SGP_vis.tif,INSAT3D_VIS_India/3DIMG_07NOV2019_0730_L1C_SGP_vis.tif,Gujarat,Chhota Udepur,22.3108,74.0125,26.25
3DIMG_07NOV2019_0730_L1C_SGP_vis.tif,INSAT3D_VIS_India/3DIMG_07NOV2019_0730_L1C_SGP_vis.tif,Gujarat,Dahod,22.8347,74.2552,36.12
3DIMG_07NOV2019_0730_L1C_SGP_vis.tif,INSAT3D_VIS_India/3DIMG_07NOV2019_0730_L1C_SGP_vis.tif,Gujarat,Dang,20.7554,73.6873,12.94
3DIMG_07NOV2019_0730_L1C_SGP_vis.tif,INSAT3D_VIS_India/3DIMG_07NOV2019_0730_L1C_SGP_vis.tif,Gujarat,Devbhumi Dwarka,22.2078,69.6582,7.79
3DIMG_07NOV2019_0730_L1C_SGP_vis.tif,INSAT3D_VIS_India/3DIMG_07NOV2019_0730_L1C_SGP_vis.tif,Gujarat,Gandhinagar,23.2156,72.6369,11.61
3DIMG_07NOV2019_0730_L1C_SGP_vis.tif,INSAT3D_VIS_India/3DIMG_07NOV2019_0730_L1C_SGP_vis.tif,Gujarat,Gir Somnath,20.9042,70.3644,28.14
3DIMG_07NOV2019_0730_L1C_SGP_vis.tif,INSAT3D_VIS_India/3DIMG_07NOV2019_0730_L1C_SGP_vis.tif,Gujarat,Jamnagar,22.4707,70.0577,3.55
3DIMG_07NOV2019_0730_L1C_SGP_vis.tif,INSAT3D_VIS_India/3DIMG_07NOV2019_0730_L1C_SGP_vis.tif,Gujarat,Junagadh,21.5222,70.4579,18.56
3DIMG_07NOV2019_0730_L1C_SGP_vis.tif,INSAT3D_VIS_India/3DIMG_07NOV2019_0730_L1C_SGP_vis.tif,Gujarat,Kheda,22.6916,72.8634,26.71
3DIMG_07NOV2019_0730_L1C_SGP_vis.tif,INSAT3D_VIS_India/3DIMG_07NOV2019_0730_L1C_SGP_vis.tif,Gujarat,Kutch (Bhuj),23.242,69.6669,6.53
3DIMG_07NOV2019_0730_L1C_SGP_vis.tif,INSAT3D_VIS_India/3DIMG_07NOV2019_0730_L1C_SGP_vis.tif,Gujarat,Mahisagar,23.1311,73.6009,26.43
3DIMG_07NOV2019_0730_L1C_SGP_vis.tif,INSAT3D_VIS_India/3DIMG_07NOV2019_0730_L1C_SGP_vis.tif,Gujarat,Mehsana,23.588,72.3693,14.33
3DIMG_07NOV2019_0730_L1C_SGP_vis.tif,INSAT3D_VIS_India/3DIMG_07NOV2019_0730_L1C_SGP_vis.tif,Gujarat,Morbi,22.8173,70.8368,6.31
3DIMG_07NOV2019_0730_L1C_SGP_vis.tif,INSAT3D_VIS_India/3DIMG_07NOV2019_0730_L1C_SGP_vis.tif,Gujarat,Narmada,21.8719,73.5028,8.2
3DIMG_07NOV2019_0730_L1C_SGP_vis.tif,INSAT3D_VIS_India/3DIMG_07NOV2019_0730_L1C_SGP_vis.tif,Gujarat,Navsari,20.9467,72.952,22.85
3DIMG_07NOV2019_0730_L1C_SGP_vis.tif,INSAT3D_VIS_India/3DIMG_07NOV2019_0730_L1C_SGP_vis.tif,Gujarat,Panchmahal,22.778,73.6143,17.22
3DIMG_07NOV2019_0730_L1C_SGP_vis.tif,INSAT3D_VIS_India/3DIMG_07NOV2019_0730_L1C_SGP_vis.tif,Gujarat,Patan,23.8493,72.1266,9.11
3DIMG_07NOV2019_0730_L1C_SGP_vis.tif,INSAT3D_VIS_India/3DIMG_07NOV2019_0730_L1C_SGP_vis.tif,Gujarat,Porbandar,21.6417,69.6293,10.13
3DIMG_07NOV2019_0730_L1C_SGP_vis.tif,INSAT3D_VIS_India/3DIMG_07NOV2019_0730_L1C_SGP_vis.tif,Gujarat,Rajkot,22.3039,70.8022,5.53
3DIMG_07NOV2019_0730_L1C_SGP_vis.tif,INSAT3D_VIS_India/3DIMG_07NOV2019_0730_L1C_SGP_vis.tif,Gujarat,Sabarkantha,23.5977,72.9688,15.89
3DIMG_07NOV2019_0730_L1C_SGP_vis.tif,INSAT3D_VIS_India/3DIMG_07NOV2019_0730_L1C_SGP_vis.tif,Gujarat,Surat,21.1702,72.8311,16.88
3DIMG_07NOV2019_0730_L1C_SGP_vis.tif,INSAT3D_VIS_India/3DIMG_07NOV2019_0730_L1C_SGP_vis.tif,Gujarat,Surendranagar,22.7274,71.637,12.96
3DIMG_07NOV2019_0730_L1C_SGP_vis.tif,INSAT3D_VIS_India/3DIMG_07NOV2019_0730_L1C_SGP_vis.tif,Gujarat,Tapi,21.1147,73.3986,8.19
3DIMG_07NOV2019_0730_L1C_SGP_vis.tif,INSAT3D_VIS_India/3DIMG_07NOV2019_0730_L1C_SGP_vis.tif,Gujarat,Vadodara,22.3072,73.1812,27.33
3DIMG_07NOV2019_0730_L1C_SGP_vis.tif,INSAT3D_VIS_India/3DIMG_07NOV2019_0730_L1C_SGP_vis.tif,Gujarat,Valsad,20.5992,72.9342,15.6
3DIMG_07NOV2019_0800_L1C_SGP_vis.tif,INSAT3D_VIS_India/3DIMG_07NOV2019_0800_L1C_SGP_vis.tif,Gujarat,Ahmedabad,23.0225,72.5714,15.41
3DIMG_07NOV2019_0800_L1C_SGP_vis.tif,INSAT3D_VIS_India/3DIMG_07NOV2019_0800_L1C_SGP_vis.tif,Gujarat,Amreli,21.6032,71.2221,15.35
3DIMG_07NOV2019_0800_L1C_SGP_vis.tif,INSAT3D_VIS_India/3DIMG_07NOV2019_0800_L1C_SGP_vis.tif,Gujarat,Anand,22.5645,72.9289,11.73
3DIMG_07NOV2019_0800_L1C_SGP_vis.tif,INSAT3D_VIS_India/3DIMG_07NOV2019_0800_L1C_SGP_vis.tif,Gujarat,Aravalli,23.4619,73.3039,25.92
3DIMG_07NOV2019_0800_L1C_SGP_vis.tif,INSAT3D_VIS_India/3DIMG_07NOV2019_0800_L1C_SGP_vis.tif,Gujarat,Banaskantha,24.1724,72.4346,13.24
3DIMG_07NOV2019_0800_L1C_SGP_vis.tif,INSAT3D_VIS_India/3DIMG_07NOV2019_0800_L1C_SGP_vis.tif,Gujarat,Bharuch,21.7051,72.9959,16.11
3DIMG_07NOV2019_0800_L1C_SGP_vis.tif,INSAT3D_VIS_India/3DIMG_07NOV2019_0800_L1C_SGP_vis.tif,Gujarat,Bhavnagar,21.7645,72.1519,25.31
3DIMG_07NOV2019_0800_L1C_SGP_vis.tif,INSAT3D_VIS_India/3DIMG_07NOV2019_0800_L1C_SGP_vis.tif,Gujarat,Botad,22.1704,71.6662,12.92
3DIMG_07NOV2019_0800_L1C_SGP_vis.tif,INSAT3D_VIS_India/3DIMG_07NOV2019_0800_L1C_SGP_vis.tif,Gujarat,Chhota Udepur,22.3108,74.0125,24.69
3DIMG_07NOV2019_0800_L1C_SGP_vis.tif,INSAT3D_VIS_India/3DIMG_07NOV2019_0800_L1C_SGP_vis.tif,Gujarat,Dahod,22.8347,74.2552,37.6
3DIMG_07NOV2019_0800_L1C_SGP_vis.tif,INSAT3D_VIS_India/3DIMG_07NOV2019_0800_L1C_SGP_vis.tif,Gujarat,Dang,20.7554,73.6873,12.67
3DIMG_07NOV2019_0800_L1C_SGP_vis.tif,INSAT3D_VIS_India/3DIMG_07NOV2019_0800_L1C_SGP_vis.tif,Gujarat,Devbhumi Dwarka,22.2078,69.6582,5.38
3DIMG_07NOV2019_0800_L1C_SGP_vis.tif,INSAT3D_VIS_India/3DIMG_07NOV2019_0800_L1C_SGP_vis.tif,Gujarat,Gandhinagar,23.2156,72.6369,16.12
3DIMG_07NOV2019_0800_L1C_SGP_vis.tif,INSAT3D_VIS_India/3DIMG_07NOV2019_0800_L1C_SGP_vis.tif,Gujarat,Gir Somnath,20.9042,70.3644,22.49
3DIMG_07NOV2019_0800_L1C_SGP_vis.tif,INSAT3D_VIS_India/3DIMG_07NOV2019_0800_L1C_SGP_vis.tif,Gujarat,Jamnagar,22.4707,70.0577,3.66
3DIMG_07NOV2019_0800_L1C_SGP_vis.tif,INSAT3D_VIS_India/3DIMG_07NOV2019_0800_L1C_SGP_vis.tif,Gujarat,Junagadh,21.5222,70.4579,11.88
3DIMG_07NOV2019_0800_L1C_SGP_vis.tif,INSAT3D_VIS_India/3DIMG_07NOV2019_0800_L1C_SGP_vis.tif,Gujarat,Kheda,22.6916,72.8634,23.35
3DIMG_07NOV2019_0800_L1C_SGP_vis.tif,INSAT3D_VIS_India/3DIMG_07NOV2019_0800_L1C_SGP_vis.tif,Gujarat,Kutch (Bhuj),23.242,69.6669,8.31
3DIMG_07NOV2019_0800_L1C_SGP_vis.tif,INSAT3D_VIS_India/3DIMG_07NOV2019_0800_L1C_SGP_vis.tif,Gujarat,Mahisagar,23.1311,73.6009,23.96
3DIMG_07NOV2019_0800_L1C_SGP_vis.tif,INSAT3D_VIS_India/3DIMG_07NOV2019_0800_L1C_SGP_vis.tif,Gujarat,Mehsana,23.588,72.3693,10.4
3DIMG_07NOV2019_0800_L1C_SGP_vis.tif,INSAT3D_VIS_India/3DIMG_07NOV2019_0800_L1C_SGP_vis.tif,Gujarat,Morbi,22.8173,70.8368,5.66
3DIMG_07NOV2019_0800_L1C_SGP_vis.tif,INSAT3D_VIS_India/3DIMG_07NOV2019_0800_L1C_SGP_vis.tif,Gujarat,Narmada,21.8719,73.5028,7.38
3DIMG_07NOV2019_0800_L1C_SGP_vis.tif,INSAT3D_VIS_India/3DIMG_07NOV2019_0800_L1C_SGP_vis.tif,Gujarat,Navsari,20.9467,72.952,24.62
3DIMG_07NOV2019_0800_L1C_SGP_vis.tif,INSAT3D_VIS_India/3DIMG_07NOV2019_0800_L1C_SGP_vis.tif,Gujarat,Panchmahal,22.778,73.6143,20.98
3DIMG_07NOV2019_0800_L1C_SGP_vis.tif,INSAT3D_VIS_India/3DIMG_07NOV2019_0800_L1C_SGP_vis.tif,Gujarat,Patan,23.8493,72.1266,12.88
3DIMG_07NOV2019_0800_L1C_SGP_vis.tif,INSAT3D_VIS_India/3DIMG_07NOV2019_0800_L1C_SGP_vis.tif,Gujarat,Porbandar,21.6417,69.6293,7.26
3DIMG_07NOV2019_0800_L1C_SGP_vis.tif,INSAT3D_VIS_India/3DIMG_07NOV2019_0800_L1C_SGP_vis.tif,Gujarat,Rajkot,22.3039,70.8022,8.05
3DIMG_07NOV2019_0800_L1C_SGP_vis.tif,INSAT3D_VIS_India/3DIMG_07NOV2019_0800_L1C_SGP_vis.tif,Gujarat,Sabarkantha,23.5977,72.9688,22.68
3DIMG_07NOV2019_0800_L1C_SGP_vis.tif,INSAT3D_VIS_India/3DIMG_07NOV2019_0800_L1C_SGP_vis.tif,Gujarat,Surat,21.1702,72.8311,24.09
3DIMG_07NOV2019_0800_L1C_SGP_vis.tif,INSAT3D_VIS_India/3DIMG_07NOV2019_0800_L1C_SGP_vis.tif,Gujarat,Surendranagar,22.7274,71.637,9.14
3DIMG_07NOV2019_0800_L1C_SGP_vis.tif,INSAT3D_VIS_India/3DIMG_07NOV2019_0800_L1C_SGP_vis.tif,Gujarat,Tapi,21.1147,73.3986,16.8
3DIMG_07NOV2019_0800_L1C_SGP_vis.tif,INSAT3D_VIS_India/3DIMG_07NOV2019_0800_L1C_SGP_vis.tif,Gujarat,Vadodara,22.3072,73.1812,20.81
3DIMG_07NOV2019_0800_L1C_SGP_vis.tif,INSAT3D_VIS_India/3DIMG_07NOV2019_0800_L1C_SGP_vis.tif,Gujarat,Valsad,20.5992,72.9342,25.3
3DIMG_07NOV2019_0830_L1C_SGP_vis.tif,INSAT3D_VIS_India/3DIMG_07NOV2019_0830_L1C_SGP_vis.tif,Gujarat,Ahmedabad,23.0225,72.5714,8.33
3DIMG_07NOV2019_0830_L1C_SGP_vis.tif,INSAT3D_VIS_India/3DIMG_07NOV2019_0830_L1C_SGP_vis.tif,Gujarat,Amreli,21.6032,71.2221,18.85
3DIMG_07NOV2019_0830_L1C_SGP_vis.tif,INSAT3D_VIS_India/3DIMG_07NOV2019_0830_L1C_SGP_vis.tif,Gujarat,Anand,22.5645,72.9289,21.85
3DIMG_07NOV2019_0830_L1C_SGP_vis.tif,INSAT3D_VIS_India/3DIMG_07NOV2019_0830_L1C_SGP_vis.tif,Gujarat,Aravalli,23.4619,73.3039,28.63
3DIMG_07NOV2019_0830_L1C_SGP_vis.tif,INSAT3D_VIS_India/3DIMG_07NOV2019_0830_L1C_SGP_vis.tif,Gujarat,Banaskantha,24.1724,72.4346,14.97
3DIMG_07NOV2019_0830_L1C_SGP_vis.tif,INSAT3D_VIS_India/3DIMG_07NOV2019_0830_L1C_SGP_vis.tif,Gujarat,Bharuch,21.7051,72.9959,20.61
3DIMG_07NOV2019_0830_L1C_SGP_vis.tif,INSAT3D_VIS_India/3DIMG_07NOV2019_0830_L1C_SGP_vis.tif,Gujarat,Bhavnagar,21.7645,72.1519,15.19
3DIMG_07NOV2019_0830_L1C_SGP_vis.tif,INSAT3D_VIS_India/3DIMG_07NOV2019_0830_L1C_SGP_vis.tif,Gujarat,Botad,22.1704,71.6662,9.16
3DIMG_07NOV2019_0830_L1C_SGP_vis.tif,INSAT3D_VIS_India/3DIMG_07NOV2019_0830_L1C_SGP_vis.tif,Gujarat,Chhota Udepur,22.3108,74.0125,22.49
3DIMG_07NOV2019_0830_L1C_SGP_vis.tif,INSAT3D_VIS_India/3DIMG_07NOV2019_0830_L1C_SGP_vis.tif,Gujarat,Dahod,22.8347,74.2552,31.93
3DIMG_07NOV2019_0830_L1C_SGP_vis.tif,INSAT3D_VIS_India/3DIMG_07NOV2019_0830_L1C_SGP_vis.tif,Gujarat,Dang,20.7554,73.6873,10.69
3DIMG_07NOV2019_0830_L1C_SGP_vis.tif,INSAT3D_VIS_India/3DIMG_07NOV2019_0830_L1C_SGP_vis.tif,Gujarat,Devbhumi Dwarka,22.2078,69.6582,4.06
3DIMG_07NOV2019_0830_L1C_SGP_vis.tif,INSAT3D_VIS_India/3DIMG_07NOV2019_0830_L1C_SGP_vis.tif,Gujarat,Gandhinagar,23.2156,72.6369,11.98
3DIMG_07NOV2019_0830_L1C_SGP_vis.tif,INSAT3D_VIS_India/3DIMG_07NOV2019_0830_L1C_SGP_vis.tif,Gujarat,Gir Somnath,20.9042,70.3644,20.62
3DIMG_07NOV2019_0830_L1C_SGP_vis.tif,INSAT3D_VIS_India/3DIMG_07NOV2019_0830_L1C_SGP_vis.tif,Gujarat,Jamnagar,22.4707,70.0577,3.39
3DIMG_07NOV2019_0830_L1C_SGP_vis.tif,INSAT3D_VIS_India/3DIMG_07NOV2019_0830_L1C_SGP_vis.tif,Gujarat,Junagadh,21.5222,70.4579,13.88
3DIMG_07NOV2019_0830_L1C_SGP_vis.tif,INSAT3D_VIS_India/3DIMG_07NOV2019_0830_L1C_SGP_vis.tif,Gujarat,Kheda,22.6916,72.8634,23.08
3DIMG_07NOV2019_0830_L1C_SGP_vis.tif,INSAT3D_VIS_India/3DIMG_07NOV2019_0830_L1C_SGP_vis.tif,Gujarat,Kutch (Bhuj),23.242,69.6669,11.05
3DIMG_07NOV2019_0830_L1C_SGP_vis.tif,INSAT3D_VIS_India/3DIMG_07NOV2019_0830_L1C_SGP_vis.tif,Gujarat,Mahisagar,23.1311,73.6009,15.24
3DIMG_07NOV2019_0830_L1C_SGP_vis.tif,INSAT3D_VIS_India/3DIMG_07NOV2019_0830_L1C_SGP_vis.tif,Gujarat,Mehsana,23.588,72.3693,7.0
3DIMG_07NOV2019_0830_L1C_SGP_vis.tif,INSAT3D_VIS_India/3DIMG_07NOV2019_0830_L1C_SGP_vis.tif,Gujarat,Morbi,22.8173,70.8368,6.01
3DIMG_07NOV2019_0830_L1C_SGP_vis.tif,INSAT3D_VIS_India/3DIMG_07NOV2019_0830_L1C_SGP_vis.tif,Gujarat,Narmada,21.8719,73.5028,9.45
3DIMG_07NOV2019_0830_L1C_SGP_vis.tif,INSAT3D_VIS_India/3DIMG_07NOV2019_0830_L1C_SGP_vis.tif,Gujarat,Navsari,20.9467,72.952,25.42
3DIMG_07NOV2019_0830_L1C_SGP_vis.tif,INSAT3D_VIS_India/3DIMG_07NOV2019_0830_L1C_SGP_vis.tif,Gujarat,Panchmahal,22.778,73.6143,18.5
3DIMG_07NOV2019_0830_L1C_SGP_vis.tif,INSAT3D_VIS_India/3DIMG_07NOV2019_0830_L1C_SGP_vis.tif,Gujarat,Patan,23.8493,72.1266,14.55
3DIMG_07NOV2019_0830_L1C_SGP_vis.tif,INSAT3D_VIS_India/3DIMG_07NOV2019_0830_L1C_SGP_vis.tif,Gujarat,Porbandar,21.6417,69.6293,8.28
3DIMG_07NOV2019_0830_L1C_SGP_vis.tif,INSAT3D_VIS_India/3DIMG_07NOV2019_0830_L1C_SGP_vis.tif,Gujarat,Rajkot,22.3039,70.8022,4.06
3DIMG_07NOV2019_0830_L1C_SGP_vis.tif,INSAT3D_VIS_India/3DIMG_07NOV2019_0830_L1C_SGP_vis.tif,Gujarat,Sabarkantha,23.5977,72.9688,18.44
3DIMG_07NOV2019_0830_L1C_SGP_vis.tif,INSAT3D_VIS_India/3DIMG_07NOV2019_0830_L1C_SGP_vis.tif,Gujarat,Surat,21.1702,72.8311,28.82
3DIMG_07NOV2019_0830_L1C_SGP_vis.tif,INSAT3D_VIS_India/3DIMG_07NOV2019_0830_L1C_SGP_vis.tif,Gujarat,Surendranagar,22.7274,71.637,7.11
3DIMG_07NOV2019_0830_L1C_SGP_vis.tif,INSAT3D_VIS_India/3DIMG_07NOV2019_0830_L1C_SGP_vis.tif,Gujarat,Tapi,21.1147,73.3986,13.42
3DIMG_07NOV2019_0830_L1C_SGP_vis.tif,INSAT3D_VIS_India/3DIMG_07NOV2019_0830_L1C_SGP_vis.tif,Gujarat,Vadodara,22.3072,73.1812,7.76
3DIMG_07NOV2019_0830_L1C_SGP_vis.tif,INSAT3D_VIS_India/3DIMG_07NOV2019_0830_L1C_SGP_vis.tif,Gujarat,Valsad,20.5992,72.9342,21.0
3DIMG_07NOV2019_0859_L1C_SGP_vis.tif,INSAT3D_VIS_India/3DIMG_07NOV2019_0859_L1C_SGP_vis.tif,Gujarat,Ahmedabad,23.0225,72.5714,9.01
3DIMG_07NOV2019_0859_L1C_SGP_vis.tif,INSAT3D_VIS_India/3DIMG_07NOV2019_0859_L1C_SGP_vis.tif,Gujarat,Amreli,21.6032,71.2221,22.84
3DIMG_07NOV2019_0859_L1C_SGP_vis.tif,INSAT3D_VIS_India/3DIMG_07NOV2019_0859_L1C_SGP_vis.tif,Gujarat,Anand,22.5645,72.9289,10.06
3DIMG_07NOV2019_0859_L1C_SGP_vis.tif,INSAT3D_VIS_India/3DIMG_07NOV2019_0859_L1C_SGP_vis.tif,Gujarat,Aravalli,23.4619,73.3039,18.96
3DIMG_07NOV2019_0859_L1C_SGP_vis.tif,INSAT3D_VIS_India/3DIMG_07NOV2019_0859_L1C_SGP_vis.tif,Gujarat,Banaskantha,24.1724,72.4346,6.24
3DIMG_07NOV2019_0859_L1C_SGP_vis.tif,INSAT3D_VIS_India/3DIMG_07NOV2019_0859_L1C_SGP_vis.tif,Gujarat,Bharuch,21.7051,72.9959,19.58
3DIMG_07NOV2019_0859_L1C_SGP_vis.tif,INSAT3D_VIS_India/3DIMG_07NOV2019_0859_L1C_SGP_vis.tif,Gujarat,Bhavnagar,21.7645,72.1519,27.58
3DIMG_07NOV2019_0859_L1C_SGP_vis.tif,INSAT3D_VIS_India/3DIMG_07NOV2019_0859_L1C_SGP_vis.tif,Gujarat,Botad,22.1704,71.6662,14.2
3DIMG_07NOV2019_0859_L1C_SGP_vis.tif,INSAT3D_VIS_India/3DIMG_07NOV2019_0859_L1C_SGP_vis.tif,Gujarat,Chhota Udepur,22.3108,74.0125,14.57
3DIMG_07NOV2019_0859_L1C_SGP_vis.tif,INSAT3D_VIS_India/3DIMG_07NOV2019_0859_L1C_SGP_vis.tif,Gujarat,Dahod,22.8347,74.2552,30.03
3DIMG_07NOV2019_0859_L1C_SGP_vis.tif,INSAT3D_VIS_India/3DIMG_07NOV2019_0859_L1C_SGP_vis.tif,Gujarat,Dang,20.7554,73.6873,11.42
3DIMG_07NOV2019_0859_L1C_SGP_vis.tif,INSAT3D_VIS_India/3DIMG_07NOV2019_0859_L1C_SGP_vis.tif,Gujarat,Devbhumi Dwarka,22.2078,69.6582,1.91
3DIMG_07NOV2019_0859_L1C_SGP_vis.tif,INSAT3D_VIS_India/3DIMG_07NOV2019_0859_L1C_SGP_vis.tif,Gujarat,Gandhinagar,23.2156,72.6369,10.74
3DIMG_07NOV2019_0859_L1C_SGP_vis.tif,INSAT3D_VIS_India/3DIMG_07NOV2019_0859_L1C_SGP_vis.tif,Gujarat,Gir Somnath,20.9042,70.3644,10.54
3DIMG_07NOV2019_0859_L1C_SGP_vis.tif,INSAT3D_VIS_India/3DIMG_07NOV2019_0859_L1C_SGP_vis.tif,Gujarat,Jamnagar,22.4707,70.0577,3.03
3DIMG_07NOV2019_0859_L1C_SGP_vis.tif,INSAT3D_VIS_India/3DIMG_07NOV2019_0859_L1C_SGP_vis.tif,Gujarat,Junagadh,21.5222,70.4579,9.92
3DIMG_07NOV2019_0859_L1C_SGP_vis.tif,INSAT3D_VIS_India/3DIMG_07NOV2019_0859_L1C_SGP_vis.tif,Gujarat,Kheda,22.6916,72.8634,11.87
3DIMG_07NOV2019_0859_L1C_SGP_vis.tif,INSAT3D_VIS_India/3DIMG_07NOV2019_0859_L1C_SGP_vis.tif,Gujarat,Kutch (Bhuj),23.242,69.6669,8.05
3DIMG_07NOV2019_0859_L1C_SGP_vis.tif,INSAT3D_VIS_India/3DIMG_07NOV2019_0859_L1C_SGP_vis.tif,Gujarat,Mahisagar,23.1311,73.6009,6.24
3DIMG_07NOV2019_0859_L1C_SGP_vis.tif,INSAT3D_VIS_India/3DIMG_07NOV2019_0859_L1C_SGP_vis.tif,Gujarat,Mehsana,23.588,72.3693,6.84
3DIMG_07NOV2019_0859_L1C_SGP_vis.tif,INSAT3D_VIS_India/3DIMG_07NOV2019_0859_L1C_SGP_vis.tif,Gujarat,Morbi,22.8173,70.8368,5.27
3DIMG_07NOV2019_0859_L1C_SGP_vis.tif,INSAT3D_VIS_India/3DIMG_07NOV2019_0859_L1C_SGP_vis.tif,Gujarat,Narmada,21.8719,73.5028,4.24
3DIMG_07NOV2019_0859_L1C_SGP_vis.tif,INSAT3D_VIS_India/3DIMG_07NOV2019_0859_L1C_SGP_vis.tif,Gujarat,Navsari,20.9467,72.952,24.5
3DIMG_07NOV2019_0859_L1C_SGP_vis.tif,INSAT3D_VIS_India/3DIMG_07NOV2019_0859_L1C_SGP_vis.tif,Gujarat,Panchmahal,22.778,73.6143,18.62
3DIMG_07NOV2019_0859_L1C_SGP_vis.tif,INSAT3D_VIS_India/3DIMG_07NOV2019_0859_L1C_SGP_vis.tif,Gujarat,Patan,23.8493,72.1266,10.32
3DIMG_07NOV2019_0859_L1C_SGP_vis.tif,INSAT3D_VIS_India/3DIMG_07NOV2019_0859_L1C_SGP_vis.tif,Gujarat,Porbandar,21.6417,69.6293,9.05
3DIMG_07NOV2019_0859_L1C_SGP_vis.tif,INSAT3D_VIS_India/3DIMG_07NOV2019_0859_L1C_SGP_vis.tif,Gujarat,Rajkot,22.3039,70.8022,7.17
3DIMG_07NOV2019_0859_L1C_SGP_vis.tif,INSAT3D_VIS_India/3DIMG_07NOV2019_0859_L1C_SGP_vis.tif,Gujarat,Sabarkantha,23.5977,72.9688,12.78
3DIMG_07NOV2019_0859_L1C_SGP_vis.tif,INSAT3D_VIS_India/3DIMG_07NOV2019_0859_L1C_SGP_vis.tif,Gujarat,Surat,21.1702,72.8311,30.96
3DIMG_07NOV2019_0859_L1C_SGP_vis.tif,INSAT3D_VIS_India/3DIMG_07NOV2019_0859_L1C_SGP_vis.tif,Gujarat,Surendranagar,22.7274,71.637,8.94
3DIMG_07NOV2019_0859_L1C_SGP_vis.tif,INSAT3D_VIS_India/3DIMG_07NOV2019_0859_L1C_SGP_vis.tif,Gujarat,Tapi,21.1147,73.3986,14.18
3DIMG_07NOV2019_0859_L1C_SGP_vis.tif,INSAT3D_VIS_India/3DIMG_07NOV2019_0859_L1C_SGP_vis.tif,Gujarat,Vadodara,22.3072,73.1812,8.93
3DIMG_07NOV2019_0859_L1C_SGP_vis.tif,INSAT3D_VIS_India/3DIMG_07NOV2019_0859_L1C_SGP_vis.tif,Gujarat,Valsad,20.5992,72.9342,18.73
3DIMG_07NOV2019_0900_L1C_SGP_vis.tif,INSAT3D_VIS_India/3DIMG_07NOV2019_0900_L1C_SGP_vis.tif,Gujarat,Ahmedabad,23.0225,72.5714,9.01
3DIMG_07NOV2019_0900_L1C_SGP_vis.tif,INSAT3D_VIS_India/3DIMG_07NOV2019_0900_L1C_SGP_vis.tif,Gujarat,Amreli,21.6032,71.2221,22.36
3DIMG_07NOV2019_0900_L1C_SGP_vis.tif,INSAT3D_VIS_India/3DIMG_07NOV2019_0900_L1C_SGP_vis.tif,Gujarat,Anand,22.5645,72.9289,10.06
3DIMG_07NOV2019_0900_L1C_SGP_vis.tif,INSAT3D_VIS_India/3DIMG_07NOV2019_0900_L1C_SGP_vis.tif,Gujarat,Aravalli,23.4619,73.3039,18.96
3DIMG_07NOV2019_0900_L1C_SGP_vis.tif,INSAT3D_VIS_India/3DIMG_07NOV2019_0900_L1C_SGP_vis.tif,Gujarat,Banaskantha,24.1724,72.4346,6.19
3DIMG_07NOV2019_0900_L1C_SGP_vis.tif,INSAT3D_VIS_India/3DIMG_07NOV2019_0900_L1C_SGP_vis.tif,Gujarat,Bharuch,21.7051,72.9959,19.62
3DIMG_07NOV2019_0900_L1C_SGP_vis.tif,INSAT3D_VIS_India/3DIMG_07NOV2019_0900_L1C_SGP_vis.tif,Gujarat,Bhavnagar,21.7645,72.1519,27.58
3DIMG_07NOV2019_0900_L1C_SGP_vis.tif,INSAT3D_VIS_India/3DIMG_07NOV2019_0900_L1C_SGP_vis.tif,Gujarat,Botad,22.1704,71.6662,13.64
3DIMG_07NOV2019_0900_L1C_SGP_vis.tif,INSAT3D_VIS_India/3DIMG_07NOV2019_0900_L1C_SGP_vis.tif,Gujarat,Chhota Udepur,22.3108,74.0125,15.55
3DIMG_07NOV2019_0900_L1C_SGP_vis.tif,INSAT3D_VIS_India/3DIMG_07NOV2019_0900_L1C_SGP_vis.tif,Gujarat,Dahod,22.8347,74.2552,30.03
3DIMG_07NOV2019_0900_L1C_SGP_vis.tif,INSAT3D_VIS_India/3DIMG_07NOV2019_0900_L1C_SGP_vis.tif,Gujarat,Dang,20.7554,73.6873,10.97
3DIMG_07NOV2019_0900_L1C_SGP_vis.tif,INSAT3D_VIS_India/3DIMG_07NOV2019_0900_L1C_SGP_vis.tif,Gujarat,Devbhumi Dwarka,22.2078,69.6582,1.91
3DIMG_07NOV2019_0900_L1C_SGP_vis.tif,INSAT3D_VIS_India/3DIMG_07NOV2019_0900_L1C_SGP_vis.tif,Gujarat,Gandhinagar,23.2156,72.6369,9.94
3DIMG_07NOV2019_0900_L1C_SGP_vis.tif,INSAT3D_VIS_India/3DIMG_07NOV2019_0900_L1C_SGP_vis.tif,Gujarat,Gir Somnath,20.9042,70.3644,10.54
3DIMG_07NOV2019_0900_L1C_SGP_vis.tif,INSAT3D_VIS_India/3DIMG_07NOV2019_0900_L1C_SGP_vis.tif,Gujarat,Jamnagar,22.4707,70.0577,2.84
3DIMG_07NOV2019_0900_L1C_SGP_vis.tif,INSAT3D_VIS_India/3DIMG_07NOV2019_0900_L1C_SGP_vis.tif,Gujarat,Junagadh,21.5222,70.4579,9.7
3DIMG_07NOV2019_0900_L1C_SGP_vis.tif,INSAT3D_VIS_India/3DIMG_07NOV2019_0900_L1C_SGP_vis.tif,Gujarat,Kheda,22.6916,72.8634,11.87
3DIMG_07NOV2019_0900_L1C_SGP_vis.tif,INSAT3D_VIS_India/3DIMG_07NOV2019_0900_L1C_SGP_vis.tif,Gujarat,Kutch (Bhuj),23.242,69.6669,8.29
3DIMG_07NOV2019_0900_L1C_SGP_vis.tif,INSAT3D_VIS_India/3DIMG_07NOV2019_0900_L1C_SGP_vis.tif,Gujarat,Mahisagar,23.1311,73.6009,5.96
3DIMG_07NOV2019_0900_L1C_SGP_vis.tif,INSAT3D_VIS_India/3DIMG_07NOV2019_0900_L1C_SGP_vis.tif,Gujarat,Mehsana,23.588,72.3693,6.84
3DIMG_07NOV2019_0900_L1C_SGP_vis.tif,INSAT3D_VIS_India/3DIMG_07NOV2019_0900_L1C_SGP_vis.tif,Gujarat,Morbi,22.8173,70.8368,5.27
3DIMG_07NOV2019_0900_L1C_SGP_vis.tif,INSAT3D_VIS_India/3DIMG_07NOV2019_0900_L1C_SGP_vis.tif,Gujarat,Narmada,21.8719,73.5028,4.24
3DIMG_07NOV2019_0900_L1C_SGP_vis.tif,INSAT3D_VIS_India/3DIMG_07NOV2019_0900_L1C_SGP_vis.tif,Gujarat,Navsari,20.9467,72.952,24.5
3DIMG_07NOV2019_0900_L1C_SGP_vis.tif,INSAT3D_VIS_India/3DIMG_07NOV2019_0900_L1C_SGP_vis.tif,Gujarat,Panchmahal,22.778,73.6143,18.62
3DIMG_07NOV2019_0900_L1C_SGP_vis.tif,INSAT3D_VIS_India/3DIMG_07NOV2019_0900_L1C_SGP_vis.tif,Gujarat,Patan,23.8493,72.1266,10.32
3DIMG_07NOV2019_0900_L1C_SGP_vis.tif,INSAT3D_VIS_India/3DIMG_07NOV2019_0900_L1C_SGP_vis.tif,Gujarat,Porbandar,21.6417,69.6293,8.32
3DIMG_07NOV2019_0900_L1C_SGP_vis.tif,INSAT3D_VIS_India/3DIMG_07NOV2019_0900_L1C_SGP_vis.tif,Gujarat,Rajkot,22.3039,70.8022,5.85
3DIMG_07NOV2019_0900_L1C_SGP_vis.tif,INSAT3D_VIS_India/3DIMG_07NOV2019_0900_L1C_SGP_vis.tif,Gujarat,Sabarkantha,23.5977,72.9688,12.78
3DIMG_07NOV2019_0900_L1C_SGP_vis.tif,INSAT3D_VIS_India/3DIMG_07NOV2019_0900_L1C_SGP_vis.tif,Gujarat,Surat,21.1702,72.8311,30.96
3DIMG_07NOV2019_0900_L1C_SGP_vis.tif,INSAT3D_VIS_India/3DIMG_07NOV2019_0900_L1C_SGP_vis.tif,Gujarat,Surendranagar,22.7274,71.637,8.55
3DIMG_07NOV2019_0900_L1C_SGP_vis.tif,INSAT3D_VIS_India/3DIMG_07NOV2019_0900_L1C_SGP_vis.tif,Gujarat,Tapi,21.1147,73.3986,14.16
3DIMG_07NOV2019_0900_L1C_SGP_vis.tif,INSAT3D_VIS_India/3DIMG_07NOV2019_0900_L1C_SGP_vis.tif,Gujarat,Vadodara,22.3072,73.1812,8.37
3DIMG_07NOV2019_0900_L1C_SGP_vis.tif,INSAT3D_VIS_India/3DIMG_07NOV2019_0900_L1C_SGP_vis.tif,Gujarat,Valsad,20.5992,72.9342,18.73
3DIMG_07NOV2019_0929_L1C_SGP_vis.tif,INSAT3D_VIS_India/3DIMG_07NOV2019_0929_L1C_SGP_vis.tif,Gujarat,Ahmedabad,23.0225,72.5714,8.37
3DIMG_07NOV2019_0929_L1C_SGP_vis.tif,INSAT3D_VIS_India/3DIMG_07NOV2019_0929_L1C_SGP_vis.tif,Gujarat,Amreli,21.6032,71.2221,18.91
3DIMG_07NOV2019_0929_L1C_SGP_vis.tif,INSAT3D_VIS_India/3DIMG_07NOV2019_0929_L1C_SGP_vis.tif,Gujarat,Anand,22.5645,72.9289,5.57
3DIMG_07NOV2019_0929_L1C_SGP_vis.tif,INSAT3D_VIS_India/3DIMG_07NOV2019_0929_L1C_SGP_vis.tif,Gujarat,Aravalli,23.4619,73.3039,12.89
3DIMG_07NOV2019_0929_L1C_SGP_vis.tif,INSAT3D_VIS_India/3DIMG_07NOV2019_0929_L1C_SGP_vis.tif,Gujarat,Banaskantha,24.1724,72.4346,10.52
3DIMG_07NOV2019_0929_L1C_SGP_vis.tif,INSAT3D_VIS_India/3DIMG_07NOV2019_0929_L1C_SGP_vis.tif,Gujarat,Bharuch,21.7051,72.9959,14.79
3DIMG_07NOV2019_0929_L1C_SGP_vis.tif,INSAT3D_VIS_India/3DIMG_07NOV2019_0929_L1C_SGP_vis.tif,Gujarat,Bhavnagar,21.7645,72.1519,21.67
3DIMG_07NOV2019_0929_L1C_SGP_vis.tif,INSAT3D_VIS_India/3DIMG_07NOV2019_0929_L1C_SGP_vis.tif,Gujarat,Botad,22.1704,71.6662,10.99
3DIMG_07NOV2019_0929_L1C_SGP_vis.tif,INSAT3D_VIS_India/3DIMG_07NOV2019_0929_L1C_SGP_vis.tif,Gujarat,Chhota Udepur,22.3108,74.0125,13.65
3DIMG_07NOV2019_0929_L1C_SGP_vis.tif,INSAT3D_VIS_India/3DIMG_07NOV2019_0929_L1C_SGP_vis.tif,Gujarat,Dahod,22.8347,74.2552,19.4
3DIMG_07NOV2019_0929_L1C_SGP_vis.tif,INSAT3D_VIS_India/3DIMG_07NOV2019_0929_L1C_SGP_vis.tif,Gujarat,Dang,20.7554,73.6873,5.9
3DIMG_07NOV2019_0929_L1C_SGP_vis.tif,INSAT3D_VIS_India/3DIMG_07NOV2019_0929_L1C_SGP_vis.tif,Gujarat,Devbhumi Dwarka,22.2078,69.6582,1.11
3DIMG_07NOV2019_0929_L1C_SGP_vis.tif,INSAT3D_VIS_India/3DIMG_07NOV2019_0929_L1C_SGP_vis.tif,Gujarat,Gandhinagar,23.2156,72.6369,6.56
3DIMG_07NOV2019_0929_L1C_SGP_vis.tif,INSAT3D_VIS_India/3DIMG_07NOV2019_0929_L1C_SGP_vis.tif,Gujarat,Gir Somnath,20.9042,70.3644,8.99
3DIMG_07NOV2019_0929_L1C_SGP_vis.tif,INSAT3D_VIS_India/3DIMG_07NOV2019_0929_L1C_SGP_vis.tif,Gujarat,Jamnagar,22.4707,70.0577,2.23
3DIMG_07NOV2019_0929_L1C_SGP_vis.tif,INSAT3D_VIS_India/3DIMG_07NOV2019_0929_L1C_SGP_vis.tif,Gujarat,Junagadh,21.5222,70.4579,9.58
3DIMG_07NOV2019_0929_L1C_SGP_vis.tif,INSAT3D_VIS_India/3DIMG_07NOV2019_0929_L1C_SGP_vis.tif,Gujarat,Kheda,22.6916,72.8634,7.24
3DIMG_07NOV2019_0929_L1C_SGP_vis.tif,INSAT3D_VIS_India/3DIMG_07NOV2019_0929_L1C_SGP_vis.tif,Gujarat,Kutch (Bhuj),23.242,69.6669,3.45
3DIMG_07NOV2019_0929_L1C_SGP_vis.tif,INSAT3D_VIS_India/3DIMG_07NOV2019_0929_L1C_SGP_vis.tif,Gujarat,Mahisagar,23.1311,73.6009,6.28
3DIMG_07NOV2019_0929_L1C_SGP_vis.tif,INSAT3D_VIS_India/3DIMG_07NOV2019_0929_L1C_SGP_vis.tif,Gujarat,Mehsana,23.588,72.3693,5.05
3DIMG_07NOV2019_0929_L1C_SGP_vis.tif,INSAT3D_VIS_India/3DIMG_07NOV2019_0929_L1C_SGP_vis.tif,Gujarat,Morbi,22.8173,70.8368,4.41
3DIMG_07NOV2019_0929_L1C_SGP_vis.tif,INSAT3D_VIS_India/3DIMG_07NOV2019_0929_L1C_SGP_vis.tif,Gujarat,Narmada,21.8719,73.5028,4.82
3DIMG_07NOV2019_0929_L1C_SGP_vis.tif,INSAT3D_VIS_India/3DIMG_07NOV2019_0929_L1C_SGP_vis.tif,Gujarat,Navsari,20.9467,72.952,22.38
3DIMG_07NOV2019_0929_L1C_SGP_vis.tif,INSAT3D_VIS_India/3DIMG_07NOV2019_0929_L1C_SGP_vis.tif,Gujarat,Panchmahal,22.778,73.6143,14.03
3DIMG_07NOV2019_0929_L1C_SGP_vis.tif,INSAT3D_VIS_India/3DIMG_07NOV2019_0929_L1C_SGP_vis.tif,Gujarat,Patan,23.8493,72.1266,2.84
3DIMG_07NOV2019_0929_L1C_SGP_vis.tif,INSAT3D_VIS_India/3DIMG_07NOV2019_0929_L1C_SGP_vis.tif,Gujarat,Porbandar,21.6417,69.6293,10.32
3DIMG_07NOV2019_0929_L1C_SGP_vis.tif,INSAT3D_VIS_India/3DIMG_07NOV2019_0929_L1C_SGP_vis.tif,Gujarat,Rajkot,22.3039,70.8022,5.53
3DIMG_07NOV2019_0929_L1C_SGP_vis.tif,INSAT3D_VIS_India/3DIMG_07NOV2019_0929_L1C_SGP_vis.tif,Gujarat,Sabarkantha,23.5977,72.9688,10.85
3DIMG_07NOV2019_0929_L1C_SGP_vis.tif,INSAT3D_VIS_India/3DIMG_07NOV2019_0929_L1C_SGP_vis.tif,Gujarat,Surat,21.1702,72.8311,14.6
3DIMG_07NOV2019_0929_L1C_SGP_vis.tif,INSAT3D_VIS_India/3DIMG_07NOV2019_0929_L1C_SGP_vis.tif,Gujarat,Surendranagar,22.7274,71.637,5.78
3DIMG_07NOV2019_0929_L1C_SGP_vis.tif,INSAT3D_VIS_India/3DIMG_07NOV2019_0929_L1C_SGP_vis.tif,Gujarat,Tapi,21.1147,73.3986,12.63
3DIMG_07NOV2019_0929_L1C_SGP_vis.tif,INSAT3D_VIS_India/3DIMG_07NOV2019_0929_L1C_SGP_vis.tif,Gujarat,Vadodara,22.3072,73.1812,5.29
3DIMG_07NOV2019_0929_L1C_SGP_vis.tif,INSAT3D_VIS_India/3DIMG_07NOV2019_0929_L1C_SGP_vis.tif,Gujarat,Valsad,20.5992,72.9342,21.68
3DIMG_07NOV2019_0930_L1C_SGP_vis.tif,INSAT3D_VIS_India/3DIMG_07NOV2019_0930_L1C_SGP_vis.tif,Gujarat,Ahmedabad,23.0225,72.5714,8.37
3DIMG_07NOV2019_0930_L1C_SGP_vis.tif,INSAT3D_VIS_India/3DIMG_07NOV2019_0930_L1C_SGP_vis.tif,Gujarat,Amreli,21.6032,71.2221,18.84
3DIMG_07NOV2019_0930_L1C_SGP_vis.tif,INSAT3D_VIS_India/3DIMG_07NOV2019_0930_L1C_SGP_vis.tif,Gujarat,Anand,22.5645,72.9289,5.57
3DIMG_07NOV2019_0930_L1C_SGP_vis.tif,INSAT3D_VIS_India/3DIMG_07NOV2019_0930_L1C_SGP_vis.tif,Gujarat,Aravalli,23.4619,73.3039,12.89
3DIMG_07NOV2019_0930_L1C_SGP_vis.tif,INSAT3D_VIS_India/3DIMG_07NOV2019_0930_L1C_SGP_vis.tif,Gujarat,Banaskantha,24.1724,72.4346,10.52
3DIMG_07NOV2019_0930_L1C_SGP_vis.tif,INSAT3D_VIS_India/3DIMG_07NOV2019_0930_L1C_SGP_vis.tif,Gujarat,Bharuch,21.7051,72.9959,14.79
3DIMG_07NOV2019_0930_L1C_SGP_vis.tif,INSAT3D_VIS_India/3DIMG_07NOV2019_0930_L1C_SGP_vis.tif,Gujarat,Bhavnagar,21.7645,72.1519,21.61
3DIMG_07NOV2019_0930_L1C_SGP_vis.tif,INSAT3D_VIS_India/3DIMG_07NOV2019_0930_L1C_SGP_vis.tif,Gujarat,Botad,22.1704,71.6662,11.07
3DIMG_07NOV2019_0930_L1C_SGP_vis.tif,INSAT3D_VIS_India/3DIMG_07NOV2019_0930_L1C_SGP_vis.tif,Gujarat,Chhota Udepur,22.3108,74.0125,13.65
3DIMG_07NOV2019_0930_L1C_SGP_vis.tif,INSAT3D_VIS_India/3DIMG_07NOV2019_0930_L1C_SGP_vis.tif,Gujarat,Dahod,22.8347,74.2552,19.55
3DIMG_07NOV2019_0930_L1C_SGP_vis.tif,INSAT3D_VIS_India/3DIMG_07NOV2019_0930_L1C_SGP_vis.tif,Gujarat,Dang,20.7554,73.6873,5.9
3DIMG_07NOV2019_0930_L1C_SGP_vis.tif,INSAT3D_VIS_India/3DIMG_07NOV2019_0930_L1C_SGP_vis.tif,Gujarat,Devbhumi Dwarka,22.2078,69.6582,1.11
3DIMG_07NOV2019_0930_L1C_SGP_vis.tif,INSAT3D_VIS_India/3DIMG_07NOV2019_0930_L1C_SGP_vis.tif,Gujarat,Gandhinagar,23.2156,72.6369,6.56
3DIMG_07NOV2019_0930_L1C_SGP_vis.tif,INSAT3D_VIS_India/3DIMG_07NOV2019_0930_L1C_SGP_vis.tif,Gujarat,Gir Somnath,20.9042,70.3644,8.99
3DIMG_07NOV2019_0930_L1C_SGP_vis.tif,INSAT3D_VIS_India/3DIMG_07NOV2019_0930_L1C_SGP_vis.tif,Gujarat,Jamnagar,22.4707,70.0577,2.19
3DIMG_07NOV2019_0930_L1C_SGP_vis.tif,INSAT3D_VIS_India/3DIMG_07NOV2019_0930_L1C_SGP_vis.tif,Gujarat,Junagadh,21.5222,70.4579,9.56
3DIMG_07NOV2019_0930_L1C_SGP_vis.tif,INSAT3D_VIS_India/3DIMG_07NOV2019_0930_L1C_SGP_vis.tif,Gujarat,Kheda,22.6916,72.8634,7.24
3DIMG_07NOV2019_0930_L1C_SGP_vis.tif,INSAT3D_VIS_India/3DIMG_07NOV2019_0930_L1C_SGP_vis.tif,Gujarat,Kutch (Bhuj),23.242,69.6669,3.45
3DIMG_07NOV2019_0930_L1C_SGP_vis.tif,INSAT3D_VIS_India/3DIMG_07NOV2019_0930_L1C_SGP_vis.tif,Gujarat,Mahisagar,23.1311,73.6009,6.28
3DIMG_07NOV2019_0930_L1C_SGP_vis.tif,INSAT3D_VIS_India/3DIMG_07NOV2019_0930_L1C_SGP_vis.tif,Gujarat,Mehsana,23.588,72.3693,5.38
3DIMG_07NOV2019_0930_L1C_SGP_vis.tif,INSAT3D_VIS_India/3DIMG_07NOV2019_0930_L1C_SGP_vis.tif,Gujarat,Morbi,22.8173,70.8368,4.43
3DIMG_07NOV2019_0930_L1C_SGP_vis.tif,INSAT3D_VIS_India/3DIMG_07NOV2019_0930_L1C_SGP_vis.tif,Gujarat,Narmada,21.8719,73.5028,4.68
3DIMG_07NOV2019_0930_L1C_SGP_vis.tif,INSAT3D_VIS_India/3DIMG_07NOV2019_0930_L1C_SGP_vis.tif,Gujarat,Navsari,20.9467,72.952,22.93
3DIMG_07NOV2019_0930_L1C_SGP_vis.tif,INSAT3D_VIS_India/3DIMG_07NOV2019_0930_L1C_SGP_vis.tif,Gujarat,Panchmahal,22.778,73.6143,14.14
3DIMG_07NOV2019_0930_L1C_SGP_vis.tif,INSAT3D_VIS_India/3DIMG_07NOV2019_0930_L1C_SGP_vis.tif,Gujarat,Patan,23.8493,72.1266,2.87
3DIMG_07NOV2019_0930_L1C_SGP_vis.tif,INSAT3D_VIS_India/3DIMG_07NOV2019_0930_L1C_SGP_vis.tif,Gujarat,Porbandar,21.6417,69.6293,10.32
3DIMG_07NOV2019_0930_L1C_SGP_vis.tif,INSAT3D_VIS_India/3DIMG_07NOV2019_0930_L1C_SGP_vis.tif,Gujarat,Rajkot,22.3039,70.8022,5.49
3DIMG_07NOV2019_0930_L1C_SGP_vis.tif,INSAT3D_VIS_India/3DIMG_07NOV2019_0930_L1C_SGP_vis.tif,Gujarat,Sabarkantha,23.5977,72.9688,10.4
3DIMG_07NOV2019_0930_L1C_SGP_vis.tif,INSAT3D_VIS_India/3DIMG_07NOV2019_0930_L1C_SGP_vis.tif,Gujarat,Surat,21.1702,72.8311,12.57
3DIMG_07NOV2019_0930_L1C_SGP_vis.tif,INSAT3D_VIS_India/3DIMG_07NOV2019_0930_L1C_SGP_vis.tif,Gujarat,Surendranagar,22.7274,71.637,5.58
3DIMG_07NOV2019_0930_L1C_SGP_vis.tif,INSAT3D_VIS_India/3DIMG_07NOV2019_0930_L1C_SGP_vis.tif,Gujarat,Tapi,21.1147,73.3986,13.4
3DIMG_07NOV2019_0930_L1C_SGP_vis.tif,INSAT3D_VIS_India/3DIMG_07NOV2019_0930_L1C_SGP_vis.tif,Gujarat,Vadodara,22.3072,73.1812,5.25
3DIMG_07NOV2019_0930_L1C_SGP_vis.tif,INSAT3D_VIS_India/3DIMG_07NOV2019_0930_L1C_SGP_vis.tif,Gujarat,Valsad,20.5992,72.9342,21.68
3DIMG_07NOV2019_0959_L1C_SGP_vis.tif,INSAT3D_VIS_India/3DIMG_07NOV2019_0959_L1C_SGP_vis.tif,Gujarat,Ahmedabad,23.0225,72.5714,6.7
3DIMG_07NOV2019_0959_L1C_SGP_vis.tif,INSAT3D_VIS_India/3DIMG_07NOV2019_0959_L1C_SGP_vis.tif,Gujarat,Amreli,21.6032,71.2221,9.33
3DIMG_07NOV2019_0959_L1C_SGP_vis.tif,INSAT3D_VIS_India/3DIMG_07NOV2019_0959_L1C_SGP_vis.tif,Gujarat,Anand,22.5645,72.9289,10.98
3DIMG_07NOV2019_0959_L1C_SGP_vis.tif,INSAT3D_VIS_India/3DIMG_07NOV2019_0959_L1C_SGP_vis.tif,Gujarat,Aravalli,23.4619,73.3039,7.25
3DIMG_07NOV2019_0959_L1C_SGP_vis.tif,INSAT3D_VIS_India/3DIMG_07NOV2019_0959_L1C_SGP_vis.tif,Gujarat,Banaskantha,24.1724,72.4346,4.4
3DIMG_07NOV2019_0959_L1C_SGP_vis.tif,INSAT3D_VIS_India/3DIMG_07NOV2019_0959_L1C_SGP_vis.tif,Gujarat,Bharuch,21.7051,72.9959,17.37
3DIMG_07NOV2019_0959_L1C_SGP_vis.tif,INSAT3D_VIS_India/3DIMG_07NOV2019_0959_L1C_SGP_vis.tif,Gujarat,Bhavnagar,21.7645,72.1519,12.27
3DIMG_07NOV2019_0959_L1C_SGP_vis.tif,INSAT3D_VIS_India/3DIMG_07NOV2019_0959_L1C_SGP_vis.tif,Gujarat,Botad,22.1704,71.6662,10.39
3DIMG_07NOV2019_0959_L1C_SGP_vis.tif,INSAT3D_VIS_India/3DIMG_07NOV2019_0959_L1C_SGP_vis.tif,Gujarat,Chhota Udepur,22.3108,74.0125,4.65
3DIMG_07NOV2019_0959_L1C_SGP_vis.tif,INSAT3D_VIS_India/3DIMG_07NOV2019_0959_L1C_SGP_vis.tif,Gujarat,Dahod,22.8347,74.2552,16.08
3DIMG_07NOV2019_0959_L1C_SGP_vis.tif,INSAT3D_VIS_India/3DIMG_07NOV2019_0959_L1C_SGP_vis.tif,Gujarat,Dang,20.7554,73.6873,3.19
3DIMG_07NOV2019_0959_L1C_SGP_vis.tif,INSAT3D_VIS_India/3DIMG_07NOV2019_0959_L1C_SGP_vis.tif,Gujarat,Devbhumi Dwarka,22.2078,69.6582,0.38
3DIMG_07NOV2019_0959_L1C_SGP_vis.tif,INSAT3D_VIS_India/3DIMG_07NOV2019_0959_L1C_SGP_vis.tif,Gujarat,Gandhinagar,23.2156,72.6369,4.42
3DIMG_07NOV2019_0959_L1C_SGP_vis.tif,INSAT3D_VIS_India/3DIMG_07NOV2019_0959_L1C_SGP_vis.tif,Gujarat,Gir Somnath,20.9042,70.3644,8.62
3DIMG_07NOV2019_0959_L1C_SGP_vis.tif,INSAT3D_VIS_India/3DIMG_07NOV2019_0959_L1C_SGP_vis.tif,Gujarat,Jamnagar,22.4707,70.0577,1.7
3DIMG_07NOV2019_0959_L1C_SGP_vis.tif,INSAT3D_VIS_India/3DIMG_07NOV2019_0959_L1C_SGP_vis.tif,Gujarat,Junagadh,21.5222,70.4579,10.92
3DIMG_07NOV2019_0959_L1C_SGP_vis.tif,INSAT3D_VIS_India/3DIMG_07NOV2019_0959_L1C_SGP_vis.tif,Gujarat,Kheda,22.6916,72.8634,14.87
3DIMG_07NOV2019_0959_L1C_SGP_vis.tif,INSAT3D_VIS_India/3DIMG_07NOV2019_0959_L1C_SGP_vis.tif,Gujarat,Kutch (Bhuj),23.242,69.6669,2.93
3DIMG_07NOV2019_0959_L1C_SGP_vis.tif,INSAT3D_VIS_India/3DIMG_07NOV2019_0959_L1C_SGP_vis.tif,Gujarat,Mahisagar,23.1311,73.6009,6.84
3DIMG_07NOV2019_0959_L1C_SGP_vis.tif,INSAT3D_VIS_India/3DIMG_07NOV2019_0959_L1C_SGP_vis.tif,Gujarat,Mehsana,23.588,72.3693,3.3
3DIMG_07NOV2019_0959_L1C_SGP_vis.tif,INSAT3D_VIS_India/3DIMG_07NOV2019_0959_L1C_SGP_vis.tif,Gujarat,Morbi,22.8173,70.8368,4.25
3DIMG_07NOV2019_0959_L1C_SGP_vis.tif,INSAT3D_VIS_India/3DIMG_07NOV2019_0959_L1C_SGP_vis.tif,Gujarat,Narmada,21.8719,73.5028,9.84
3DIMG_07NOV2019_0959_L1C_SGP_vis.tif,INSAT3D_VIS_India/3DIMG_07NOV2019_0959_L1C_SGP_vis.tif,Gujarat,Navsari,20.9467,72.952,17.03
3DIMG_07NOV2019_0959_L1C_SGP_vis.tif,INSAT3D_VIS_India/3DIMG_07NOV2019_0959_L1C_SGP_vis.tif,Gujarat,Panchmahal,22.778,73.6143,12.99
3DIMG_07NOV2019_0959_L1C_SGP_vis.tif,INSAT3D_VIS_India/3DIMG_07NOV2019_0959_L1C_SGP_vis.tif,Gujarat,Patan,23.8493,72.1266,3.1
3DIMG_07NOV2019_0959_L1C_SGP_vis.tif,INSAT3D_VIS_India/3DIMG_07NOV2019_0959_L1C_SGP_vis.tif,Gujarat,Porbandar,21.6417,69.6293,10.08
3DIMG_07NOV2019_0959_L1C_SGP_vis.tif,INSAT3D_VIS_India/3DIMG_07NOV2019_0959_L1C_SGP_vis.tif,Gujarat,Rajkot,22.3039,70.8022,6.91
3DIMG_07NOV2019_0959_L1C_SGP_vis.tif,INSAT3D_VIS_India/3DIMG_07NOV2019_0959_L1C_SGP_vis.tif,Gujarat,Sabarkantha,23.5977,72.9688,11.12
3DIMG_07NOV2019_0959_L1C_SGP_vis.tif,INSAT3D_VIS_India/3DIMG_07NOV2019_0959_L1C_SGP_vis.tif,Gujarat,Surat,21.1702,72.8311,23.08
3DIMG_07NOV2019_0959_L1C_SGP_vis.tif,INSAT3D_VIS_India/3DIMG_07NOV2019_0959_L1C_SGP_vis.tif,Gujarat,Surendranagar,22.7274,71.637,5.94
3DIMG_07NOV2019_0959_L1C_SGP_vis.tif,INSAT3D_VIS_India/3DIMG_07NOV2019_0959_L1C_SGP_vis.tif,Gujarat,Tapi,21.1147,73.3986,11.78
3DIMG_07NOV2019_0959_L1C_SGP_vis.tif,INSAT3D_VIS_India/3DIMG_07NOV2019_0959_L1C_SGP_vis.tif,Gujarat,Vadodara,22.3072,73.1812,3.57
3DIMG_07NOV2019_0959_L1C_SGP_vis.tif,INSAT3D_VIS_India/3DIMG_07NOV2019_0959_L1C_SGP_vis.tif,Gujarat,Valsad,20.5992,72.9342,13.86
3DIMG_07NOV2019_1000_L1C_SGP_vis.tif,INSAT3D_VIS_India/3DIMG_07NOV2019_1000_L1C_SGP_vis.tif,Gujarat,Ahmedabad,23.0225,72.5714,6.7
3DIMG_07NOV2019_1000_L1C_SGP_vis.tif,INSAT3D_VIS_India/3DIMG_07NOV2019_1000_L1C_SGP_vis.tif,Gujarat,Amreli,21.6032,71.2221,9.32
3DIMG_07NOV2019_1000_L1C_SGP_vis.tif,INSAT3D_VIS_India/3DIMG_07NOV2019_1000_L1C_SGP_vis.tif,Gujarat,Anand,22.5645,72.9289,10.98
3DIMG_07NOV2019_1000_L1C_SGP_vis.tif,INSAT3D_VIS_India/3DIMG_07NOV2019_1000_L1C_SGP_vis.tif,Gujarat,Aravalli,23.4619,73.3039,7.25
3DIMG_07NOV2019_1000_L1C_SGP_vis.tif,INSAT3D_VIS_India/3DIMG_07NOV2019_1000_L1C_SGP_vis.tif,Gujarat,Banaskantha,24.1724,72.4346,4.4
3DIMG_07NOV2019_1000_L1C_SGP_vis.tif,INSAT3D_VIS_India/3DIMG_07NOV2019_1000_L1C_SGP_vis.tif,Gujarat,Bharuch,21.7051,72.9959,17.37
3DIMG_07NOV2019_1000_L1C_SGP_vis.tif,INSAT3D_VIS_India/3DIMG_07NOV2019_1000_L1C_SGP_vis.tif,Gujarat,Bhavnagar,21.7645,72.1519,12.27
3DIMG_07NOV2019_1000_L1C_SGP_vis.tif,INSAT3D_VIS_India/3DIMG_07NOV2019_1000_L1C_SGP_vis.tif,Gujarat,Botad,22.1704,71.6662,10.39
3DIMG_07NOV2019_1000_L1C_SGP_vis.tif,INSAT3D_VIS_India/3DIMG_07NOV2019_1000_L1C_SGP_vis.tif,Gujarat,Chhota Udepur,22.3108,74.0125,4.65
3DIMG_07NOV2019_1000_L1C_SGP_vis.tif,INSAT3D_VIS_India/3DIMG_07NOV2019_1000_L1C_SGP_vis.tif,Gujarat,Dahod,22.8347,74.2552,16.08
3DIMG_07NOV2019_1000_L1C_SGP_vis.tif,INSAT3D_VIS_India/3DIMG_07NOV2019_1000_L1C_SGP_vis.tif,Gujarat,Dang,20.7554,73.6873,3.19
3DIMG_07NOV2019_1000_L1C_SGP_vis.tif,INSAT3D_VIS_India/3DIMG_07NOV2019_1000_L1C_SGP_vis.tif,Gujarat,Devbhumi Dwarka,22.2078,69.6582,0.38
3DIMG_07NOV2019_1000_L1C_SGP_vis.tif,INSAT3D_VIS_India/3DIMG_07NOV2019_1000_L1C_SGP_vis.tif,Gujarat,Gandhinagar,23.2156,72.6369,4.42
3DIMG_07NOV2019_1000_L1C_SGP_vis.tif,INSAT3D_VIS_India/3DIMG_07NOV2019_1000_L1C_SGP_vis.tif,Gujarat,Gir Somnath,20.9042,70.3644,8.55
3DIMG_07NOV2019_1000_L1C_SGP_vis.tif,INSAT3D_VIS_India/3DIMG_07NOV2019_1000_L1C_SGP_vis.tif,Gujarat,Jamnagar,22.4707,70.0577,1.7
3DIMG_07NOV2019_1000_L1C_SGP_vis.tif,INSAT3D_VIS_India/3DIMG_07NOV2019_1000_L1C_SGP_vis.tif,Gujarat,Junagadh,21.5222,70.4579,10.92
3DIMG_07NOV2019_1000_L1C_SGP_vis.tif,INSAT3D_VIS_India/3DIMG_07NOV2019_1000_L1C_SGP_vis.tif,Gujarat,Kheda,22.6916,72.8634,14.87
3DIMG_07NOV2019_1000_L1C_SGP_vis.tif,INSAT3D_VIS_India/3DIMG_07NOV2019_1000_L1C_SGP_vis.tif,Gujarat,Kutch (Bhuj),23.242,69.6669,2.93
3DIMG_07NOV2019_1000_L1C_SGP_vis.tif,INSAT3D_VIS_India/3DIMG_07NOV2019_1000_L1C_SGP_vis.tif,Gujarat,Mahisagar,23.1311,73.6009,6.77
3DIMG_07NOV2019_1000_L1C_SGP_vis.tif,INSAT3D_VIS_India/3DIMG_07NOV2019_1000_L1C_SGP_vis.tif,Gujarat,Mehsana,23.588,72.3693,3.3
3DIMG_07NOV2019_1000_L1C_SGP_vis.tif,INSAT3D_VIS_India/3DIMG_07NOV2019_1000_L1C_SGP_vis.tif,Gujarat,Morbi,22.8173,70.8368,4.25
3DIMG_07NOV2019_1000_L1C_SGP_vis.tif,INSAT3D_VIS_India/3DIMG_07NOV2019_1000_L1C_SGP_vis.tif,Gujarat,Narmada,21.8719,73.5028,9.84
3DIMG_07NOV2019_1000_L1C_SGP_vis.tif,INSAT3D_VIS_India/3DIMG_07NOV2019_1000_L1C_SGP_vis.tif,Gujarat,Navsari,20.9467,72.952,17.03
3DIMG_07NOV2019_1000_L1C_SGP_vis.tif,INSAT3D_VIS_India/3DIMG_07NOV2019_1000_L1C_SGP_vis.tif,Gujarat,Panchmahal,22.778,73.6143,12.99
3DIMG_07NOV2019_1000_L1C_SGP_vis.tif,INSAT3D_VIS_India/3DIMG_07NOV2019_1000_L1C_SGP_vis.tif,Gujarat,Patan,23.8493,72.1266,3.1
3DIMG_07NOV2019_1000_L1C_SGP_vis.tif,INSAT3D_VIS_India/3DIMG_07NOV2019_1000_L1C_SGP_vis.tif,Gujarat,Porbandar,21.6417,69.6293,10.14
3DIMG_07NOV2019_1000_L1C_SGP_vis.tif,INSAT3D_VIS_India/3DIMG_07NOV2019_1000_L1C_SGP_vis.tif,Gujarat,Rajkot,22.3039,70.8022,6.91
3DIMG_07NOV2019_1000_L1C_SGP_vis.tif,INSAT3D_VIS_India/3DIMG_07NOV2019_1000_L1C_SGP_vis.tif,Gujarat,Sabarkantha,23.5977,72.9688,11.12
3DIMG_07NOV2019_1000_L1C_SGP_vis.tif,INSAT3D_VIS_India/3DIMG_07NOV2019_1000_L1C_SGP_vis.tif,Gujarat,Surat,21.1702,72.8311,23.08
3DIMG_07NOV2019_1000_L1C_SGP_vis.tif,INSAT3D_VIS_India/3DIMG_07NOV2019_1000_L1C_SGP_vis.tif,Gujarat,Surendranagar,22.7274,71.637,5.94
3DIMG_07NOV2019_1000_L1C_SGP_vis.tif,INSAT3D_VIS_India/3DIMG_07NOV2019_1000_L1C_SGP_vis.tif,Gujarat,Tapi,21.1147,73.3986,11.78
3DIMG_07NOV2019_1000_L1C_SGP_vis.tif,INSAT3D_VIS_India/3DIMG_07NOV2019_1000_L1C_SGP_vis.tif,Gujarat,Vadodara,22.3072,73.1812,3.57
3DIMG_07NOV2019_1000_L1C_SGP_vis.tif,INSAT3D_VIS_India/3DIMG_07NOV2019_1000_L1C_SGP_vis.tif,Gujarat,Valsad,20.5992,72.9342,13.86
3DIMG_07NOV2019_1030_L1C_SGP_vis.tif,INSAT3D_VIS_India/3DIMG_07NOV2019_1030_L1C_SGP_vis.tif,Gujarat,Ahmedabad,23.0225,72.5714,7.35
3DIMG_07NOV2019_1030_L1C_SGP_vis.tif,INSAT3D_VIS_India/3DIMG_07NOV2019_1030_L1C_SGP_vis.tif,Gujarat,Amreli,21.6032,71.2221,8.93
3DIMG_07NOV2019_1030_L1C_SGP_vis.tif,INSAT3D_VIS_India/3DIMG_07NOV2019_1030_L1C_SGP_vis.tif,Gujarat,Anand,22.5645,72.9289,4.13
3DIMG_07NOV2019_1030_L1C_SGP_vis.tif,INSAT3D_VIS_India/3DIMG_07NOV2019_1030_L1C_SGP_vis.tif,Gujarat,Aravalli,23.4619,73.3039,6.37
3DIMG_07NOV2019_1030_L1C_SGP_vis.tif,INSAT3D_VIS_India/3DIMG_07NOV2019_1030_L1C_SGP_vis.tif,Gujarat,Banaskantha,24.1724,72.4346,2.61
3DIMG_07NOV2019_1030_L1C_SGP_vis.tif,INSAT3D_VIS_India/3DIMG_07NOV2019_1030_L1C_SGP_vis.tif,Gujarat,Bharuch,21.7051,72.9959,11.81
3DIMG_07NOV2019_1030_L1C_SGP_vis.tif,INSAT3D_VIS_India/3DIMG_07NOV2019_1030_L1C_SGP_vis.tif,Gujarat,Bhavnagar,21.7645,72.1519,9.53
3DIMG_07NOV2019_1030_L1C_SGP_vis.tif,INSAT3D_VIS_India/3DIMG_07NOV2019_1030_L1C_SGP_vis.tif,Gujarat,Botad,22.1704,71.6662,11.0
3DIMG_07NOV2019_1030_L1C_SGP_vis.tif,INSAT3D_VIS_India/3DIMG_07NOV2019_1030_L1C_SGP_vis.tif,Gujarat,Chhota Udepur,22.3108,74.0125,4.2
3DIMG_07NOV2019_1030_L1C_SGP_vis.tif,INSAT3D_VIS_India/3DIMG_07NOV2019_1030_L1C_SGP_vis.tif,Gujarat,Dahod,22.8347,74.2552,9.12
3DIMG_07NOV2019_1030_L1C_SGP_vis.tif,INSAT3D_VIS_India/3DIMG_07NOV2019_1030_L1C_SGP_vis.tif,Gujarat,Dang,20.7554,73.6873,2.59
3DIMG_07NOV2019_1030_L1C_SGP_vis.tif,INSAT3D_VIS_India/3DIMG_07NOV2019_1030_L1C_SGP_vis.tif,Gujarat,Devbhumi Dwarka,22.2078,69.6582,0.01
3DIMG_07NOV2019_1030_L1C_SGP_vis.tif,INSAT3D_VIS_India/3DIMG_07NOV2019_1030_L1C_SGP_vis.tif,Gujarat,Gandhinagar,23.2156,72.6369,4.89
3DIMG_07NOV2019_1030_L1C_SGP_vis.tif,INSAT3D_VIS_India/3DIMG_07NOV2019_1030_L1C_SGP_vis.tif,Gujarat,Gir Somnath,20.9042,70.3644,6.97
3DIMG_07NOV2019_1030_L1C_SGP_vis.tif,INSAT3D_VIS_India/3DIMG_07NOV2019_1030_L1C_SGP_vis.tif,Gujarat,Jamnagar,22.4707,70.0577,1.24
3DIMG_07NOV2019_1030_L1C_SGP_vis.tif,INSAT3D_VIS_India/3DIMG_07NOV2019_1030_L1C_SGP_vis.tif,Gujarat,Junagadh,21.5222,70.4579,6.38
3DIMG_07NOV2019_1030_L1C_SGP_vis.tif,INSAT3D_VIS_India/3DIMG_07NOV2019_1030_L1C_SGP_vis.tif,Gujarat,Kheda,22.6916,72.8634,7.8
3DIMG_07NOV2019_1030_L1C_SGP_vis.tif,INSAT3D_VIS_India/3DIMG_07NOV2019_1030_L1C_SGP_vis.tif,Gujarat,Kutch (Bhuj),23.242,69.6669,2.07
3DIMG_07NOV2019_1030_L1C_SGP_vis.tif,INSAT3D_VIS_India/3DIMG_07NOV2019_1030_L1C_SGP_vis.tif,Gujarat,Mahisagar,23.1311,73.6009,5.67
3DIMG_07NOV2019_1030_L1C_SGP_vis.tif,INSAT3D_VIS_India/3DIMG_07NOV2019_1030_L1C_SGP_vis.tif,Gujarat,Mehsana,23.588,72.3693,2.08
3DIMG_07NOV2019_1030_L1C_SGP_vis.tif,INSAT3D_VIS_India/3DIMG_07NOV2019_1030_L1C_SGP_vis.tif,Gujarat,Morbi,22.8173,70.8368,2.54
3DIMG_07NOV2019_1030_L1C_SGP_vis.tif,INSAT3D_VIS_India/3DIMG_07NOV2019_1030_L1C_SGP_vis.tif,Gujarat,Narmada,21.8719,73.5028,1.16
3DIMG_07NOV2019_1030_L1C_SGP_vis.tif,INSAT3D_VIS_India/3DIMG_07NOV2019_1030_L1C_SGP_vis.tif,Gujarat,Navsari,20.9467,72.952,9.81
3DIMG_07NOV2019_1030_L1C_SGP_vis.tif,INSAT3D_VIS_India/3DIMG_07NOV2019_1030_L1C_SGP_vis.tif,Gujarat,Panchmahal,22.778,73.6143,2.86
3DIMG_07NOV2019_1030_L1C_SGP_vis.tif,INSAT3D_VIS_India/3DIMG_07NOV2019_1030_L1C_SGP_vis.tif,Gujarat,Patan,23.8493,72.1266,2.15
3DIMG_07NOV2019_1030_L1C_SGP_vis.tif,INSAT3D_VIS_India/3DIMG_07NOV2019_1030_L1C_SGP_vis.tif,Gujarat,Porbandar,21.6417,69.6293,4.69
3DIMG_07NOV2019_1030_L1C_SGP_vis.tif,INSAT3D_VIS_India/3DIMG_07NOV2019_1030_L1C_SGP_vis.tif,Gujarat,Rajkot,22.3039,70.8022,0.86
3DIMG_07NOV2019_1030_L1C_SGP_vis.tif,INSAT3D_VIS_India/3DIMG_07NOV2019_1030_L1C_SGP_vis.tif,Gujarat,Sabarkantha,23.5977,72.9688,5.36
3DIMG_07NOV2019_1030_L1C_SGP_vis.tif,INSAT3D_VIS_India/3DIMG_07NOV2019_1030_L1C_SGP_vis.tif,Gujarat,Surat,21.1702,72.8311,9.84
3DIMG_07NOV2019_1030_L1C_SGP_vis.tif,INSAT3D_VIS_India/3DIMG_07NOV2019_1030_L1C_SGP_vis.tif,Gujarat,Surendranagar,22.7274,71.637,3.98
3DIMG_07NOV2019_1030_L1C_SGP_vis.tif,INSAT3D_VIS_India/3DIMG_07NOV2019_1030_L1C_SGP_vis.tif,Gujarat,Tapi,21.1147,73.3986,6.84
3DIMG_07NOV2019_1030_L1C_SGP_vis.tif,INSAT3D_VIS_India/3DIMG_07NOV2019_1030_L1C_SGP_vis.tif,Gujarat,Vadodara,22.3072,73.1812,2.16
3DIMG_07NOV2019_1030_L1C_SGP_vis.tif,INSAT3D_VIS_India/3DIMG_07NOV2019_1030_L1C_SGP_vis.tif,Gujarat,Valsad,20.5992,72.9342,12.64
3DIMG_07NOV2019_1100_L1C_SGP_vis.tif,INSAT3D_VIS_India/3DIMG_07NOV2019_1100_L1C_SGP_vis.tif,Gujarat,Ahmedabad,23.0225,72.5714,5.62
3DIMG_07NOV2019_1100_L1C_SGP_vis.tif,INSAT3D_VIS_India/3DIMG_07NOV2019_1100_L1C_SGP_vis.tif,Gujarat,Amreli,21.6032,71.2221,7.07
3DIMG_07NOV2019_1100_L1C_SGP_vis.tif,INSAT3D_VIS_India/3DIMG_07NOV2019_1100_L1C_SGP_vis.tif,Gujarat,Anand,22.5645,72.9289,2.21
3DIMG_07NOV2019_1100_L1C_SGP_vis.tif,INSAT3D_VIS_India/3DIMG_07NOV2019_1100_L1C_SGP_vis.tif,Gujarat,Aravalli,23.4619,73.3039,2.24
3DIMG_07NOV2019_1100_L1C_SGP_vis.tif,INSAT3D_VIS_India/3DIMG_07NOV2019_1100_L1C_SGP_vis.tif,Gujarat,Banaskantha,24.1724,72.4346,2.08
3DIMG_07NOV2019_1100_L1C_SGP_vis.tif,INSAT3D_VIS_India/3DIMG_07NOV2019_1100_L1C_SGP_vis.tif,Gujarat,Bharuch,21.7051,72.9959,8.43
3DIMG_07NOV2019_1100_L1C_SGP_vis.tif,INSAT3D_VIS_India/3DIMG_07NOV2019_1100_L1C_SGP_vis.tif,Gujarat,Bhavnagar,21.7645,72.1519,6.99
3DIMG_07NOV2019_1100_L1C_SGP_vis.tif,INSAT3D_VIS_India/3DIMG_07NOV2019_1100_L1C_SGP_vis.tif,Gujarat,Botad,22.1704,71.6662,8.32
3DIMG_07NOV2019_1100_L1C_SGP_vis.tif,INSAT3D_VIS_India/3DIMG_07NOV2019_1100_L1C_SGP_vis.tif,Gujarat,Chhota Udepur,22.3108,74.0125,2.57
3DIMG_07NOV2019_1100_L1C_SGP_vis.tif,INSAT3D_VIS_India/3DIMG_07NOV2019_1100_L1C_SGP_vis.tif,Gujarat,Dahod,22.8347,74.2552,4.55
3DIMG_07NOV2019_1100_L1C_SGP_vis.tif,INSAT3D_VIS_India/3DIMG_07NOV2019_1100_L1C_SGP_vis.tif,Gujarat,Dang,20.7554,73.6873,1.93
3DIMG_07NOV2019_1100_L1C_SGP_vis.tif,INSAT3D_VIS_India/3DIMG_07NOV2019_1100_L1C_SGP_vis.tif,Gujarat,Devbhumi Dwarka,22.2078,69.6582,0.0
3DIMG_07NOV2019_1100_L1C_SGP_vis.tif,INSAT3D_VIS_India/3DIMG_07NOV2019_1100_L1C_SGP_vis.tif,Gujarat,Gandhinagar,23.2156,72.6369,5.05
3DIMG_07NOV2019_1100_L1C_SGP_vis.tif,INSAT3D_VIS_India/3DIMG_07NOV2019_1100_L1C_SGP_vis.tif,Gujarat,Gir Somnath,20.9042,70.3644,4.95
3DIMG_07NOV2019_1100_L1C_SGP_vis.tif,INSAT3D_VIS_India/3DIMG_07NOV2019_1100_L1C_SGP_vis.tif,Gujarat,Jamnagar,22.4707,70.0577,0.71
3DIMG_07NOV2019_1100_L1C_SGP_vis.tif,INSAT3D_VIS_India/3DIMG_07NOV2019_1100_L1C_SGP_vis.tif,Gujarat,Junagadh,21.5222,70.4579,3.86
3DIMG_07NOV2019_1100_L1C_SGP_vis.tif,INSAT3D_VIS_India/3DIMG_07NOV2019_1100_L1C_SGP_vis.tif,Gujarat,Kheda,22.6916,72.8634,3.24
3DIMG_07NOV2019_1100_L1C_SGP_vis.tif,INSAT3D_VIS_India/3DIMG_07NOV2019_1100_L1C_SGP_vis.tif,Gujarat,Kutch (Bhuj),23.242,69.6669,1.28
3DIMG_07NOV2019_1100_L1C_SGP_vis.tif,INSAT3D_VIS_India/3DIMG_07NOV2019_1100_L1C_SGP_vis.tif,Gujarat,Mahisagar,23.1311,73.6009,6.72
3DIMG_07NOV2019_1100_L1C_SGP_vis.tif,INSAT3D_VIS_India/3DIMG_07NOV2019_1100_L1C_SGP_vis.tif,Gujarat,Mehsana,23.588,72.3693,1.04
3DIMG_07NOV2019_1100_L1C_SGP_vis.tif,INSAT3D_VIS_India/3DIMG_07NOV2019_1100_L1C_SGP_vis.tif,Gujarat,Morbi,22.8173,70.8368,3.69
3DIMG_07NOV2019_1100_L1C_SGP_vis.tif,INSAT3D_VIS_India/3DIMG_07NOV2019_1100_L1C_SGP_vis.tif,Gujarat,Narmada,21.8719,73.5028,2.94
3DIMG_07NOV2019_1100_L1C_SGP_vis.tif,INSAT3D_VIS_India/3DIMG_07NOV2019_1100_L1C_SGP_vis.tif,Gujarat,Navsari,20.9467,72.952,9.41
3DIMG_07NOV2019_1100_L1C_SGP_vis.tif,INSAT3D_VIS_India/3DIMG_07NOV2019_1100_L1C_SGP_vis.tif,Gujarat,Panchmahal,22.778,73.6143,2.63
3DIMG_07NOV2019_1100_L1C_SGP_vis.tif,INSAT3D_VIS_India/3DIMG_07NOV2019_1100_L1C_SGP_vis.tif,Gujarat,Patan,23.8493,72.1266,0.94
3DIMG_07NOV2019_1100_L1C_SGP_vis.tif,INSAT3D_VIS_India/3DIMG_07NOV2019_1100_L1C_SGP_vis.tif,Gujarat,Porbandar,21.6417,69.6293,2.85
3DIMG_07NOV2019_1100_L1C_SGP_vis.tif,INSAT3D_VIS_India/3DIMG_07NOV2019_1100_L1C_SGP_vis.tif,Gujarat,Rajkot,22.3039,70.8022,2.35
3DIMG_07NOV2019_1100_L1C_SGP_vis.tif,INSAT3D_VIS_India/3DIMG_07NOV2019_1100_L1C_SGP_vis.tif,Gujarat,Sabarkantha,23.5977,72.9688,4.0
3DIMG_07NOV2019_1100_L1C_SGP_vis.tif,INSAT3D_VIS_India/3DIMG_07NOV2019_1100_L1C_SGP_vis.tif,Gujarat,Surat,21.1702,72.8311,8.58
3DIMG_07NOV2019_1100_L1C_SGP_vis.tif,INSAT3D_VIS_India/3DIMG_07NOV2019_1100_L1C_SGP_vis.tif,Gujarat,Surendranagar,22.7274,71.637,3.5
3DIMG_07NOV2019_1100_L1C_SGP_vis.tif,INSAT3D_VIS_India/3DIMG_07NOV2019_1100_L1C_SGP_vis.tif,Gujarat,Tapi,21.1147,73.3986,4.07
3DIMG_07NOV2019_1100_L1C_SGP_vis.tif,INSAT3D_VIS_India/3DIMG_07NOV2019_1100_L1C_SGP_vis.tif,Gujarat,Vadodara,22.3072,73.1812,2.29
3DIMG_07NOV2019_1100_L1C_SGP_vis.tif,INSAT3D_VIS_India/3DIMG_07NOV2019_1100_L1C_SGP_vis.tif,Gujarat,Valsad,20.5992,72.9342,8.94
3DIMG_07NOV2019_1130_L1C_SGP_vis.tif,INSAT3D_VIS_India/3DIMG_07NOV2019_1130_L1C_SGP_vis.tif,Gujarat,Ahmedabad,23.0225,72.5714,3.57
3DIMG_07NOV2019_1130_L1C_SGP_vis.tif,INSAT3D_VIS_India/3DIMG_07NOV2019_1130_L1C_SGP_vis.tif,Gujarat,Amreli,21.6032,71.2221,3.67
3DIMG_07NOV2019_1130_L1C_SGP_vis.tif,INSAT3D_VIS_India/3DIMG_07NOV2019_1130_L1C_SGP_vis.tif,Gujarat,Anand,22.5645,72.9289,0.98
3DIMG_07NOV2019_1130_L1C_SGP_vis.tif,INSAT3D_VIS_India/3DIMG_07NOV2019_1130_L1C_SGP_vis.tif,Gujarat,Aravalli,23.4619,73.3039,0.0
3DIMG_07NOV2019_1130_L1C_SGP_vis.tif,INSAT3D_VIS_India/3DIMG_07NOV2019_1130_L1C_SGP_vis.tif,Gujarat,Banaskantha,24.1724,72.4346,1.65
3DIMG_07NOV2019_1130_L1C_SGP_vis.tif,INSAT3D_VIS_India/3DIMG_07NOV2019_1130_L1C_SGP_vis.tif,Gujarat,Bharuch,21.7051,72.9959,6.99
3DIMG_07NOV2019_1130_L1C_SGP_vis.tif,INSAT3D_VIS_India/3DIMG_07NOV2019_1130_L1C_SGP_vis.tif,Gujarat,Bhavnagar,21.7645,72.1519,3.9
3DIMG_07NOV2019_1130_L1C_SGP_vis.tif,INSAT3D_VIS_India/3DIMG_07NOV2019_1130_L1C_SGP_vis.tif,Gujarat,Botad,22.1704,71.6662,5.39
3DIMG_07NOV2019_1130_L1C_SGP_vis.tif,INSAT3D_VIS_India/3DIMG_07NOV2019_1130_L1C_SGP_vis.tif,Gujarat,Chhota Udepur,22.3108,74.0125,0.35
3DIMG_07NOV2019_1130_L1C_SGP_vis.tif,INSAT3D_VIS_India/3DIMG_07NOV2019_1130_L1C_SGP_vis.tif,Gujarat,Dahod,22.8347,74.2552,4.04
3DIMG_07NOV2019_1130_L1C_SGP_vis.tif,INSAT3D_VIS_India/3DIMG_07NOV2019_1130_L1C_SGP_vis.tif,Gujarat,Dang,20.7554,73.6873,1.42
3DIMG_07NOV2019_1130_L1C_SGP_vis.tif,INSAT3D_VIS_India/3DIMG_07NOV2019_1130_L1C_SGP_vis.tif,Gujarat,Devbhumi Dwarka,22.2078,69.6582,0.0
3DIMG_07NOV2019_1130_L1C_SGP_vis.tif,INSAT3D_VIS_India/3DIMG_07NOV2019_1130_L1C_SGP_vis.tif,Gujarat,Gandhinagar,23.2156,72.6369,2.53
3DIMG_07NOV2019_1130_L1C_SGP_vis.tif,INSAT3D_VIS_India/3DIMG_07NOV2019_1130_L1C_SGP_vis.tif,Gujarat,Gir Somnath,20.9042,70.3644,1.7
3DIMG_07NOV2019_1130_L1C_SGP_vis.tif,INSAT3D_VIS_India/3DIMG_07NOV2019_1130_L1C_SGP_vis.tif,Gujarat,Jamnagar,22.4707,70.0577,0.04
3DIMG_07NOV2019_1130_L1C_SGP_vis.tif,INSAT3D_VIS_India/3DIMG_07NOV2019_1130_L1C_SGP_vis.tif,Gujarat,Junagadh,21.5222,70.4579,2.79
3DIMG_07NOV2019_1130_L1C_SGP_vis.tif,INSAT3D_VIS_India/3DIMG_07NOV2019_1130_L1C_SGP_vis.tif,Gujarat,Kheda,22.6916,72.8634,1.95
3DIMG_07NOV2019_1130_L1C_SGP_vis.tif,INSAT3D_VIS_India/3DIMG_07NOV2019_1130_L1C_SGP_vis.tif,Gujarat,Kutch (Bhuj),23.242,69.6669,0.51
3DIMG_07NOV2019_1130_L1C_SGP_vis.tif,INSAT3D_VIS_India/3DIMG_07NOV2019_1130_L1C_SGP_vis.tif,Gujarat,Mahisagar,23.1311,73.6009,2.16
3DIMG_07NOV2019_1130_L1C_SGP_vis.tif,INSAT3D_VIS_India/3DIMG_07NOV2019_1130_L1C_SGP_vis.tif,Gujarat,Mehsana,23.588,72.3693,0.0
3DIMG_07NOV2019_1130_L1C_SGP_vis.tif,INSAT3D_VIS_India/3DIMG_07NOV2019_1130_L1C_SGP_vis.tif,Gujarat,Morbi,22.8173,70.8368,2.51
3DIMG_07NOV2019_1130_L1C_SGP_vis.tif,INSAT3D_VIS_India/3DIMG_07NOV2019_1130_L1C_SGP_vis.tif,Gujarat,Narmada,21.8719,73.5028,1.74
3DIMG_07NOV2019_1130_L1C_SGP_vis.tif,INSAT3D_VIS_India/3DIMG_07NOV2019_1130_L1C_SGP_vis.tif,Gujarat,Navsari,20.9467,72.952,9.73
3DIMG_07NOV2019_1130_L1C_SGP_vis.tif,INSAT3D_VIS_India/3DIMG_07NOV2019_1130_L1C_SGP_vis.tif,Gujarat,Panchmahal,22.778,73.6143,0.47
3DIMG_07NOV2019_1130_L1C_SGP_vis.tif,INSAT3D_VIS_India/3DIMG_07NOV2019_1130_L1C_SGP_vis.tif,Gujarat,Patan,23.8493,72.1266,0.56
3DIMG_07NOV2019_1130_L1C_SGP_vis.tif,INSAT3D_VIS_India/3DIMG_07NOV2019_1130_L1C_SGP_vis.tif,Gujarat,Porbandar,21.6417,69.6293,5.6
3DIMG_07NOV2019_1130_L1C_SGP_vis.tif,INSAT3D_VIS_India/3DIMG_07NOV2019_1130_L1C_SGP_vis.tif,Gujarat,Rajkot,22.3039,70.8022,0.0
3DIMG_07NOV2019_1130_L1C_SGP_vis.tif,INSAT3D_VIS_India/3DIMG_07NOV2019_1130_L1C_SGP_vis.tif,Gujarat,Sabarkantha,23.5977,72.9688,1.98
3DIMG_07NOV2019_1130_L1C_SGP_vis.tif,INSAT3D_VIS_India/3DIMG_07NOV2019_1130_L1C_SGP_vis.tif,Gujarat,Surat,21.1702,72.8311,9.8
3DIMG_07NOV2019_1130_L1C_SGP_vis.tif,INSAT3D_VIS_India/3DIMG_07NOV2019_1130_L1C_SGP_vis.tif,Gujarat,Surendranagar,22.7274,71.637,2.82
3DIMG_07NOV2019_1130_L1C_SGP_vis.tif,INSAT3D_VIS_India/3DIMG_07NOV2019_1130_L1C_SGP_vis.tif,Gujarat,Tapi,21.1147,73.3986,0.0
3DIMG_07NOV2019_1130_L1C_SGP_vis.tif,INSAT3D_VIS_India/3DIMG_07NOV2019_1130_L1C_SGP_vis.tif,Gujarat,Vadodara,22.3072,73.1812,1.15
3DIMG_07NOV2019_1130_L1C_SGP_vis.tif,INSAT3D_VIS_India/3DIMG_07NOV2019_1130_L1C_SGP_vis.tif,Gujarat,Valsad,20.5992,72.9342,4.57
3DIMG_07NOV2019_1200_L1C_SGP_vis.tif,INSAT3D_VIS_India/3DIMG_07NOV2019_1200_L1C_SGP_vis.tif,Gujarat,Ahmedabad,23.0225,72.5714,1.13
3DIMG_07NOV2019_1200_L1C_SGP_vis.tif,INSAT3D_VIS_India/3DIMG_07NOV2019_1200_L1C_SGP_vis.tif,Gujarat,Amreli,21.6032,71.2221,1.53
3DIMG_07NOV2019_1200_L1C_SGP_vis.tif,INSAT3D_VIS_India/3DIMG_07NOV2019_1200_L1C_SGP_vis.tif,Gujarat,Anand,22.5645,72.9289,0.0
3DIMG_07NOV2019_1200_L1C_SGP_vis.tif,INSAT3D_VIS_India/3DIMG_07NOV2019_1200_L1C_SGP_vis.tif,Gujarat,Aravalli,23.4619,73.3039,0.0
3DIMG_07NOV2019_1200_L1C_SGP_vis.tif,INSAT3D_VIS_India/3DIMG_07NOV2019_1200_L1C_SGP_vis.tif,Gujarat,Banaskantha,24.1724,72.4346,0.0
3DIMG_07NOV2019_1200_L1C_SGP_vis.tif,INSAT3D_VIS_India/3DIMG_07NOV2019_1200_L1C_SGP_vis.tif,Gujarat,Bharuch,21.7051,72.9959,3.54
3DIMG_07NOV2019_1200_L1C_SGP_vis.tif,INSAT3D_VIS_India/3DIMG_07NOV2019_1200_L1C_SGP_vis.tif,Gujarat,Bhavnagar,21.7645,72.1519,0.47
3DIMG_07NOV2019_1200_L1C_SGP_vis.tif,INSAT3D_VIS_India/3DIMG_07NOV2019_1200_L1C_SGP_vis.tif,Gujarat,Botad,22.1704,71.6662,1.19
3DIMG_07NOV2019_1200_L1C_SGP_vis.tif,INSAT3D_VIS_India/3DIMG_07NOV2019_1200_L1C_SGP_vis.tif,Gujarat,Chhota Udepur,22.3108,74.0125,0.9
3DIMG_07NOV2019_1200_L1C_SGP_vis.tif,INSAT3D_VIS_India/3DIMG_07NOV2019_1200_L1C_SGP_vis.tif,Gujarat,Dahod,22.8347,74.2552,3.3
3DIMG_07NOV2019_1200_L1C_SGP_vis.tif,INSAT3D_VIS_India/3DIMG_07NOV2019_1200_L1C_SGP_vis.tif,Gujarat,Dang,20.7554,73.6873,0.0
3DIMG_07NOV2019_1200_L1C_SGP_vis.tif,INSAT3D_VIS_India/3DIMG_07NOV2019_1200_L1C_SGP_vis.tif,Gujarat,Devbhumi Dwarka,22.2078,69.6582,3.2
3DIMG_07NOV2019_1200_L1C_SGP_vis.tif,INSAT3D_VIS_India/3DIMG_07NOV2019_1200_L1C_SGP_vis.tif,Gujarat,Gandhinagar,23.2156,72.6369,5.7
3DIMG_07NOV2019_1200_L1C_SGP_vis.tif,INSAT3D_VIS_India/3DIMG_07NOV2019_1200_L1C_SGP_vis.tif,Gujarat,Gir Somnath,20.9042,70.3644,0.73
3DIMG_07NOV2019_1200_L1C_SGP_vis.tif,INSAT3D_VIS_India/3DIMG_07NOV2019_1200_L1C_SGP_vis.tif,Gujarat,Jamnagar,22.4707,70.0577,3.1
3DIMG_07NOV2019_1200_L1C_SGP_vis.tif,INSAT3D_VIS_India/3DIMG_07NOV2019_1200_L1C_SGP_vis.tif,Gujarat,Junagadh,21.5222,70.4579,0.3
3DIMG_07NOV2019_1200_L1C_SGP_vis.tif,INSAT3D_VIS_India/3DIMG_07NOV2019_1200_L1C_SGP_vis.tif,Gujarat,Kheda,22.6916,72.8634,0.0
3DIMG_07NOV2019_1200_L1C_SGP_vis.tif,INSAT3D_VIS_India/3DIMG_07NOV2019_1200_L1C_SGP_vis.tif,Gujarat,Kutch (Bhuj),23.242,69.6669,0.0
3DIMG_07NOV2019_1200_L1C_SGP_vis.tif,INSAT3D_VIS_India/3DIMG_07NOV2019_1200_L1C_SGP_vis.tif,Gujarat,Mahisagar,23.1311,73.6009,0.0
3DIMG_07NOV2019_1200_L1C_SGP_vis.tif,INSAT3D_VIS_India/3DIMG_07NOV2019_1200_L1C_SGP_vis.tif,Gujarat,Mehsana,23.588,72.3693,0.0
3DIMG_07NOV2019_1200_L1C_SGP_vis.tif,INSAT3D_VIS_India/3DIMG_07NOV2019_1200_L1C_SGP_vis.tif,Gujarat,Morbi,22.8173,70.8368,1.41
3DIMG_07NOV2019_1200_L1C_SGP_vis.tif,INSAT3D_VIS_India/3DIMG_07NOV2019_1200_L1C_SGP_vis.tif,Gujarat,Narmada,21.8719,73.5028,0.0
3DIMG_07NOV2019_1200_L1C_SGP_vis.tif,INSAT3D_VIS_India/3DIMG_07NOV2019_1200_L1C_SGP_vis.tif,Gujarat,Navsari,20.9467,72.952,0.18
3DIMG_07NOV2019_1200_L1C_SGP_vis.tif,INSAT3D_VIS_India/3DIMG_07NOV2019_1200_L1C_SGP_vis.tif,Gujarat,Panchmahal,22.778,73.6143,0.0
3DIMG_07NOV2019_1200_L1C_SGP_vis.tif,INSAT3D_VIS_India/3DIMG_07NOV2019_1200_L1C_SGP_vis.tif,Gujarat,Patan,23.8493,72.1266,0.0
3DIMG_07NOV2019_1200_L1C_SGP_vis.tif,INSAT3D_VIS_India/3DIMG_07NOV2019_1200_L1C_SGP_vis.tif,Gujarat,Porbandar,21.6417,69.6293,1.33
3DIMG_07NOV2019_1200_L1C_SGP_vis.tif,INSAT3D_VIS_India/3DIMG_07NOV2019_1200_L1C_SGP_vis.tif,Gujarat,Rajkot,22.3039,70.8022,1.1
3DIMG_07NOV2019_1200_L1C_SGP_vis.tif,INSAT3D_VIS_India/3DIMG_07NOV2019_1200_L1C_SGP_vis.tif,Gujarat,Sabarkantha,23.5977,72.9688,0.1
3DIMG_07NOV2019_1200_L1C_SGP_vis.tif,INSAT3D_VIS_India/3DIMG_07NOV2019_1200_L1C_SGP_vis.tif,Gujarat,Surat,21.1702,72.8311,2.64
3DIMG_07NOV2019_1200_L1C_SGP_vis.tif,INSAT3D_VIS_India/3DIMG_07NOV2019_1200_L1C_SGP_vis.tif,Gujarat,Surendranagar,22.7274,71.637,5.0
3DIMG_07NOV2019_1200_L1C_SGP_vis.tif,INSAT3D_VIS_India/3DIMG_07NOV2019_1200_L1C_SGP_vis.tif,Gujarat,Tapi,21.1147,73.3986,0.0
3DIMG_07NOV2019_1200_L1C_SGP_vis.tif,INSAT3D_VIS_India/3DIMG_07NOV2019_1200_L1C_SGP_vis.tif,Gujarat,Vadodara,22.3072,73.1812,0.0
3DIMG_07NOV2019_1200_L1C_SGP_vis.tif,INSAT3D_VIS_India/3DIMG_07NOV2019_1200_L1C_SGP_vis.tif,Gujarat,Valsad,20.5992,72.9342,0.0
3DIMG_07NOV2019_1230_L1C_SGP_vis.tif,INSAT3D_VIS_India/3DIMG_07NOV2019_1230_L1C_SGP_vis.tif,Gujarat,Ahmedabad,23.0225,72.5714,0.0
3DIMG_07NOV2019_1230_L1C_SGP_vis.tif,INSAT3D_VIS_India/3DIMG_07NOV2019_1230_L1C_SGP_vis.tif,Gujarat,Amreli,21.6032,71.2221,2.7
3DIMG_07NOV2019_1230_L1C_SGP_vis.tif,INSAT3D_VIS_India/3DIMG_07NOV2019_1230_L1C_SGP_vis.tif,Gujarat,Anand,22.5645,72.9289,0.0
3DIMG_07NOV2019_1230_L1C_SGP_vis.tif,INSAT3D_VIS_India/3DIMG_07NOV2019_1230_L1C_SGP_vis.tif,Gujarat,Aravalli,23.4619,73.3039,0.0
3DIMG_07NOV2019_1230_L1C_SGP_vis.tif,INSAT3D_VIS_India/3DIMG_07NOV2019_1230_L1C_SGP_vis.tif,Gujarat,Banaskantha,24.1724,72.4346,0.0
3DIMG_07NOV2019_1230_L1C_SGP_vis.tif,INSAT3D_VIS_India/3DIMG_07NOV2019_1230_L1C_SGP_vis.tif,Gujarat,Bharuch,21.7051,72.9959,0.0
3DIMG_07NOV2019_1230_L1C_SGP_vis.tif,INSAT3D_VIS_India/3DIMG_07NOV2019_1230_L1C_SGP_vis.tif,Gujarat,Bhavnagar,21.7645,72.1519,3.2
3DIMG_07NOV2019_1230_L1C_SGP_vis.tif,INSAT3D_VIS_India/3DIMG_07NOV2019_1230_L1C_SGP_vis.tif,Gujarat,Botad,22.1704,71.6662,5.3
3DIMG_07NOV2019_1230_L1C_SGP_vis.tif,INSAT3D_VIS_India/3DIMG_07NOV2019_1230_L1C_SGP_vis.tif,Gujarat,Chhota Udepur,22.3108,74.0125,0.0
3DIMG_07NOV2019_1230_L1C_SGP_vis.tif,INSAT3D_VIS_India/3DIMG_07NOV2019_1230_L1C_SGP_vis.tif,Gujarat,Dahod,22.8347,74.2552,0.0
3DIMG_07NOV2019_1230_L1C_SGP_vis.tif,INSAT3D_VIS_India/3DIMG_07NOV2019_1230_L1C_SGP_vis.tif,Gujarat,Dang,20.7554,73.6873,0.0
3DIMG_07NOV2019_1230_L1C_SGP_vis.tif,INSAT3D_VIS_India/3DIMG_07NOV2019_1230_L1C_SGP_vis.tif,Gujarat,Devbhumi Dwarka,22.2078,69.6582,0.0
3DIMG_07NOV2019_1230_L1C_SGP_vis.tif,INSAT3D_VIS_India/3DIMG_07NOV2019_1230_L1C_SGP_vis.tif,Gujarat,Gandhinagar,23.2156,72.6369,0.0
3DIMG_07NOV2019_1230_L1C_SGP_vis.tif,INSAT3D_VIS_India/3DIMG_07NOV2019_1230_L1C_SGP_vis.tif,Gujarat,Gir Somnath,20.9042,70.3644,0.0
3DIMG_07NOV2019_1230_L1C_SGP_vis.tif,INSAT3D_VIS_India/3DIMG_07NOV2019_1230_L1C_SGP_vis.tif,Gujarat,Jamnagar,22.4707,70.0577,5.6
3DIMG_07NOV2019_1230_L1C_SGP_vis.tif,INSAT3D_VIS_India/3DIMG_07NOV2019_1230_L1C_SGP_vis.tif,Gujarat,Junagadh,21.5222,70.4579,0.0
3DIMG_07NOV2019_1230_L1C_SGP_vis.tif,INSAT3D_VIS_India/3DIMG_07NOV2019_1230_L1C_SGP_vis.tif,Gujarat,Kheda,22.6916,72.8634,1.5
3DIMG_07NOV2019_1230_L1C_SGP_vis.tif,INSAT3D_VIS_India/3DIMG_07NOV2019_1230_L1C_SGP_vis.tif,Gujarat,Kutch (Bhuj),23.242,69.6669,3.0
3DIMG_07NOV2019_1230_L1C_SGP_vis.tif,INSAT3D_VIS_India/3DIMG_07NOV2019_1230_L1C_SGP_vis.tif,Gujarat,Mahisagar,23.1311,73.6009,0.0
3DIMG_07NOV2019_1230_L1C_SGP_vis.tif,INSAT3D_VIS_India/3DIMG_07NOV2019_1230_L1C_SGP_vis.tif,Gujarat,Mehsana,23.588,72.3693,2.9
3DIMG_07NOV2019_1230_L1C_SGP_vis.tif,INSAT3D_VIS_India/3DIMG_07NOV2019_1230_L1C_SGP_vis.tif,Gujarat,Morbi,22.8173,70.8368,0.8
3DIMG_07NOV2019_1230_L1C_SGP_vis.tif,INSAT3D_VIS_India/3DIMG_07NOV2019_1230_L1C_SGP_vis.tif,Gujarat,Narmada,21.8719,73.5028,0.0
3DIMG_07NOV2019_1230_L1C_SGP_vis.tif,INSAT3D_VIS_India/3DIMG_07NOV2019_1230_L1C_SGP_vis.tif,Gujarat,Navsari,20.9467,72.952,0.0
3DIMG_07NOV2019_1230_L1C_SGP_vis.tif,INSAT3D_VIS_India/3DIMG_07NOV2019_1230_L1C_SGP_vis.tif,Gujarat,Panchmahal,22.778,73.6143,0.0
3DIMG_07NOV2019_1230_L1C_SGP_vis.tif,INSAT3D_VIS_India/3DIMG_07NOV2019_1230_L1C_SGP_vis.tif,Gujarat,Patan,23.8493,72.1266,0.7
3DIMG_07NOV2019_1230_L1C_SGP_vis.tif,INSAT3D_VIS_India/3DIMG_07NOV2019_1230_L1C_SGP_vis.tif,Gujarat,Porbandar,21.6417,69.6293,1.3
3DIMG_07NOV2019_1230_L1C_SGP_vis.tif,INSAT3D_VIS_India/3DIMG_07NOV2019_1230_L1C_SGP_vis.tif,Gujarat,Rajkot,22.3039,70.8022,3.5
3DIMG_07NOV2019_1230_L1C_SGP_vis.tif,INSAT3D_VIS_India/3DIMG_07NOV2019_1230_L1C_SGP_vis.tif,Gujarat,Sabarkantha,23.5977,72.9688,0.0
3DIMG_07NOV2019_1230_L1C_SGP_vis.tif,INSAT3D_VIS_India/3DIMG_07NOV2019_1230_L1C_SGP_vis.tif,Gujarat,Surat,21.1702,72.8311,0.0
3DIMG_07NOV2019_1230_L1C_SGP_vis.tif,INSAT3D_VIS_India/3DIMG_07NOV2019_1230_L1C_SGP_vis.tif,Gujarat,Surendranagar,22.7274,71.637,0.0
3DIMG_07NOV2019_1230_L1C_SGP_vis.tif,INSAT3D_VIS_India/3DIMG_07NOV2019_1230_L1C_SGP_vis.tif,Gujarat,Tapi,21.1147,73.3986,2.0
3DIMG_07NOV2019_1230_L1C_SGP_vis.tif,INSAT3D_VIS_India/3DIMG_07NOV2019_1230_L1C_SGP_vis.tif,Gujarat,Vadodara,22.3072,73.1812,4.1
3DIMG_07NOV2019_1230_L1C_SGP_vis.tif,INSAT3D_VIS_India/3DIMG_07NOV2019_1230_L1C_SGP_vis.tif,Gujarat,Valsad,20.5992,72.9342,4.9
3DIMG_07NOV2019_1300_L1C_SGP_vis.tif,INSAT3D_VIS_India/3DIMG_07NOV2019_1300_L1C_SGP_vis.tif,Gujarat,Ahmedabad,23.0225,72.5714,0.0
3DIMG_07NOV2019_1300_L1C_SGP_vis.tif,INSAT3D_VIS_India/3DIMG_07NOV2019_1300_L1C_SGP_vis.tif,Gujarat,Amreli,21.6032,71.2221,2.8
3DIMG_07NOV2019_1300_L1C_SGP_vis.tif,INSAT3D_VIS_India/3DIMG_07NOV2019_1300_L1C_SGP_vis.tif,Gujarat,Anand,22.5645,72.9289,0.0
3DIMG_07NOV2019_1300_L1C_SGP_vis.tif,INSAT3D_VIS_India/3DIMG_07NOV2019_1300_L1C_SGP_vis.tif,Gujarat,Aravalli,23.4619,73.3039,4.0
3DIMG_07NOV2019_1300_L1C_SGP_vis.tif,INSAT3D_VIS_India/3DIMG_07NOV2019_1300_L1C_SGP_vis.tif,Gujarat,Banaskantha,24.1724,72.4346,0.0
3DIMG_07NOV2019_1300_L1C_SGP_vis.tif,INSAT3D_VIS_India/3DIMG_07NOV2019_1300_L1C_SGP_vis.tif,Gujarat,Bharuch,21.7051,72.9959,0.0
3DIMG_07NOV2019_1300_L1C_SGP_vis.tif,INSAT3D_VIS_India/3DIMG_07NOV2019_1300_L1C_SGP_vis.tif,Gujarat,Bhavnagar,21.7645,72.1519,0.0
3DIMG_07NOV2019_1300_L1C_SGP_vis.tif,INSAT3D_VIS_India/3DIMG_07NOV2019_1300_L1C_SGP_vis.tif,Gujarat,Botad,22.1704,71.6662,3.4
3DIMG_07NOV2019_1300_L1C_SGP_vis.tif,INSAT3D_VIS_India/3DIMG_07NOV2019_1300_L1C_SGP_vis.tif,Gujarat,Chhota Udepur,22.3108,74.0125,4.4
3DIMG_07NOV2019_1300_L1C_SGP_vis.tif,INSAT3D_VIS_India/3DIMG_07NOV2019_1300_L1C_SGP_vis.tif,Gujarat,Dahod,22.8347,74.2552,1.6
3DIMG_07NOV2019_1300_L1C_SGP_vis.tif,INSAT3D_VIS_India/3DIMG_07NOV2019_1300_L1C_SGP_vis.tif,Gujarat,Dang,20.7554,73.6873,0.0
3DIMG_07NOV2019_1300_L1C_SGP_vis.tif,INSAT3D_VIS_India/3DIMG_07NOV2019_1300_L1C_SGP_vis.tif,Gujarat,Devbhumi Dwarka,22.2078,69.6582,0.0
3DIMG_07NOV2019_1300_L1C_SGP_vis.tif,INSAT3D_VIS_India/3DIMG_07NOV2019_1300_L1C_SGP_vis.tif,Gujarat,Gandhinagar,23.2156,72.6369,5.4
3DIMG_07NOV2019_1300_L1C_SGP_vis.tif,INSAT3D_VIS_India/3DIMG_07NOV2019_1300_L1C_SGP_vis.tif,Gujarat,Gir Somnath,20.9042,70.3644,0.0
3DIMG_07NOV2019_1300_L1C_SGP_vis.tif,INSAT3D_VIS_India/3DIMG_07NOV2019_1300_L1C_SGP_vis.tif,Gujarat,Jamnagar,22.4707,70.0577,3.0
3DIMG_07NOV2019_1300_L1C_SGP_vis.tif,INSAT3D_VIS_India/3DIMG_07NOV2019_1300_L1C_SGP_vis.tif,Gujarat,Junagadh,21.5222,70.4579,0.1
3DIMG_07NOV2019_1300_L1C_SGP_vis.tif,INSAT3D_VIS_India/3DIMG_07NOV2019_1300_L1C_SGP_vis.tif,Gujarat,Kheda,22.6916,72.8634,0.0
3DIMG_07NOV2019_1300_L1C_SGP_vis.tif,INSAT3D_VIS_India/3DIMG_07NOV2019_1300_L1C_SGP_vis.tif,Gujarat,Kutch (Bhuj),23.242,69.6669,5.3
3DIMG_07NOV2019_1300_L1C_SGP_vis.tif,INSAT3D_VIS_India/3DIMG_07NOV2019_1300_L1C_SGP_vis.tif,Gujarat,Mahisagar,23.1311,73.6009,3.1
3DIMG_07NOV2019_1300_L1C_SGP_vis.tif,INSAT3D_VIS_India/3DIMG_07NOV2019_1300_L1C_SGP_vis.tif,Gujarat,Mehsana,23.588,72.3693,0.0
3DIMG_07NOV2019_1300_L1C_SGP_vis.tif,INSAT3D_VIS_India/3DIMG_07NOV2019_1300_L1C_SGP_vis.tif,Gujarat,Morbi,22.8173,70.8368,2.7
3DIMG_07NOV2019_1300_L1C_SGP_vis.tif,INSAT3D_VIS_India/3DIMG_07NOV2019_1300_L1C_SGP_vis.tif,Gujarat,Narmada,21.8719,73.5028,5.9
3DIMG_07NOV2019_1300_L1C_SGP_vis.tif,INSAT3D_VIS_India/3DIMG_07NOV2019_1300_L1C_SGP_vis.tif,Gujarat,Navsari,20.9467,72.952,1.7
3DIMG_07NOV2019_1300_L1C_SGP_vis.tif,INSAT3D_VIS_India/3DIMG_07NOV2019_1300_L1C_SGP_vis.tif,Gujarat,Panchmahal,22.778,73.6143,5.4
3DIMG_07NOV2019_1300_L1C_SGP_vis.tif,INSAT3D_VIS_India/3DIMG_07NOV2019_1300_L1C_SGP_vis.tif,Gujarat,Patan,23.8493,72.1266,0.0
3DIMG_07NOV2019_1300_L1C_SGP_vis.tif,INSAT3D_VIS_India/3DIMG_07NOV2019_1300_L1C_SGP_vis.tif,Gujarat,Porbandar,21.6417,69.6293,1.9
3DIMG_07NOV2019_1300_L1C_SGP_vis.tif,INSAT3D_VIS_India/3DIMG_07NOV2019_1300_L1C_SGP_vis.tif,Gujarat,Rajkot,22.3039,70.8022,0.0
3DIMG_07NOV2019_1300_L1C_SGP_vis.tif,INSAT3D_VIS_India/3DIMG_07NOV2019_1300_L1C_SGP_vis.tif,Gujarat,Sabarkantha,23.5977,72.9688,0.0
3DIMG_07NOV2019_1300_L1C_SGP_vis.tif,INSAT3D_VIS_India/3DIMG_07NOV2019_1300_L1C_SGP_vis.tif,Gujarat,Surat,21.1702,72.8311,5.8
3DIMG_07NOV2019_1300_L1C_SGP_vis.tif,INSAT3D_VIS_India/3DIMG_07NOV2019_1300_L1C_SGP_vis.tif,Gujarat,Surendranagar,22.7274,71.637,3.6
3DIMG_07NOV2019_1300_L1C_SGP_vis.tif,INSAT3D_VIS_India/3DIMG_07NOV2019_1300_L1C_SGP_vis.tif,Gujarat,Tapi,21.1147,73.3986,0.6
3DIMG_07NOV2019_1300_L1C_SGP_vis.tif,INSAT3D_VIS_India/3DIMG_07NOV2019_1300_L1C_SGP_vis.tif,Gujarat,Vadodara,22.3072,73.1812,4.1
3DIMG_07NOV2019_1300_L1C_SGP_vis.tif,INSAT3D_VIS_India/3DIMG_07NOV2019_1300_L1C_SGP_vis.tif,Gujarat,Valsad,20.5992,72.9342,0.0
3DIMG_07NOV2019_1330_L1C_SGP_vis.tif,INSAT3D_VIS_India/3DIMG_07NOV2019_1330_L1C_SGP_vis.tif,Gujarat,Ahmedabad,23.0225,72.5714,5.7
3DIMG_07NOV2019_1330_L1C_SGP_vis.tif,INSAT3D_VIS_India/3DIMG_07NOV2019_1330_L1C_SGP_vis.tif,Gujarat,Amreli,21.6032,71.2221,0.0
3DIMG_07NOV2019_1330_L1C_SGP_vis.tif,INSAT3D_VIS_India/3DIMG_07NOV2019_1330_L1C_SGP_vis.tif,Gujarat,Anand,22.5645,72.9289,1.8
3DIMG_07NOV2019_1330_L1C_SGP_vis.tif,INSAT3D_VIS_India/3DIMG_07NOV2019_1330_L1C_SGP_vis.tif,Gujarat,Aravalli,23.4619,73.3039,1.7
3DIMG_07NOV2019_1330_L1C_SGP_vis.tif,INSAT3D_VIS_India/3DIMG_07NOV2019_1330_L1C_SGP_vis.tif,Gujarat,Banaskantha,24.1724,72.4346,3.4
3DIMG_07NOV2019_1330_L1C_SGP_vis.tif,INSAT3D_VIS_India/3DIMG_07NOV2019_1330_L1C_SGP_vis.tif,Gujarat,Bharuch,21.7051,72.9959,1.7
3DIMG_07NOV2019_1330_L1C_SGP_vis.tif,INSAT3D_VIS_India/3DIMG_07NOV2019_1330_L1C_SGP_vis.tif,Gujarat,Bhavnagar,21.7645,72.1519,3.4
3DIMG_07NOV2019_1330_L1C_SGP_vis.tif,INSAT3D_VIS_India/3DIMG_07NOV2019_1330_L1C_SGP_vis.tif,Gujarat,Botad,22.1704,71.6662,3.7
3DIMG_07NOV2019_1330_L1C_SGP_vis.tif,INSAT3D_VIS_India/3DIMG_07NOV2019_1330_L1C_SGP_vis.tif,Gujarat,Chhota Udepur,22.3108,74.0125,4.3
3DIMG_07NOV2019_1330_L1C_SGP_vis.tif,INSAT3D_VIS_India/3DIMG_07NOV2019_1330_L1C_SGP_vis.tif,Gujarat,Dahod,22.8347,74.2552,2.8
3DIMG_07NOV2019_1330_L1C_SGP_vis.tif,INSAT3D_VIS_India/3DIMG_07NOV2019_1330_L1C_SGP_vis.tif,Gujarat,Dang,20.7554,73.6873,1.0
3DIMG_07NOV2019_1330_L1C_SGP_vis.tif,INSAT3D_VIS_India/3DIMG_07NOV2019_1330_L1C_SGP_vis.tif,Gujarat,Devbhumi Dwarka,22.2078,69.6582,4.8
3DIMG_07NOV2019_1330_L1C_SGP_vis.tif,INSAT3D_VIS_India/3DIMG_07NOV2019_1330_L1C_SGP_vis.tif,Gujarat,Gandhinagar,23.2156,72.6369,0.0
3DIMG_07NOV2019_1330_L1C_SGP_vis.tif,INSAT3D_VIS_India/3DIMG_07NOV2019_1330_L1C_SGP_vis.tif,Gujarat,Gir Somnath,20.9042,70.3644,0.0
3DIMG_07NOV2019_1330_L1C_SGP_vis.tif,INSAT3D_VIS_India/3DIMG_07NOV2019_1330_L1C_SGP_vis.tif,Gujarat,Jamnagar,22.4707,70.0577,0.0
3DIMG_07NOV2019_1330_L1C_SGP_vis.tif,INSAT3D_VIS_India/3DIMG_07NOV2019_1330_L1C_SGP_vis.tif,Gujarat,Junagadh,21.5222,70.4579,0.0
3DIMG_07NOV2019_1330_L1C_SGP_vis.tif,INSAT3D_VIS_India/3DIMG_07NOV2019_1330_L1C_SGP_vis.tif,Gujarat,Kheda,22.6916,72.8634,3.1
3DIMG_07NOV2019_1330_L1C_SGP_vis.tif,INSAT3D_VIS_India/3DIMG_07NOV2019_1330_L1C_SGP_vis.tif,Gujarat,Kutch (Bhuj),23.242,69.6669,3.2
3DIMG_07NOV2019_1330_L1C_SGP_vis.tif,INSAT3D_VIS_India/3DIMG_07NOV2019_1330_L1C_SGP_vis.tif,Gujarat,Mahisagar,23.1311,73.6009,0.0
3DIMG_07NOV2019_1330_L1C_SGP_vis.tif,INSAT3D_VIS_India/3DIMG_07NOV2019_1330_L1C_SGP_vis.tif,Gujarat,Mehsana,23.588,72.3693,0.8
3DIMG_07NOV2019_1330_L1C_SGP_vis.tif,INSAT3D_VIS_India/3DIMG_07NOV2019_1330_L1C_SGP_vis.tif,Gujarat,Morbi,22.8173,70.8368,4.5
3DIMG_07NOV2019_1330_L1C_SGP_vis.tif,INSAT3D_VIS_India/3DIMG_07NOV2019_1330_L1C_SGP_vis.tif,Gujarat,Narmada,21.8719,73.5028,3.7
3DIMG_07NOV2019_1330_L1C_SGP_vis.tif,INSAT3D_VIS_India/3DIMG_07NOV2019_1330_L1C_SGP_vis.tif,Gujarat,Navsari,20.9467,72.952,0.0
3DIMG_07NOV2019_1330_L1C_SGP_vis.tif,INSAT3D_VIS_India/3DIMG_07NOV2019_1330_L1C_SGP_vis.tif,Gujarat,Panchmahal,22.778,73.6143,4.9
3DIMG_07NOV2019_1330_L1C_SGP_vis.tif,INSAT3D_VIS_India/3DIMG_07NOV2019_1330_L1C_SGP_vis.tif,Gujarat,Patan,23.8493,72.1266,5.3
3DIMG_07NOV2019_1330_L1C_SGP_vis.tif,INSAT3D_VIS_India/3DIMG_07NOV2019_1330_L1C_SGP_vis.tif,Gujarat,Porbandar,21.6417,69.6293,5.1
3DIMG_07NOV2019_1330_L1C_SGP_vis.tif,INSAT3D_VIS_India/3DIMG_07NOV2019_1330_L1C_SGP_vis.tif,Gujarat,Rajkot,22.3039,70.8022,4.4
3DIMG_07NOV2019_1330_L1C_SGP_vis.tif,INSAT3D_VIS_India/3DIMG_07NOV2019_1330_L1C_SGP_vis.tif,Gujarat,Sabarkantha,23.5977,72.9688,5.5
3DIMG_07NOV2019_1330_L1C_SGP_vis.tif,INSAT3D_VIS_India/3DIMG_07NOV2019_1330_L1C_SGP_vis.tif,Gujarat,Surat,21.1702,72.8311,3.9
3DIMG_07NOV2019_1330_L1C_SGP_vis.tif,INSAT3D_VIS_India/3DIMG_07NOV2019_1330_L1C_SGP_vis.tif,Gujarat,Surendranagar,22.7274,71.637,2.9
3DIMG_07NOV2019_1330_L1C_SGP_vis.tif,INSAT3D_VIS_India/3DIMG_07NOV2019_1330_L1C_SGP_vis.tif,Gujarat,Tapi,21.1147,73.3986,0.0
3DIMG_07NOV2019_1330_L1C_SGP_vis.tif,INSAT3D_VIS_India/3DIMG_07NOV2019_1330_L1C_SGP_vis.tif,Gujarat,Vadodara,22.3072,73.1812,0.0
3DIMG_07NOV2019_1330_L1C_SGP_vis.tif,INSAT3D_VIS_India/3DIMG_07NOV2019_1330_L1C_SGP_vis.tif,Gujarat,Valsad,20.5992,72.9342,0.0
3DIMG_07NOV2019_1400_L1C_SGP_vis.tif,INSAT3D_VIS_India/3DIMG_07NOV2019_1400_L1C_SGP_vis.tif,Gujarat,Ahmedabad,23.0225,72.5714,5.7
3DIMG_07NOV2019_1400_L1C_SGP_vis.tif,INSAT3D_VIS_India/3DIMG_07NOV2019_1400_L1C_SGP_vis.tif,Gujarat,Amreli,21.6032,71.2221,1.8
3DIMG_07NOV2019_1400_L1C_SGP_vis.tif,INSAT3D_VIS_India/3DIMG_07NOV2019_1400_L1C_SGP_vis.tif,Gujarat,Anand,22.5645,72.9289,1.0
3DIMG_07NOV2019_1400_L1C_SGP_vis.tif,INSAT3D_VIS_India/3DIMG_07NOV2019_1400_L1C_SGP_vis.tif,Gujarat,Aravalli,23.4619,73.3039,1.8
3DIMG_07NOV2019_1400_L1C_SGP_vis.tif,INSAT3D_VIS_India/3DIMG_07NOV2019_1400_L1C_SGP_vis.tif,Gujarat,Banaskantha,24.1724,72.4346,2.2
3DIMG_07NOV2019_1400_L1C_SGP_vis.tif,INSAT3D_VIS_India/3DIMG_07NOV2019_1400_L1C_SGP_vis.tif,Gujarat,Bharuch,21.7051,72.9959,1.9
3DIMG_07NOV2019_1400_L1C_SGP_vis.tif,INSAT3D_VIS_India/3DIMG_07NOV2019_1400_L1C_SGP_vis.tif,Gujarat,Bhavnagar,21.7645,72.1519,0.0
3DIMG_07NOV2019_1400_L1C_SGP_vis.tif,INSAT3D_VIS_India/3DIMG_07NOV2019_1400_L1C_SGP_vis.tif,Gujarat,Botad,22.1704,71.6662,3.2
3DIMG_07NOV2019_1400_L1C_SGP_vis.tif,INSAT3D_VIS_India/3DIMG_07NOV2019_1400_L1C_SGP_vis.tif,Gujarat,Chhota Udepur,22.3108,74.0125,0.0
3DIMG_07NOV2019_1400_L1C_SGP_vis.tif,INSAT3D_VIS_India/3DIMG_07NOV2019_1400_L1C_SGP_vis.tif,Gujarat,Dahod,22.8347,74.2552,0.0
3DIMG_07NOV2019_1400_L1C_SGP_vis.tif,INSAT3D_VIS_India/3DIMG_07NOV2019_1400_L1C_SGP_vis.tif,Gujarat,Dang,20.7554,73.6873,0.0
3DIMG_07NOV2019_1400_L1C_SGP_vis.tif,INSAT3D_VIS_India/3DIMG_07NOV2019_1400_L1C_SGP_vis.tif,Gujarat,Devbhumi Dwarka,22.2078,69.6582,3.6
3DIMG_07NOV2019_1400_L1C_SGP_vis.tif,INSAT3D_VIS_India/3DIMG_07NOV2019_1400_L1C_SGP_vis.tif,Gujarat,Gandhinagar,23.2156,72.6369,0.0
3DIMG_07NOV2019_1400_L1C_SGP_vis.tif,INSAT3D_VIS_India/3DIMG_07NOV2019_1400_L1C_SGP_vis.tif,Gujarat,Gir Somnath,20.9042,70.3644,0.0
3DIMG_07NOV2019_1400_L1C_SGP_vis.tif,INSAT3D_VIS_India/3DIMG_07NOV2019_1400_L1C_SGP_vis.tif,Gujarat,Jamnagar,22.4707,70.0577,3.3
3DIMG_07NOV2019_1400_L1C_SGP_vis.tif,INSAT3D_VIS_India/3DIMG_07NOV2019_1400_L1C_SGP_vis.tif,Gujarat,Junagadh,21.5222,70.4579,2.0
3DIMG_07NOV2019_1400_L1C_SGP_vis.tif,INSAT3D_VIS_India/3DIMG_07NOV2019_1400_L1C_SGP_vis.tif,Gujarat,Kheda,22.6916,72.8634,0.0
3DIMG_07NOV2019_1400_L1C_SGP_vis.tif,INSAT3D_VIS_India/3DIMG_07NOV2019_1400_L1C_SGP_vis.tif,Gujarat,Kutch (Bhuj),23.242,69.6669,3.1
3DIMG_07NOV2019_1400_L1C_SGP_vis.tif,INSAT3D_VIS_India/3DIMG_07NOV2019_1400_L1C_SGP_vis.tif,Gujarat,Mahisagar,23.1311,73.6009,5.9
3DIMG_07NOV2019_1400_L1C_SGP_vis.tif,INSAT3D_VIS_India/3DIMG_07NOV2019_1400_L1C_SGP_vis.tif,Gujarat,Mehsana,23.588,72.3693,0.0
3DIMG_07NOV2019_1400_L1C_SGP_vis.tif,INSAT3D_VIS_India/3DIMG_07NOV2019_1400_L1C_SGP_vis.tif,Gujarat,Morbi,22.8173,70.8368,2.1
3DIMG_07NOV2019_1400_L1C_SGP_vis.tif,INSAT3D_VIS_India/3DIMG_07NOV2019_1400_L1C_SGP_vis.tif,Gujarat,Narmada,21.8719,73.5028,5.3
3DIMG_07NOV2019_1400_L1C_SGP_vis.tif,INSAT3D_VIS_India/3DIMG_07NOV2019_1400_L1C_SGP_vis.tif,Gujarat,Navsari,20.9467,72.952,3.1
3DIMG_07NOV2019_1400_L1C_SGP_vis.tif,INSAT3D_VIS_India/3DIMG_07NOV2019_1400_L1C_SGP_vis.tif,Gujarat,Panchmahal,22.778,73.6143,0.8
3DIMG_07NOV2019_1400_L1C_SGP_vis.tif,INSAT3D_VIS_India/3DIMG_07NOV2019_1400_L1C_SGP_vis.tif,Gujarat,Patan,23.8493,72.1266,1.4
3DIMG_07NOV2019_1400_L1C_SGP_vis.tif,INSAT3D_VIS_India/3DIMG_07NOV2019_1400_L1C_SGP_vis.tif,Gujarat,Porbandar,21.6417,69.6293,0.0
3DIMG_07NOV2019_1400_L1C_SGP_vis.tif,INSAT3D_VIS_India/3DIMG_07NOV2019_1400_L1C_SGP_vis.tif,Gujarat,Rajkot,22.3039,70.8022,1.6
3DIMG_07NOV2019_1400_L1C_SGP_vis.tif,INSAT3D_VIS_India/3DIMG_07NOV2019_1400_L1C_SGP_vis.tif,Gujarat,Sabarkantha,23.5977,72.9688,0.0
3DIMG_07NOV2019_1400_L1C_SGP_vis.tif,INSAT3D_VIS_India/3DIMG_07NOV2019_1400_L1C_SGP_vis.tif,Gujarat,Surat,21.1702,72.8311,4.2
3DIMG_07NOV2019_1400_L1C_SGP_vis.tif,INSAT3D_VIS_India/3DIMG_07NOV2019_1400_L1C_SGP_vis.tif,Gujarat,Surendranagar,22.7274,71.637,1.6
3DIMG_07NOV2019_1400_L1C_SGP_vis.tif,INSAT3D_VIS_India/3DIMG_07NOV2019_1400_L1C_SGP_vis.tif,Gujarat,Tapi,21.1147,73.3986,0.0
3DIMG_07NOV2019_1400_L1C_SGP_vis.tif,INSAT3D_VIS_India/3DIMG_07NOV2019_1400_L1C_SGP_vis.tif,Gujarat,Vadodara,22.3072,73.1812,0.0
3DIMG_07NOV2019_1400_L1C_SGP_vis.tif,INSAT3D_VIS_India/3DIMG_07NOV2019_1400_L1C_SGP_vis.tif,Gujarat,Valsad,20.5992,72.9342,0.0
3DIMG_07NOV2019_1430_L1C_SGP_vis.tif,INSAT3D_VIS_India/3DIMG_07NOV2019_1430_L1C_SGP_vis.tif,Gujarat,Ahmedabad,23.0225,72.5714,0.9
3DIMG_07NOV2019_1430_L1C_SGP_vis.tif,INSAT3D_VIS_India/3DIMG_07NOV2019_1430_L1C_SGP_vis.tif,Gujarat,Amreli,21.6032,71.2221,0.3
3DIMG_07NOV2019_1430_L1C_SGP_vis.tif,INSAT3D_VIS_India/3DIMG_07NOV2019_1430_L1C_SGP_vis.tif,Gujarat,Anand,22.5645,72.9289,0.0
3DIMG_07NOV2019_1430_L1C_SGP_vis.tif,INSAT3D_VIS_India/3DIMG_07NOV2019_1430_L1C_SGP_vis.tif,Gujarat,Aravalli,23.4619,73.3039,3.2
3DIMG_07NOV2019_1430_L1C_SGP_vis.tif,INSAT3D_VIS_India/3DIMG_07NOV2019_1430_L1C_SGP_vis.tif,Gujarat,Banaskantha,24.1724,72.4346,0.0
3DIMG_07NOV2019_1430_L1C_SGP_vis.tif,INSAT3D_VIS_India/3DIMG_07NOV2019_1430_L1C_SGP_vis.tif,Gujarat,Bharuch,21.7051,72.9959,5.4
3DIMG_07NOV2019_1430_L1C_SGP_vis.tif,INSAT3D_VIS_India/3DIMG_07NOV2019_1430_L1C_SGP_vis.tif,Gujarat,Bhavnagar,21.7645,72.1519,2.5
3DIMG_07NOV2019_1430_L1C_SGP_vis.tif,INSAT3D_VIS_India/3DIMG_07NOV2019_1430_L1C_SGP_vis.tif,Gujarat,Botad,22.1704,71.6662,1.8
3DIMG_07NOV2019_1430_L1C_SGP_vis.tif,INSAT3D_VIS_India/3DIMG_07NOV2019_1430_L1C_SGP_vis.tif,Gujarat,Chhota Udepur,22.3108,74.0125,4.8
3DIMG_07NOV2019_1430_L1C_SGP_vis.tif,INSAT3D_VIS_India/3DIMG_07NOV2019_1430_L1C_SGP_vis.tif,Gujarat,Dahod,22.8347,74.2552,2.8
3DIMG_07NOV2019_1430_L1C_SGP_vis.tif,INSAT3D_VIS_India/3DIMG_07NOV2019_1430_L1C_SGP_vis.tif,Gujarat,Dang,20.7554,73.6873,0.0
3DIMG_07NOV2019_1430_L1C_SGP_vis.tif,INSAT3D_VIS_India/3DIMG_07NOV2019_1430_L1C_SGP_vis.tif,Gujarat,Devbhumi Dwarka,22.2078,69.6582,2.6
3DIMG_07NOV2019_1430_L1C_SGP_vis.tif,INSAT3D_VIS_India/3DIMG_07NOV2019_1430_L1C_SGP_vis.tif,Gujarat,Gandhinagar,23.2156,72.6369,0.0
3DIMG_07NOV2019_1430_L1C_SGP_vis.tif,INSAT3D_VIS_India/3DIMG_07NOV2019_1430_L1C_SGP_vis.tif,Gujarat,Gir Somnath,20.9042,70.3644,0.0
3DIMG_07NOV2019_1430_L1C_SGP_vis.tif,INSAT3D_VIS_India/3DIMG_07NOV2019_1430_L1C_SGP_vis.tif,Gujarat,Jamnagar,22.4707,70.0577,3.2
3DIMG_07NOV2019_1430_L1C_SGP_vis.tif,INSAT3D_VIS_India/3DIMG_07NOV2019_1430_L1C_SGP_vis.tif,Gujarat,Junagadh,21.5222,70.4579,0.1
3DIMG_07NOV2019_1430_L1C_SGP_vis.tif,INSAT3D_VIS_India/3DIMG_07NOV2019_1430_L1C_SGP_vis.tif,Gujarat,Kheda,22.6916,72.8634,1.2
3DIMG_07NOV2019_1430_L1C_SGP_vis.tif,INSAT3D_VIS_India/3DIMG_07NOV2019_1430_L1C_SGP_vis.tif,Gujarat,Kutch (Bhuj),23.242,69.6669,0.6
3DIMG_07NOV2019_1430_L1C_SGP_vis.tif,INSAT3D_VIS_India/3DIMG_07NOV2019_1430_L1C_SGP_vis.tif,Gujarat,Mahisagar,23.1311,73.6009,0.2
3DIMG_07NOV2019_1430_L1C_SGP_vis.tif,INSAT3D_VIS_India/3DIMG_07NOV2019_1430_L1C_SGP_vis.tif,Gujarat,Mehsana,23.588,72.3693,5.8
3DIMG_07NOV2019_1430_L1C_SGP_vis.tif,INSAT3D_VIS_India/3DIMG_07NOV2019_1430_L1C_SGP_vis.tif,Gujarat,Morbi,22.8173,70.8368,0.0
3DIMG_07NOV2019_1430_L1C_SGP_vis.tif,INSAT3D_VIS_India/3DIMG_07NOV2019_1430_L1C_SGP_vis.tif,Gujarat,Narmada,21.8719,73.5028,0.0
3DIMG_07NOV2019_1430_L1C_SGP_vis.tif,INSAT3D_VIS_India/3DIMG_07NOV2019_1430_L1C_SGP_vis.tif,Gujarat,Navsari,20.9467,72.952,5.7
3DIMG_07NOV2019_1430_L1C_SGP_vis.tif,INSAT3D_VIS_India/3DIMG_07NOV2019_1430_L1C_SGP_vis.tif,Gujarat,Panchmahal,22.778,73.6143,1.4
3DIMG_07NOV2019_1430_L1C_SGP_vis.tif,INSAT3D_VIS_India/3DIMG_07NOV2019_1430_L1C_SGP_vis.tif,Gujarat,Patan,23.8493,72.1266,0.0
3DIMG_07NOV2019_1430_L1C_SGP_vis.tif,INSAT3D_VIS_India/3DIMG_07NOV2019_1430_L1C_SGP_vis.tif,Gujarat,Porbandar,21.6417,69.6293,0.0
3DIMG_07NOV2019_1430_L1C_SGP_vis.tif,INSAT3D_VIS_India/3DIMG_07NOV2019_1430_L1C_SGP_vis.tif,Gujarat,Rajkot,22.3039,70.8022,4.3
3DIMG_07NOV2019_1430_L1C_SGP_vis.tif,INSAT3D_VIS_India/3DIMG_07NOV2019_1430_L1C_SGP_vis.tif,Gujarat,Sabarkantha,23.5977,72.9688,1.9
3DIMG_07NOV2019_1430_L1C_SGP_vis.tif,INSAT3D_VIS_India/3DIMG_07NOV2019_1430_L1C_SGP_vis.tif,Gujarat,Surat,21.1702,72.8311,0.0
3DIMG_07NOV2019_1430_L1C_SGP_vis.tif,INSAT3D_VIS_India/3DIMG_07NOV2019_1430_L1C_SGP_vis.tif,Gujarat,Surendranagar,22.7274,71.637,2.8
3DIMG_07NOV2019_1430_L1C_SGP_vis.tif,INSAT3D_VIS_India/3DIMG_07NOV2019_1430_L1C_SGP_vis.tif,Gujarat,Tapi,21.1147,73.3986,2.8
3DIMG_07NOV2019_1430_L1C_SGP_vis.tif,INSAT3D_VIS_India/3DIMG_07NOV2019_1430_L1C_SGP_vis.tif,Gujarat,Vadodara,22.3072,73.1812,0.0
3DIMG_07NOV2019_1430_L1C_SGP_vis.tif,INSAT3D_VIS_India/3DIMG_07NOV2019_1430_L1C_SGP_vis.tif,Gujarat,Valsad,20.5992,72.9342,4.3
3DIMG_07NOV2019_1500_L1C_SGP_vis.tif,INSAT3D_VIS_India/3DIMG_07NOV2019_1500_L1C_SGP_vis.tif,Gujarat,Ahmedabad,23.0225,72.5714,0.0
3DIMG_07NOV2019_1500_L1C_SGP_vis.tif,INSAT3D_VIS_India/3DIMG_07NOV2019_1500_L1C_SGP_vis.tif,Gujarat,Amreli,21.6032,71.2221,2.3
3DIMG_07NOV2019_1500_L1C_SGP_vis.tif,INSAT3D_VIS_India/3DIMG_07NOV2019_1500_L1C_SGP_vis.tif,Gujarat,Anand,22.5645,72.9289,0.0
3DIMG_07NOV2019_1500_L1C_SGP_vis.tif,INSAT3D_VIS_India/3DIMG_07NOV2019_1500_L1C_SGP_vis.tif,Gujarat,Aravalli,23.4619,73.3039,0.0
3DIMG_07NOV2019_1500_L1C_SGP_vis.tif,INSAT3D_VIS_India/3DIMG_07NOV2019_1500_L1C_SGP_vis.tif,Gujarat,Banaskantha,24.1724,72.4346,0.0
3DIMG_07NOV2019_1500_L1C_SGP_vis.tif,INSAT3D_VIS_India/3DIMG_07NOV2019_1500_L1C_SGP_vis.tif,Gujarat,Bharuch,21.7051,72.9959,2.9
3DIMG_07NOV2019_1500_L1C_SGP_vis.tif,INSAT3D_VIS_India/3DIMG_07NOV2019_1500_L1C_SGP_vis.tif,Gujarat,Bhavnagar,21.7645,72.1519,1.0
3DIMG_07NOV2019_1500_L1C_SGP_vis.tif,INSAT3D_VIS_India/3DIMG_07NOV2019_1500_L1C_SGP_vis.tif,Gujarat,Botad,22.1704,71.6662,2.5
3DIMG_07NOV2019_1500_L1C_SGP_vis.tif,INSAT3D_VIS_India/3DIMG_07NOV2019_1500_L1C_SGP_vis.tif,Gujarat,Chhota Udepur,22.3108,74.0125,0.0
3DIMG_07NOV2019_1500_L1C_SGP_vis.tif,INSAT3D_VIS_India/3DIMG_07NOV2019_1500_L1C_SGP_vis.tif,Gujarat,Dahod,22.8347,74.2552,0.0
3DIMG_07NOV2019_1500_L1C_SGP_vis.tif,INSAT3D_VIS_India/3DIMG_07NOV2019_1500_L1C_SGP_vis.tif,Gujarat,Dang,20.7554,73.6873,0.0
3DIMG_07NOV2019_1500_L1C_SGP_vis.tif,INSAT3D_VIS_India/3DIMG_07NOV2019_1500_L1C_SGP_vis.tif,Gujarat,Devbhumi Dwarka,22.2078,69.6582,0.0
3DIMG_07NOV2019_1500_L1C_SGP_vis.tif,INSAT3D_VIS_India/3DIMG_07NOV2019_1500_L1C_SGP_vis.tif,Gujarat,Gandhinagar,23.2156,72.6369,4.0
3DIMG_07NOV2019_1500_L1C_SGP_vis.tif,INSAT3D_VIS_India/3DIMG_07NOV2019_1500_L1C_SGP_vis.tif,Gujarat,Gir Somnath,20.9042,70.3644,1.0
3DIMG_07NOV2019_1500_L1C_SGP_vis.tif,INSAT3D_VIS_India/3DIMG_07NOV2019_1500_L1C_SGP_vis.tif,Gujarat,Jamnagar,22.4707,70.0577,0.4
3DIMG_07NOV2019_1500_L1C_SGP_vis.tif,INSAT3D_VIS_India/3DIMG_07NOV2019_1500_L1C_SGP_vis.tif,Gujarat,Junagadh,21.5222,70.4579,5.9
3DIMG_07NOV2019_1500_L1C_SGP_vis.tif,INSAT3D_VIS_India/3DIMG_07NOV2019_1500_L1C_SGP_vis.tif,Gujarat,Kheda,22.6916,72.8634,0.0
3DIMG_07NOV2019_1500_L1C_SGP_vis.tif,INSAT3D_VIS_India/3DIMG_07NOV2019_1500_L1C_SGP_vis.tif,Gujarat,Kutch (Bhuj),23.242,69.6669,0.0
3DIMG_07NOV2019_1500_L1C_SGP_vis.tif,INSAT3D_VIS_India/3DIMG_07NOV2019_1500_L1C_SGP_vis.tif,Gujarat,Mahisagar,23.1311,73.6009,0.3
3DIMG_07NOV2019_1500_L1C_SGP_vis.tif,INSAT3D_VIS_India/3DIMG_07NOV2019_1500_L1C_SGP_vis.tif,Gujarat,Mehsana,23.588,72.3693,0.0
3DIMG_07NOV2019_1500_L1C_SGP_vis.tif,INSAT3D_VIS_India/3DIMG_07NOV2019_1500_L1C_SGP_vis.tif,Gujarat,Morbi,22.8173,70.8368,4.3
3DIMG_07NOV2019_1500_L1C_SGP_vis.tif,INSAT3D_VIS_India/3DIMG_07NOV2019_1500_L1C_SGP_vis.tif,Gujarat,Narmada,21.8719,73.5028,4.8
3DIMG_07NOV2019_1500_L1C_SGP_vis.tif,INSAT3D_VIS_India/3DIMG_07NOV2019_1500_L1C_SGP_vis.tif,Gujarat,Navsari,20.9467,72.952,5.6
3DIMG_07NOV2019_1500_L1C_SGP_vis.tif,INSAT3D_VIS_India/3DIMG_07NOV2019_1500_L1C_SGP_vis.tif,Gujarat,Panchmahal,22.778,73.6143,5.5
3DIMG_07NOV2019_1500_L1C_SGP_vis.tif,INSAT3D_VIS_India/3DIMG_07NOV2019_1500_L1C_SGP_vis.tif,Gujarat,Patan,23.8493,72.1266,0.0
3DIMG_07NOV2019_1500_L1C_SGP_vis.tif,INSAT3D_VIS_India/3DIMG_07NOV2019_1500_L1C_SGP_vis.tif,Gujarat,Porbandar,21.6417,69.6293,5.7
3DIMG_07NOV2019_1500_L1C_SGP_vis.tif,INSAT3D_VIS_India/3DIMG_07NOV2019_1500_L1C_SGP_vis.tif,Gujarat,Rajkot,22.3039,70.8022,3.9
3DIMG_07NOV2019_1500_L1C_SGP_vis.tif,INSAT3D_VIS_India/3DIMG_07NOV2019_1500_L1C_SGP_vis.tif,Gujarat,Sabarkantha,23.5977,72.9688,0.0
3DIMG_07NOV2019_1500_L1C_SGP_vis.tif,INSAT3D_VIS_India/3DIMG_07NOV2019_1500_L1C_SGP_vis.tif,Gujarat,Surat,21.1702,72.8311,0.0
3DIMG_07NOV2019_1500_L1C_SGP_vis.tif,INSAT3D_VIS_India/3DIMG_07NOV2019_1500_L1C_SGP_vis.tif,Gujarat,Surendranagar,22.7274,71.637,4.1
3DIMG_07NOV2019_1500_L1C_SGP_vis.tif,INSAT3D_VIS_India/3DIMG_07NOV2019_1500_L1C_SGP_vis.tif,Gujarat,Tapi,21.1147,73.3986,5.3
3DIMG_07NOV2019_1500_L1C_SGP_vis.tif,INSAT3D_VIS_India/3DIMG_07NOV2019_1500_L1C_SGP_vis.tif,Gujarat,Vadodara,22.3072,73.1812,1.7
3DIMG_07NOV2019_1500_L1C_SGP_vis.tif,INSAT3D_VIS_India/3DIMG_07NOV2019_1500_L1C_SGP_vis.tif,Gujarat,Valsad,20.5992,72.9342,5.2
3DIMG_07NOV2019_1530_L1C_SGP_vis.tif,INSAT3D_VIS_India/3DIMG_07NOV2019_1530_L1C_SGP_vis.tif,Gujarat,Ahmedabad,23.0225,72.5714,5.2
3DIMG_07NOV2019_1530_L1C_SGP_vis.tif,INSAT3D_VIS_India/3DIMG_07NOV2019_1530_L1C_SGP_vis.tif,Gujarat,Amreli,21.6032,71.2221,5.1
3DIMG_07NOV2019_1530_L1C_SGP_vis.tif,INSAT3D_VIS_India/3DIMG_07NOV2019_1530_L1C_SGP_vis.tif,Gujarat,Anand,22.5645,72.9289,0.0
3DIMG_07NOV2019_1530_L1C_SGP_vis.tif,INSAT3D_VIS_India/3DIMG_07NOV2019_1530_L1C_SGP_vis.tif,Gujarat,Aravalli,23.4619,73.3039,4.7
3DIMG_07NOV2019_1530_L1C_SGP_vis.tif,INSAT3D_VIS_India/3DIMG_07NOV2019_1530_L1C_SGP_vis.tif,Gujarat,Banaskantha,24.1724,72.4346,0.0
3DIMG_07NOV2019_1530_L1C_SGP_vis.tif,INSAT3D_VIS_India/3DIMG_07NOV2019_1530_L1C_SGP_vis.tif,Gujarat,Bharuch,21.7051,72.9959,0.0
3DIMG_07NOV2019_1530_L1C_SGP_vis.tif,INSAT3D_VIS_India/3DIMG_07NOV2019_1530_L1C_SGP_vis.tif,Gujarat,Bhavnagar,21.7645,72.1519,2.0
3DIMG_07NOV2019_1530_L1C_SGP_vis.tif,INSAT3D_VIS_India/3DIMG_07NOV2019_1530_L1C_SGP_vis.tif,Gujarat,Botad,22.1704,71.6662,1.3
3DIMG_07NOV2019_1530_L1C_SGP_vis.tif,INSAT3D_VIS_India/3DIMG_07NOV2019_1530_L1C_SGP_vis.tif,Gujarat,Chhota Udepur,22.3108,74.0125,3.6
3DIMG_07NOV2019_1530_L1C_SGP_vis.tif,INSAT3D_VIS_India/3DIMG_07NOV2019_1530_L1C_SGP_vis.tif,Gujarat,Dahod,22.8347,74.2552,3.9
3DIMG_07NOV2019_1530_L1C_SGP_vis.tif,INSAT3D_VIS_India/3DIMG_07NOV2019_1530_L1C_SGP_vis.tif,Gujarat,Dang,20.7554,73.6873,0.0
3DIMG_07NOV2019_1530_L1C_SGP_vis.tif,INSAT3D_VIS_India/3DIMG_07NOV2019_1530_L1C_SGP_vis.tif,Gujarat,Devbhumi Dwarka,22.2078,69.6582,4.4
3DIMG_07NOV2019_1530_L1C_SGP_vis.tif,INSAT3D_VIS_India/3DIMG_07NOV2019_1530_L1C_SGP_vis.tif,Gujarat,Gandhinagar,23.2156,72.6369,0.0
3DIMG_07NOV2019_1530_L1C_SGP_vis.tif,INSAT3D_VIS_India/3DIMG_07NOV2019_1530_L1C_SGP_vis.tif,Gujarat,Gir Somnath,20.9042,70.3644,0.0
3DIMG_07NOV2019_1530_L1C_SGP_vis.tif,INSAT3D_VIS_India/3DIMG_07NOV2019_1530_L1C_SGP_vis.tif,Gujarat,Jamnagar,22.4707,70.0577,0.0
3DIMG_07NOV2019_1530_L1C_SGP_vis.tif,INSAT3D_VIS_India/3DIMG_07NOV2019_1530_L1C_SGP_vis.tif,Gujarat,Junagadh,21.5222,70.4579,0.7
3DIMG_07NOV2019_1530_L1C_SGP_vis.tif,INSAT3D_VIS_India/3DIMG_07NOV2019_1530_L1C_SGP_vis.tif,Gujarat,Kheda,22.6916,72.8634,0.0
3DIMG_07NOV2019_1530_L1C_SGP_vis.tif,INSAT3D_VIS_India/3DIMG_07NOV2019_1530_L1C_SGP_vis.tif,Gujarat,Kutch (Bhuj),23.242,69.6669,0.0
3DIMG_07NOV2019_1530_L1C_SGP_vis.tif,INSAT3D_VIS_India/3DIMG_07NOV2019_1530_L1C_SGP_vis.tif,Gujarat,Mahisagar,23.1311,73.6009,1.3
3DIMG_07NOV2019_1530_L1C_SGP_vis.tif,INSAT3D_VIS_India/3DIMG_07NOV2019_1530_L1C_SGP_vis.tif,Gujarat,Mehsana,23.588,72.3693,2.1
3DIMG_07NOV2019_1530_L1C_SGP_vis.tif,INSAT3D_VIS_India/3DIMG_07NOV2019_1530_L1C_SGP_vis.tif,Gujarat,Morbi,22.8173,70.8368,0.7
3DIMG_07NOV2019_1530_L1C_SGP_vis.tif,INSAT3D_VIS_India/3DIMG_07NOV2019_1530_L1C_SGP_vis.tif,Gujarat,Narmada,21.8719,73.5028,3.9
3DIMG_07NOV2019_1530_L1C_SGP_vis.tif,INSAT3D_VIS_India/3DIMG_07NOV2019_1530_L1C_SGP_vis.tif,Gujarat,Navsari,20.9467,72.952,0.0
3DIMG_07NOV2019_1530_L1C_SGP_vis.tif,INSAT3D_VIS_India/3DIMG_07NOV2019_1530_L1C_SGP_vis.tif,Gujarat,Panchmahal,22.778,73.6143,1.8
3DIMG_07NOV2019_1530_L1C_SGP_vis.tif,INSAT3D_VIS_India/3DIMG_07NOV2019_1530_L1C_SGP_vis.tif,Gujarat,Patan,23.8493,72.1266,0.0
3DIMG_07NOV2019_1530_L1C_SGP_vis.tif,INSAT3D_VIS_India/3DIMG_07NOV2019_1530_L1C_SGP_vis.tif,Gujarat,Porbandar,21.6417,69.6293,4.9
3DIMG_07NOV2019_1530_L1C_SGP_vis.tif,INSAT3D_VIS_India/3DIMG_07NOV2019_1530_L1C_SGP_vis.tif,Gujarat,Rajkot,22.3039,70.8022,0.0
3DIMG_07NOV2019_1530_L1C_SGP_vis.tif,INSAT3D_VIS_India/3DIMG_07NOV2019_1530_L1C_SGP_vis.tif,Gujarat,Sabarkantha,23.5977,72.9688,1.5
3DIMG_07NOV2019_1530_L1C_SGP_vis.tif,INSAT3D_VIS_India/3DIMG_07NOV2019_1530_L1C_SGP_vis.tif,Gujarat,Surat,21.1702,72.8311,1.3
3DIMG_07NOV2019_1530_L1C_SGP_vis.tif,INSAT3D_VIS_India/3DIMG_07NOV2019_1530_L1C_SGP_vis.tif,Gujarat,Surendranagar,22.7274,71.637,4.4
3DIMG_07NOV2019_1530_L1C_SGP_vis.tif,INSAT3D_VIS_India/3DIMG_07NOV2019_1530_L1C_SGP_vis.tif,Gujarat,Tapi,21.1147,73.3986,5.0
3DIMG_07NOV2019_1530_L1C_SGP_vis.tif,INSAT3D_VIS_India/3DIMG_07NOV2019_1530_L1C_SGP_vis.tif,Gujarat,Vadodara,22.3072,73.1812,2.3
3DIMG_07NOV2019_1530_L1C_SGP_vis.tif,INSAT3D_VIS_India/3DIMG_07NOV2019_1530_L1C_SGP_vis.tif,Gujarat,Valsad,20.5992,72.9342,0.4
3DIMG_07NOV2019_1600_L1C_SGP_vis.tif,INSAT3D_VIS_India/3DIMG_07NOV2019_1600_L1C_SGP_vis.tif,Gujarat,Ahmedabad,23.0225,72.5714,0.6
3DIMG_07NOV2019_1600_L1C_SGP_vis.tif,INSAT3D_VIS_India/3DIMG_07NOV2019_1600_L1C_SGP_vis.tif,Gujarat,Amreli,21.6032,71.2221,0.0
3DIMG_07NOV2019_1600_L1C_SGP_vis.tif,INSAT3D_VIS_India/3DIMG_07NOV2019_1600_L1C_SGP_vis.tif,Gujarat,Anand,22.5645,72.9289,5.2
3DIMG_07NOV2019_1600_L1C_SGP_vis.tif,INSAT3D_VIS_India/3DIMG_07NOV2019_1600_L1C_SGP_vis.tif,Gujarat,Aravalli,23.4619,73.3039,2.1
3DIMG_07NOV2019_1600_L1C_SGP_vis.tif,INSAT3D_VIS_India/3DIMG_07NOV2019_1600_L1C_SGP_vis.tif,Gujarat,Banaskantha,24.1724,72.4346,0.0
3DIMG_07NOV2019_1600_L1C_SGP_vis.tif,INSAT3D_VIS_India/3DIMG_07NOV2019_1600_L1C_SGP_vis.tif,Gujarat,Bharuch,21.7051,72.9959,3.2
3DIMG_07NOV2019_1600_L1C_SGP_vis.tif,INSAT3D_VIS_India/3DIMG_07NOV2019_1600_L1C_SGP_vis.tif,Gujarat,Bhavnagar,21.7645,72.1519,1.8
3DIMG_07NOV2019_1600_L1C_SGP_vis.tif,INSAT3D_VIS_India/3DIMG_07NOV2019_1600_L1C_SGP_vis.tif,Gujarat,Botad,22.1704,71.6662,5.6
3DIMG_07NOV2019_1600_L1C_SGP_vis.tif,INSAT3D_VIS_India/3DIMG_07NOV2019_1600_L1C_SGP_vis.tif,Gujarat,Chhota Udepur,22.3108,74.0125,0.0
3DIMG_07NOV2019_1600_L1C_SGP_vis.tif,INSAT3D_VIS_India/3DIMG_07NOV2019_1600_L1C_SGP_vis.tif,Gujarat,Dahod,22.8347,74.2552,0.3
3DIMG_07NOV2019_1600_L1C_SGP_vis.tif,INSAT3D_VIS_India/3DIMG_07NOV2019_1600_L1C_SGP_vis.tif,Gujarat,Dang,20.7554,73.6873,0.0
3DIMG_07NOV2019_1600_L1C_SGP_vis.tif,INSAT3D_VIS_India/3DIMG_07NOV2019_1600_L1C_SGP_vis.tif,Gujarat,Devbhumi Dwarka,22.2078,69.6582,0.0
3DIMG_07NOV2019_1600_L1C_SGP_vis.tif,INSAT3D_VIS_India/3DIMG_07NOV2019_1600_L1C_SGP_vis.tif,Gujarat,Gandhinagar,23.2156,72.6369,1.6
3DIMG_07NOV2019_1600_L1C_SGP_vis.tif,INSAT3D_VIS_India/3DIMG_07NOV2019_1600_L1C_SGP_vis.tif,Gujarat,Gir Somnath,20.9042,70.3644,3.2
3DIMG_07NOV2019_1600_L1C_SGP_vis.tif,INSAT3D_VIS_India/3DIMG_07NOV2019_1600_L1C_SGP_vis.tif,Gujarat,Jamnagar,22.4707,70.0577,0.9
3DIMG_07NOV2019_1600_L1C_SGP_vis.tif,INSAT3D_VIS_India/3DIMG_07NOV2019_1600_L1C_SGP_vis.tif,Gujarat,Junagadh,21.5222,70.4579,4.6
3DIMG_07NOV2019_1600_L1C_SGP_vis.tif,INSAT3D_VIS_India/3DIMG_07NOV2019_1600_L1C_SGP_vis.tif,Gujarat,Kheda,22.6916,72.8634,3.8
3DIMG_07NOV2019_1600_L1C_SGP_vis.tif,INSAT3D_VIS_India/3DIMG_07NOV2019_1600_L1C_SGP_vis.tif,Gujarat,Kutch (Bhuj),23.242,69.6669,3.0
3DIMG_07NOV2019_1600_L1C_SGP_vis.tif,INSAT3D_VIS_India/3DIMG_07NOV2019_1600_L1C_SGP_vis.tif,Gujarat,Mahisagar,23.1311,73.6009,0.0
3DIMG_07NOV2019_1600_L1C_SGP_vis.tif,INSAT3D_VIS_India/3DIMG_07NOV2019_1600_L1C_SGP_vis.tif,Gujarat,Mehsana,23.588,72.3693,3.9
3DIMG_07NOV2019_1600_L1C_SGP_vis.tif,INSAT3D_VIS_India/3DIMG_07NOV2019_1600_L1C_SGP_vis.tif,Gujarat,Morbi,22.8173,70.8368,5.2
3DIMG_07NOV2019_1600_L1C_SGP_vis.tif,INSAT3D_VIS_India/3DIMG_07NOV2019_1600_L1C_SGP_vis.tif,Gujarat,Narmada,21.8719,73.5028,4.8
3DIMG_07NOV2019_1600_L1C_SGP_vis.tif,INSAT3D_VIS_India/3DIMG_07NOV2019_1600_L1C_SGP_vis.tif,Gujarat,Navsari,20.9467,72.952,0.1
3DIMG_07NOV2019_1600_L1C_SGP_vis.tif,INSAT3D_VIS_India/3DIMG_07NOV2019_1600_L1C_SGP_vis.tif,Gujarat,Panchmahal,22.778,73.6143,0.0
3DIMG_07NOV2019_1600_L1C_SGP_vis.tif,INSAT3D_VIS_India/3DIMG_07NOV2019_1600_L1C_SGP_vis.tif,Gujarat,Patan,23.8493,72.1266,1.0
3DIMG_07NOV2019_1600_L1C_SGP_vis.tif,INSAT3D_VIS_India/3DIMG_07NOV2019_1600_L1C_SGP_vis.tif,Gujarat,Porbandar,21.6417,69.6293,5.8
3DIMG_07NOV2019_1600_L1C_SGP_vis.tif,INSAT3D_VIS_India/3DIMG_07NOV2019_1600_L1C_SGP_vis.tif,Gujarat,Rajkot,22.3039,70.8022,4.5
3DIMG_07NOV2019_1600_L1C_SGP_vis.tif,INSAT3D_VIS_India/3DIMG_07NOV2019_1600_L1C_SGP_vis.tif,Gujarat,Sabarkantha,23.5977,72.9688,2.9
3DIMG_07NOV2019_1600_L1C_SGP_vis.tif,INSAT3D_VIS_India/3DIMG_07NOV2019_1600_L1C_SGP_vis.tif,Gujarat,Surat,21.1702,72.8311,1.5
3DIMG_07NOV2019_1600_L1C_SGP_vis.tif,INSAT3D_VIS_India/3DIMG_07NOV2019_1600_L1C_SGP_vis.tif,Gujarat,Surendranagar,22.7274,71.637,0.0
3DIMG_07NOV2019_1600_L1C_SGP_vis.tif,INSAT3D_VIS_India/3DIMG_07NOV2019_1600_L1C_SGP_vis.tif,Gujarat,Tapi,21.1147,73.3986,2.1
3DIMG_07NOV2019_1600_L1C_SGP_vis.tif,INSAT3D_VIS_India/3DIMG_07NOV2019_1600_L1C_SGP_vis.tif,Gujarat,Vadodara,22.3072,73.1812,0.0
3DIMG_07NOV2019_1600_L1C_SGP_vis.tif,INSAT3D_VIS_India/3DIMG_07NOV2019_1600_L1C_SGP_vis.tif,Gujarat,Valsad,20.5992,72.9342,0.0
3DIMG_07NOV2019_1630_L1C_SGP_vis.tif,INSAT3D_VIS_India/3DIMG_07NOV2019_1630_L1C_SGP_vis.tif,Gujarat,Ahmedabad,23.0225,72.5714,2.5
3DIMG_07NOV2019_1630_L1C_SGP_vis.tif,INSAT3D_VIS_India/3DIMG_07NOV2019_1630_L1C_SGP_vis.tif,Gujarat,Amreli,21.6032,71.2221,0.0
3DIMG_07NOV2019_1630_L1C_SGP_vis.tif,INSAT3D_VIS_India/3DIMG_07NOV2019_1630_L1C_SGP_vis.tif,Gujarat,Anand,22.5645,72.9289,0.0
3DIMG_07NOV2019_1630_L1C_SGP_vis.tif,INSAT3D_VIS_India/3DIMG_07NOV2019_1630_L1C_SGP_vis.tif,Gujarat,Aravalli,23.4619,73.3039,0.0
3DIMG_07NOV2019_1630_L1C_SGP_vis.tif,INSAT3D_VIS_India/3DIMG_07NOV2019_1630_L1C_SGP_vis.tif,Gujarat,Banaskantha,24.1724,72.4346,3.5
3DIMG_07NOV2019_1630_L1C_SGP_vis.tif,INSAT3D_VIS_India/3DIMG_07NOV2019_1630_L1C_SGP_vis.tif,Gujarat,Bharuch,21.7051,72.9959,2.4
3DIMG_07NOV2019_1630_L1C_SGP_vis.tif,INSAT3D_VIS_India/3DIMG_07NOV2019_1630_L1C_SGP_vis.tif,Gujarat,Bhavnagar,21.7645,72.1519,4.4
3DIMG_07NOV2019_1630_L1C_SGP_vis.tif,INSAT3D_VIS_India/3DIMG_07NOV2019_1630_L1C_SGP_vis.tif,Gujarat,Botad,22.1704,71.6662,1.1
3DIMG_07NOV2019_1630_L1C_SGP_vis.tif,INSAT3D_VIS_India/3DIMG_07NOV2019_1630_L1C_SGP_vis.tif,Gujarat,Chhota Udepur,22.3108,74.0125,4.6
3DIMG_07NOV2019_1630_L1C_SGP_vis.tif,INSAT3D_VIS_India/3DIMG_07NOV2019_1630_L1C_SGP_vis.tif,Gujarat,Dahod,22.8347,74.2552,2.8
3DIMG_07NOV2019_1630_L1C_SGP_vis.tif,INSAT3D_VIS_India/3DIMG_07NOV2019_1630_L1C_SGP_vis.tif,Gujarat,Dang,20.7554,73.6873,0.0
3DIMG_07NOV2019_1630_L1C_SGP_vis.tif,INSAT3D_VIS_India/3DIMG_07NOV2019_1630_L1C_SGP_vis.tif,Gujarat,Devbhumi Dwarka,22.2078,69.6582,2.6
3DIMG_07NOV2019_1630_L1C_SGP_vis.tif,INSAT3D_VIS_India/3DIMG_07NOV2019_1630_L1C_SGP_vis.tif,Gujarat,Gandhinagar,23.2156,72.6369,0.0
3DIMG_07NOV2019_1630_L1C_SGP_vis.tif,INSAT3D_VIS_India/3DIMG_07NOV2019_1630_L1C_SGP_vis.tif,Gujarat,Gir Somnath,20.9042,70.3644,0.0
3DIMG_07NOV2019_1630_L1C_SGP_vis.tif,INSAT3D_VIS_India/3DIMG_07NOV2019_1630_L1C_SGP_vis.tif,Gujarat,Jamnagar,22.4707,70.0577,2.1
3DIMG_07NOV2019_1630_L1C_SGP_vis.tif,INSAT3D_VIS_India/3DIMG_07NOV2019_1630_L1C_SGP_vis.tif,Gujarat,Junagadh,21.5222,70.4579,1.3
3DIMG_07NOV2019_1630_L1C_SGP_vis.tif,INSAT3D_VIS_India/3DIMG_07NOV2019_1630_L1C_SGP_vis.tif,Gujarat,Kheda,22.6916,72.8634,0.0
3DIMG_07NOV2019_1630_L1C_SGP_vis.tif,INSAT3D_VIS_India/3DIMG_07NOV2019_1630_L1C_SGP_vis.tif,Gujarat,Kutch (Bhuj),23.242,69.6669,3.7
3DIMG_07NOV2019_1630_L1C_SGP_vis.tif,INSAT3D_VIS_India/3DIMG_07NOV2019_1630_L1C_SGP_vis.tif,Gujarat,Mahisagar,23.1311,73.6009,2.9
3DIMG_07NOV2019_1630_L1C_SGP_vis.tif,INSAT3D_VIS_India/3DIMG_07NOV2019_1630_L1C_SGP_vis.tif,Gujarat,Mehsana,23.588,72.3693,4.5
3DIMG_07NOV2019_1630_L1C_SGP_vis.tif,INSAT3D_VIS_India/3DIMG_07NOV2019_1630_L1C_SGP_vis.tif,Gujarat,Morbi,22.8173,70.8368,2.5
3DIMG_07NOV2019_1630_L1C_SGP_vis.tif,INSAT3D_VIS_India/3DIMG_07NOV2019_1630_L1C_SGP_vis.tif,Gujarat,Narmada,21.8719,73.5028,5.8
3DIMG_07NOV2019_1630_L1C_SGP_vis.tif,INSAT3D_VIS_India/3DIMG_07NOV2019_1630_L1C_SGP_vis.tif,Gujarat,Navsari,20.9467,72.952,0.0
3DIMG_07NOV2019_1630_L1C_SGP_vis.tif,INSAT3D_VIS_India/3DIMG_07NOV2019_1630_L1C_SGP_vis.tif,Gujarat,Panchmahal,22.778,73.6143,1.6
3DIMG_07NOV2019_1630_L1C_SGP_vis.tif,INSAT3D_VIS_India/3DIMG_07NOV2019_1630_L1C_SGP_vis.tif,Gujarat,Patan,23.8493,72.1266,0.0
3DIMG_07NOV2019_1630_L1C_SGP_vis.tif,INSAT3D_VIS_India/3DIMG_07NOV2019_1630_L1C_SGP_vis.tif,Gujarat,Porbandar,21.6417,69.6293,0.0
3DIMG_07NOV2019_1630_L1C_SGP_vis.tif,INSAT3D_VIS_India/3DIMG_07NOV2019_1630_L1C_SGP_vis.tif,Gujarat,Rajkot,22.3039,70.8022,2.0
3DIMG_07NOV2019_1630_L1C_SGP_vis.tif,INSAT3D_VIS_India/3DIMG_07NOV2019_1630_L1C_SGP_vis.tif,Gujarat,Sabarkantha,23.5977,72.9688,0.0
3DIMG_07NOV2019_1630_L1C_SGP_vis.tif,INSAT3D_VIS_India/3DIMG_07NOV2019_1630_L1C_SGP_vis.tif,Gujarat,Surat,21.1702,72.8311,5.5
3DIMG_07NOV2019_1630_L1C_SGP_vis.tif,INSAT3D_VIS_India/3DIMG_07NOV2019_1630_L1C_SGP_vis.tif,Gujarat,Surendranagar,22.7274,71.637,2.0
3DIMG_07NOV2019_1630_L1C_SGP_vis.tif,INSAT3D_VIS_India/3DIMG_07NOV2019_1630_L1C_SGP_vis.tif,Gujarat,Tapi,21.1147,73.3986,2.8
3DIMG_07NOV2019_1630_L1C_SGP_vis.tif,INSAT3D_VIS_India/3DIMG_07NOV2019_1630_L1C_SGP_vis.tif,Gujarat,Vadodara,22.3072,73.1812,0.7
3DIMG_07NOV2019_1630_L1C_SGP_vis.tif,INSAT3D_VIS_India/3DIMG_07NOV2019_1630_L1C_SGP_vis.tif,Gujarat,Valsad,20.5992,72.9342,1.1
3DIMG_07NOV2019_2000_L1C_SGP_vis.tif,INSAT3D_VIS_India/3DIMG_07NOV2019_2000_L1C_SGP_vis.tif,Gujarat,Ahmedabad,23.0225,72.5714,0.0
3DIMG_07NOV2019_2000_L1C_SGP_vis.tif,INSAT3D_VIS_India/3DIMG_07NOV2019_2000_L1C_SGP_vis.tif,Gujarat,Amreli,21.6032,71.2221,0.0
3DIMG_07NOV2019_2000_L1C_SGP_vis.tif,INSAT3D_VIS_India/3DIMG_07NOV2019_2000_L1C_SGP_vis.tif,Gujarat,Anand,22.5645,72.9289,4.3
3DIMG_07NOV2019_2000_L1C_SGP_vis.tif,INSAT3D_VIS_India/3DIMG_07NOV2019_2000_L1C_SGP_vis.tif,Gujarat,Aravalli,23.4619,73.3039,0.0
3DIMG_07NOV2019_2000_L1C_SGP_vis.tif,INSAT3D_VIS_India/3DIMG_07NOV2019_2000_L1C_SGP_vis.tif,Gujarat,Banaskantha,24.1724,72.4346,2.2
3DIMG_07NOV2019_2000_L1C_SGP_vis.tif,INSAT3D_VIS_India/3DIMG_07NOV2019_2000_L1C_SGP_vis.tif,Gujarat,Bharuch,21.7051,72.9959,2.4
3DIMG_07NOV2019_2000_L1C_SGP_vis.tif,INSAT3D_VIS_India/3DIMG_07NOV2019_2000_L1C_SGP_vis.tif,Gujarat,Bhavnagar,21.7645,72.1519,1.0
3DIMG_07NOV2019_2000_L1C_SGP_vis.tif,INSAT3D_VIS_India/3DIMG_07NOV2019_2000_L1C_SGP_vis.tif,Gujarat,Botad,22.1704,71.6662,0.9
3DIMG_07NOV2019_2000_L1C_SGP_vis.tif,INSAT3D_VIS_India/3DIMG_07NOV2019_2000_L1C_SGP_vis.tif,Gujarat,Chhota Udepur,22.3108,74.0125,4.9
3DIMG_07NOV2019_2000_L1C_SGP_vis.tif,INSAT3D_VIS_India/3DIMG_07NOV2019_2000_L1C_SGP_vis.tif,Gujarat,Dahod,22.8347,74.2552,1.6
3DIMG_07NOV2019_2000_L1C_SGP_vis.tif,INSAT3D_VIS_India/3DIMG_07NOV2019_2000_L1C_SGP_vis.tif,Gujarat,Dang,20.7554,73.6873,0.0
3DIMG_07NOV2019_2000_L1C_SGP_vis.tif,INSAT3D_VIS_India/3DIMG_07NOV2019_2000_L1C_SGP_vis.tif,Gujarat,Devbhumi Dwarka,22.2078,69.6582,5.8
3DIMG_07NOV2019_2000_L1C_SGP_vis.tif,INSAT3D_VIS_India/3DIMG_07NOV2019_2000_L1C_SGP_vis.tif,Gujarat,Gandhinagar,23.2156,72.6369,4.7
3DIMG_07NOV2019_2000_L1C_SGP_vis.tif,INSAT3D_VIS_India/3DIMG_07NOV2019_2000_L1C_SGP_vis.tif,Gujarat,Gir Somnath,20.9042,70.3644,5.1
3DIMG_07NOV2019_2000_L1C_SGP_vis.tif,INSAT3D_VIS_India/3DIMG_07NOV2019_2000_L1C_SGP_vis.tif,Gujarat,Jamnagar,22.4707,70.0577,0.1
3DIMG_07NOV2019_2000_L1C_SGP_vis.tif,INSAT3D_VIS_India/3DIMG_07NOV2019_2000_L1C_SGP_vis.tif,Gujarat,Junagadh,21.5222,70.4579,0.0
3DIMG_07NOV2019_2000_L1C_SGP_vis.tif,INSAT3D_VIS_India/3DIMG_07NOV2019_2000_L1C_SGP_vis.tif,Gujarat,Kheda,22.6916,72.8634,2.8
3DIMG_07NOV2019_2000_L1C_SGP_vis.tif,INSAT3D_VIS_India/3DIMG_07NOV2019_2000_L1C_SGP_vis.tif,Gujarat,Kutch (Bhuj),23.242,69.6669,0.1
3DIMG_07NOV2019_2000_L1C_SGP_vis.tif,INSAT3D_VIS_India/3DIMG_07NOV2019_2000_L1C_SGP_vis.tif,Gujarat,Mahisagar,23.1311,73.6009,2.9
3DIMG_07NOV2019_2000_L1C_SGP_vis.tif,INSAT3D_VIS_India/3DIMG_07NOV2019_2000_L1C_SGP_vis.tif,Gujarat,Mehsana,23.588,72.3693,0.0
3DIMG_07NOV2019_2000_L1C_SGP_vis.tif,INSAT3D_VIS_India/3DIMG_07NOV2019_2000_L1C_SGP_vis.tif,Gujarat,Morbi,22.8173,70.8368,0.0
3DIMG_07NOV2019_2000_L1C_SGP_vis.tif,INSAT3D_VIS_India/3DIMG_07NOV2019_2000_L1C_SGP_vis.tif,Gujarat,Narmada,21.8719,73.5028,3.2
3DIMG_07NOV2019_2000_L1C_SGP_vis.tif,INSAT3D_VIS_India/3DIMG_07NOV2019_2000_L1C_SGP_vis.tif,Gujarat,Navsari,20.9467,72.952,1.9
3DIMG_07NOV2019_2000_L1C_SGP_vis.tif,INSAT3D_VIS_India/3DIMG_07NOV2019_2000_L1C_SGP_vis.tif,Gujarat,Panchmahal,22.778,73.6143,3.7
3DIMG_07NOV2019_2000_L1C_SGP_vis.tif,INSAT3D_VIS_India/3DIMG_07NOV2019_2000_L1C_SGP_vis.tif,Gujarat,Patan,23.8493,72.1266,3.2
3DIMG_07NOV2019_2000_L1C_SGP_vis.tif,INSAT3D_VIS_India/3DIMG_07NOV2019_2000_L1C_SGP_vis.tif,Gujarat,Porbandar,21.6417,69.6293,5.8
3DIMG_07NOV2019_2000_L1C_SGP_vis.tif,INSAT3D_VIS_India/3DIMG_07NOV2019_2000_L1C_SGP_vis.tif,Gujarat,Rajkot,22.3039,70.8022,4.4
3DIMG_07NOV2019_2000_L1C_SGP_vis.tif,INSAT3D_VIS_India/3DIMG_07NOV2019_2000_L1C_SGP_vis.tif,Gujarat,Sabarkantha,23.5977,72.9688,0.0
3DIMG_07NOV2019_2000_L1C_SGP_vis.tif,INSAT3D_VIS_India/3DIMG_07NOV2019_2000_L1C_SGP_vis.tif,Gujarat,Surat,21.1702,72.8311,0.0
3DIMG_07NOV2019_2000_L1C_SGP_vis.tif,INSAT3D_VIS_India/3DIMG_07NOV2019_2000_L1C_SGP_vis.tif,Gujarat,Surendranagar,22.7274,71.637,5.0
3DIMG_07NOV2019_2000_L1C_SGP_vis.tif,INSAT3D_VIS_India/3DIMG_07NOV2019_2000_L1C_SGP_vis.tif,Gujarat,Tapi,21.1147,73.3986,4.8
3DIMG_07NOV2019_2000_L1C_SGP_vis.tif,INSAT3D_VIS_India/3DIMG_07NOV2019_2000_L1C_SGP_vis.tif,Gujarat,Vadodara,22.3072,73.1812,1.6
3DIMG_07NOV2019_2000_L1C_SGP_vis.tif,INSAT3D_VIS_India/3DIMG_07NOV2019_2000_L1C_SGP_vis.tif,Gujarat,Valsad,20.5992,72.9342,0.0
3DIMG_07NOV2019_2030_L1C_SGP_vis.tif,INSAT3D_VIS_India/3DIMG_07NOV2019_2030_L1C_SGP_vis.tif,Gujarat,Ahmedabad,23.0225,72.5714,1.9
3DIMG_07NOV2019_2030_L1C_SGP_vis.tif,INSAT3D_VIS_India/3DIMG_07NOV2019_2030_L1C_SGP_vis.tif,Gujarat,Amreli,21.6032,71.2221,0.0
3DIMG_07NOV2019_2030_L1C_SGP_vis.tif,INSAT3D_VIS_India/3DIMG_07NOV2019_2030_L1C_SGP_vis.tif,Gujarat,Anand,22.5645,72.9289,0.0
3DIMG_07NOV2019_2030_L1C_SGP_vis.tif,INSAT3D_VIS_India/3DIMG_07NOV2019_2030_L1C_SGP_vis.tif,Gujarat,Aravalli,23.4619,73.3039,3.0
3DIMG_07NOV2019_2030_L1C_SGP_vis.tif,INSAT3D_VIS_India/3DIMG_07NOV2019_2030_L1C_SGP_vis.tif,Gujarat,Banaskantha,24.1724,72.4346,1.1
3DIMG_07NOV2019_2030_L1C_SGP_vis.tif,INSAT3D_VIS_India/3DIMG_07NOV2019_2030_L1C_SGP_vis.tif,Gujarat,Bharuch,21.7051,72.9959,0.0
3DIMG_07NOV2019_2030_L1C_SGP_vis.tif,INSAT3D_VIS_India/3DIMG_07NOV2019_2030_L1C_SGP_vis.tif,Gujarat,Bhavnagar,21.7645,72.1519,2.6
3DIMG_07NOV2019_2030_L1C_SGP_vis.tif,INSAT3D_VIS_India/3DIMG_07NOV2019_2030_L1C_SGP_vis.tif,Gujarat,Botad,22.1704,71.6662,0.0
3DIMG_07NOV2019_2030_L1C_SGP_vis.tif,INSAT3D_VIS_India/3DIMG_07NOV2019_2030_L1C_SGP_vis.tif,Gujarat,Chhota Udepur,22.3108,74.0125,2.7
3DIMG_07NOV2019_2030_L1C_SGP_vis.tif,INSAT3D_VIS_India/3DIMG_07NOV2019_2030_L1C_SGP_vis.tif,Gujarat,Dahod,22.8347,74.2552,5.5
3DIMG_07NOV2019_2030_L1C_SGP_vis.tif,INSAT3D_VIS_India/3DIMG_07NOV2019_2030_L1C_SGP_vis.tif,Gujarat,Dang,20.7554,73.6873,0.0
3DIMG_07NOV2019_2030_L1C_SGP_vis.tif,INSAT3D_VIS_India/3DIMG_07NOV2019_2030_L1C_SGP_vis.tif,Gujarat,Devbhumi Dwarka,22.2078,69.6582,0.0
3DIMG_07NOV2019_2030_L1C_SGP_vis.tif,INSAT3D_VIS_India/3DIMG_07NOV2019_2030_L1C_SGP_vis.tif,Gujarat,Gandhinagar,23.2156,72.6369,0.0
3DIMG_07NOV2019_2030_L1C_SGP_vis.tif,INSAT3D_VIS_India/3DIMG_07NOV2019_2030_L1C_SGP_vis.tif,Gujarat,Gir Somnath,20.9042,70.3644,1.5
3DIMG_07NOV2019_2030_L1C_SGP_vis.tif,INSAT3D_VIS_India/3DIMG_07NOV2019_2030_L1C_SGP_vis.tif,Gujarat,Jamnagar,22.4707,70.0577,2.3
3DIMG_07NOV2019_2030_L1C_SGP_vis.tif,INSAT3D_VIS_India/3DIMG_07NOV2019_2030_L1C_SGP_vis.tif,Gujarat,Junagadh,21.5222,70.4579,0.0
3DIMG_07NOV2019_2030_L1C_SGP_vis.tif,INSAT3D_VIS_India/3DIMG_07NOV2019_2030_L1C_SGP_vis.tif,Gujarat,Kheda,22.6916,72.8634,5.6
3DIMG_07NOV2019_2030_L1C_SGP_vis.tif,INSAT3D_VIS_India/3DIMG_07NOV2019_2030_L1C_SGP_vis.tif,Gujarat,Kutch (Bhuj),23.242,69.6669,4.8
3DIMG_07NOV2019_2030_L1C_SGP_vis.tif,INSAT3D_VIS_India/3DIMG_07NOV2019_2030_L1C_SGP_vis.tif,Gujarat,Mahisagar,23.1311,73.6009,0.0
3DIMG_07NOV2019_2030_L1C_SGP_vis.tif,INSAT3D_VIS_India/3DIMG_07NOV2019_2030_L1C_SGP_vis.tif,Gujarat,Mehsana,23.588,72.3693,5.6
3DIMG_07NOV2019_2030_L1C_SGP_vis.tif,INSAT3D_VIS_India/3DIMG_07NOV2019_2030_L1C_SGP_vis.tif,Gujarat,Morbi,22.8173,70.8368,0.3
3DIMG_07NOV2019_2030_L1C_SGP_vis.tif,INSAT3D_VIS_India/3DIMG_07NOV2019_2030_L1C_SGP_vis.tif,Gujarat,Narmada,21.8719,73.5028,0.0
3DIMG_07NOV2019_2030_L1C_SGP_vis.tif,INSAT3D_VIS_India/3DIMG_07NOV2019_2030_L1C_SGP_vis.tif,Gujarat,Navsari,20.9467,72.952,0.0
3DIMG_07NOV2019_2030_L1C_SGP_vis.tif,INSAT3D_VIS_India/3DIMG_07NOV2019_2030_L1C_SGP_vis.tif,Gujarat,Panchmahal,22.778,73.6143,2.4
3DIMG_07NOV2019_2030_L1C_SGP_vis.tif,INSAT3D_VIS_India/3DIMG_07NOV2019_2030_L1C_SGP_vis.tif,Gujarat,Patan,23.8493,72.1266,5.9
3DIMG_07NOV2019_2030_L1C_SGP_vis.tif,INSAT3D_VIS_India/3DIMG_07NOV2019_2030_L1C_SGP_vis.tif,Gujarat,Porbandar,21.6417,69.6293,4.6
3DIMG_07NOV2019_2030_L1C_SGP_vis.tif,INSAT3D_VIS_India/3DIMG_07NOV2019_2030_L1C_SGP_vis.tif,Gujarat,Rajkot,22.3039,70.8022,0.9
3DIMG_07NOV2019_2030_L1C_SGP_vis.tif,INSAT3D_VIS_India/3DIMG_07NOV2019_2030_L1C_SGP_vis.tif,Gujarat,Sabarkantha,23.5977,72.9688,1.9
3DIMG_07NOV2019_2030_L1C_SGP_vis.tif,INSAT3D_VIS_India/3DIMG_07NOV2019_2030_L1C_SGP_vis.tif,Gujarat,Surat,21.1702,72.8311,1.5
3DIMG_07NOV2019_2030_L1C_SGP_vis.tif,INSAT3D_VIS_India/3DIMG_07NOV2019_2030_L1C_SGP_vis.tif,Gujarat,Surendranagar,22.7274,71.637,5.1
3DIMG_07NOV2019_2030_L1C_SGP_vis.tif,INSAT3D_VIS_India/3DIMG_07NOV2019_2030_L1C_SGP_vis.tif,Gujarat,Tapi,21.1147,73.3986,1.2
3DIMG_07NOV2019_2030_L1C_SGP_vis.tif,INSAT3D_VIS_India/3DIMG_07NOV2019_2030_L1C_SGP_vis.tif,Gujarat,Vadodara,22.3072,73.1812,0.0
3DIMG_07NOV2019_2030_L1C_SGP_vis.tif,INSAT3D_VIS_India/3DIMG_07NOV2019_2030_L1C_SGP_vis.tif,Gujarat,Valsad,20.5992,72.9342,0.6
3DIMG_07NOV2019_2100_L1C_SGP_vis.tif,INSAT3D_VIS_India/3DIMG_07NOV2019_2100_L1C_SGP_vis.tif,Gujarat,Ahmedabad,23.0225,72.5714,0.0
3DIMG_07NOV2019_2100_L1C_SGP_vis.tif,INSAT3D_VIS_India/3DIMG_07NOV2019_2100_L1C_SGP_vis.tif,Gujarat,Amreli,21.6032,71.2221,0.4
3DIMG_07NOV2019_2100_L1C_SGP_vis.tif,INSAT3D_VIS_India/3DIMG_07NOV2019_2100_L1C_SGP_vis.tif,Gujarat,Anand,22.5645,72.9289,5.2
3DIMG_07NOV2019_2100_L1C_SGP_vis.tif,INSAT3D_VIS_India/3DIMG_07NOV2019_2100_L1C_SGP_vis.tif,Gujarat,Aravalli,23.4619,73.3039,2.1
3DIMG_07NOV2019_2100_L1C_SGP_vis.tif,INSAT3D_VIS_India/3DIMG_07NOV2019_2100_L1C_SGP_vis.tif,Gujarat,Banaskantha,24.1724,72.4346,0.0
3DIMG_07NOV2019_2100_L1C_SGP_vis.tif,INSAT3D_VIS_India/3DIMG_07NOV2019_2100_L1C_SGP_vis.tif,Gujarat,Bharuch,21.7051,72.9959,5.9
3DIMG_07NOV2019_2100_L1C_SGP_vis.tif,INSAT3D_VIS_India/3DIMG_07NOV2019_2100_L1C_SGP_vis.tif,Gujarat,Bhavnagar,21.7645,72.1519,0.0
3DIMG_07NOV2019_2100_L1C_SGP_vis.tif,INSAT3D_VIS_India/3DIMG_07NOV2019_2100_L1C_SGP_vis.tif,Gujarat,Botad,22.1704,71.6662,0.5
3DIMG_07NOV2019_2100_L1C_SGP_vis.tif,INSAT3D_VIS_India/3DIMG_07NOV2019_2100_L1C_SGP_vis.tif,Gujarat,Chhota Udepur,22.3108,74.0125,0.0
3DIMG_07NOV2019_2100_L1C_SGP_vis.tif,INSAT3D_VIS_India/3DIMG_07NOV2019_2100_L1C_SGP_vis.tif,Gujarat,Dahod,22.8347,74.2552,2.0
3DIMG_07NOV2019_2100_L1C_SGP_vis.tif,INSAT3D_VIS_India/3DIMG_07NOV2019_2100_L1C_SGP_vis.tif,Gujarat,Dang,20.7554,73.6873,1.8
3DIMG_07NOV2019_2100_L1C_SGP_vis.tif,INSAT3D_VIS_India/3DIMG_07NOV2019_2100_L1C_SGP_vis.tif,Gujarat,Devbhumi Dwarka,22.2078,69.6582,0.0
3DIMG_07NOV2019_2100_L1C_SGP_vis.tif,INSAT3D_VIS_India/3DIMG_07NOV2019_2100_L1C_SGP_vis.tif,Gujarat,Gandhinagar,23.2156,72.6369,1.0
3DIMG_07NOV2019_2100_L1C_SGP_vis.tif,INSAT3D_VIS_India/3DIMG_07NOV2019_2100_L1C_SGP_vis.tif,Gujarat,Gir Somnath,20.9042,70.3644,2.9
3DIMG_07NOV2019_2100_L1C_SGP_vis.tif,INSAT3D_VIS_India/3DIMG_07NOV2019_2100_L1C_SGP_vis.tif,Gujarat,Jamnagar,22.4707,70.0577,0.0
3DIMG_07NOV2019_2100_L1C_SGP_vis.tif,INSAT3D_VIS_India/3DIMG_07NOV2019_2100_L1C_SGP_vis.tif,Gujarat,Junagadh,21.5222,70.4579,0.0
3DIMG_07NOV2019_2100_L1C_SGP_vis.tif,INSAT3D_VIS_India/3DIMG_07NOV2019_2100_L1C_SGP_vis.tif,Gujarat,Kheda,22.6916,72.8634,0.0
3DIMG_07NOV2019_2100_L1C_SGP_vis.tif,INSAT3D_VIS_India/3DIMG_07NOV2019_2100_L1C_SGP_vis.tif,Gujarat,Kutch (Bhuj),23.242,69.6669,5.1
3DIMG_07NOV2019_2100_L1C_SGP_vis.tif,INSAT3D_VIS_India/3DIMG_07NOV2019_2100_L1C_SGP_vis.tif,Gujarat,Mahisagar,23.1311,73.6009,3.9
3DIMG_07NOV2019_2100_L1C_SGP_vis.tif,INSAT3D_VIS_India/3DIMG_07NOV2019_2100_L1C_SGP_vis.tif,Gujarat,Mehsana,23.588,72.3693,0.0
3DIMG_07NOV2019_2100_L1C_SGP_vis.tif,INSAT3D_VIS_India/3DIMG_07NOV2019_2100_L1C_SGP_vis.tif,Gujarat,Morbi,22.8173,70.8368,3.8
3DIMG_07NOV2019_2100_L1C_SGP_vis.tif,INSAT3D_VIS_India/3DIMG_07NOV2019_2100_L1C_SGP_vis.tif,Gujarat,Narmada,21.8719,73.5028,2.9
3DIMG_07NOV2019_2100_L1C_SGP_vis.tif,INSAT3D_VIS_India/3DIMG_07NOV2019_2100_L1C_SGP_vis.tif,Gujarat,Navsari,20.9467,72.952,2.9
3DIMG_07NOV2019_2100_L1C_SGP_vis.tif,INSAT3D_VIS_India/3DIMG_07NOV2019_2100_L1C_SGP_vis.tif,Gujarat,Panchmahal,22.778,73.6143,4.0
3DIMG_07NOV2019_2100_L1C_SGP_vis.tif,INSAT3D_VIS_India/3DIMG_07NOV2019_2100_L1C_SGP_vis.tif,Gujarat,Patan,23.8493,72.1266,2.8
3DIMG_07NOV2019_2100_L1C_SGP_vis.tif,INSAT3D_VIS_India/3DIMG_07NOV2019_2100_L1C_SGP_vis.tif,Gujarat,Porbandar,21.6417,69.6293,5.1
3DIMG_07NOV2019_2100_L1C_SGP_vis.tif,INSAT3D_VIS_India/3DIMG_07NOV2019_2100_L1C_SGP_vis.tif,Gujarat,Rajkot,22.3039,70.8022,1.5
3DIMG_07NOV2019_2100_L1C_SGP_vis.tif,INSAT3D_VIS_India/3DIMG_07NOV2019_2100_L1C_SGP_vis.tif,Gujarat,Sabarkantha,23.5977,72.9688,1.4
3DIMG_07NOV2019_2100_L1C_SGP_vis.tif,INSAT3D_VIS_India/3DIMG_07NOV2019_2100_L1C_SGP_vis.tif,Gujarat,Surat,21.1702,72.8311,4.7
3DIMG_07NOV2019_2100_L1C_SGP_vis.tif,INSAT3D_VIS_India/3DIMG_07NOV2019_2100_L1C_SGP_vis.tif,Gujarat,Surendranagar,22.7274,71.637,2.4
3DIMG_07NOV2019_2100_L1C_SGP_vis.tif,INSAT3D_VIS_India/3DIMG_07NOV2019_2100_L1C_SGP_vis.tif,Gujarat,Tapi,21.1147,73.3986,3.9
3DIMG_07NOV2019_2100_L1C_SGP_vis.tif,INSAT3D_VIS_India/3DIMG_07NOV2019_2100_L1C_SGP_vis.tif,Gujarat,Vadodara,22.3072,73.1812,4.4
3DIMG_07NOV2019_2100_L1C_SGP_vis.tif,INSAT3D_VIS_India/3DIMG_07NOV2019_2100_L1C_SGP_vis.tif,Gujarat,Valsad,20.5992,72.9342,1.8
3DIMG_07NOV2019_2130_L1C_SGP_vis.tif,INSAT3D_VIS_India/3DIMG_07NOV2019_2130_L1C_SGP_vis.tif,Gujarat,Ahmedabad,23.0225,72.5714,0.0
3DIMG_07NOV2019_2130_L1C_SGP_vis.tif,INSAT3D_VIS_India/3DIMG_07NOV2019_2130_L1C_SGP_vis.tif,Gujarat,Amreli,21.6032,71.2221,4.9
3DIMG_07NOV2019_2130_L1C_SGP_vis.tif,INSAT3D_VIS_India/3DIMG_07NOV2019_2130_L1C_SGP_vis.tif,Gujarat,Anand,22.5645,72.9289,0.0
3DIMG_07NOV2019_2130_L1C_SGP_vis.tif,INSAT3D_VIS_India/3DIMG_07NOV2019_2130_L1C_SGP_vis.tif,Gujarat,Aravalli,23.4619,73.3039,0.0
3DIMG_07NOV2019_2130_L1C_SGP_vis.tif,INSAT3D_VIS_India/3DIMG_07NOV2019_2130_L1C_SGP_vis.tif,Gujarat,Banaskantha,24.1724,72.4346,5.4
3DIMG_07NOV2019_2130_L1C_SGP_vis.tif,INSAT3D_VIS_India/3DIMG_07NOV2019_2130_L1C_SGP_vis.tif,Gujarat,Bharuch,21.7051,72.9959,0.0
3DIMG_07NOV2019_2130_L1C_SGP_vis.tif,INSAT3D_VIS_India/3DIMG_07NOV2019_2130_L1C_SGP_vis.tif,Gujarat,Bhavnagar,21.7645,72.1519,2.8
3DIMG_07NOV2019_2130_L1C_SGP_vis.tif,INSAT3D_VIS_India/3DIMG_07NOV2019_2130_L1C_SGP_vis.tif,Gujarat,Botad,22.1704,71.6662,4.3
3DIMG_07NOV2019_2130_L1C_SGP_vis.tif,INSAT3D_VIS_India/3DIMG_07NOV2019_2130_L1C_SGP_vis.tif,Gujarat,Chhota Udepur,22.3108,74.0125,0.0
3DIMG_07NOV2019_2130_L1C_SGP_vis.tif,INSAT3D_VIS_India/3DIMG_07NOV2019_2130_L1C_SGP_vis.tif,Gujarat,Dahod,22.8347,74.2552,0.3
3DIMG_07NOV2019_2130_L1C_SGP_vis.tif,INSAT3D_VIS_India/3DIMG_07NOV2019_2130_L1C_SGP_vis.tif,Gujarat,Dang,20.7554,73.6873,0.0
3DIMG_07NOV2019_2130_L1C_SGP_vis.tif,INSAT3D_VIS_India/3DIMG_07NOV2019_2130_L1C_SGP_vis.tif,Gujarat,Devbhumi Dwarka,22.2078,69.6582,1.2
3DIMG_07NOV2019_2130_L1C_SGP_vis.tif,INSAT3D_VIS_India/3DIMG_07NOV2019_2130_L1C_SGP_vis.tif,Gujarat,Gandhinagar,23.2156,72.6369,4.4
3DIMG_07NOV2019_2130_L1C_SGP_vis.tif,INSAT3D_VIS_India/3DIMG_07NOV2019_2130_L1C_SGP_vis.tif,Gujarat,Gir Somnath,20.9042,70.3644,1.1
3DIMG_07NOV2019_2130_L1C_SGP_vis.tif,INSAT3D_VIS_India/3DIMG_07NOV2019_2130_L1C_SGP_vis.tif,Gujarat,Jamnagar,22.4707,70.0577,0.0
3DIMG_07NOV2019_2130_L1C_SGP_vis.tif,INSAT3D_VIS_India/3DIMG_07NOV2019_2130_L1C_SGP_vis.tif,Gujarat,Junagadh,21.5222,70.4579,2.2
3DIMG_07NOV2019_2130_L1C_SGP_vis.tif,INSAT3D_VIS_India/3DIMG_07NOV2019_2130_L1C_SGP_vis.tif,Gujarat,Kheda,22.6916,72.8634,0.0
3DIMG_07NOV2019_2130_L1C_SGP_vis.tif,INSAT3D_VIS_India/3DIMG_07NOV2019_2130_L1C_SGP_vis.tif,Gujarat,Kutch (Bhuj),23.242,69.6669,1.1
3DIMG_07NOV2019_2130_L1C_SGP_vis.tif,INSAT3D_VIS_India/3DIMG_07NOV2019_2130_L1C_SGP_vis.tif,Gujarat,Mahisagar,23.1311,73.6009,0.0
3DIMG_07NOV2019_2130_L1C_SGP_vis.tif,INSAT3D_VIS_India/3DIMG_07NOV2019_2130_L1C_SGP_vis.tif,Gujarat,Mehsana,23.588,72.3693,2.3
3DIMG_07NOV2019_2130_L1C_SGP_vis.tif,INSAT3D_VIS_India/3DIMG_07NOV2019_2130_L1C_SGP_vis.tif,Gujarat,Morbi,22.8173,70.8368,0.0
3DIMG_07NOV2019_2130_L1C_SGP_vis.tif,INSAT3D_VIS_India/3DIMG_07NOV2019_2130_L1C_SGP_vis.tif,Gujarat,Narmada,21.8719,73.5028,3.9
3DIMG_07NOV2019_2130_L1C_SGP_vis.tif,INSAT3D_VIS_India/3DIMG_07NOV2019_2130_L1C_SGP_vis.tif,Gujarat,Navsari,20.9467,72.952,1.9
3DIMG_07NOV2019_2130_L1C_SGP_vis.tif,INSAT3D_VIS_India/3DIMG_07NOV2019_2130_L1C_SGP_vis.tif,Gujarat,Panchmahal,22.778,73.6143,1.8
3DIMG_07NOV2019_2130_L1C_SGP_vis.tif,INSAT3D_VIS_India/3DIMG_07NOV2019_2130_L1C_SGP_vis.tif,Gujarat,Patan,23.8493,72.1266,0.0
3DIMG_07NOV2019_2130_L1C_SGP_vis.tif,INSAT3D_VIS_India/3DIMG_07NOV2019_2130_L1C_SGP_vis.tif,Gujarat,Porbandar,21.6417,69.6293,4.9
3DIMG_07NOV2019_2130_L1C_SGP_vis.tif,INSAT3D_VIS_India/3DIMG_07NOV2019_2130_L1C_SGP_vis.tif,Gujarat,Rajkot,22.3039,70.8022,0.0
3DIMG_07NOV2019_2130_L1C_SGP_vis.tif,INSAT3D_VIS_India/3DIMG_07NOV2019_2130_L1C_SGP_vis.tif,Gujarat,Sabarkantha,23.5977,72.9688,4.8
3DIMG_07NOV2019_2130_L1C_SGP_vis.tif,INSAT3D_VIS_India/3DIMG_07NOV2019_2130_L1C_SGP_vis.tif,Gujarat,Surat,21.1702,72.8311,0.0
3DIMG_07NOV2019_2130_L1C_SGP_vis.tif,INSAT3D_VIS_India/3DIMG_07NOV2019_2130_L1C_SGP_vis.tif,Gujarat,Surendranagar,22.7274,71.637,4.3
3DIMG_07NOV2019_2130_L1C_SGP_vis.tif,INSAT3D_VIS_India/3DIMG_07NOV2019_2130_L1C_SGP_vis.tif,Gujarat,Tapi,21.1147,73.3986,0.0
3DIMG_07NOV2019_2130_L1C_SGP_vis.tif,INSAT3D_VIS_India/3DIMG_07NOV2019_2130_L1C_SGP_vis.tif,Gujarat,Vadodara,22.3072,73.1812,0.0
3DIMG_07NOV2019_2130_L1C_SGP_vis.tif,INSAT3D_VIS_India/3DIMG_07NOV2019_2130_L1C_SGP_vis.tif,Gujarat,Valsad,20.5992,72.9342,2.3
3DIMG_07NOV2019_2200_L1C_SGP_vis.tif,INSAT3D_VIS_India/3DIMG_07NOV2019_2200_L1C_SGP_vis.tif,Gujarat,Ahmedabad,23.0225,72.5714,0.0
3DIMG_07NOV2019_2200_L1C_SGP_vis.tif,INSAT3D_VIS_India/3DIMG_07NOV2019_2200_L1C_SGP_vis.tif,Gujarat,Amreli,21.6032,71.2221,4.4
3DIMG_07NOV2019_2200_L1C_SGP_vis.tif,INSAT3D_VIS_India/3DIMG_07NOV2019_2200_L1C_SGP_vis.tif,Gujarat,Anand,22.5645,72.9289,0.0
3DIMG_07NOV2019_2200_L1C_SGP_vis.tif,INSAT3D_VIS_India/3DIMG_07NOV2019_2200_L1C_SGP_vis.tif,Gujarat,Aravalli,23.4619,73.3039,3.9
3DIMG_07NOV2019_2200_L1C_SGP_vis.tif,INSAT3D_VIS_India/3DIMG_07NOV2019_2200_L1C_SGP_vis.tif,Gujarat,Banaskantha,24.1724,72.4346,5.4
3DIMG_07NOV2019_2200_L1C_SGP_vis.tif,INSAT3D_VIS_India/3DIMG_07NOV2019_2200_L1C_SGP_vis.tif,Gujarat,Bharuch,21.7051,72.9959,2.9
3DIMG_07NOV2019_2200_L1C_SGP_vis.tif,INSAT3D_VIS_India/3DIMG_07NOV2019_2200_L1C_SGP_vis.tif,Gujarat,Bhavnagar,21.7645,72.1519,0.0
3DIMG_07NOV2019_2200_L1C_SGP_vis.tif,INSAT3D_VIS_India/3DIMG_07NOV2019_2200_L1C_SGP_vis.tif,Gujarat,Botad,22.1704,71.6662,4.8
3DIMG_07NOV2019_2200_L1C_SGP_vis.tif,INSAT3D_VIS_India/3DIMG_07NOV2019_2200_L1C_SGP_vis.tif,Gujarat,Chhota Udepur,22.3108,74.0125,0.0
3DIMG_07NOV2019_2200_L1C_SGP_vis.tif,INSAT3D_VIS_India/3DIMG_07NOV2019_2200_L1C_SGP_vis.tif,Gujarat,Dahod,22.8347,74.2552,0.0
3DIMG_07NOV2019_2200_L1C_SGP_vis.tif,INSAT3D_VIS_India/3DIMG_07NOV2019_2200_L1C_SGP_vis.tif,Gujarat,Dang,20.7554,73.6873,0.0
3DIMG_07NOV2019_2200_L1C_SGP_vis.tif,INSAT3D_VIS_India/3DIMG_07NOV2019_2200_L1C_SGP_vis.tif,Gujarat,Devbhumi Dwarka,22.2078,69.6582,0.3
3DIMG_07NOV2019_2200_L1C_SGP_vis.tif,INSAT3D_VIS_India/3DIMG_07NOV2019_2200_L1C_SGP_vis.tif,Gujarat,Gandhinagar,23.2156,72.6369,0.0
3DIMG_07NOV2019_2200_L1C_SGP_vis.tif,INSAT3D_VIS_India/3DIMG_07NOV2019_2200_L1C_SGP_vis.tif,Gujarat,Gir Somnath,20.9042,70.3644,0.0
3DIMG_07NOV2019_2200_L1C_SGP_vis.tif,INSAT3D_VIS_India/3DIMG_07NOV2019_2200_L1C_SGP_vis.tif,Gujarat,Jamnagar,22.4707,70.0577,0.0
3DIMG_07NOV2019_2200_L1C_SGP_vis.tif,INSAT3D_VIS_India/3DIMG_07NOV2019_2200_L1C_SGP_vis.tif,Gujarat,Junagadh,21.5222,70.4579,0.3
3DIMG_07NOV2019_2200_L1C_SGP_vis.tif,INSAT3D_VIS_India/3DIMG_07NOV2019_2200_L1C_SGP_vis.tif,Gujarat,Kheda,22.6916,72.8634,0.0
3DIMG_07NOV2019_2200_L1C_SGP_vis.tif,INSAT3D_VIS_India/3DIMG_07NOV2019_2200_L1C_SGP_vis.tif,Gujarat,Kutch (Bhuj),23.242,69.6669,0.0
3DIMG_07NOV2019_2200_L1C_SGP_vis.tif,INSAT3D_VIS_India/3DIMG_07NOV2019_2200_L1C_SGP_vis.tif,Gujarat,Mahisagar,23.1311,73.6009,2.1
3DIMG_07NOV2019_2200_L1C_SGP_vis.tif,INSAT3D_VIS_India/3DIMG_07NOV2019_2200_L1C_SGP_vis.tif,Gujarat,Mehsana,23.588,72.3693,0.0
3DIMG_07NOV2019_2200_L1C_SGP_vis.tif,INSAT3D_VIS_India/3DIMG_07NOV2019_2200_L1C_SGP_vis.tif,Gujarat,Morbi,22.8173,70.8368,1.8
3DIMG_07NOV2019_2200_L1C_SGP_vis.tif,INSAT3D_VIS_India/3DIMG_07NOV2019_2200_L1C_SGP_vis.tif,Gujarat,Narmada,21.8719,73.5028,2.2
3DIMG_07NOV2019_2200_L1C_SGP_vis.tif,INSAT3D_VIS_India/3DIMG_07NOV2019_2200_L1C_SGP_vis.tif,Gujarat,Navsari,20.9467,72.952,5.3
3DIMG_07NOV2019_2200_L1C_SGP_vis.tif,INSAT3D_VIS_India/3DIMG_07NOV2019_2200_L1C_SGP_vis.tif,Gujarat,Panchmahal,22.778,73.6143,2.8
3DIMG_07NOV2019_2200_L1C_SGP_vis.tif,INSAT3D_VIS_India/3DIMG_07NOV2019_2200_L1C_SGP_vis.tif,Gujarat,Patan,23.8493,72.1266,0.0
3DIMG_07NOV2019_2200_L1C_SGP_vis.tif,INSAT3D_VIS_India/3DIMG_07NOV2019_2200_L1C_SGP_vis.tif,Gujarat,Porbandar,21.6417,69.6293,0.0
3DIMG_07NOV2019_2200_L1C_SGP_vis.tif,INSAT3D_VIS_India/3DIMG_07NOV2019_2200_L1C_SGP_vis.tif,Gujarat,Rajkot,22.3039,70.8022,0.0
3DIMG_07NOV2019_2200_L1C_SGP_vis.tif,INSAT3D_VIS_India/3DIMG_07NOV2019_2200_L1C_SGP_vis.tif,Gujarat,Sabarkantha,23.5977,72.9688,3.8
3DIMG_07NOV2019_2200_L1C_SGP_vis.tif,INSAT3D_VIS_India/3DIMG_07NOV2019_2200_L1C_SGP_vis.tif,Gujarat,Surat,21.1702,72.8311,0.0
3DIMG_07NOV2019_2200_L1C_SGP_vis.tif,INSAT3D_VIS_India/3DIMG_07NOV2019_2200_L1C_SGP_vis.tif,Gujarat,Surendranagar,22.7274,71.637,0.8
3DIMG_07NOV2019_2200_L1C_SGP_vis.tif,INSAT3D_VIS_India/3DIMG_07NOV2019_2200_L1C_SGP_vis.tif,Gujarat,Tapi,21.1147,73.3986,0.0
3DIMG_07NOV2019_2200_L1C_SGP_vis.tif,INSAT3D_VIS_India/3DIMG_07NOV2019_2200_L1C_SGP_vis.tif,Gujarat,Vadodara,22.3072,73.1812,5.2
3DIMG_07NOV2019_2200_L1C_SGP_vis.tif,INSAT3D_VIS_India/3DIMG_07NOV2019_2200_L1C_SGP_vis.tif,Gujarat,Valsad,20.5992,72.9342,0.0
3DIMG_07NOV2019_2230_L1C_SGP_vis.tif,INSAT3D_VIS_India/3DIMG_07NOV2019_2230_L1C_SGP_vis.tif,Gujarat,Ahmedabad,23.0225,72.5714,0.1
3DIMG_07NOV2019_2230_L1C_SGP_vis.tif,INSAT3D_VIS_India/3DIMG_07NOV2019_2230_L1C_SGP_vis.tif,Gujarat,Amreli,21.6032,71.2221,4.7
3DIMG_07NOV2019_2230_L1C_SGP_vis.tif,INSAT3D_VIS_India/3DIMG_07NOV2019_2230_L1C_SGP_vis.tif,Gujarat,Anand,22.5645,72.9289,0.0
3DIMG_07NOV2019_2230_L1C_SGP_vis.tif,INSAT3D_VIS_India/3DIMG_07NOV2019_2230_L1C_SGP_vis.tif,Gujarat,Aravalli,23.4619,73.3039,3.4
3DIMG_07NOV2019_2230_L1C_SGP_vis.tif,INSAT3D_VIS_India/3DIMG_07NOV2019_2230_L1C_SGP_vis.tif,Gujarat,Banaskantha,24.1724,72.4346,0.0
3DIMG_07NOV2019_2230_L1C_SGP_vis.tif,INSAT3D_VIS_India/3DIMG_07NOV2019_2230_L1C_SGP_vis.tif,Gujarat,Bharuch,21.7051,72.9959,3.8
3DIMG_07NOV2019_2230_L1C_SGP_vis.tif,INSAT3D_VIS_India/3DIMG_07NOV2019_2230_L1C_SGP_vis.tif,Gujarat,Bhavnagar,21.7645,72.1519,0.0
3DIMG_07NOV2019_2230_L1C_SGP_vis.tif,INSAT3D_VIS_India/3DIMG_07NOV2019_2230_L1C_SGP_vis.tif,Gujarat,Botad,22.1704,71.6662,1.9
3DIMG_07NOV2019_2230_L1C_SGP_vis.tif,INSAT3D_VIS_India/3DIMG_07NOV2019_2230_L1C_SGP_vis.tif,Gujarat,Chhota Udepur,22.3108,74.0125,0.0
3DIMG_07NOV2019_2230_L1C_SGP_vis.tif,INSAT3D_VIS_India/3DIMG_07NOV2019_2230_L1C_SGP_vis.tif,Gujarat,Dahod,22.8347,74.2552,0.0
3DIMG_07NOV2019_2230_L1C_SGP_vis.tif,INSAT3D_VIS_India/3DIMG_07NOV2019_2230_L1C_SGP_vis.tif,Gujarat,Dang,20.7554,73.6873,0.0
3DIMG_07NOV2019_2230_L1C_SGP_vis.tif,INSAT3D_VIS_India/3DIMG_07NOV2019_2230_L1C_SGP_vis.tif,Gujarat,Devbhumi Dwarka,22.2078,69.6582,0.0
3DIMG_07NOV2019_2230_L1C_SGP_vis.tif,INSAT3D_VIS_India/3DIMG_07NOV2019_2230_L1C_SGP_vis.tif,Gujarat,Gandhinagar,23.2156,72.6369,0.0
3DIMG_07NOV2019_2230_L1C_SGP_vis.tif,INSAT3D_VIS_India/3DIMG_07NOV2019_2230_L1C_SGP_vis.tif,Gujarat,Gir Somnath,20.9042,70.3644,1.0
3DIMG_07NOV2019_2230_L1C_SGP_vis.tif,INSAT3D_VIS_India/3DIMG_07NOV2019_2230_L1C_SGP_vis.tif,Gujarat,Jamnagar,22.4707,70.0577,5.7
3DIMG_07NOV2019_2230_L1C_SGP_vis.tif,INSAT3D_VIS_India/3DIMG_07NOV2019_2230_L1C_SGP_vis.tif,Gujarat,Junagadh,21.5222,70.4579,3.4
3DIMG_07NOV2019_2230_L1C_SGP_vis.tif,INSAT3D_VIS_India/3DIMG_07NOV2019_2230_L1C_SGP_vis.tif,Gujarat,Kheda,22.6916,72.8634,3.6
3DIMG_07NOV2019_2230_L1C_SGP_vis.tif,INSAT3D_VIS_India/3DIMG_07NOV2019_2230_L1C_SGP_vis.tif,Gujarat,Kutch (Bhuj),23.242,69.6669,0.5
3DIMG_07NOV2019_2230_L1C_SGP_vis.tif,INSAT3D_VIS_India/3DIMG_07NOV2019_2230_L1C_SGP_vis.tif,Gujarat,Mahisagar,23.1311,73.6009,5.7
3DIMG_07NOV2019_2230_L1C_SGP_vis.tif,INSAT3D_VIS_India/3DIMG_07NOV2019_2230_L1C_SGP_vis.tif,Gujarat,Mehsana,23.588,72.3693,0.0
3DIMG_07NOV2019_2230_L1C_SGP_vis.tif,INSAT3D_VIS_India/3DIMG_07NOV2019_2230_L1C_SGP_vis.tif,Gujarat,Morbi,22.8173,70.8368,3.1
3DIMG_07NOV2019_2230_L1C_SGP_vis.tif,INSAT3D_VIS_India/3DIMG_07NOV2019_2230_L1C_SGP_vis.tif,Gujarat,Narmada,21.8719,73.5028,4.7
3DIMG_07NOV2019_2230_L1C_SGP_vis.tif,INSAT3D_VIS_India/3DIMG_07NOV2019_2230_L1C_SGP_vis.tif,Gujarat,Navsari,20.9467,72.952,1.1
3DIMG_07NOV2019_2230_L1C_SGP_vis.tif,INSAT3D_VIS_India/3DIMG_07NOV2019_2230_L1C_SGP_vis.tif,Gujarat,Panchmahal,22.778,73.6143,3.4
3DIMG_07NOV2019_2230_L1C_SGP_vis.tif,INSAT3D_VIS_India/3DIMG_07NOV2019_2230_L1C_SGP_vis.tif,Gujarat,Patan,23.8493,72.1266,0.0
3DIMG_07NOV2019_2230_L1C_SGP_vis.tif,INSAT3D_VIS_India/3DIMG_07NOV2019_2230_L1C_SGP_vis.tif,Gujarat,Porbandar,21.6417,69.6293,5.2
3DIMG_07NOV2019_2230_L1C_SGP_vis.tif,INSAT3D_VIS_India/3DIMG_07NOV2019_2230_L1C_SGP_vis.tif,Gujarat,Rajkot,22.3039,70.8022,5.6
3DIMG_07NOV2019_2230_L1C_SGP_vis.tif,INSAT3D_VIS_India/3DIMG_07NOV2019_2230_L1C_SGP_vis.tif,Gujarat,Sabarkantha,23.5977,72.9688,3.8
3DIMG_07NOV2019_2230_L1C_SGP_vis.tif,INSAT3D_VIS_India/3DIMG_07NOV2019_2230_L1C_SGP_vis.tif,Gujarat,Surat,21.1702,72.8311,0.0
3DIMG_07NOV2019_2230_L1C_SGP_vis.tif,INSAT3D_VIS_India/3DIMG_07NOV2019_2230_L1C_SGP_vis.tif,Gujarat,Surendranagar,22.7274,71.637,3.2
3DIMG_07NOV2019_2230_L1C_SGP_vis.tif,INSAT3D_VIS_India/3DIMG_07NOV2019_2230_L1C_SGP_vis.tif,Gujarat,Tapi,21.1147,73.3986,0.0
3DIMG_07NOV2019_2230_L1C_SGP_vis.tif,INSAT3D_VIS_India/3DIMG_07NOV2019_2230_L1C_SGP_vis.tif,Gujarat,Vadodara,22.3072,73.1812,0.0
3DIMG_07NOV2019_2230_L1C_SGP_vis.tif,INSAT3D_VIS_India/3DIMG_07NOV2019_2230_L1C_SGP_vis.tif,Gujarat,Valsad,20.5992,72.9342,0.9
3DIMG_07NOV2019_2300_L1C_SGP_vis.tif,INSAT3D_VIS_India/3DIMG_07NOV2019_2300_L1C_SGP_vis.tif,Gujarat,Ahmedabad,23.0225,72.5714,1.4
3DIMG_07NOV2019_2300_L1C_SGP_vis.tif,INSAT3D_VIS_India/3DIMG_07NOV2019_2300_L1C_SGP_vis.tif,Gujarat,Amreli,21.6032,71.2221,0.0
3DIMG_07NOV2019_2300_L1C_SGP_vis.tif,INSAT3D_VIS_India/3DIMG_07NOV2019_2300_L1C_SGP_vis.tif,Gujarat,Anand,22.5645,72.9289,4.5
3DIMG_07NOV2019_2300_L1C_SGP_vis.tif,INSAT3D_VIS_India/3DIMG_07NOV2019_2300_L1C_SGP_vis.tif,Gujarat,Aravalli,23.4619,73.3039,1.0
3DIMG_07NOV2019_2300_L1C_SGP_vis.tif,INSAT3D_VIS_India/3DIMG_07NOV2019_2300_L1C_SGP_vis.tif,Gujarat,Banaskantha,24.1724,72.4346,0.0
3DIMG_07NOV2019_2300_L1C_SGP_vis.tif,INSAT3D_VIS_India/3DIMG_07NOV2019_2300_L1C_SGP_vis.tif,Gujarat,Bharuch,21.7051,72.9959,0.0
3DIMG_07NOV2019_2300_L1C_SGP_vis.tif,INSAT3D_VIS_India/3DIMG_07NOV2019_2300_L1C_SGP_vis.tif,Gujarat,Bhavnagar,21.7645,72.1519,0.0
3DIMG_07NOV2019_2300_L1C_SGP_vis.tif,INSAT3D_VIS_India/3DIMG_07NOV2019_2300_L1C_SGP_vis.tif,Gujarat,Botad,22.1704,71.6662,0.0
3DIMG_07NOV2019_2300_L1C_SGP_vis.tif,INSAT3D_VIS_India/3DIMG_07NOV2019_2300_L1C_SGP_vis.tif,Gujarat,Chhota Udepur,22.3108,74.0125,0.0
3DIMG_07NOV2019_2300_L1C_SGP_vis.tif,INSAT3D_VIS_India/3DIMG_07NOV2019_2300_L1C_SGP_vis.tif,Gujarat,Dahod,22.8347,74.2552,0.0
3DIMG_07NOV2019_2300_L1C_SGP_vis.tif,INSAT3D_VIS_India/3DIMG_07NOV2019_2300_L1C_SGP_vis.tif,Gujarat,Dang,20.7554,73.6873,3.5
3DIMG_07NOV2019_2300_L1C_SGP_vis.tif,INSAT3D_VIS_India/3DIMG_07NOV2019_2300_L1C_SGP_vis.tif,Gujarat,Devbhumi Dwarka,22.2078,69.6582,0.0
3DIMG_07NOV2019_2300_L1C_SGP_vis.tif,INSAT3D_VIS_India/3DIMG_07NOV2019_2300_L1C_SGP_vis.tif,Gujarat,Gandhinagar,23.2156,72.6369,0.0
3DIMG_07NOV2019_2300_L1C_SGP_vis.tif,INSAT3D_VIS_India/3DIMG_07NOV2019_2300_L1C_SGP_vis.tif,Gujarat,Gir Somnath,20.9042,70.3644,0.0
3DIMG_07NOV2019_2300_L1C_SGP_vis.tif,INSAT3D_VIS_India/3DIMG_07NOV2019_2300_L1C_SGP_vis.tif,Gujarat,Jamnagar,22.4707,70.0577,0.3
3DIMG_07NOV2019_2300_L1C_SGP_vis.tif,INSAT3D_VIS_India/3DIMG_07NOV2019_2300_L1C_SGP_vis.tif,Gujarat,Junagadh,21.5222,70.4579,4.3
3DIMG_07NOV2019_2300_L1C_SGP_vis.tif,INSAT3D_VIS_India/3DIMG_07NOV2019_2300_L1C_SGP_vis.tif,Gujarat,Kheda,22.6916,72.8634,3.3
3DIMG_07NOV2019_2300_L1C_SGP_vis.tif,INSAT3D_VIS_India/3DIMG_07NOV2019_2300_L1C_SGP_vis.tif,Gujarat,Kutch (Bhuj),23.242,69.6669,3.2
3DIMG_07NOV2019_2300_L1C_SGP_vis.tif,INSAT3D_VIS_India/3DIMG_07NOV2019_2300_L1C_SGP_vis.tif,Gujarat,Mahisagar,23.1311,73.6009,0.0
3DIMG_07NOV2019_2300_L1C_SGP_vis.tif,INSAT3D_VIS_India/3DIMG_07NOV2019_2300_L1C_SGP_vis.tif,Gujarat,Mehsana,23.588,72.3693,5.5
3DIMG_07NOV2019_2300_L1C_SGP_vis.tif,INSAT3D_VIS_India/3DIMG_07NOV2019_2300_L1C_SGP_vis.tif,Gujarat,Morbi,22.8173,70.8368,3.0
3DIMG_07NOV2019_2300_L1C_SGP_vis.tif,INSAT3D_VIS_India/3DIMG_07NOV2019_2300_L1C_SGP_vis.tif,Gujarat,Narmada,21.8719,73.5028,0.0
3DIMG_07NOV2019_2300_L1C_SGP_vis.tif,INSAT3D_VIS_India/3DIMG_07NOV2019_2300_L1C_SGP_vis.tif,Gujarat,Navsari,20.9467,72.952,3.5
3DIMG_07NOV2019_2300_L1C_SGP_vis.tif,INSAT3D_VIS_India/3DIMG_07NOV2019_2300_L1C_SGP_vis.tif,Gujarat,Panchmahal,22.778,73.6143,0.0
3DIMG_07NOV2019_2300_L1C_SGP_vis.tif,INSAT3D_VIS_India/3DIMG_07NOV2019_2300_L1C_SGP_vis.tif,Gujarat,Patan,23.8493,72.1266,3.6
3DIMG_07NOV2019_2300_L1C_SGP_vis.tif,INSAT3D_VIS_India/3DIMG_07NOV2019_2300_L1C_SGP_vis.tif,Gujarat,Porbandar,21.6417,69.6293,4.3
3DIMG_07NOV2019_2300_L1C_SGP_vis.tif,INSAT3D_VIS_India/3DIMG_07NOV2019_2300_L1C_SGP_vis.tif,Gujarat,Rajkot,22.3039,70.8022,1.7
3DIMG_07NOV2019_2300_L1C_SGP_vis.tif,INSAT3D_VIS_India/3DIMG_07NOV2019_2300_L1C_SGP_vis.tif,Gujarat,Sabarkantha,23.5977,72.9688,1.6
3DIMG_07NOV2019_2300_L1C_SGP_vis.tif,INSAT3D_VIS_India/3DIMG_07NOV2019_2300_L1C_SGP_vis.tif,Gujarat,Surat,21.1702,72.8311,0.8
3DIMG_07NOV2019_2300_L1C_SGP_vis.tif,INSAT3D_VIS_India/3DIMG_07NOV2019_2300_L1C_SGP_vis.tif,Gujarat,Surendranagar,22.7274,71.637,5.8
3DIMG_07NOV2019_2300_L1C_SGP_vis.tif,INSAT3D_VIS_India/3DIMG_07NOV2019_2300_L1C_SGP_vis.tif,Gujarat,Tapi,21.1147,73.3986,4.7
3DIMG_07NOV2019_2300_L1C_SGP_vis.tif,INSAT3D_VIS_India/3DIMG_07NOV2019_2300_L1C_SGP_vis.tif,Gujarat,Vadodara,22.3072,73.1812,0.9
3DIMG_07NOV2019_2300_L1C_SGP_vis.tif,INSAT3D_VIS_India/3DIMG_07NOV2019_2300_L1C_SGP_vis.tif,Gujarat,Valsad,20.5992,72.9342,2.7
3DIMG_07NOV2019_2330_L1C_SGP_vis.tif,INSAT3D_VIS_India/3DIMG_07NOV2019_2330_L1C_SGP_vis.tif,Gujarat,Ahmedabad,23.0225,72.5714,0.0
3DIMG_07NOV2019_2330_L1C_SGP_vis.tif,INSAT3D_VIS_India/3DIMG_07NOV2019_2330_L1C_SGP_vis.tif,Gujarat,Amreli,21.6032,71.2221,1.1
3DIMG_07NOV2019_2330_L1C_SGP_vis.tif,INSAT3D_VIS_India/3DIMG_07NOV2019_2330_L1C_SGP_vis.tif,Gujarat,Anand,22.5645,72.9289,4.6
3DIMG_07NOV2019_2330_L1C_SGP_vis.tif,INSAT3D_VIS_India/3DIMG_07NOV2019_2330_L1C_SGP_vis.tif,Gujarat,Aravalli,23.4619,73.3039,5.9
3DIMG_07NOV2019_2330_L1C_SGP_vis.tif,INSAT3D_VIS_India/3DIMG_07NOV2019_2330_L1C_SGP_vis.tif,Gujarat,Banaskantha,24.1724,72.4346,1.2
3DIMG_07NOV2019_2330_L1C_SGP_vis.tif,INSAT3D_VIS_India/3DIMG_07NOV2019_2330_L1C_SGP_vis.tif,Gujarat,Bharuch,21.7051,72.9959,2.7
3DIMG_07NOV2019_2330_L1C_SGP_vis.tif,INSAT3D_VIS_India/3DIMG_07NOV2019_2330_L1C_SGP_vis.tif,Gujarat,Bhavnagar,21.7645,72.1519,0.0
3DIMG_07NOV2019_2330_L1C_SGP_vis.tif,INSAT3D_VIS_India/3DIMG_07NOV2019_2330_L1C_SGP_vis.tif,Gujarat,Botad,22.1704,71.6662,0.0
3DIMG_07NOV2019_2330_L1C_SGP_vis.tif,INSAT3D_VIS_India/3DIMG_07NOV2019_2330_L1C_SGP_vis.tif,Gujarat,Chhota Udepur,22.3108,74.0125,2.9
3DIMG_07NOV2019_2330_L1C_SGP_vis.tif,INSAT3D_VIS_India/3DIMG_07NOV2019_2330_L1C_SGP_vis.tif,Gujarat,Dahod,22.8347,74.2552,4.5
3DIMG_07NOV2019_2330_L1C_SGP_vis.tif,INSAT3D_VIS_India/3DIMG_07NOV2019_2330_L1C_SGP_vis.tif,Gujarat,Dang,20.7554,73.6873,0.7
3DIMG_07NOV2019_2330_L1C_SGP_vis.tif,INSAT3D_VIS_India/3DIMG_07NOV2019_2330_L1C_SGP_vis.tif,Gujarat,Devbhumi Dwarka,22.2078,69.6582,5.4
3DIMG_07NOV2019_2330_L1C_SGP_vis.tif,INSAT3D_VIS_India/3DIMG_07NOV2019_2330_L1C_SGP_vis.tif,Gujarat,Gandhinagar,23.2156,72.6369,0.0
3DIMG_07NOV2019_2330_L1C_SGP_vis.tif,INSAT3D_VIS_India/3DIMG_07NOV2019_2330_L1C_SGP_vis.tif,Gujarat,Gir Somnath,20.9042,70.3644,0.0
3DIMG_07NOV2019_2330_L1C_SGP_vis.tif,INSAT3D_VIS_India/3DIMG_07NOV2019_2330_L1C_SGP_vis.tif,Gujarat,Jamnagar,22.4707,70.0577,0.7
3DIMG_07NOV2019_2330_L1C_SGP_vis.tif,INSAT3D_VIS_India/3DIMG_07NOV2019_2330_L1C_SGP_vis.tif,Gujarat,Junagadh,21.5222,70.4579,0.0
3DIMG_07NOV2019_2330_L1C_SGP_vis.tif,INSAT3D_VIS_India/3DIMG_07NOV2019_2330_L1C_SGP_vis.tif,Gujarat,Kheda,22.6916,72.8634,0.9
3DIMG_07NOV2019_2330_L1C_SGP_vis.tif,INSAT3D_VIS_India/3DIMG_07NOV2019_2330_L1C_SGP_vis.tif,Gujarat,Kutch (Bhuj),23.242,69.6669,3.3
3DIMG_07NOV2019_2330_L1C_SGP_vis.tif,INSAT3D_VIS_India/3DIMG_07NOV2019_2330_L1C_SGP_vis.tif,Gujarat,Mahisagar,23.1311,73.6009,5.7
3DIMG_07NOV2019_2330_L1C_SGP_vis.tif,INSAT3D_VIS_India/3DIMG_07NOV2019_2330_L1C_SGP_vis.tif,Gujarat,Mehsana,23.588,72.3693,0.0
3DIMG_07NOV2019_2330_L1C_SGP_vis.tif,INSAT3D_VIS_India/3DIMG_07NOV2019_2330_L1C_SGP_vis.tif,Gujarat,Morbi,22.8173,70.8368,1.6
3DIMG_07NOV2019_2330_L1C_SGP_vis.tif,INSAT3D_VIS_India/3DIMG_07NOV2019_2330_L1C_SGP_vis.tif,Gujarat,Narmada,21.8719,73.5028,0.0
3DIMG_07NOV2019_2330_L1C_SGP_vis.tif,INSAT3D_VIS_India/3DIMG_07NOV2019_2330_L1C_SGP_vis.tif,Gujarat,Navsari,20.9467,72.952,1.9
3DIMG_07NOV2019_2330_L1C_SGP_vis.tif,INSAT3D_VIS_India/3DIMG_07NOV2019_2330_L1C_SGP_vis.tif,Gujarat,Panchmahal,22.778,73.6143,0.0
3DIMG_07NOV2019_2330_L1C_SGP_vis.tif,INSAT3D_VIS_India/3DIMG_07NOV2019_2330_L1C_SGP_vis.tif,Gujarat,Patan,23.8493,72.1266,0.0
3DIMG_07NOV2019_2330_L1C_SGP_vis.tif,INSAT3D_VIS_India/3DIMG_07NOV2019_2330_L1C_SGP_vis.tif,Gujarat,Porbandar,21.6417,69.6293,0.0
3DIMG_07NOV2019_2330_L1C_SGP_vis.tif,INSAT3D_VIS_India/3DIMG_07NOV2019_2330_L1C_SGP_vis.tif,Gujarat,Rajkot,22.3039,70.8022,4.7
3DIMG_07NOV2019_2330_L1C_SGP_vis.tif,INSAT3D_VIS_India/3DIMG_07NOV2019_2330_L1C_SGP_vis.tif,Gujarat,Sabarkantha,23.5977,72.9688,1.9
3DIMG_07NOV2019_2330_L1C_SGP_vis.tif,INSAT3D_VIS_India/3DIMG_07NOV2019_2330_L1C_SGP_vis.tif,Gujarat,Surat,21.1702,72.8311,2.3
3DIMG_07NOV2019_2330_L1C_SGP_vis.tif,INSAT3D_VIS_India/3DIMG_07NOV2019_2330_L1C_SGP_vis.tif,Gujarat,Surendranagar,22.7274,71.637,0.0
3DIMG_07NOV2019_2330_L1C_SGP_vis.tif,INSAT3D_VIS_India/3DIMG_07NOV2019_2330_L1C_SGP_vis.tif,Gujarat,Tapi,21.1147,73.3986,0.4
3DIMG_07NOV2019_2330_L1C_SGP_vis.tif,INSAT3D_VIS_India/3DIMG_07NOV2019_2330_L1C_SGP_vis.tif,Gujarat,Vadodara,22.3072,73.1812,0.0
3DIMG_07NOV2019_2330_L1C_SGP_vis.tif,INSAT3D_VIS_India/3DIMG_07NOV2019_2330_L1C_SGP_vis.tif,Gujarat,Valsad,20.5992,72.9342,0.0
